hash,name
000157AD2EC284ED,super_camera_rex
00085621FA491547,rex_hardcore_counter
00091A14F4A79DA3,downed
000CFE3EE9309D35,rex_xmag_svictor98
000F5D731C117C88,StorageFileDef
001E9196A455CACF,mp/loot/core/gwai/lootset_cache_lege.csv
001EE3411B873A58,ping_enemy_mountedturret
0024EE8FBBC1BA54,mp/gunsmith/s4_mr_moscar_variants.csv
00274BFD46B4FADA,ScriptableEventWorldEventDef
002785934E75A7F7,AttDisplayPrimaryAmmo
002979B827CDEBC5,mp/loot/br/mmp/lootset_global.csv
002A38310FDD7A66,ww_global
002B73E4429AF488,brloot_perk_point
002C6A50D4E0D095,sat_ui_wc_tier_icon_2_zone
002D9F8E6E9E1E41,StNodeBitsLevel
0031AE952516DD1F,AiRoutineDef
0033EE50FC54788A,loot/s4_sh_lindia98_camos_ids.csv
0039E7B1A30A2922,omnvars/mp/gametypes/br/omnvars_rat_race.csv
003E11E8A6AD6F10,menu_default_slot
003EBC59C94EFD50,SHORT_RANGE_rex_dm_findia
0042B2E54402C480,veh_diagram_rhib_glow_body
00435DAF81738ECB,mp/s4_rankicontable.csv
004360994A1A1799,hud_icon_loot_rebreather
00485A79A87DC885,ping_contract_confirm_cargo
004AC6AF95B88249,vfx_frontend_mp_gunview
0050EF6C07046B78,mgl_core_settings.cfg
00545D83F735A567,MetadataType
00546349047DDE73,brloot_weapon_citori_rare
0054B74E93E7F3CE,mp/ranktablejsof.csv
0055ABA59DC5CEF8,cp_drone_reticle_circle
0055B05C078D6496,ui_rex_icon_dmz_logo
00568A305F910471,vision/nuke_global_dim_launch.vision
005731971EC26002,ui_rex_icon_wpn_la_gromeo
005AA1E5ACB7AB50,rex_sil_tac_b
005AA2E5ACB7AD03,rex_sil_tac_c
005AA4E5ACB7B069,rex_sil_tac_a
005AA5E5ACB7B21C,rex_sil_tac_f
005AA6E5ACB7B3CF,rex_sil_tac_g
005AA7E5ACB7B582,rex_sil_tac_d
005AA8E5ACB7B735,rex_sil_tac_e
005AABE5ACB7BC4E,rex_sil_tac_h
005AACE5ACB7BE01,rex_sil_tac_i
005E592DF203A499,rex_pgrip_golf28
00638E3228595344,equipment_toolbox_01_green
006399352D78D81D,icon_loadout_build_entry_sentinel_sniper
0065998309240D5F,ui.utils.UnlockCriteriaUtils
00675E1C386B3B97,icon_global_lock
006817C5A80662DD,ui.utils.mp.AARUtils
0069DD6FB9BE84A5,VehicleOccupantMoveSeatInfo
006EBAA12E579522,me_rubble_concrete_plaster_chunk_08
006EC3A12E57A46D,me_rubble_concrete_plaster_chunk_01
0070928D648D064D,byte256
00747D2611496BEF,veh9_mil_air_heli_medium_physics_mp
0075CF920D203787,br_circle_sdf
0077DF13F36BFF43,ui_gunscreen_bg_025
0077E113F36C02A9,ui_gunscreen_bg_027
0077E513F36C0975,ui_gunscreen_bg_023
00789ED5CB61FD88,mp/loot/br/rumble/lootset_empty.csv
00792947C6137699,trackerfootstepfxdefptr
007B24A45F7795E7,rex_bolt_lgt_findia
007C928DA9AECDED,challenges_progress_circle_segment
007EAD763D914F0B,iw9_icon_perk_extra_tactical
007F417B4F23830B,vfx_distort_watersheeting
0081EC13F37469DF,ui_gunscreen_bg_018
0081EF44736C7CD3,rex_team_defender
0081F113F374725E,ui_gunscreen_bg_017
0081F213F3747411,ui_gunscreen_bg_016
0081F513F374792A,ui_gunscreen_bg_013
008390CCF5224378,sat_nzl_pl_rose
0087C933FE056783,loot/iw8_sn_t9cannon_attachment_ids.csv
0088BF565D10FE18,ui_bp_rewards_popup_topo_bg
008A504795BB3935,overlay_nightvision_glow
008B4A1D839EF63F,hud_reticle_line_dot
008E34B9AFAD6CBA,bc_killstreak_action_juggernaut_recon_active_hostile
00910D44FD679ABB,rex_stock_mike4_pdw
00917628FD151406,hud_icon_fieldupgrade_decontamination
009476276748E397,mp/splashTable.csv
00947FED357D022C,mp/loot/br/dmz/biolab/lootset_biolab_restaurant.csv
00952E07ED2451A7,ui.InGameWeaponDataSources
00957EF0CAA0F313,rex_cruise_package_missile_mp
0096CEA33C059670,hud_splash_generic_subheader_backer_positive
00988CA175F3BA71,loot/s4_sm_calpha45_camos_ids.csv
0099EE974E0A479E,ui.std.Bit
009A0368D42ED4D7,c4_empty_sp
009A39FF880E095C,rex_veh_tur_invisible_tango73_nosound
009AC7CFAC06F098,clantag_3arc_rex
009BD93441BB1EBB,ui_loot_gesture_west_side
00A0EF68D434D189,c4_empty_mp
00A16366D17658D2,mp/loot/br/gold_war/lootset_cache_pe_chop.csv
00A2BD4B7F1F4C21,cfg/br_trios.cfg
00A599164EC6573F,bseqstatebattlechatter
00A5DDAF57BB27FC,options/gr_veh_horn_desc
00A8B1A7CB915B5D,wz_outline_rarity_rare
00A8C1CA6CBFC6C2,ks_minefield_mp
00A9C6AFA6316524,ui_gesture_hang_loose
00AE1577C771FAE9,project.csv
00AF601D32E6F064,operatorquips.csv
00B0BB53C86255D9,equipment_propane_burner_stove_01_red
00B0F6FA67192BD9,vision/recon_drone_color_mp.vision
00B2C2CB8D76DA7D,perk_surveyor_rew
00B2D6E46E20178E,ping_vehicle_danger_jltv
00BABD7C9D56164D,hud_icon_equipment_gas_mask_durable
00C079092D3FB9AC,weathertileanimation
00C257DA68216C8A,SndAliasContext
00C2F49FDE08DF14,ScriptableEventDisablePhysicsSubShapeDef
00C5CBCF16204786,ui.utils.FenceSMSChallenge
00C6C96E8D664F47,GfxPbgCurve
00C8455B4B6506D9,bc_status_inform_on_your_six
00C9755AEC287E03,icon_social_lock
00CA92591FE8E7D9,killstreaks/round_start
00CD6C1680682A6E,ClothAssetBoneMapping
00CF47FDCF981B23,specialty_trait_ai_loot
00CFA748C69CE1E5,rex_bolt_lgt_svictor98
00D14D8046217D89,ui_rex_icon_wpn_showcase_ar_xar1
00E048F72690CFAC,cover_advance
00E06934DBDA99DC,vfx_frontend_mp_faction_buddy_cop
00E228FAD59FC374,audio
00E266BC81274F34,mp/loot/br/plunder/lootset_cache_spawns_stronghold.csv
00EB4080D45A1DC4,mp/recipes/aliens.recipe
00EDF0F2F0525474,options/minimal_25
00EE18E226B749F8,gfxneurallightgridptr
00F25F7F51C6BC07,influencer_killstreak_hellstorm
00F2BA3C7D6A13B7,cp/cp_attributestable.csv
00F331F25253C94B,setting_image_horizontalline
00F3326DFDE0E8D3,ui_mp_br_player_status_health_arrow_animate
00F341875499135E,importsettingconfigdef
00F45508B0749BB7,perk_molotov_shots_rex_mp
00F4BF4357ACA6C5,mp_rex_tumen/callout_northkorea_wildernesstwo
00FBE2857FF35DAB,lua_menu_zm/read_text
00FCD851E81FA129,shock/victoryscreen.shock
00FD0EE22C9E0829,ui_rex_icon_wpn_sm_xsm1
00FE4F8A7D448665,dynamic_facial_anim_node
0100DC26B14E0F9F,rex_hollowpoint_mp
01047BB9300D385F,vhmdataptr
0106700A837AF140,clothassetptr
0106AD9179D35422,AttRegeneration
01091D9C051B4B1B,brloot_plunder_cash_rare_2
01091E9C051B4CCE,brloot_plunder_cash_rare_1
010CDEF5BD152124,LuaFileCompression
010F6AFAC5ABA672,mp/loadoutperktable.csv
01101854A7B2AA5C,clantag_locs_rex
0111F848A864B57F,ui.inGame.mp.DroneSentryOverlay
0112CADFD05DF267,SndStereoSpatialType
0114543787649977,overlay_bradley_glow_line
0114D705E778C539,mp/loot/br/saba/dmz/lootset_dresser.csv
0117A563420EBF09,GfxWaterDynamicsRawMesh
011E8790E7029E70,fontcache_multiply
01219033DA006490,mp/mapinfo.csv
0121EF3565023A48,CharCollBoundsDef
01285DDCBDD6B3DA,scrambler_drone_guard
012C8D8B93EA53D3,c4_mp
012D336F6DBAAEFB,ui.utils.FenceOnlineServiceSubscription
012FE8893D2FC60C,transientworldtiletype
01325D5B10DE0752,mp/loot/br/plunder/lootset_stronghold_bomb_defuse_reward.csv
0134D1F7CF2E2D08,air_lockdown_rex
0134F72C4F8A0291,ui_mp_br_loot_icon_respawn_token
0136571F03D3F834,icon_perk_slot_sonar_ui
013688803E1A5F92,mp/gunsmith/platform_jp35_progression.csv
0137EF8D7F250F18,ui_loot_bg_operator
013804035C01881B,AI_Sight_ShapeSection
0138A815C2FBF7D4,perk_trait_increased_equipment_ammo_rex
013919340FB9856E,mp/loot/br/ww2/lootset_bunkers.csv
013A2DE5F5A6DCBF,room_id
013CA64EFAA5709E,weathersettingsdef
013EA06BE63BE4C2,mp/gunsmith/s4_ar_fnovember2000_progression.csv
0141223C17B63F32,hud_backpack_empty_slot_backpack_bg_baked
01423D4BB13BC790,LONG_RANGE_rex_sm_spier9
0142C5FE322335D1,destructible_car
01444A17F093B478,mapentstransientzoneptr
01447A7485CAAFEA,icon_loadout_armory_sub_blueprint_LARGE
0147D52CDD224990,rex_piscope01_pstl
014F390078F723DA,hud_reticle_hdr_vz_large
015087CF0A00FDE5,CarryObjectSoundType
01512C5E24CBF603,specialty_trait_big_brain
0152BADDFC477C3A,parachutedatadefptr
0152D870054BBC52,mp/gunsmith/s4_mr_kalpha98_progression.csv
015565DAB2B21416,windowDef_t
015582DEB6D257F1,jup_deadzone_tester_min_fill
015678D06E460CFA,nongamedata_crossplay
0157D371C9828B12,sndambientelementdefptr
01585302ACD02315,mp/trackercolumns.csv
01587EE35F6188B2,audiooptionsoldmenu.csv
015D22453B422F11,mp/operator/s4_raul_progression.csv
015D8FA91C7A12AA,xanimsetstate_animentry
015FD8BA8AD93CDC,ae/ae_rejoin_achievements.csv
01628A0E3D96EB3F,XMODELPtr
0162BC8AF4BE6672,script/door_hint_obstructed
016363C01D8334DD,defaultsndbreathstate
0164D7D53B7FFFA6,ui_rex_icon_wpn_dm_moscar
0166C4C08C3B930F,equip_flash
0166C7D050300D39,mp/loot/br/mini_mgl/newplayer/lootset_empty.csv
0167CB326A79F55B,t10_machinery_elevator_passenger_small_single_door_open
0169E643E137BEB4,icon_edit_player_levelicon
016A17CD35F4A93E,mp/loot/br/rumble/lootset_contract_scav1.csv
016FC04CDB285B04,ui_battlepass_loot_aar_018
017066D18C461897,sndmodifierdefptr
017146A4ADB6AC10,postlight
0172A4D041BCCC7E,XAnimNodeDef_9PtBlendAimSetting
017366DB6E14F1F1,bc_combat_action_last_mag_concat_smallcal
0173880B75ADA87C,GroundDeformationVisDef
0177692A645D4871,combat_bow
0179AD8C3747BACA,bc_killstreak_killfirm_remoteturret
017A19B64BC88CB2,me_machinery_oil_pumpjack_01_mp_anim
017D1B73AA5EEEFD,mp/loot/br/champion_mgl/lootset_buildings.csv
017EB4419FF8AEB7,equip_armorbox_rex
0181140CBA55096F,ncs_veh_level_entities
01835D7F275F8C3E,ping_froggate
018415BAFEC45460,SndADSRSpecialType
01891BBB5B8D57C1,mp/gunsmith/sn_kilo98_variants.csv
0189E430185E668D,shimmer_effect_image
018EF84C983D0C6C,perk_trait_vampirism_rex_mp
0193BB762C4D8046,MapFXObjects
0194AD8941ECD667,hover_jet_bomb_mp
0196B927A5ECDC3B,TransientInfoFlags
01972A1630D3D4E7,emp_drone_proj_mp
0198D11E6207EE64,occlusion_Query
019A534733DA06B1,hud_reticle_star
019C7BDC6028FB4F,ping_killstreak_recon_generic
019E7A6A3980AFFB,rex_stock_lgt_golf28
01A14F47845311E3,PhysicsVFXEventAssetRuleType
01A20998D5117D87,mp/gunsmith/platform_027_progression.csv
01A24BF1D71C2D10,mp/loot/br/ww2_plunder/lootset_empty.csv
01A2BFC8E236EF38,office_trash_can_01
01A400F43A0F9E0B,hud_reticle_s3bdog
01A66721C8BC7514,XAnimNodeDef_IKAntiSlide
01A70A59784B9E0D,ScriptableEventObjectiveDef
01A8D6953ED19DC4,radial_4slice_selected_available
01AA0615C79FDF61,SurfaceFxTable
01B49BDC91CCAAB9,hud_icon_ammo_mid
01B54D2439E2B940,specialty_melee_without_swap
01B59F38C7F5ED4C,milk_crate_iw6
01B6EC9813239402,SndFilterDef
01B70259CD0F0AEB,ui_icon_chroma_ready
01BF29BA2E0CCEA8,defaultconversation
01C745F0986EC5E0,onboarding_vehicle_horns_2
01C746F0986EC793,onboarding_vehicle_horns_3
01C748F0986ECAF9,onboarding_vehicle_horns_1
01CA80425CC20996,ScriptBundleValueData
01D1D2B509635D6A,ping_equipment_smoke_hostile
01D6201D09686155,p7_chemistry_kit_beaker_sm
01D74AC243839895,hud_reticle_med05_h
01D74BC243839A48,hud_reticle_med05_g
01DA5560410AB4EE,ScriptBundleRootObject
01DB69FE671A3BB3,mp/slideSettingsMP.csv
01E03C78FF44308E,defaultdeatheffect
01E17D5377F23BFD,mp/loot/br/respect/lootset_contract_scav3.csv
01EE88153FC8245B,hud_reticle_hybrid03_vday_break
01EFBD75415F114F,uk_security_camera_redlight_01
01EFF67F305510D2,DLogSample
01F346FA5CECD9E2,WeaponMotionIdleLayerSettings
01F3BEBD157A75B7,mp/gunsmith/platform_05_progression.csv
01F548BE9C2F8E46,mp/classtable_br_prematch.csv
01F54E823A2C7058,rex_attachments/rex_ironsdefault_akilo_desc
01F7B6623C3B2B83,veh_diagram_gunship_out
01F8FA5B4FF9B77D,ui.utils.FenceOnlineCommunicationsPrivilege
01FBB783E65A518A,ui_tactical_pain_killers
01FC4D673D5F196C,loot/iw8_sn_t9crossbow_attachment_ids.csv
01FFD3E41186F818,mp/loot/br/plunder/lootset_cache_toolbox.csv
01FFDCA24B87FD05,rex_execution_baton
0200AF650EE730FC,rex_pgrip_ass_findia
0205F20108B84C8D,hud_icon_minimap_vehicle_tank_cougar
0209C41B4CCAE969,vision/frontend_emergency_1.vision
020A2563FA570791,icon_loadout_gunsmith_unavailable
020BBCB2F04E53E1,mp/gunsmith/weapon_xp.csv
020D95627DF714E8,sndcontext
020DA353D5CF55E4,full_square_mask
02103E43C3AB6E52,ping_loot_weapon_dmr
0211A4C9D069DB86,mp/loot/br/mp_sm_island_1/rebirth/lootset_contract_asn.csv
021449C081815F6A,rex_rec_spier9_apex
021492D5CBC0B61F,ee_can_paint_closed_01
0217D507FBD0D5DA,loadout_gunsmith_tuning_stat_chevron_single
021ACAB5301C3CDA,vision/recon_drone_color_dark_mp.vision
021B08436CB7E76F,buttons_nomad.cfg
021F947FA4774A40,rex_bottle_sp
021F9E4C8134F014,omnvars/mp/omnvars_match_status.csv
022076BC9DC43569,mp/gunsmith/platform_cp06_progression.csv
022080A73DE2969E,LUA_MENU/TITLE_LETHAL
0222646EE2FF7573,targetAssistType_t
0226DAD48DCD04CB,loot/iw8_pi_t9semiauto_camos_ids.csv
02282429F3DFC80B,icon_ribbon_s02_039
022A4FA4F30ECD99,tag_origin
022BF75CFDBD642D,vision/mp_frontend_iw9_operators.vision
022D072C6AED2A5B,brloot_weapon_magnum_lege
022F3029F3E5FB1D,icon_ribbon_s02_019
0236EBDC2F39F161,mp/loot/br/ww2/lootset_contract_dom.csv
023812EAFD70DC49,behaviorsequencer
023ADC9AC4F0C9FB,brloot_weapon_mgl32_lege
023DC674FA51C8A8,OffhandBreathType
0240C196BB72B5A7,ui_keybind_double_tap
0240E691AFE35A7C,rex_rec_moscar
0241A1EBAFB32296,SplineRecordList
02441A94D9040282,ping_fieldupgrade_soundveil_hostile
0244AE7E500D25CF,LeaguePlaySeasonScheduleEntry
0245F92C722ECB55,overlay_pickup_diagram
0247045DB99805D2,hud_reticle_glow_center_limax_zoom
024B3B262B8C186B,ui_menu_icon_dash
024C56CE49980709,CharacterList
024F12BA5D7008BA,nav_debug_obb_t
025026DA2BE38BA0,FxWorld
025195727D9B0011,overlay_cruise_flash
0253B1BB91254BEE,TransientCosts
0254BDF17E955AD4,vision/frontend_emergency_4.vision
0256764F4C3F22C8,ui_rex_icon_wpn_showcase_ar_kilo2
02591C0FBC89D31C,ping_loot_equipment_portablebuystation
025B509A8306547B,mp/loot/br/tutorial/loot_table_zones_tutorial2.csv
025BDE0EF21727A9,GfxNeuralLightGridTopLevelNode
025D1A2F5CF5F4AD,loot/iw8_sh_t9semiauto_attachment_ids.csv
0263639D5F599B58,pac_sentry_rex
02638B51BF0F5CE4,ks_radar_drone_overwatch_mp
0263B026C074369D,GfxPrecomputedSkyIllumination
026522AEE09317FA,specialty_taser
026685A45181569B,tablet_mgb_markers
0266B5D6E842E4B7,s2_event_mastery_strip
026982140E435BA8,StDecalPerMaterialData
026AA17A04500E4D,button_gradient_active_fade_bottom
026B658E2525A175,mp/loot/br/shottysniper/lootset_named_location.csv
026B9B07B4272A7C,lua_menu_mp/control_desc
0273E1E0ACA074A5,DLogSampleGroup
02753A6246F2B959,cfg/dev_proto_global.cfg
0277AB8C3B9F8009,tonemap_nightvision
02786E7C8F828E0D,keybind_hold_border
02787E11AFFDD7E6,loading_mp_grandprix_bg
0278D8AAD69626A2,XAnimDistanceDrivenOffsetConstraint
02798F265B9EB1B2,gunship_rex
027A2F022D30592D,t10_machinery_elevator_passenger_small_single_door_close
027CA466A877B1F7,tonemapcurve
027F1BE67BC5EC34,t10_ava_building_elevator_double_int_back_door_close
027F5F2B0CE42D01,equipment_icon_showcase_personalradar
027FDD0CE3B37B30,clantag_blizz
028099EB3B04AC2D,defaultimpactfxtable
0280CB2DA7152F54,iw9_me_fists_mp
0282F346BEC5CF86,GfxWorldWaterData
028528287399FE1A,rex_fe_op_crib_xcam_gunbench_gs_xcam
0287FFA69262BC49,ncs_rmb_level
02885F466596DB09,loot/battlepass_season14.csv
028B4A7628515CF9,ui.utils.CurrencyUtils
028D1A85A8A7DC1F,MapInfoDef
0292E34C8843F523,invalid function
0292F0EB785F791F,mp/gunsmith/platform_jp32_progression.csv
029449F351E61805,icon_weapon_render_emp_grenade
0295BCBBEC64A6E7,ping_location_CONFIRM
02971E194F78DCF7,FxGlassPieceState
029A0BF152AA024C,squad
029A11DC1C23C32A,ping_request_assimilation_join_other
029A12258BA97493,icon_waypoint_hq_friendly
029B570E5CACE208,default_acoustics
029CCB7E48328308,GfxPbgColorAnimParams
029FD599D6BC6250,mp/gunsmith/s4_ar_bromeopg_variants.csv
02A202A431912B4E,cfg/buttons_beast.cfg
02A2D51DC3BB2F11,hyperposenode
02A3EC3029F5BDE6,ParticleModuleInitParticleSimDef
02A3F0A532FDE529,hg_lut
02A7BFBA0D07B321,button_large_square_mask
02AB56ABAA9802D8,specialty_trait_safe_tracker_rex
02ABCA8190B66263,rex_rec_xar1
02B6F549D0CE931E,ui_map_icon_obj_scavenger
02B8244DDB321209,rex_pgrip_snp_golf28
02B8825A81E9E6A0,icon_party_leader_crown
02BCEDEB74A4D7C4,void
02C1AD503276DB09,ui_map_icon_poi_shop
02C49FD254397645,rex_sam_airburst_turret_mp
02C736D67067B488,ping_killstreak_bombdrone
02CA382176E3EBA6,aiquadtreepointid
02CBAAB38CC51EF6,ui_keybind_hold_mask_center
02CD6685A14683E2,ui_rex_icon_eq_prog_gren_thermite
02D11CA48BA5AE0E,weaponanimbit
02D30E4B228C2D9E,ParticleModuleForceDragGraphDef
02D58FEF85574DED,vision/mp_out_of_bounds.vision
02D7668EA3B325E4,icon_loadout_build_watermark_rusher_quickdraw
02D8F750597977BD,VehicleExpSmoothingType
02D91A375B26D3A7,icon_social_plat_bnet
02DA74B5F528C054,XModelPhysicsInfo
02DB7473887C9367,ui_jup_menu_mission_checkbox_selected
02DC687C93A00676,lua_menu/offhands
02DD32BBBEB743E3,ping_boss_rainmaker
02DEDFC6CBCF4877,more_battles
02E6149A379186E8,ui_rew_icon_mode_br
02E6BB1C8CF0A23B,mp/loot/br/rebirth/lootset_contract_dom.csv
02E7882E61BBC035,ScriptableEventHeightfogBBoxUpdateDef
02EADFECF318C604,ks_toma_strike_cluster_mp
02EB28C96C91B439,jup_ui_map_icon_obj_bg
02EB95ABD61833AA,ui.widgets.ExpanderLogic
02EC289BD0190CC6,generaloptions.csv
02ECE7B617815B0C,rex_fourx02
02ECEAB617816025,rex_fourx01
02EDFC067F10A0E2,WaveParticleInstance
02EF2A3DC7C8D118,GfxClutterCollectionGPUData
02EF3D9879FDCA98,PhysicsVFXEventAssetRules
02F16E8DE3BDE6C9,AttAmmoGeneral
02F25E94F7FF7A4F,ai_lookat_behaviors
02F2AD8390EE75DA,mp/loot/core/risk/lootset_contract_scav2.csv
02FB989C2DFA9BC7,HeavyMeleeType
0300AEAC685DB32C,mp/gunsmith/s4_me_shovel_progression.csv
0302E36398C7F3FC,ui_rex_icon_ks_prog_wheelson
03055CA52E578619,icon_attachment_ar_falima_xmags
030F3E3DBC78A43C,vfxOrientType_t
030F780DC096ACCA,rex_defaultdeatheffect
03118DA735A87D96,outlinefill_nodepth_red
0311B6C1A9A3B9FE,un_office_paper_stack_01
03121AD2E4BCBC6D,brloot_weapon_p90_unco
031394F90A05ECA0,hud_reticle_code_center
03162D3B092D1E9A,veh8_mil_lnd_umike_scr
03164B59B3ADC68B,ping_hostage_lz
031C4086966B4F06,BCTreeParam
031E1652F7EC8B19,aispline
0320B20C2A7D94F8,mp/loot/br/mini_mgl/5_minutes_mini_br/lootset_cache_spawns_abundant.csv
03217ED3B1799501,questCircleTemplates.csv
03227E74EB489442,hitmarker_wide_light
032492220BB66652,balanced_rex_ar_kilo2
0324E2108FFCB1B8,objectivedef_flags
032B7B34FACDFBF9,veh_rex_lnd_tank_cougar_core_mp
032D8FC261BFF4DD,ui.utils.LeaguePlayUtils
032E69F60A232559,scope_buffer
032F0F081E0DE600,AiSplineDef
032F71E07DB7BF44,t10_usa_pl_milsim
0331519A6798B334,rex_execution_pistol_knife
03328453A40E17BE,XAnimPartTransFrames
0332C0314BA208AA,widg_gradient_diagonal_top_left
0332ECC464F8C973,raw_dword
03339C64988FE227,hud_br_plunder_shape_chevron
0337FFA949C9BC38,br_aar_prestige_progressbar
03395D1EB21C6154,CameraFPVehicleDef
0340C55A44AC1FF0,overlay_dmz_disguise_edge_top
034227E573166180,ASM_Function_Param
0344176B3EB518CF,ui_bp_complete_star_emblem
0346C99293B7A906,StealthVolumeBounds
0346DC3AA3008AD6,ui_menu_codhq_games_bo6_logo
034B50450CA94AC4,mp/gametypes/grind.txt
034C02ED65CDDE30,defaultxanimtree
034D4014F71B0F55,ping_loot_equipment_defib
035039A37763AB5C,XAnimNodeDef_4PtBlend
0355DE9571DA0983,hud_splash_bp_topo_outro
035A9D5353FDC058,GfxUmbraFarTomeInfo
035BC51A62CD18D5,ParticleModuleInitVolumetricDef
035BDE2F236285FF,cac_equip_ring
035D0A77B9EDC5E8,xanimcurveptr
035DA3EAB6D88654,StealthVolumeShape
035DBCAF7BE8FBA6,dynamic_underwater_offhand
035FE2A4B4A72DA2,cruise_package
036050EA6D7DFFFA,conversationdefptr
0362CD630A2C4B55,overlay_nightvision_meter_marker_proto
036426E039680E5E,mayhemanim
036AE30B09F41A76,clantag_sss_rex
03703CF860C8F65B,accessory_fire_sprinkler_ceiling_vintage
0372E6DFD7437B0A,socialplayerprofiledefptr
03741E33FC199D03,rex_guard_hvy_bmike3
0375555F8DD87712,rex_rec_tango73_topload_std
037A154CB1C3AA4E,mp/loot/br/olaride/loot_table_zones.csv
037CD6C38903E084,LUA_MENU_MP/CHALLENGE_DIFFICULTY
037D8B5067D2C2D7,StAreaSwap
037EC72F71836538,mp/gunsmith/ar_scharlie_variants.csv
037F455A5B166BF3,rex_ammo_9m
037F605A5B1699D4,rex_ammo_9p
037FB2E49DC06FAD,mp/gunsmith/lm_t9slowfire_variants.csv
03832393C6CB4C20,mp/loot/br/default/lootset_empty.csv
03849C05D514970E,menu_activearmory_overlay_mask
0385AB960904DDA1,bc_combat_inform_check_fire_ally
038912668C57A32C,default_splitscreen_mp.cfg
0389A8B1E1C38C3E,rex_rec_akilo_545
038ABF5A4A8C4A60,omnvars/mp/gametypes/omnvars_hijack.csv
038AC4243687CC8A,ComputeShaderProgram
038BC09488D50079,mp/gunsmith/platform_03_progression.csv
038D4517623185AC,veh_fuel_meter
038D8DAED8631652,rex_pgrip_aim_decho
038EBBF7023810F7,ping_gulag_escaped
038F6AB7C07CCB85,equip_pocket_pistol
038FCD4F565CA13E,AttADSSettingsOffsetTunable
038FDC42495EB2BE,AnimSelectorTableEntry
039292C45EE65B2D,dlogschemaasset
0398407B14860156,mp/gametypes/br.txt
039840D71A02D780,rex_pgrip_tac_golf28
039B941CF45DAF48,team_t
039D03C9BD468D99,mp/buyStation/weaponPriceScalars.csv
03A924DA08AD7084,icon_loadout_build_rusher_commando
03AB54A304ED639E,weathertiledata
03AD24AF5CB72D7A,mp/gametypes/dd.txt
03AFA3DEFC79B8FD,accessibilitykeyboardandmouseoptions.csv
03B85E5A679F809B,hud_reticle_bottom_segment_vz01_b
03B85F5A679F824E,hud_reticle_bottom_segment_vz01_a
03B97035C48852EC,specialty_snapshot_lens
03BC71C2F997B714,hud_reticle_glow_halo05
03BFA8012443F92C,PoseMatchingAsmConfigDef
03C0D8D21BBB7CB3,mp/gunsmith/sn_hdromeo_variants.csv
03C0EBB66466064E,button_gradient_active
03C3B1740D910F52,ammo_restock
03C566D9463363DA,ui_rex_menu_mode_select_sp_background
03D173FD4057EC08,rex_mg_bravo50_script_sp
03D9679865F5B815,rex_la_gromeo_mp
03DEA7D3557CAA1B,rex_bolt_lgt_bmike3
03E185994ED28C77,XModelStreamTreeGridCell
03E34BF8E28C592D,ParticleCurveControlPointDef
03E4F81C05C3A652,ScriptableEventCalloutMarkerPingDef
03E7EDFF450C23EE,ping_killstreak_airstrike_generic_rex
03E873C0AD052790,ui.SoundSets
03ED0801C7AA4EA5,StreamingContentSet
03EF362EF1ADAC88,GfxWaterTile
03F2467EB9E2936E,IndexedListTypeDef
03F3CB68B5ABA17A,specialty_trait_exfil
03F3DD7D6F0E8173,ParticleShaderGraphOptions
03F4F764E9DF4D3E,rex_fe_op_crib_xcam_gunbench_br_sniper_xcam
03F637B8BFB3E32B,ai_behavior_call_reinforcements
03F8ED1FF6082A50,super_decon_station
03F929D4A69C7E0D,loot/s4_ar_bromeopg_camos_ids.csv
03FAB76BC95745C4,StreamPointerGPUBlobData
0400B95E4BF2E1B6,WeaponOffsetBlendInterpolationType
0407EA389A987DFC,tur_gun_mp
04080D5D7799E862,rex_ammo_45acp
040C5E58E5848EFC,super_trophy_rex
040D0277B8E32B70,brloot_weapon_crossbow_lege
040DF678D85352DD,crossfire_turret
0410C42EF9BF07FF,hud_reticle_void
0411981FEC7AFA25,brloot_weapon_dp12_lege
041474FC5E4EB234,VehicleTrickDef
041676A595166717,omnvars/mp/gametypes/omnvars_grnd.csv
04192DBCB3FC784A,mp/gametypes/hstg.txt
041A9CAA5472387B,widg_gradient_center_out
042089BAE3A90D10,EquipmentSFXChanceRattleTypes
04228C2BA12D9E8F,weaponcutout_foam_pattern
0426E68D6790CD0F,HintType
04285C5310EE36D7,rex_ae_autogen_mp_daily_challenges.csv
04286D8B985E995B,ping_fieldupgrade_seeker
042BB43490DF143C,mp/loot/br/dmz/biobunker/lootset_biobunker_radiation.csv
0430BEAC9CB43372,bc_killstreak_killfirm_juggernaut_recon
0430D97109521BBA,veh_diagram_suv_fill_wheel
0431439E64304CE2,overlay_bradley_damage_side
04318257E062CC8D,itemkeyhandlernext
04322746A10A29D2,loot/iw8_sn_alpha50_camos_ids.csv
0433969E5CB2DF7A,mp/loot/br/ww2_mini/lootset_cache_lege.csv
0435DBC2744953B7,budgets/contentmem_scorpio_debug.csv
0436DB5DC7294F37,ui.utils.FileManagementUtils
043753A6A2E4E7C4,mp/operator/s4_isabella_progression.csv
0437D71B796885C5,bc_equipment_action_medical
04389051E1CE43DC,ee_sign_street_no_turn_left_lm
043AE4CACEB81DE2,balanced_rex_pi_decho
043B7DDD7CA4E1EE,POTGIntroCamDef
043BBCAFCD0310BA,mp/loot/br/dmz/lootset_saba_military.csv
044009A4215A1F83,perk_trait_quick_fix_rex_mp
04411AB08985AE3A,materialcamoanimationparamsdefptr
0443044A75446A9A,iw9_me_knife
044647BF0298FCA0,ui_rex_icon_reticle_minireddot03
044648BF0298FE53,ui_rex_icon_reticle_minireddot02
044649BF02990006,ui_rex_icon_reticle_minireddot01
04464EBF02990885,ui_rex_icon_reticle_minireddot04
04466F1532F56C64,ui_rex_menu_mode_select_mp_background
044A1FB54DBBA662,DynamicDecalVolume
044BFD8C4E741B20,equipment_icon_showcase_blackoutgrenade
044C35C4C480D034,rex_xmag_golf28
0451231E7A3DA255,jup_icon_xp_battlepass_premium_boost_disabled
0453347BED1D92AC,ping_need_fieldupgrade
04555F4244880A12,com_office_book_set1
04585D57164A1AC9,mp/loot/br/respect/lootset_cache_spawns.csv
04586D3A0741579E,defaultrumblegraph
0459003DC628191F,cp_disco_wall_fan
045B01B94ABBC3EB,iw9_icon_perk_survivor
0463142F4E89D056,XAnimSyncGroupID
046D0C8CCCE95297,MenuEventHandlerSet
046D57B686EEC5F7,brloot_weapon_mcx_comm
0470734080D9696F,specialty_quick_hands
04785B471978F437,mp/loot/br/mini_mgl/newplayer/lootset_global.csv
0479DD1A6FA106CB,GfxImageReflectionProbe
047B4127AC1C16EA,scriptdebugger/help.txt
047C3CF80F44B7DC,loot/iw8_ar_t9longburst_attachment_ids.csv
048357F687855FFB,mp/gunsmith/s4_mg_dpapa27_variants.csv
0484A6D6845C99E9,materialstandarddefptr
0485E6457D1F6ED9,ui.utils.OutbreakUtils
0486A8508107648C,specialty_sonar_bullets_rex
04880E2F06F8CDC7,jup_ui_2px_corner_2px_outline
0488315BFEC2C165,overlay_recon_drone_inner_circle
048BD480ACD3D400,influencer_equipment_mine
048C3D20FCD1C06D,ScopeVFXMaskMode
048D7B1BDA8AC94D,iw9_icon_perk_tune_up
048D81DB4F24D797,ui_rex_icon_eq_gren_semtex
04960368172ED036,ping_uploadstation
0499156F654985B8,rex_bar_spier9
049D4A18A871911E,rex_armor_plate_deploy_sp
04A50593D89B2E9C,counter_attack_bomb_silent_mp
04A6AC71816FFB01,attmeleelocationdamage
04AA29636F2E6060,brloot_ammo_rocket
04B0AA4A7B54DB5B,mp/operator/s4_lucas_aus_progression.csv
04B6B16C3BCF51B2,settings_import_list
04B77D11021D91E9,rew_deployable_kiosk_marker
04B8879ABA9F3C5D,mp/igs_operator_weapon_blacklist.csv
04B914E25FBD5A78,BSEQTransitionEvaluationParams
04BB8F33C549E9B3,hud_reticle_shadow_therm_02
04BB9333C549F07F,hud_reticle_shadow_therm_06
04BB9533C549F3E5,hud_reticle_shadow_therm_04
04BBDEACE4B13A75,rex_snapshot_grenade_cricket_mp
04BC8EF90CD1A84B,brloot_offhand_trophysystem
04C031BDAE00FB5C,mp/loot/br/default/lootset_saba_industrial.csv
04C1DDAC4713E10B,primary_medium_italic
04C289ABF01192B8,loot/iw8_ar_kilo433_camos_ids.csv
04C379686635A903,icon_social_plat_pc
04C41988A24D5C24,frontenduiboot
04C5F9F1AA3AE08A,mp/loot/br/bodycount/lootset_global.csv
04C77BA76F7504BF,icon_meter_gasmask
04C7B9C3CE2B30DA,ui_gunscreen_edge_thick_plastic
04C858CE45588DA7,specialty_trait_ai_ammo_rex
04C9DE51DD3A1F46,defaultsndadsr
04CCBEA126C7BFA0,rex_smag_psierra41
04CCD5D27C31957C,rex_mp_park
04CD1582A3B90BDB,mp/gunsmith/s4_mg_bromeo37_progression.csv
04CD2B38335E8F21,rex_mp_price
04CDFC65840B57AD,ScriptableEventViewTriggerDef
04CFB1B17E2212A0,mp/loot/br/dmz/lootset_saba_biobunker.csv
04CFEC68BDBDA905,loot/iw8_sn_delta_camos_ids.csv
04D0B20BEDA0F83D,rex_deploy_glider_mp
04D56997BDF3E9E6,mp_cp/vehicledamagetable_br.csv
04DB0E29EC101248,tracerdefptr
04DC2D91D2D865C8,SndGlobalBulletCrack
04DD3DC15B079224,objectstoregamemodedefptr
04DFEC93C35DF7CC,ping_inv_have_iodinepills
04E1132D64FD449C,ping_request_key
04E1C2BCF92596A6,mm_boot_background
04E4C267AA5B2583,XAnimConstraintUnion
04E68E38F7282AB9,ping_loot_medical
04EB7E308652BC6F,mp/loot/br/rumble/lootset_bunkers.csv
04EC2FFF87E636B0,rex_guard_tac_bmike3
04F179EF97F02822,ping_social_goodgame
04F1C62E86A42DE7,LUA_MENU/MAX_RANK_REACHED
04F2D154569E1AE1,Player_ASM_State
04F303115495CE3D,brloot_super_empdrone
04F6111D345E32AB,aieventlistdefptr
04F890A555257C2C,clantag_locs
04FB0FCC10C5EEDE,buttons_br_ping_rb.cfg
04FBA373442AE5D4,hud_icon_objective_cash_bag
04FC8C246BAFCE98,rex_attachments/rex_ironsdefault_mike4_desc
04FD91EB963DDA9E,cfg/demo.cfg
0500179AA719084C,mp/gametypes/koth.txt
050278B28895CF0C,ui_font_dmz_cooldown
0503FE873AC310F0,rew
05040D873AC32A6D,rex
0505065D7F0033A6,vectorFieldHandle_t
050652D4F95CAF14,ping_loot_killstreak_mobilesentry
050668A18C915A87,dlc_manifest.csv
050CBD879E0CFE51,ee_sign_street_straight_lm
050CE71A321E4D75,tacpoint_search_node_t
050D224298F33A4E,EncounterPatrolPath
050FE30565B589EC,railgun_rex
05129841D9B80064,specialty_trait_bounty_hunter_rex
0514F7A83EC91957,mdao_occlusion_lut
05157283CAF50C8A,BSEQCodeCall
0517BA61A7211AFC,ping_loot_weapon_custom
051BDD1A7F6A16A9,carryobjectdefptr
051F880625F7082A,ParticleModuleInitSpawnShapeBoxDef
052162C35AB48E10,operatorturnanimations.csv
05223219E9CFEC5C,uk_file_cabinet_garage_01_drawer_a_green
0523C5B0D37617BB,mp_javelin_no_missile_prompt
0523D14B7CF27F99,veh_rex_lnd_suvrus_sp
0527ED702C3C90D2,loot/s4_mg_dpapa27_attachment_ids.csv
052D7D309FB8F2E1,bc_killstreak_killfirm_carepackage
053083F4C4C4B726,ui_battlepass_tier_backing_gray_dark
0532E06D0DAE5221,defaultvolumetricsmokesettings
053595A33015FACF,mp/loot/br/shottysniper/lootset_contract_asn.csv
053A16BF202559F7,ping_killstreak_combat_drone
053A4F2210EFDE16,deadsilence_device
053AEF769B0F36CB,me_kitchen_coffee_set_01
05420A75CF74D62A,ParticleRenderOptions
05429FF0149370A4,EquipmentSFXDef
0542B04E8DA5B759,hud_reticle_crossdot_h
0542B94E8DA5C6A4,hud_reticle_crossdot_g
0542C54E8DA5DB08,hud_reticle_crossdot_s
054EA759ADCEFE02,overlay_gunship_damageglitch
0550837176041BF5,mp/loot/br/ww2/lootset_empty.csv
05563EE7D024AB38,mp/gametypes/war.txt
055EB6EB6EA1F787,keyvaluepairs
055FAD76C54B09F3,soundspeakermapdefptr
05622A799C3A035F,ui.utils.mp.StrongholdUtils
0564E494F13D3DDE,AttachmentBlueprintList
0567968A013EADC5,rex_deploy_airdrop_mp
056932D2B098EEBC,rex_mag_asierra12
056ADD9248BEEE9B,rex_stock_hvy_spier9
056B7A15CA3FA3D4,mp/loot/br/dmz/biobunker/lootset_dmz_crate_wood.csv
056C503D81D5199A,ui.ingame.mp.guntableoverlay
056CFAEEE531C4DD,ui.WorldCupManager
056D3C7453AF9D10,mw_upsell_popup_background
056E00335843EA80,sat_shock_stick_ob
056FBE5EB2DFB682,ping_killstreak_gunship_rex
0570FF16E1E7569A,XAnimNodeDef_RagdollNode
0572A0D513A15E6B,hud_icon_fieldupgrade_loadout_drop
0577BEF4FE0AB18E,hud_reticle_hdr_vz_small
0578897C70CC0D9E,rex_ar_mike4_dunn
05789012A3B83779,VehiclePhysicsRevModifier
05792836C57676A3,hud_reticle_udot_alt
0579C4D71E9839C0,rex_smag_kilo437
057E4D3B9920A8A5,WeaponAudioReactiveSet
057F46BCEB63BA6B,CodcasterDataDef
0580E6A82235A4EF,cer_hud_scorestreaks_hellstorm_missile_backer
05813CCFA774FB24,aidebugdatatrace
0582B50710672E7B,rex_rec_findia_knives
0589163690AD14AD,ScriptableStateUsableDef
058D411C6E5F10BB,AIActionSplineData
059195309A1551BA,ping_citadel_building
0592CE0B29AE0979,icon_vehicle_enter_gunner
059AF358E03C0C97,stationary_trainyard_signal_lights_01_spdball
059BC4A119E549F0,blendspace2ddefptr
059C10B530B492AE,hud_reticle_loot_shroudhitman
059C8CF55A1FEC5B,animselectortables/soldier/soldier_traverse_warp_external.csv
059ED714278502B2,THERMAL_PHONE
059F7F4723068757,SndFBLoFiRate
05A5761EBD4ED825,cac_mini_attachment_rings
05A8A95F7F69FAEB,defaultweatherwind
05AB8AEE71ADCF41,OperatorDef
05AE4FEF825577A2,cfg/default_common_jup.cfg
05B18A26871426C5,mp/loot/br/classic/lootset_contract_scav1.csv
05B672E348EE5C32,options/fl_veh_descend_desc
05B7FF4D88E2E14E,XAnimCurveType
05B92B01CD00B4BD,global_prompt_shine_gradient_25deg
05BB40ECCB30EF6D,icon_ability_overcharge
05BD24EEB6A96E4A,ui.utils.MobileGrenadeUtils
05BDC16780EB4325,mp_rex_tumen/callout_satelite_office
05BE44BE86367A60,london_coffee_machine_cup
05C0CFFD29A0351F,mp/loot/br/dmz/lootset_locked_space_tier2.csv
05C2C61D5FAE3611,ping_help_interrogate
05C638D3ADFAD876,overlay_recon_drone_compass_box
05C83C9DB7EAC8C8,loot/iw8_la_gromeo_camos_ids.csv
05C84FE0C72F297C,GfxTndStreamMesh
05C90D39B525FC95,ui.FrontEndManager
05C94FA61152CFCF,hud_score_bar_accent
05CA0132E2603676,ping_enemy_general
05CDA2471C2A3F9F,budgets/contentmem_durango_ship.csv
05D3760448E54024,vision/damage_armor.vision
05DA0F2A0066C1D6,mp/loot/br/truckwar/lootset_empty.csv
05DAFDF198201861,ping_fieldupgrade_tacinsert_rex
05DB158717B517BA,ping_objective_destroy_flag
05DC2F5297654AAA,cfg/dev_proto_jog.cfg
05DD7006FA176679,hud_splash_accent_diamond
05DFBF9038860C04,ui.frontEnd.mp.CODTVPopups
05DFD0C2C905B734,EquipmentSFXSndChance
05E0E8EA9743359F,ParticleModuleSizeLerpDef
05E6ED5D52957B9B,mp_cp/vehiclecamos.csv
05E9BAA644CBE390,specialty_trait_ops_cash
05F052C5B5EE0525,ScriptablePartReference
05F0C134BF8503A3,omnvars/mp/gametypes/omnvars_brtdm.csv
05F29A442419C7EF,cerberus_playerdata
05F2B7CEE52106F2,ui.frontEnd.MPPopups
05F62C5C42D50550,equip_deployable_kiosk_drop_rex
05F93545BD12055A,XAnimNodeDef_BoneName
05F984D99980DCDD,icon_waypoint_frame
05F9B5759CE0732F,xhashSettings
05FC6E4C0C371070,telescope/telescope25dllvalidationpc.csv
05FCC091A4CAC148,uk_foliage_plant_potted_fern_01_hanging
0602149489E93140,specialty_guerrilla_rex
06037377041E47A8,gfxweatherprecipitationvolume
0606BC17FAB6BBD9,GraphDef
06070E6AC1010FF4,genericrigscriptable
0607FD7CF7E5DF00,ping_hostage
060B816844BF268E,bc_vehicle_killfirm_car
060CF182FF6159DB,loot/iw8_la_t9standard_camos_ids.csv
060E078AF9E31610,techsets_frontend_ui_boot
060E14BB2187E54D,loot/s4_ar_valpha1952_attachment_ids.csv
0610F52E2FBF23CB,loot/accolades_ids.csv
0611BD93AEF42C6B,StreamingItemContents
061668D42F2A1528,indexedlisttypedefptr
0616911B87B643B4,jup_ui_aar_challenges_pulse
06179E6699A355D4,ArchiveTypeInfo
0617D0E863E0A485,loot/iw8_ar_anovember94_camos_ids.csv
0618EC13E776F50A,vision/nvg_flir_mp.vision
061A888FAEBC33C0,specialty_trait_fast_refuel
061AD8E4DD62C3F9,materialanimationruntimedata
061CADE856237998,rex_bar_hvy_sierrax
061D7DA04578D500,hud_icon_equipment_bolt
061E90EA2D310B6F,hud_score_backer
06240545373339CA,rex_execution_syringe
06244B727C65F3CE,rex_selectsemi_kilo437
0624F45D1ECB85A7,rex_dynamic_null_kilo437
062C8A69B43AEA25,rex_attachments/rex_bar_sierrax_desc
062DDC4BFAB03311,veh8_civ_lnd_decho_rebel_brown
0631753AD4AE1C07,hud_diagnol_line
063334734B31C054,loot/iw8_me_akimboblades_attachment_ids.csv
0635B332A419F532,frontend_extracted_xanims_2_global_stream_mp
06389BF7AC44D3C9,icon_global_theater
063A181355770617,veh_diagram_suv_glow_body
063D33DEF0FEB1AC,ping_equipment_thermite
06458A77DF5A6657,TransientAssetName
064719C0D78D86F9,veh_atv_mp
064786FAAB0FA28B,test_altimeter_numbers
064AD035A5F853A9,mp_rex_actionpark_grid_bm
064CE82E3C362CBC,mp/classtable_br_rebirth_circle2_ww2.csv
064DF771F20E7DAE,map_mode_stats
064EFE90D009FD31,CinematicShakeModifierDef
064F59E1D1229EB4,sndweaponreflectiondeltatweaksdefptr
064F69C9795389A8,OrientedBounds3D
06532F7058B73A27,icon_obit_died
065C88F0E91F76D8,defaultimpactsfxtable
066170279AE3938B,SoundBankListType
0662D31AC062339C,VehicleSimGroundSurfaceDef
0663929C99122F7D,rex_ar_akilo_v04
0663CBF132D6CEF4,misc_tools_wrench_01
0664133C6FE86C4F,ui_jup_menu_gear_select_disable_backer
066AAEAA1E625C6A,hud_icon_loot_squad_loot_box
066AD44B09E35D09,animselectortables/soldier/soldier_traverse_warp_across.csv
066BD1EB2F45B72E,mp/loot/br/default/lootset_cache_static.csv
066DDA858F501FCB,mp/loot/br/clash_mgl/lootset_buildings.csv
06725B9F7E1350F9,ping_loot_killstreak_emp
0672A7998C007657,SndMusicStateStatus
06736A7CF6502CE1,ui_rex_icon_perk_ghost
06740187E306CA3E,mp/gametypes/trial.txt
06751CB890B14BDE,specialty_trait_popcorn_tacticals_rex
0679BD5933AC4E90,compass_arrow
067B95203D2474E5,ClothAssetSound
067BBEEB8DF34A75,cp/cp_fieldupgrades.csv
067D78F708F1CCBF,mp/loot/br/shottysniper/lootset_extra_plunder.csv
067E284E444901DC,GrenadeRotationParams
067E344C05F8F0F1,GfxShadowGeometryData
0680D7B2A8A9FF4B,playermovesets
068244A55071E95D,ui_menu_cac_allocation_pip_empty_wz
06831CBD6166B668,ui.inGame.SquadEliminatedLayer
06868D432F39CC66,SuitAnimEntry
0686CF1DEEC595EB,ping_inv_drop_iodinepills
06880F619E10A653,bc_combat_action_last_mag_concat_shells
068A3E45DDC2FA64,Particle_MaterialData
068A57CC5683350A,bc_combat_action_last_mag
068D51695276AB4F,bc_killstreak_killfirm_clustermine
068F2E4849FC2572,ui.utils.zm.ZMUtils
06913AA7F118E65E,tablet_chopper_gunner_right_background
069337C6150D2C77,usvec4_t
069647BEC8B140B3,specialty_trait_field_medic
06981D1B107214C1,omnvars/feature/omnvars_activity_tracker.csv
069836D725A9E5D2,ping_vehicle_danger_armoredboat
0699AD6B9429670B,rex_rec_golf28_auto
069AE3726DB65C88,specialty_sixth_sense_rex
069EED2338EA386D,mp/loot/br/rebirth/lootset_cache_rogue.csv
06A0028CDB1AD346,ParticleUseVelocityOptions
06A255ECF1F09606,perk_memento_rex_mp
06A38FC6B9025662,specialty_trait_fast_extract_rex
06A656D20F092553,VehicleRefsDef
06A7BB733A9A43B9,hud_objective_blueprint_extract
06AAC764E7684F4A,ping_loot_equipment_buster
06AC241B51F072E5,mobile/UnpausedFTUEStepsData.csv
06AC8D855EE2D05E,global_icon_star_complete_lg
06AD87A97362B609,ScriptableVariantDef
06AEF672C03DEFAB,ping_loot_confirm_weaponCase
06B04FC6D9ADD389,cp/weaponbuildupgrades.csv
06B425DC131CC4E9,Animset_Union
06BD9E2F682E1A2D,XAnimNotifyParameter
06BFC6F2D4ABA3E8,WeatherSurfaceTypeMappingDef
06C11A0A762DD887,loot_weapon_generic
06C16127A492F201,ping_tool_hackdevice
06CC22EEB7C0E2EF,vfx_frontend_mp_battle_preview
06CCE18A411543E0,MaterialUVAnimationParamsKeyframe
06CDE0A4806115FD,perk_none
06D0AA6219B97B6F,rex_holo_spier9
06D1AEBC91085A5F,vision/proto_scrambler_stage1_mp.vision
06D21A3081579062,ping_objective_kill_device
06D2294171413B7E,ControlConstraintEaseType
06D2807C81C695BC,Template
06D2B896926494F9,PoseMatchingTarget
06D4C2D5B118CADA,rex_rec_kilo2_rex_wz
06D5F8BDAA29375F,icon_navbar_enemy_firing_above
06D66C68159F1646,motionmatchingsetdefptr
06D67E87844301AE,mgl
06D8068F918EEAE3,br_challenges.csv
06D836108623E15B,hud_icon_loot_perk_pack
06DAC7B29C80B967,thumbstick_legacysouthpaw_ns.cfg
06DD2FD9E3406C87,LUA_MENU_MP/DLC_PURCHASE_ERROR
06DE1BE97AB9C57C,equipment_icon_slot_personalradar
06E1B3E119DF83E7,XAnimNodeDef_IKLadder
06E1FCBCDBF8237A,rex_tur_br_asierra12_sp_nosound
06E846DAB7BA037E,keybindingslook.csv
06E850049C8A87B1,hud_backpack_slot_empty_key
06EA1EECD297291B,sat_cod_points_500
06EE0C08D76FD7CC,behaviortree
06EF91DF56D33395,rex_rec_akilo
06F13203567F31ED,brloot_offhand_gas
06F2BA3F086345B1,ping_social_playagain
06F45B16A8730D83,mp/recipes/defcon.recipe
06F47562B9E08D23,ping_social_hello
06F4BB3D0B17AA77,ping_loot_killstreak_emergencyairdrop
06F69D4341163CB4,loot/iw8_sm_t9heavy_attachment_ids.csv
06F725A229AD48C6,mp/loot/br/bodycount/lootset_contract_asn.csv
06F8AAA1573793B2,cfg/default_systemlink.cfg
06F8B7C771674344,mp/stats_init_ranked_loadouts_wz.cfg
06FD8E4B29F490C6,brloot_weapon_mp7_lege
06FF7A878E2219E7,rex_rec_moscar_bayonet
0706C9C4D824F95D,ee_utility_pole_sign_pedestrian_02
070864FDD7D1BBA4,loot/iw8_pi_cpapa_camos_ids.csv
0708AAE1247946D4,StDiskTerrainSurface
07090A79350722D0,GfxHeightMap
070BC9304C926883,cfg/default_splitscreen_mp.cfg
070CA9AE6C37038F,hud_splash_caution_icon_small
070D29584E159A8C,glasscollisionworldptr
070DC31C0ACD0656,rex_bar_hvylng_psierra41
070E9B6F8701992C,loot/iw8_lm_kilo121_attachment_ids.csv
071256214142E986,rex_attachments/rex_ironsdefault_kilo5_desc
0714F11AA42DCB96,MPUI/TRIAL_RULES
0719668785D55232,perk_packages_quality_text_chevrons_two
071DABA5C7E072F9,hud_splash_bp_topo_backing
071E4ABD1615EC5C,iw9_icon_perk_shrapnel
07268DD8A7B6F3CA,hud_splash_generic_header_backer_negative
072892481A0A24D9,NavZoneData
07297A9FF69FB396,icon_ability_emp_grenade
0729881670606423,ks_scrambler_drone_mp
07299CA4BFD19B7C,ee_sign_street_stop_crossing_01_lm
0729C0E713F13B19,mp/gunsmith/s4_sm_calpha45_progression.csv
072C5E5135B9A302,options/quality_minimal
072DEA3E06FB5DCF,ui.widgets.SliderWithEditBoxLogic
072E3A1FE3F7749A,loot/weapon_charm_ids.csv
07300ACF9E6A08CE,challenges_main_button_gradient
0732E82FFC7BBE8C,mp/gunsmith/platform_022_progression.csv
0733CDE51730A8F8,hud_icon_status_buyback
07341DC6E8A397B0,ui_bp_atlas_reward_unlock_base
07360282D7DBEC1F,GfxWorldSurfaceRange
07391E3FC09F3CE1,ping_loot_confirm_killstreak
073AD1F3BBDE95D7,AttTuningParameter
073C7DB0C2BB67C5,briefcase_defuse_silent_mp
073CA8B76C150527,dynentityid
073D81BA1DA5E262,iw9_lm_dblmg_jailer_mp
073E93CAB03D0629,mp/loot/br/mmp/lootset_cache_spawns.csv
0743946EFA99F046,ncs_sev_level
0743F7275E47452C,sticker_book_challenges.csv
07444AEBE0D9FA26,cover_ambush
0745DE096CF207DE,XAnimNodeDef
07462B606F498D43,ui_rex_icon_obj_bomb
074A23B415BC4406,VehicleTrickProcedure
074A7262BAD0635D,SndAssetLoopType
074AFD30107063E2,ui_icon_stash_count
074E34ED1EA493F9,mp/gunsmith/sn_t9damagesemi_variants.csv
07523A1ACFEE9398,dmzloadouts
07527F8DAD71C545,ui.LobbyStatusLayer
07550E6F8A0ADA80,animselectortables/civilian/civilian_traverse_warp_down.csv
0756B8CFA59A5DFD,default_mp.cfg
07574B94B5380DE5,mp/loot/br/plunder/lootset_stronghold_high.csv
075A02896DAA05B8,brreward_hint_operator
075BF34894A0ACF3,ui_rex_icon_wpn_prog_ar_kilo437
075D8F70324FC8A1,quickscope_rex_sn_svictor98
075E6C33BD541D0B,brloot_health_adrenaline
075E76EA3131E2F2,rex_la_tow_sp
075F9761FE08F8F9,XAnimParamModifierDef_Type
07642EEC4CAD05F8,cp_disco_bar_stool_01
0766416DE53F6387,mp/loot/br/doubledown/lootset_bunkers.csv
0767FF2F72D62D12,perk_trait_plate_speed_rex_mp
0768A2F3DDB99801,specilaty_adversefire_rex
076A85924EABC16D,HwConfiguratorInfoDef
076B356AE41553FD,ui.UILFPGlobalWidget
076CB99C1EFAA67E,rex_ammo_762t
076CBB9C1EFAA9E4,rex_ammo_762r
076CBC9C1EFAAB97,rex_ammo_762s
076CBF9C1EFAB0B0,rex_ammo_762n
0775C463740089A7,rew_loadouts_beta
0775D302B72EE0EF,zivartdefptr
07766D508EC456DF,sp/attachmenttable.csv
077C9DB4BE68B09A,hud_reticle_smudge_RADIAL
077DED348C839CBE,medical_centrifuge_01
077E27639144E4EE,rex_attachments/rex_bar_moscar_desc
077EDC72A167317D,ping_killstreak_bombdrone_hostile
078002E57CCF5E91,mp/loot/br/rumble/lootset_cache_base.csv
078166C09709FAAD,ui_menu_codhq_background
0782961AD53DD669,uirectangle
07855ED52AF63500,rex_kill_confirmed
07864C74E09151F7,balanced_rex_sm_xsm1
0787D1058FA991F2,VehicleSimEngineDef
078CC658EDA62DAC,hud_splash_generic_subheader_backer_champion
078D20362BACF4D1,ui_rex_icon_reticle_snscope_03
078E3A312E7B8B45,omnvars/mp/gametypes/omnvars_btm.csv
0791C917DE1FE7D1,ui_rex_ingame_hud_mp_game_state_domination_neutral_mask
079380170D87ECBE,hud_icon_loot_skull
079635F678A52C26,default_Clut
079A8813A473CC21,mp/recipes/brtdm.recipe
079B73D8C14B19DD,rex_addsway_svictor98
079C34D6E74ADA49,ks_radar_drone_delivery_mp
079F04414AF1680B,mgl_ui_icon_ONLINE
07A19CF7ABF23AE0,ui.utils.suggestedfriendsutils
07A285DE84B54409,hud_icon_objective_lock
07A4772A9462B28F,WeaponDamageType
07A6B3B51979047B,rex_control
07AB9189CB0DD287,mblur_filter
07AC07B2067ECC75,ping_killstreak_lrad
07AD9B9D812E1233,aianimsettingsdefptr
07ADA9BF0F5EEB0C,veh_rex_lnd_jltv_mg_sp
07ADBB98044F1E3C,ui_icon_obit_death
07AEDB7D71CA493D,ping_ascender_confirm
07AF863E187B15B8,ui_widg_edit_box_backer
07AFC0649AC5D251,MenuEventHandler
07AFC0726E7C3B4A,rex_attachments/rex_bar_lng_limax
07B0BE21D16BD307,cfg/ac130.cfg
07B1DBB818B59C8C,rex_air_lockdown
07B2F1DABD7EABD0,CurveSplineKeyValue
07B376A0BE65A7A3,ScriptableEventStateChangeDef
07B76264809537D0,ping_loot_weapon_pistol
07BA1706920A8E61,ui_gesture_come
07BB227A50BB54CF,ui_icon_options_arrow
07BF10DC2D2FF833,mp/loot/br/plunder/lootset_contract_scav1.csv
07C50B4804700850,ui/stringtable/notification_settings.csv
07C8B658DB1856FA,briefcase_bomb_defuse_mp
07CA6D36B364DDA1,mp/loot/br/resurgence_mgl/lootset_contract_asn.csv
07CD801531ED6AC7,rex_ar_akilo_545_sp
07D04A6A5FA65413,hud_icon_loot_metal_briefcase
07D187BFA2F33A20,gamemodefeatureflags_codhq
07D22B67690EA9EA,telescope_stencil_mask
07D3AC4018250C4E,mp/classtable_arena.csv
07D516314659F802,cfg/default_common.cfg
07D5508F4083B570,global_background_bottom_tile_repeaty
07D6D22D6237E3C0,ui.utils.OperatorUtils
07D91D345CF27383,rex_attachments/rex_rec_kilo2_broken_desc
07D96FDAF2CF40A1,fullscreen_dirt_bottom_splash
07DA5A5DADD47903,ui_mask_default
07DB0D4C3CE65A47,brloot_weapon_deagle_comm
07DB3F7E880032BF,jup_publicevent_loadoutdrop
07DC985AAF2AD19A,heatlevel
07DD8FDE1AF945AF,tracker_grenade_projectile
07DF062547694B50,stterrainptr
07E04D19E04C9472,cfg/dev_proto_swim.cfg
07E2C89EBEC04907,decor_cafe_sheesha
07E81ABC776E37E7,ui.utils.GlobalPanelUtils
07ECB4D95A4AE51C,rex_rec_uxray
07ECD90973531771,ui_border_base
07EEAE128154D706,ui_rex_icon_wpn_la_golf94
07EFCFD2A4C391EB,veh8_mil_lnd_pindia
07F2DAF67D0903CA,battlerage_nebulizer_mp
07F35257028ACF06,ping_stronghold_high
07F4EE419179161A,WeaponChargeType
07F55DB0DA321996,ping_killstreak_uav
07F6758CFD535486,jup_mp_splash_base_ribbon
07F8C32982A31B6A,defaultbulletcracksfx
07FD085E92D27043,mp/gunsmith/platform_012_progression.csv
07FF394A8E850B2A,mp/match_bonus_is
0801ED0163F99C1F,mp/gunsmith/sn_t9powersemi_variants.csv
0802A0169EB00C73,jup_tablet_hacking_numbers
08030E3EC77E6152,rex_comb_asierra12
08036341600C4086,iw9_cyberemp_defuse_mp
0804E4CB122A73B8,ping_vehicle_car_neutral
0806E18965082FC1,animselectortables/civilian/civilian_traverse_warp_up.csv
080773B1C379328D,ee_sign_street_straight_turn_01_lm
0808471D4CF01639,rex_lnchrscope_juliet
080A2634A8F21F57,specialty_trait_big_brain_rex
080A2AD3BE1C1007,mp/loot/br/resurgence/lootset_root.csv
080F472BD6A5E4DD,gamemode_team_deathmatch
0812C35994B676F5,ObjectiveBackground
081645B0DC09F76F,hud_reticle_phone_thermal
08167B46EF7090DE,hud_generic_center_out_gradient_mask
081A83BB8A90C61E,specialty_trait_plate_pouch_rex
081AA6FB9E87C8A9,flowmap_noise
081B0A032378889C,rex_bandage_mp
081B6F50D3EFE1B5,loot/iw8_sn_kilo98_attachment_ids.csv
081B9094804AE61F,XAnimDataTracks
081F07A13ADCA36B,ping_inv_need_shells
081F2CE99916E232,specialty_drill_instructor_rex
0821E595EC761DED,WeaponDynamicBone
08231B90DC011F8B,mp/loot/br/mini/loot_table_zones.csv
0823EF7365528820,ui_icon_theater_forward
0824D77E4F281BBF,store_gamepass_logo
0826AA3DDD5E9784,ui_rex_icon_xp_premium_boost_not_active
0827C27697264996,setting_image_textureresolution
08284B5059559F90,rex_rec_tango73
082A2F9ACBBA21EC,presence/dom
082A8A34207C0E1F,mp/gametypes/control.txt
082D7569765DDC66,mp/upgrading_rewards.csv
082DB617D68003A2,balanced_rex_pi_hotel45
082ECA3FE07FF0F4,vision/damage_deathsdoor_nvg.vision
0833B7B51201C14E,cp/cp_dntsk_raid_objectives.csv
0835B412CE23C839,ui_icon_dismemberment
0836D065FCEB87CB,SoundSpeakerMapPanVectorDef
083941B6715F96FA,br_dmz_offline.cfg
083993AECB6DADAB,rex_bar_lgt_tango73
083BE5748963B99D,ui_rew_icon_tac_shock
083BFB1B694DEE3C,rex_irons_bar_sht_akilo
083D54341883A5CE,rex_hijack
083EB7870DE9C720,ui_bp_complete_topo
083FCE8337BFC3D5,combatFogType_t
0842BD601A23D1E1,ping_objective_spotted_valve
084340160C9BCCCA,ui_battlepass_tier_border
0843BFFF689453B5,wzrankedloadouts
0843D105A31517FD,ping_loot_killstreak_tacticalnuke
0848260E363A9833,keyvaluepairsptr
084992ADC03217D7,bc_equipment_stuck_tracker_hostile
0849BD83A2BB4335,rex_anims_iw9m4
084A0D6CA15868D2,ui_widg_social_base_lg
08522939C94A1F4F,bc_equipment_incoming_c4
08584FAC88EF3E4E,icon_faction_sas_large
08593EB0D90327A3,gobo_debug
0859723F7162396C,StreamMtlGroup
085B7F8E67761977,jup_mp_splash_base_divider
085C08002609C58E,hud_reticle_sniper_05_meter
08634E1AD31D8F5C,loot/loot_crate_ids.csv
08639B083232DDD4,scriptableindexreference
0866F51936668AF1,mp/matchstatushinttexttable.csv
086A0B4559B7B390,icon_mw2_logo_lg
086B5173F0465301,rex_rec_kilo2_airburst
086D68CCA14B8B5D,hud_icon_new_marked
0873AA1747753AD7,BModelDrawInfo
0874B545091AB1B4,particleelementtype
087902511169E838,mp/clanemblembackgroundtable.csv
087CF2C6FE3ED392,ProceduralBoneLodSettingsDef
088038846CD29D93,reactivemotionmodelflags
08827B55ACBA6902,DObjPartBits
08845A7D5AEC537D,rex_bar_hvy_limax
08851A18A33C7551,mp/gunsmith/platform_010_progression.csv
0887620CCE41CC85,influencer_equipment_shockstick
088D3BF520A58731,xmodellodinfoflags
088DCF04E4965246,omnvars/mp/gametypes/omnvars_gun.csv
088DEA943ABEAF6F,SndPlayerType_t
088EF6CF73A985B3,icon_perk_slot_underkill_ui
088F87D2D893727C,brloot_weapon_famas_lege
08930AC3D20211ED,default_systemlink_mp_cdl.cfg
08965ED2F1628517,ee_cardboard_box_01
08967EE1064EDC27,equip_bunkerbuster
08980369C5D6B6A3,brloot_weapon_m1911_unco
08991686C7AF33DC,rex_rec_bmike3
089A1A8A9099FB5C,hud_icon_grenade_direction_indicator
089B9B8C657E9309,XCompositeModelDef
089CA432C67BC68B,eInfluencerFalloffCurve
089EAA5F79BFB26B,mp_cp/vehiclecustomization.csv
08A023B3B973780A,animselectortables/soldier_traverse_warp_across.csv
08A07D72A09EAC7A,ping_crowbar_door
08A10787683F702F,SndPlayerTypePlaybackContext_t
08A189CF469C4A84,ParticleModuleInitAtlasDef
08A35A5CA1C8CB81,ui.utils.ProjectUtils
08A3EA89FDD1E12A,specialty_trait_pebble_collector
08A5E2BA840F834B,XAnimDeltaPartQuatDataFrames
08A6E1D4159973BE,hud_icon_splash_elite_event
08A8B252DF4F66FB,SndBreathStateDef
08A990D8D390E505,EquipmentSFXSoundSetStanceTypes
08AAF88654B52BD1,scriptable_door_wooden_panel_03_painted_mp_tint_02
08AB8E291F1E09BE,hud_reticle_right_segment_scope_dm
08AD2FA3BE1D3D46,vision/proto_bradley_mp_fire.vision
08AF07E4CD3C21CF,Loadouts
08AF71E82FFF82E0,bombing_run_rex
08B32FEC305D1CDF,gfxambientcollection
08B515E23A910EFE,killstreakfriendlytarget
08B5AE29D46F72F6,ui.std.String
08B6B8314142E155,icon_korean_ratingviolence
08B816D5751592E7,hud_x_marker_small
08B857D97BCA9C9C,mp/killCamAbilitiesBitMaskTable.csv
08B9274123AC17E0,defaultsndfullocclusion
08BD16C180ABD329,un_office_pen_pencil_holder_01
08BE4809EC17CADD,veh_diagram_jltv_mask
08BF47585998D61B,reticle_line_hard
08C258E17288713C,rex_mp_park_1_1
08C596FC6F105B16,gfx_laser_light
08C6528DFF52DA60,button_trigger_right
08C7515606036E3C,groundwar_squadcircle
08C801A43F46E940,brloot_offhand_concussion
08C8B27972A31828,equip_hijack_bomb_rex
08CE45BA688DB357,hud_reticle_spider_HIGHLIGHT
08CEAFCFC413D734,SpawnGroupSubZone
08D18C9E6646C241,cfg/br_core.cfg
08D2125349044938,primary_black
08D26FAC370CD223,scriptablepartworldcount
08D353EFE2F9AD10,brloot_weapon_oden_lege
08D996EAE48949CD,options/vcdpa_name
08D9A435C06B7166,light_flicker_fluorescent_lm
08DB54C3282C75EE,ui_bp_blades_icon_rewards_small
08DCCBD8FEA4C4EF,rex_dynamic_null_throwingknife
08E0CD839FD1A672,jup_monitor_secure_screen_background
08E1E85C8992084E,ui_grit_mask
08E4882C0D6716AF,fullscreen_dirt_left
08E7E15AAFD09C9C,mp/loot/br/titandoubledown/lootset_cache_reusable3.csv
08EA4A2F11B4B28F,ping_loot_killstreak_choppergunner
08EA9C56505C6639,border_cover_mask
08EB8047BDD74C28,mp/loot/br/shottysniper/lootset_root.csv
08EEA73E780D03CF,rex_gametypes/counterop_findia
08EEF4314F681220,GfxSlugVertex
08F086903873EBDA,options/gr_veh_move_forward_desc
08F14C6C51E325C0,ui.utils.AEUserStateUtils
08F2B02381D36F1B,mp/loot/br/dmz/lootset_geiger_puzzle.csv
08F54DF126A4D171,omnvars/mp/gametypes/omnvars_control.csv
08F61056A7B5FBB0,mp/cinematic_camera/final_kc_victim.txt
08F84574ED5489B8,mp/recipes/mlg_control.recipe
08F887244C7BA4A8,cer_store_wishlist_add_icon
08FB6AFAEA2209B9,mp/loot/br/gold_war/lootset_bunkers.csv
08FDA2F062AFA6D8,gametypeplayerspawn
08FE1BA59554C5AF,stencil_mask
08FF29DDED268B01,rex_recon_drone_offhand_mp
09008D0C8526EF93,ui.utils.MenuNavigationTrackingUtil
09020D70C23CB619,br_globals.cfg
09059F0B0D8FEBD2,cfg/rex_online_settings.cfg
0908794407C13FC0,kitchen_01_metal_dish_food_01
090A0A77D17EA7EE,clothnode
090F806BF9F89F3E,mp/miscJumpSettingsMP.csv
090F993BA8DCF930,mp_javelin_no_missile_prompt_light
0910E7C8A5E51560,WeaponGlobalFidgetAnimSettings
0916434031ABE259,loot/s4_mg_streak_attachment_ids.csv
0916C6B53F53C199,accessory_table_vintage_ashtray
091FD81D58935CE6,ParticleSystemBoltVelocityAlignType
09220BFC41671765,cfg/default_mp_modesettings_rex.cfg
092287CF4CE31023,mp/loot/br/ww2_mini/lootset_empty.csv
09241024AD50ABA2,hud_icon_armor_background
0925E72A738D1F1D,exertion_fog
0927537C7FA6D76F,rex_mp_blackwell
09280CDB8AF07E1C,KeyBindsPreset
092B487E6F377F69,specialty_trait_organized_rex
092C8F5E88D246B0,ui_rex_icon_wpn_showcase_sn_svictor98
092C93564F332C1A,mp/brmission_champion_task_difficulty.csv
093421CC9918D8BF,challenges_progress_circle_bg
093B83F614426BDA,mp/gunsmith/me_t9mace_progression.csv
093EA2CB1FB04FB8,specialty_chain_killstreaks
0941BFE2EC99E501,super_fulton_marker
0942631B7B3A1560,ping_resistance_site
0943AB907416A052,GfxWaterTileCpu
09449B5E647D4C93,brloot_plunder_extraction_site_01
09449C5E647D4E46,brloot_plunder_extraction_site_02
0947AC2B9B7468E9,scriptableeventmovingplatformdef
0950F098FCBA2B00,SndMusicAssetType
0953D9413C8EB5B4,loot/iw8_sh_t9pump_attachment_ids.csv
09543B755D7E366C,hud_reticle_s4improv_h
09543E06952E339E,long_range
095442755D7E4251,hud_reticle_s4improv_g
0955F42E50294B7D,br_daily_challenges.csv
0958684E69C15735,ui.utils.NotificationUtils
095E6CFAAB5CBFAB,ks_remote_hack_mp
09621BBA5BA7FBDE,player_reviving
0965D4BD7814A348,mp/loot/br/ww2/lootset_cache_lege.csv
09676DC7BAAE46DE,operatorweaponposes.csv
096C22D695A53187,rex_smag_sierrax
096E16032C234304,jup_ui_wm_escort_indicator
096F4C936519FC29,primary_regular_wz
096F67AE90AFA0DE,hud_reticle_gl
096F6968FF5B4E0B,dlogschema
09700FBABE78BA84,ui_rex_icon_wpn_showcase_pi_hotel45
097039AF12DE4FD0,airdrop_escort_turret_ballistics_mp
0971B41AC6DB88E4,SndMusicMainPlaybackOrder
0974270EC2E20796,ping_fieldupgrade_trophy
0975E1B3EABFCDCC,playerspawnsettingsdefptr
0976267DD77F147A,challenges_square_fill
0976F9E9C1EFC184,AttWeaponMotionMovementScale
09806DDC0929D400,asc_Asset
0980F3460A306F61,MapTriggers
09814FE96694BD6E,code_post_gfx
0982F40D87579CF8,ui_bp_title_battlepass_jup
0983764CA91DA0F9,ui.ButtonHelperText
0986166A65476703,mp/loot/br/dmz/biobunker/lootset_utility_metal_crate.csv
098829024F228AA1,ping_request_assimilation_confirm
098859001A3DF60C,hud_icon_interrogation_orange
098B384A756A7D00,icon_loadout_build_sentinel_stealth
098C0AB8EA68B207,VehicleWaterInteractionType
098E22AAC7E7F5AE,specialty_trait_popcorn_tacticals
098FB33C1ED51313,setting_image_horizontallinethickness
09918001FDA3F7B4,player_kill
0991853295A5DDD0,whitelists/blackbox_to_blackbox.json
0994318920360D08,collisiontileptr
0995CAB4D77B82E7,mp_cp/overlord_dmz.csv
0996187A7D2C087C,virtualcutoutmapdef
09971722BA234C3B,perk_trait_organized_rex_mp
099C378E293C9645,SndOcclusionDef
099F03C204D79829,conduit_metal_outlet_switch
09A0CDA928BF88DC,ui.utils.MobileOffhandWeaponUtils
09A51C91B1E0D60E,timelapseskydefptr
09A623F7B734DDFD,mp/announcervoicedata.csv
09A7DA438E98E023,death_machine_gun_rex
09AA1DA23ED5EED8,ping_location_watching
09AAA653862089AE,mp_rex_tumen/callout_southfork02
09AD84B8BDEDAA49,decor_drying_rack_01_cup_01_static
09ADA77D73F594BE,icon_mission_checkbox_selected
09B331916A3EFA9E,rew_medical_box
09B7136305ADD61E,AttHoldBreath
09BC8FC51A00A063,cfg/default_statversion_sp_jup.cfg
09BD9C29EF210344,ui_rex_icon_perk_prog_fast_hands
09C0849A6A4C3CDF,MapTableDef
09C27B648F358C93,hud_icon_status_respawn
09C3585F2B30B913,rex_drum_akilo
09C4AF05EA36BA00,veh_shock_icon
09C6261E364456BC,mastery_challenges.csv
09C8DD737271BF0B,rex_rec_golf28
09C96009F1376A0C,icon_global_notice
09CCEDB83C723D04,see_ya
09D01E4CEA02733A,BSEQState_Script
09D562031EAFFA73,specialty_quick_hands_rex
09D5664383315D13,mp/loot/br/dmz/biobunker/lootset_school_locker_b.csv
09DB459D15F2F19E,dev_proto_slide.cfg
09DE26B7A6F9122D,ui_icon_waypoint_neutral_gold
09DE41D925EA2482,decor_propane_tank_01_en
09DE83F97015B0D3,ping_boss_shadow
09DF9D44830DCC2E,un_office_stapler_01
09E52A0BB7D2ACE3,icon_death_fx_blue_lightning
09E63E95FDF77D38,mp/gunsmith/ar_anovember94_progression.csv
09E762A054FD6353,outbreak_loadouts
09EE8C8B072251BA,specialty_heavy_metal_rex
09EE97859F1C9A39,mp/gunsmith/s4_me_leiomano_progression.csv
09F03271B69FFD4E,ui_rex_icon_reticle_reflex04
09F03371B69FFF01,ui_rex_icon_reticle_reflex05
09F03471B6A000B4,ui_rex_icon_reticle_reflex02
09F03571B6A00267,ui_rex_icon_reticle_reflex03
09F03771B6A005CD,ui_rex_icon_reticle_reflex01
09F17CF9B218B50A,ui_bp_unlocks_backer
09F2A12242131438,ww_ingame_shared_mp
09F5FB5E1B89B1CA,mp/menucamos.csv
09F8DF5D7C354DC4,ui.widgets.Popups
09FB21BD4ED363CD,overlay_juggernaut_segment
09FBAFC41BC1C8A5,aianimsetconditionvalue
09FC61A6327D4771,ping_loot_equipment_shockstick
09FD95D824B5496E,VehiclePhysicsGameProfile
09FDF73A7B114145,CameraTransitionDef
09FE949F5B13FAE7,MapVoxelizedState_DataTypeUnion
09FE983C8E4A48BD,mp/gunsmith/s4_ar_akilo45_progression.csv
09FFEB50A501BDD3,ping_social_goodjob
0A0132F5DB24D965,hud_reticle_s6jock_dot
0A01F737BC56B196,loot/s4_sm_salpha26_attachment_ids.csv
0A05A89DF23234B3,ret_cer_med_09_zm
0A0B10AC3ED900CB,StealthVolume
0A0F29168D00F982,ping_hiddencontainer
0A10076567AD622A,hud_lr_detector_gradient
0A109E99408CBAE0,MeleeImpactType
0A10C6DA123ADF05,rex_attachments/rex_lasercant_lrg05
0A12E6E20AA79A75,super_sweeper_drones
0A20B8AB184FD900,loot/iw8_pi_decho_camos_ids.csv
0A22939463F9CE60,ping_loot_killstreak_carepackage
0A2407DAE21C77B0,rew_maptable_br
0A2C30C958353C21,eInfluencerFlags
0A2DFB3C0DB3F8C0,jup_tablet_hacking_terminal_highlight
0A2E235139E4CF96,short_range
0A321B7294991129,hud_reticle_loot_s5gberet_g
0A32247294992074,hud_reticle_loot_s5gberet_h
0A370BFB34DF6753,perk_trait_possum
0A39CEFD5BE060D0,stringtable/socialgroupmembersdebug.csv
0A3B9B8F33B61FCD,mp/gunsmith/me_t9etool_progression.csv
0A3D57A55A56E621,loot/iw8_sm_t9accurate_camos_ids.csv
0A429D937001807A,reactivevfxpackagedefptr
0A45C99805F264B2,XAnimCollisionShapeType
0A4613C4076B9A60,rex_comp_bal_b
0A4614C4076B9C13,rex_comp_bal_c
0A4616C4076B9F79,rex_comp_bal_a
0A4617C4076BA12C,rex_comp_bal_f
0A4618C4076BA2DF,rex_comp_bal_g
0A4619C4076BA492,rex_comp_bal_d
0A461AC4076BA645,rex_comp_bal_e
0A461DC4076BAB5E,rex_comp_bal_h
0A461EC4076BAD11,rex_comp_bal_i
0A466C16D2717100,loot/s4_mr_svictor40_camos_ids.csv
0A47C16A3AFDFC8A,military_ammo_restock
0A480642CDF2D3C2,AttSight
0A4850483E978A6E,SpawnerField
0A485B2072E42EFA,mp/operator/s4_roland_ger_progression.csv
0A488C09795B1101,loot_mp/operator
0A49E82A13846158,hud_reticle_base_therm_02
0A49EC2A13846824,hud_reticle_base_therm_06
0A49EE2A13846B8A,hud_reticle_base_therm_04
0A4A6DF79D58768C,iw9_me_kamas_mp
0A4BF1768D5BFD7C,DDLMember
0A4C816A9B842184,ui_bp_token_auto_spend_toggle_backer
0A4D39B3CAFE397F,presence/mp_rex_cachette
0A4FDBEFCB08EF47,budgets/contentmem_orbis_debug.csv
0A503562AB1C0E3D,perk_trait_backpack_extra_secure_rex_mp
0A50D57A09529841,ui_mp_br_contracts_splash_icon_assassin
0A5720E5D2EEA6A7,WeaponMaterialType
0A57E5C81B5A20B3,last_stand_mp
0A58EEA9DD48D51E,hud_reticle_snoop
0A5ECA194750BCD7,thermobaric_grenade
0A61D3FC6E29C00F,jup_c4_mp
0A6434C72C17492E,SndAmbientDef
0A64EBC2FD564FC5,BSEQState_SyncGate
0A6641AE0C2070AE,icon_perk_scavenger_patch
0A736FB88D0B62D0,ping_equipment_tactical_generic_hostile
0A74F1E25BC26655,loadout_dmz_stash_entry_destroy_cross
0A77E93D10B5ECD6,center_gradient_opaque
0A79B752BA5D6B58,vision/whizby.vision
0A7A508476058278,airoutine
0A820615C2264320,safemode.cfg
0A866DC621FEA9AC,loot/iw8_me_t9cane_attachment_ids.csv
0A8672ADB2F70C1A,watervisdefptr
0A86CABE20306DA1,ui_shared_transparent
0A887CC1F7196EA3,ui.utils.PlayerDataUtils
0A88C5CB47BF723B,sp_rex_meltdown_revive_eye_closed
0A8D631C73161138,mp/loot/br/saba/dmz/lootset_mail_kiosk.csv
0A8D772764279A12,mp/recipes/gun.recipe
0A8DEC93B6CCE0D7,XAnimNodeDef_Hang
0A8EC3C55B6006F1,ks_pac_sentry_mp
0A90BA502A13886A,loot/iw8_sm_mpapa5_camos_ids.csv
0A92A32E1440C26C,loot/fx_ids.csv
0A947A71FFA9938B,hud_reticle_guide
0A99812BFA9C537B,sndassetptr
0A9C60BAE3F96AE2,scripts/anim
0A9C923964603A3B,EcsEntityDef
0A9D2B6A3D632204,ui.LUIButtonCombinationLayer
0A9D5954DA59B2F2,vision/mp_frontend_iw9_bundle_bright_b.vision
0A9FEC2E7ACD3910,ui_mp_br_loot_icon_ammo_rocket_detail
0AA19281550A02D2,PLATFORM/SELECT
0AA4E46AAE367763,rex_attachments/rex_ironsbarhvy_kilo5_desc
0AA75234344F0B30,VehicleSimulationDef
0AB3EFFA0F1CA89A,mp/loot/br/titandoubledown/lootset_contract_scav3.csv
0AB9B3CF5F5195F1,mp/classtable_br_prematch_bp.csv
0ABBA86E9C48D7FA,hud_reticle_base_stango25
0ABD9530853FF823,rex_attachments/rex_irons_sierrax_stocksaw_desc
0ABDA3DDDC1C784C,mp/recipes/mlg_cyber.recipe
0ABDC781D5DA8C18,t10_ava_building_elevator_double_int_back_door_open
0ABE0D3B738F5746,mp/loot/br/saba/dmz/lootset_toolbox.csv
0AC2201AF035ED72,loot/iw8_sn_t9accurate_attachment_ids.csv
0AC2BC7D4F5EDD88,widg_gradient_diagonal_bottom_left
0AC7477F162E2048,ui_keybind_hold_mask_side
0AC950C089346587,AiAnimSettingsDef
0ACEE8C6770B3C13,rex_tur_ar_akilo_sp_nosound
0ACF352D3C637E2A,bc_equipment_incoming_shockstick
0AD08B850863FBD6,rex_attachments/rex_dmscope_findia
0AD27FC63DA6AD80,GfxWaterTileDynamicsCpu
0AD4B837EAAA3EA6,mp/loot/br/shottysniper/lootset_bunkers.csv
0AD4EB76A85573FE,GfxImageCategory
0AD8BA20170CE3F1,icon_waypoint_escort_tank
0ADAE3F0FF4E26B2,VehicleAltControlsSettingsType
0AE033864DCD023F,ping_killstreak_clustermine
0AE4C55F1C0E69B1,specialty_tempered_effect_rex
0AE52064036D4DFA,ui_rex_icon_mode_mp_tdm
0AEA38A597E446E5,military_bullet_223_frontend
0AEBBB199B78EC7F,hud_reticle_loot_bong_h
0AEBC0199B78F4FE,hud_reticle_loot_bong_g
0AECD22B6F9E5117,widg_gradient_diagonal_top_right
0AED67CE90489BC5,icon_mission_operator_lg
0AF06553F8D50C47,bc_fieldupgrade_killfirm_soundveil
0AF5CA8938037D3E,jup_ui_frontend_acquisition_landingpage
0AF938071F750E75,ping_killstreak_missile_turret
0AFA213F78B7CD28,SndTimescaleDetails
0AFAE6E726C0CE6E,PackedUnitVec
0AFD24F2985138DE,ui.utils.RankUtils
0AFD4BA3ED5A9380,omnvars/mp/omnvars_gunship.csv
0B01E3B819BD5933,scriptablepartstateindex
0B0260A7BF11B997,mp/loot/br/clash_mgl/lootset_contract_dom.csv
0B039FD5ACE09A9B,WeaponOffsetSwayMotion
0B04010C6C8C035C,pmc_mission_challenges.csv
0B051B839A323D7A,mp/igs_mapping.csv
0B097B3E901A6B53,ui_font_net_shader_warning
0B0B233A0E5232B2,mp/dmz_biolab_elevator_pick.csv
0B0B269DCB509B32,bc_equipment_incoming_lethal
0B0DE1D7B89AD4C5,mp/gunsmith/sm_t9capacity_variants.csv
0B0F7FB265C86B87,XAnimControlConstraint
0B1082BE61F05F16,tablet_tactical_recon_progress_bar_fill
0B12660B809EB6CF,ui_waveform_mask
0B15E0B3C2AB4B94,ping_objective_defuse_flag
0B17EF4DC1BFEB63,ping_inv_need_parachute
0B192074D4CB9253,food_trash_cup_soda_med_01a_stack
0B1B31698B35D291,gfxgradingclutptr
0B1CA1C097190DF3,MaterialUVAnimationParamsDef
0B1F28D2A1BD50CB,mp/classtable_br_rebirth_circle3_ww2.csv
0B1F3D5DBDD180D1,ui.utils.TextEditUtils
0B1FCDBE36D71C48,mp/faction_five_forfeited
0B20AD273F256F0E,mp/dmz_biobunker_note_spawn.csv
0B2104DC9898A1CF,super_remote_map_mp
0B22ED8B628F582F,loot/iw8_ar_t9season6_attachment_ids.csv
0B2413085D941919,stacktrace_crash.csv
0B26A3E2A84DAED6,animselectortables/soldier/soldier_traverse_warp_over.csv
0B275484D28F67FF,ScenarioEntitlement
0B28A4430C592436,clothasset
0B2C08E79DF34B40,ui.utils.SearchUtils
0B2C47E96E541FCF,ReactiveEmissiveLayer
0B2CD30F3FEF243D,ping_stash_building
0B2D54146EA000D7,jup_ui_icons_pap_level3
0B2F48979321E3E5,XModelListEntry
0B3083AB3C9E57E9,playerlookatprofiledefptr
0B32706E4EC5945C,ui.AsyncPagedDataProviderWithFilter
0B32FB31FAE604A8,mp/loot/br/classic/lootset_superstore.csv
0B346965AC853626,mp/gunsmith/s4_mr_svictor40_progression.csv
0B347B8C06E09D3D,ui_bp_pip_fill_s
0B347D8C06E0A0A3,ui_bp_pip_fill_m
0B34DFF31E31AF71,rex_dynamic_null_fists_sp
0B357EC9A5B08B57,ui_gradient_top_to_bottom
0B35825D3F637EB7,ScriptableEventApplyAngularForceDef
0B37F4269D84D998,omnvars/mp/gametypes/omnvars_arcade.csv
0B3B283AFFB1126D,turret3pAnimType_t
0B3FCFE9839D5621,mp/loot/br/default/loot_item_defs_depends.csv
0B448783EF84A1DF,omnvars/mp/gametypes/omnvars_dm.csv
0B4655F94D7BE3A1,mp/loot/br/horizontal/lootset_cache_spawns_abundant.csv
0B47176DA5A41505,bc_killstreak_killfirm_lrad
0B4BFFAF6FF729E6,ScriptBundleObject
0B4F5D17AA28A535,hud_info_alert
0B500296F29B2B59,snd_surfacetype_info_t
0B59824C0297F8D7,ping_inv_have_ammo_midcaliber
0B5A95E77AB4A503,mp/gunsmith/la_t9launcher_progression.csv
0B5C3219B2E43677,vision/mp_saba_sira_mall_int.vision
0B5D5536EA3707AA,iw9_mg_patrol_boat_back_mp
0B5E71FE23A411D0,food_trash_container_01_wide_open
0B6692783A192059,mp/gunsmith/s4_mr_aromeo99_progression.csv
0B676275A621BCD9,bc_equipment_killfirm_generic
0B6A0E610D6651C5,ObjectiveType
0B6AF75DE411DD8C,loot_card_border_introduction_
0B6B061C82564CAC,overlay_dmz_disguise_edge_left
0B6CCCD854E59E6F,reticle_gradient
0B6E09B476642728,ui_map_icon_portable_buystation
0B700CEF2927406B,objectstoretitleidgroupdefptr
0B713C990656EA13,omnvars/feature/omnvars_damagenumber.csv
0B7381D09C689953,icon_navbar_enemy_firing_below
0B738F734DAA0A82,loot/s4_la_palpha42_camos_ids.csv
0B75508A3ABDC1BA,rex_dynamic_null_tacknifea
0B75F77492610AC3,decor_plastic_buckets_01_big_red
0B793CA19D3C691A,mp/loot/br/classic/lootset_bunkers.csv
0B7A54EBA5FCA202,saw_ui_events_seasonal_codmas_golden_gift
0B7EC7DD6A12C339,icon_progression_tuning
0B8133FD5368B851,vision/flir_0_black_to_white_clean_clear.vision
0B820252FEC8CD97,mp/loot/br/rebirth/lootset_cache_reusable1.csv
0B82C575D0A92150,loot/iw8_sm_t9heavy_camos_ids.csv
0B8408A9195ED548,ks_airstrike_audio_mp
0B8707B65D25BA24,mp/progression/elder
0B880C33D35BA486,supply_sweep_rex
0B8885E71D79FCF2,icon_equipment_slot_frag
0B8AB9ACAC4B5C79,ae/ae_kinds.csv
0B8CCB8FCE5DBA99,mp/loot/br/clash_mgl/lootset_global.csv
0B8DAD3AC55F4A99,ee_electronics_pos_cash
0B912C4C233D4DC4,killstreak_select_line_dashed
0B91FBE42D3A5E17,pathnodeLookup
0B98E2FFA7061697,super_armor_drop
0B9A05299DC0E08F,NameplateHudOutlineSettings
0B9C49765A2E0EBD,rex_dm_findia_mp
0B9C65C51595A7B7,perk_trait_fuel_economy_rex_mp
0B9C73ED6E549022,AudioPropKdTreeNodeDimension
0BA18F7D985F5437,mp_javelin_outer_rectangle_glow
0BA2E97048DC6EE0,hud_reticle_base_stango25_ZOOM
0BA3C85F6256027D,ui.std.XHash
0BA446F15265E451,mp/loot/br/saba/dmz/lootset_medical_box_wall.csv
0BA5A4F987600040,teamreviver
0BA61EE577C3E957,mp/camerapositions_sd.csv
0BA9B1559E8BCACF,rex_cal_tuning_pump_bmike3
0BAB9FE725C4F763,wdg_button_arrow_tip
0BADB85491DAF4DC,weapPositionAnimNum_t
0BAEF9AA73EFFD9B,sat_combataxe_ob
0BB035355B6B1B21,icon_social_fav
0BB63D671819D685,cdl_hardpoint
0BB843DCEC2532A3,equip_armorbox
0BB853EB5E43818A,me_decor_bee_hive_lid
0BB9427E71AA382E,rex_hardcore_hardpoint
0BBC73B9C38DC5F7,mp/playeranimtypes.txt
0BC0597D2009992F,ui_bp_sector_time_release_emblem
0BC2DE2D250EFBA5,ping_inv_have_weapon_lmg
0BC479A774590214,cinderblock_wall_endcap_01_24
0BC85EC911796812,perk_trait_scavenger_pro
0BC9528690DD36C2,cinematicsceneobjecttype
0BCA2207DCA3A832,hud_icon_killstreak_death_switch
0BCAE88CDB8A2B32,ui_rex_icon_eq_prog_mine_prox
0BCBAA2146946109,jup_icon_xp_token_weapon_45min
0BCDCA734D00C573,mp/gesturetable.csv
0BD2B0D536FE324E,setting_image_vsync
0BD5A55BF8E822F4,equip_emppulse
0BD76534180A1B6C,icon_double_xp_token_year
0BD90CBA70F1D4CA,mp/loot/br/olaride/lootset_cache_base.csv
0BDBC73038B7F20C,AudioPASpeaker
0BDBE6C7BEE89C90,icon_loadout_build_entry_stalker_fire_support
0BDC30AFE691AFDA,hud_koschei_complex_splash_highlight
0BDF14C3A9554658,ParticleGameBindingsType
0BE01CCB1E2036F0,sat_usa_pl_maroon
0BE14E8041CDE322,mp/operator/s4_gustavo_progression.csv
0BE57CE1A3066FEE,ncs_isk_global
0BE756CA6564ACC8,vehicle_danger
0BE76F115A640A53,ui_keybind_backing_unbound
0BEA3EA2E1CC1D4C,ADSOverlay
0BEAE14F65AA95AF,attachmentlist
0BEF48FE90218D3B,rex_tur_jltv_mg
0BF256596A29D297,overlay_gunship_minicompass_needle
0BF38CAA571EAABB,sat_usa_pl_black
0BF4E72083C4743D,sightconfig
0BF6BC33CE47A3B4,rex_just_lethals
0BF6E3677485DB9C,hud_icon_feedback_battle_rage
0BFB6025B984E4E2,XAnimCollisionShape
0C09A910AE8A34BD,specialty_shot_trace_rex
0C0A375053703D3D,perk_trait_extra_lethal_rex_mp
0C0A37C9108D4D52,CinePlaybackData
0C0A944FD8921418,placeholder_x
0C129A8CC392CB98,iw9_mg_patrol_boat_front_mp
0C12F3D05835A610,mp/s4_weaponranktable.csv
0C13EB44DBAA3F99,dmz_rex
0C16F67E0B9F3E6F,rex_sabotage_attack
0C176F2603BECA6D,rex_attachments/rex_ironsdefault_kilo437_desc
0C18C11E56CBB671,xanimsetstatedefptr
0C1CBDECFA958CF7,TransientFileReference
0C1D9B56DEF24339,loot/iw8_sm_t9cqb_camos_ids.csv
0C1E066CA506CE46,icon_waypoint_base_plate
0C20778B1EF33D01,bp_a24_ray
0C222BD824447FA6,focustest_mp.cfg
0C23A546AAD3EE98,mp/loot/br/mini_mgl/lootset_root.csv
0C25FEDCAACD0825,ee_clock_wall_mounted
0C262DA4434A3C35,XAnimNodeDef_DynamicAnimNodeData
0C279D815C85ED7C,mp/progression/elder6_progression.csv
0C2853DB478E83E4,ui_hud_layout_target_tracker
0C28F1C9E8B498E9,ping_loot_BOOST
0C290736C3E61B16,prestige_unlock_token
0C2DAA625AD16CF6,FootstepSFXActionTableDef
0C2DCCBE5C19175D,ping_atm
0C2E6F9E7EF82901,loot/s4_ar_promeo45_camos_ids.csv
0C2EA997A67AD8BE,rex_fourx_hybcant01_reflex
0C34BA08B53B42EE,DObjDataTrackBits
0C35F2DF8266BCD6,buttons_charlie.cfg
0C35FFA671C52EEC,loadout_blueprint_pro_tuned_title_end_glow
0C370424A290071F,omnvars/mp/gametypes/omnvars_tjugg.csv
0C40306BD39EC34C,mp/gunsmith/sn_t9precisionsemi_variants.csv
0C43328079753889,animselectortables/soldier/soldier_traverse_warp_up.csv
0C437CCD7F03BD5B,weaponicon_Composite
0C44335E22904627,mp/activities.csv
0C45880F580A17C6,hud_splash_generic_header_backer_positive_left
0C46ABF2786298F6,icon_platform_mousekeyboard
0C488B2F7A1366BB,ui_gunscreen_bg_nuke_tracker_st_paddy
0C48DCA6FFC89C91,rex_possession_hijack
0C4A447E695746B2,shock/scrambler_01_mp.shock
0C4BD9370745A318,ping_vehicle_husk_jeep
0C4C472ABD59C03F,omnvars/mp/gametypes/omnvars_pill.csv
0C508C3BF8CFA31E,jup_ui_hud_perk_decay_banner_warning
0C510CD22C4CC1E7,battlepass_purchase_image
0C53FBE0EA738E5D,hand_cannon
0C579962C57229CA,mp/gunsmith/sn_t9accurate_variants.csv
0C587A0F54168A30,fence_wood_planks_01_128_paint_red_lm
0C58AFD88F0EFF42,defaultsndambientelement
0C5B73A0B4396700,rex_bar_svictor98_apex
0C5C50CF13CE8385,rex_laserhip_pstl04_kilo5
0C64A98A3F3F6717,iw9_fe_op_select_hl_east_confirm_idle_01
0C6610F3087788AB,SndAliasList
0C675A9C4E25CFCB,mp/loot/br/plunder/lootset_saba_industrial.csv
0C679BBEA45EF0A5,TriggerPosition
0C6843BBED3E9336,mp/attachmentcombos_s4.csv
0C699223D0B25FA7,ui_icon_generic_information
0C6AE0C4D9757562,mp_rex_tumen/callout_southkoreaborderzone
0C6D2D5D543BCE73,overlay_gunship_40mm_reticle
0C6E9285F7050CAC,hud_reticle_hybrid03_vday_break_h
0C6E9985F7051891,hud_reticle_hybrid03_vday_break_g
0C7080660C17A018,battlepass_background_tierpurchase
0C72894BFD799FB5,mp/loot/br/bodycount/lootset_superstore.csv
0C7313E5F121CF38,ClientTriggerHull
0C74E5843B06F900,ee_sign_street_railway_lm
0C7B03EF7113AA71,ui_multiply
0C7B04A230743A31,food_trash_plate3
0C7C89E188072DB8,ui_rew_loading_screen_wz_mugi
0C7F3B9352223940,specialty_trait_increased_equipment_ammo
0C7F46C66BD443C4,ui_rex_icon_eq_claymore
0C80888D350D826A,hud_icon_objective_elite_enemy
0C81C941797A7281,mp/dedimaps.csv
0C82A569BFB8D5FB,ParticleModuleInitGPURibbonDef
0C89FC7C7AF606DE,ui.FrontEndTooltipBannerManager
0C8A41989A90B37D,animtrees/playerasm_void.atr
0C8B99EBEF557D79,t10_weapon/t10_ar_p01_coslo723
0C8C64C24A28AFC3,hud_reticle_med04_g
0C8C71C24A28C5DA,hud_reticle_med04_h
0C8D53B0B1FD42A8,defaultcamera
0C8DC9F91FDE55ED,rex_fe_op_crib_xcam_gunbench_ch_xcam
0C92A16CD1C893CA,loot/s4_sm_salpha26_camos_ids.csv
0C9616C2D0B2E46D,buttons_nomad_tactical_alt.cfg
0C9A46350D3323B6,mp/botdifficultytable.csv
0C9A7ED2B69113A1,mp/loot/br/ww2_mini/lootset_contract_asn.csv
0C9AB1E911EB2FFE,MPUI/HOW_TRIAL_WORKS
0C9C26EEC7B77F25,icon_social_game_warzone2
0CA0D9AB5B347C82,rex_anims_hotel45_paris
0CA8270B054A76B1,SndGlobalSurfaceInfo
0CABC14CF5E7B7C5,ui.UIFadeManager
0CAC4CE2C65A24CD,mp/loot/br/default/lootset_cache_gulag_body.csv
0CB005ED2EF0ECDF,hud_reticle_loot_s3pink_2
0CB006ED2EF0EE92,hud_reticle_loot_s3pink_1
0CB24C43C40B4F30,icon_loadout_build_entry_stalker_anti_armor
0CB3696ADCE81841,ui.utils.CPLobbyUtils
0CB3E1E7A95E6117,mp_javelin_wfov_prompt
0CB478E03FE48E18,mp/gunsmith/ar_t9season6_progression.csv
0CBAA6A9A0FCDBFE,SndOffsetType
0CBD0C982518D9E4,ShockWaveScreenshakeDef
0CC05ED0B610A100,ping_redeploy_drone
0CC142B9CF0DEC9A,rex_mlt_gas_mask_in
0CC14B0DCF7386C5,xanimsetpayload
0CC32E5E5EF0788F,SndEntchannelSpatialType
0CC5D07F73300535,bc_gamestatus_boostloss
0CC629A66E131F11,ee_sign_street_no_car_lm
0CC65F7CDC5648B9,un_office_desk_phone_01
0CC71DC539A9A7A8,bc_combat_action_last_mag_concat_highcal
0CCACE7083E78AEF,empty
0CCBC5B3852007B5,XCamFrameName
0CCEF5A0AA7B288E,rex_laserads_pstl02_kilo5
0CD0D43826686DE9,scriptableexplosiondamagetargets
0CD321957289F748,AI_Sight_SphereSection_RecognitionTime
0CD45AC81E8B0929,sat_ui_battlepass_tier_fx
0CD6A6838754B89A,secondary_bold_rex
0CD775EC2DC8186C,mp/loot/br/respect/lootset_cntrlroom.csv
0CD9A139E904EAA1,specialty_trait_quick_fix_rex
0CDA2377C39C5191,loot/s4_me_pdelta_camos_ids.csv
0CE1671DFE1E1B0E,hud_ping_pip
0CE21510EB0510EE,hud_backpack_slot_border
0CE75F68A2A20A42,mp/loot/br/doubledown/lootset_contract_dom.csv
0CEC2C8F467FA693,mp/brmission_rewards_dmz.csv
0CEDBEA8D4796DC5,MaterialRenderTargetFormat
0CEDDFF014141282,WeaponMotionMountSwayScales
0CF365135D4834BC,tertiary_light_italic
0CF552478023E882,sndacefile
0CF57ABA1396C706,frontend_extracted_xanims_6_global_stream_mp
0CFA3AA2D815F855,GfxTerrainPositionGpuGenStream
0CFB68E4B7A1DA37,perk_specialist_rew
0CFD0FC67C3BDD29,vrs_clear
0CFEE0B023891E81,iw9_fe_op_select_sl_west_confirm_idle_out_01
0D001C870387A5DA,objectives/front_hint
0D01CA892D4E904A,aar_gfx_unlocks_smoke
0D01F34E3E751D08,WeatherTimelineDef
0D01FBF34CE8F431,levels_jup/sp_jup_vip_chyronwho
0D08C11B025FDD0C,ui_menu_cac_playerprogression_bck8
0D08C51B025FE3D8,ui_menu_cac_playerprogression_bck4
0D08C61B025FE58B,ui_menu_cac_playerprogression_bck5
0D08C71B025FE73E,ui_menu_cac_playerprogression_bck6
0D08C81B025FE8F1,ui_menu_cac_playerprogression_bck7
0D08CB1B025FEE0A,ui_menu_cac_playerprogression_bck2
0D08CC1B025FEFBD,ui_menu_cac_playerprogression_bck3
0D0A26457DAED08B,script/enter_vehicle
0D0C5F89916CEB0F,ASM_State
0D0FCAB0CC2F4AD8,lua_menu/season6_desc
0D116B06EBCD38F3,rex_rec_xar1_auto
0D15661DFED723EB,ui_rex_loading_screen_mp_lithium
0D16758F6FF29F3E,jup_bottle_mp
0D1A8D6447D3E034,jup_mp_splash_message_hexagone_topo
0D20D7B19ED01374,brloot_weapon_hdr_epic
0D239946036E98CC,rex_attachments/rex_bar_psierra41_desc
0D24D83714C4EC28,loot/iw8_lm_t9light_attachment_ids.csv
0D2757BD98712532,mp/gunsmith/lm_mgolf36_progression.csv
0D29CC001B57398C,ui.utils.FencePlayerstats
0D2C9D49689CD739,ui_bp_fluff
0D2CAB55338A5657,perk_warhead_rex_mp
0D2FF2937EC92474,jup_ui_label_right
0D3113D44BCA52B2,omnvars/mp/gametypes/omnvars_aon.csv
0D33E5E58A9DECA0,rex_team_death_match
0D34EDAF6E008343,eng_mp_frontend_rex_01
0D3929F659836C47,ping_equipment_buster
0D3A1EB2FF5DB147,rex_dynamic_null_findia
0D3DBCF9EB32B035,turret_drone
0D4301697C91F902,ncs_cin_level
0D43042E00AFC918,GfxSModelInstanceData
0D472F4B565831A7,bc_fieldupgrade_incoming_ammobox
0D477288AF0D4650,icon_fieldrep_combat
0D48C8956E80E7ED,ui.LUICinematic
0D4AC79E9BC1B9BA,mp/br_party_colors.csv
0D4B181BD8679FB2,loot/iw8_sm_augolf_attachment_ids.csv
0D50A6A757AB8C92,rex_cal_tuning_sierrax_adversefire
0D5304F8D510BE14,TacVisGraphBookmark
0D531446CC29A884,ui_hud_icon_br_gulag_results_star_off
0D53D598940833AB,hardcore_disable.cfg
0D54E3DF023501C5,rex_pgrip_xar1
0D5C9263FEF6160D,rex_mp_sas
0D5CF4D0B27EA211,mp/loot/br/dmz/lootset_cache_lege.csv
0D602F9E61548EF9,rex_hardcore_grind
0D6213D80E9EC728,jup_menu_button_shape
0D6388EF65D0B384,mp/loot/br/default/lootset_killchain_boost.csv
0D649FD0A95B493A,veh_diagram_atv_out
0D64FE7B28C71B9A,brloot_weapon_hdr_lege
0D6697DF767695F0,ui_customize_contrail_default_preview
0D6B0A27C8012216,mp/mlg_codcaster_announcements.csv
0D6B49CDC1101E57,ui_rex_loading_screen_mp_rooftops
0D6BA2A03B6399CC,mp/errorMessages.csv
0D71323BA47873BE,voice_off
0D714117556BF4C7,hud_reticle_udot
0D762F8FEE80DC41,dpad_circle_mask
0D76AC9EA93CE7D8,iw9_ui_icon_leagueplay_rank_number_0
0D76AE9EA93CEB3E,iw9_ui_icon_leagueplay_rank_number_2
0D76B19EA93CF057,iw9_ui_icon_leagueplay_rank_number_5
0D78AEB48BA3D6F1,ui_rex_gunsmith_gunny_sm
0D79729D937EE1B4,mp/loot/br/respect/lootset_bunkers.csv
0D7B9184EE171882,ui_icon_meat_shield
0D7E3D952E9B9769,rex_demolition_bigmap
0D7E42BF139F59D1,loot/iw8_ar_t9damage_attachment_ids.csv
0D81C064E4F2B035,cfg/default_mp_modesettings_jup.cfg
0D82C9B6FD319823,bp_a13_border
0D83E1013312F10B,un_office_storage_box_open_01
0D89A996E728ECC7,mp/loot/br/ww2/lootset_contract_asn.csv
0D8ACD473804CE20,ui.utils.FenceFreeToPlayPrivilege
0D8CCE097316DCC7,ScriptableMapLootInstanceToZoneMap
0D8E6847A49F7BE6,ui.utils.XpTokensUtils
0D9228E7469ED30F,ScriptablePartDef
0D930469CEEC577F,hud_icon_net_packet_burst
0D9390B7804870BE,ui_bp_sprite_selection_dot_pulse
0D93F710655E137D,rex_stock_spier9
0D958C915033062B,ui_rex_cloud_mask
0D95CB8507B31FBC,camoPtr
0D96BDF3C29BF7AC,mp/recipes/sotf.recipe
0D99F24302CA6EC3,AttADSAltModeInfo
0D9D0FD27655EA54,ScriptableEventScriptDamageDef
0D9D9A3F30521952,ui.utils.SpraysUtils
0D9F386890C2AE88,jup_ui_smart_displays_billboard_weather_foggy
0DA0C7247F1B58B1,DeployType
0DA1ACB4B2DA8A21,scripts/mp/bots
0DA1C66A47776018,rex_ironsdefault_mike4_v02
0DA890516AD6AFB7,BehaviorTreeNodeDataUnion
0DAA986EDF566179,techsets_ingame_shared_mp
0DAC643BC8BEAD09,mp/loot/br/mini_mgl/lootset_contract_dom.csv
0DB04C3EFE88C242,videoconsoleoptions.csv
0DB1CCF69BC61FDB,rex_stock_ass_mike4
0DB229DAC149AA3C,projectinitdef
0DB3A3FFBF58C083,mp/gunsmith/s4_la_palpha_variants.csv
0DB40CC325A73056,ui_loot_operator_west_kyle_multi
0DB7B640B9E26E9A,specialty_specialist_rex
0DBB5BF41CA5BFD2,specialty_poisondart
0DBCB75148188ADB,ingame_shared_mp
0DBE992FB4474BEF,gas_grenade_light_mp
0DBED8AC9E00960E,physicsfxshape
0DC0EA7B7E7F603C,ncs_wep_level
0DC2C64E5B5A4148,ui_mp_br_icon_burn_card_1
0DC2C84E5B5A44AE,ui_mp_br_icon_burn_card_3
0DC2C94E5B5A4661,ui_mp_br_icon_burn_card_2
0DC380923CC1E84B,mp/stats/loadouts_private_wz.cfg
0DC9B211322ABC35,rex_selectsemi_mpapa7
0DCA19DAA243F14D,apache_icon_infinite
0DCA4A7D562DB283,mp/loot/br/resurgence_mgl/lootset_cache_reusable1.csv
0DCB3A5668EF59CC,loot/iw8_lm_t9fastfire_attachment_ids.csv
0DD06B5B191AEDDB,ZoneDef
0DD1665518DC4BE9,vision/cruise_predator_slamzoom.vision
0DD3B6B398DDFB89,VehicleDeployablesDef
0DD5089A2CC4D1E5,specialty_trait_quick_fix
0DD8EC7F35ABBB2F,options/quality_basic
0DDB39F8467C256D,mp/loot/br/default/lootset_contract_supply.csv
0DDFA7E464091152,ping_killstreak_glider_hostile
0DE0AC22A469F23A,ui.HUDManager
0DE8F16AB23139F4,ParticleModuleType
0DEE75EB9C59F1E5,AIBCSoundAliasTableDef
0DEE7912AB3A18C3,me_kitchen_coffee_plate_01
0DF4ED7FF6F532C1,decor_trash_can_plastic_office_01
0DF94554D5325F3A,GfxSOCullingSegment
0DF97DAE7A0DB505,jup_global_prompt_backer
0DFA25BFBB139AAF,CutoutBounds
0DFD380EE4C3CBFD,rex_bar_decho
0DFD83264E792F73,ping_vehicle_danger_bike
0DFDC114EBEEF3DB,loot/special_ids.csv
0DFE685CF375DCE5,GamePropsDef
0E012BF6399E0F62,loot/iw8_la_rpapa7_camos_ids.csv
0E017A60628C42D0,techsets_mp_frontend_rex_01
0E0305176264D0B9,ui_icon_xp_token_weapon_15min
0E034C5319775512,defaultobjectivedata
0E03A1B3AB1728B3,rex_fourx_hybcant01_le
0E047AFA30A403F6,ui.LUIScrollbar
0E06795C265B3389,omnvars/mp/gametypes/omnvars_clutch.csv
0E068CEEA43B8E59,ScriptableEventBlendSpaceAnimationDef
0E081A8E4A932C1C,ui.utils.MPLobbyHints
0E0B6D78BC99A4D2,storagefiledefptr
0E0BC872277FAF1B,text_button_backer_nogradient
0E0D1E65876E9169,equipment_icon_slot_trackinggrenade
0E0D3438A0D8F8F7,hud_icon_extra_health
0E1275B7877047DD,mp/loot/br/default/lootset_stronghold_black.csv
0E130193681E2EB7,hud_reticle_s3nuclear
0E146F8B9704C6B4,LensProfileMode
0E16C8BF451BA548,pickupvaluetabledef
0E16F75C85D2C89D,rex_pgrip_aim_akilo
0E18CE1CDEE90ACA,secondary_bold
0E18F7B53986C6B5,plunder_tutorial_image
0E1A7A1C1DF0B405,icon_loadout_build_sentinel_tank
0E1E9AD623B904C4,jup_options_scroll_warning_gradient
0E213B9704CCDC19,mp/loot/br/bodycount/lootset_cache_lege.csv
0E2341EB344B01A7,mp/loot/br/rebirth/lootset_cache_pe_chop.csv
0E2444D80F5363AF,mp_rex_mobility_course/callout_pool
0E269AECAB023BEB,rex_stock_tac_tango73
0E2DC8567797678F,ExecutionStanceDef
0E2DE42BA56E3FD7,sndbreathstatedefptr
0E2EEB03494EC2D1,AttOutline
0E300DA22851B10A,block_dissolve_lg_mask
0E302A7A6FD99295,rex_bunkerbuster_not_burrowed_mp
0E3363B4B1488817,sndhdrsettingsdef
0E34760BE58F827A,SndGlobalDoppler
0E349FF4D147793D,ui_hud_hit_marker_hard_object
0E3903427C7452E5,compass_tickertape
0E390A39F281C386,mp/camocategorytable.csv
0E39EFD80397CC98,mp/brmission_reward_scalers.csv
0E3A0A59E7DF80C5,hud_reticle_dmscope_xhair
0E3A576B0914A436,rex_bar_sierrax
0E3CE8A0849DFBB8,ScriptableEventFootstepDef
0E402F142A370081,mp/loot/br/saba/dmz/lootset_metal_briefcase.csv
0E461F09F5BF3A36,influencer_killstreak_thermite_rain
0E488E0189DF61EF,remote_turret
0E4AE6DBA18F5499,hud_icon_weapon_me_riotshield
0E4C03BE4DEAFE2D,gameskill_realism
0E4D2174F01043F6,ui_rex_icon_fu_prog_drone_smoke
0E4FE50C0157FDCA,hud_reticle_s45lowrez
0E53D0B6E5C7B55E,mp/gunsmith/me_t9bat_variants.csv
0E56F3C53A786B70,toy_stuffed_animal_bear_01
0E58D547CC58772A,ui_hud_layout_classic
0E590D564845D2C1,ui.utils.ClickStream
0E5AE05BC23C6EFD,XAnimNodeDef_Turret
0E5CEEF1580E1C5F,ui.utils.GameX
0E5F0869529DAD03,BCTreeArgType
0E601BD3163FC954,ui_mp_br_marker_x1_c
0E601CD3163FCB07,ui_mp_br_marker_x1_b
0E601DD3163FCCBA,ui_mp_br_marker_x1_a
0E60603671E6D93A,soldier_scriptable_base
0E60B6DF12BA6350,ping_objective_attack_bomb
0E610AB5589F22C0,cer_ui_playercard_004
0E610BB5589F2473,cer_ui_playercard_005
0E610CB5589F2626,cer_ui_playercard_006
0E610FB5589F2B3F,cer_ui_playercard_001
0E6110B5589F2CF2,cer_ui_playercard_002
0E6111B5589F2EA5,cer_ui_playercard_003
0E621983B2F6F4E4,frontendshutdown
0E62A1C207CC7D7B,mp/loot/br/ww2_plunder/lootset_contract_scav2.csv
0E65AB43BDA4CF69,rex_bolt_hvy_findia
0E65FC2F95CC959A,rex_scope_reload_moscar
0E660BDA27F6E31C,com_trafficcone_01
0E66306C0467588B,ui_rex_lobby_playlist_button_background_15
0E681EB558A5636A,cer_ui_playercard_024
0E69932B8FE5D4A6,defaultgrappleweapontunables
0E6B94C5EB9456FF,rex_sil_hvy_e_kilo5
0E6BF08FB8E01FFC,AIActionRootMotionData
0E70F05F1325D64B,ScriptableVariant_VFXLookup
0E72FB8980DC0D09,brloot_weapon_aug_lege
0E76FD8D29520299,rex_attachments/rex_ironsdefault_golf28_apex
0E7C2BC52FE0C6DC,ui_rex_icon_ks_prog_auav
0E7E6C9E5D023EC5,rex_attachments/rex_ironsdefault_kilo437_stocksaw_desc
0E80E711F86894F7,rew_loadouts_order
0E81DB00A4C3BCE9,omnvars/mp/gametypes/omnvars_defcon.csv
0E83AFB84A5E343E,soundsubmixdefptr
0E84EF4DC5BF438D,rex_bar_pmike63
0E87202398453544,SHORT_RANGE_rex_sh_bmike3
0E8748770F844305,rex_headquarters
0E8962E087038BB2,cp/alien/ranktable.csv
0E8AC9A0FDCA32D5,dev_proto_jump.cfg
0E8BCA689B031EA8,ALLY
0E8D9E1893B2CEF0,mp/loot/br/tutorial/loot_set_tutorial_scavenger.csv
0E8E25FD25C0046E,tlas
0E929319E8C64814,AttachmentSoundBankInfo
0E9371A00B83B9DE,hud_reticle_int
0E96E07947E24BBE,xhashasset
0E97D8DAAB34D325,veh_diagram_gunship_mask
0E98A86493F7FB17,sign_clock_04
0E9A5B77E65189C2,AnimsetStateType
0E9DB6B2DB1F03CE,AttPenetration
0EA42FA386691391,invalid
0EA50AD40DB07D2E,loot/s4_mr_m1golf_attachment_ids.csv
0EA6A6EAED15195B,Singleton
0EAB7B43BF1AB97A,arrow_right
0EAB95A0E8C0A0D4,jup_ui_frontend_vignette
0EAF575594DA3801,animselectortables/civilian_traverse_warp_external.csv
0EB3A405D15F0E12,Scriptable_ImageId
0EB60555394046BE,cfg/buttons_beast_alt.cfg
0EB6DF08F354E5CE,bc_fieldupgrade_action_comm_scrambler
0EBC1FA119D4FF8B,ping_loot_ammo_midcaliber
0EBD27315D9DD8E2,ee_pipe_05_valve_01
0EC1B6E82336AFB4,cp/cp_intel.csv
0EC3609249038F33,ScriptableEventApplyForceDef
0EC4B0F87A8B3687,PackedNormalTransform
0ECBF7727FEAAD26,icon_global_training_course
0ED0300C14099D53,rex_customization
0ED10E7C6857F24C,nameplatesettings.csv
0ED1F3C564411BE2,super_razor_wire
0ED433042EC2E3DC,BehaviorTreeDecoratorNoParams
0ED4B20CFEF4E210,me_construction_plank_bridge_a_04_pieces_a
0ED4B4F40996DF5A,ui_rex_icon_loadout_prog_sniper
0ED4B50CFEF4E729,me_construction_plank_bridge_a_04_pieces_b
0ED5CB26767E8F8E,ping_vehicle_danger_jetski
0ED664F8AA0B7BE3,GfxSplinedModelGlobals
0ED9CD9868EBD50C,ui.widgets.spinner
0EDEFFDC0E46F3BF,decor_containers_01_large_darkblue
0EDF1CF2EC62CB28,ui.utils.URIUtils
0EDFB88DA1EA7827,ee_sign_street_motorway_lm
0EE2EC0EF6703878,equip_tripmine_single_rex
0EE3FF8C48193403,vision/frontend_emergency_3.vision
0EE4DDB2925CE918,GfxPackedIndexRange
0EE5250EC76E3742,SpatialPartition_PopulationSort_Settings
0EECA86C5FDCD05D,contraildatadefptr
0EEDE6B7C151A19D,veh_hoopty_truck_mp
0EEF33EEDD76F584,mgl_ui_general_rounded8px
0EEFF987068B19B1,overlay_tablet_killstreak_select_box
0EF0615D707723F5,rex_cal_tuning_mike4_pdw
0EF1479FC82A3F4B,loot/iw8_ar_tango21_attachment_ids.csv
0EF42A0F9633FF41,mp/gunsmith/sn_mike14_progression.csv
0EF5C68690AB4F2E,ui.LUIDynamicImage
0EFC294D80005164,un_office_storage_box_01_damaged
0EFCD2A21B596B9F,ping_vehicle_danger_generic
0F0120AFD77DED4D,botbehaviortype
0F035179C78BF2C7,rex_br_asierra12_sp
0F039F611BB663D6,favorite
0F03A106780817E5,rex_veh_tur_invisible_tango73
0F042F1F303B29B0,perk_packages_title_bracket_corner
0F066BE615536D10,ScriptablePartLocalOffset
0F06713781ADE506,hud_objective_circle_backing
0F0983305040C051,loot/iw8_sn_t9cannon_camos_ids.csv
0F0A02700F810BA3,mp/dmz_delta_spawnpoints.csv
0F0A2962A19B1F9B,mp_rex_transit
0F0ABFC5FD6F2381,scriptable_door_metal_single_b_02_grey
0F0AD66EEB445ED8,arrow_gradient
0F0CDFC960DBCDBA,rex_equip_bunkerbuster_rec
0F0D3B6F2396EF9B,BCTreeArg
0F0D514645036746,ui.frontEnd.CommonPopups
0F0F75B4F7C393B2,ScriptableEventPartDamageDef
0F12B7D43EEF5F92,ping_vehicle_rover_neutral
0F1308E97D535808,weatherstatedefptr
0F13EDB323A3B294,specialty_mountaineer
0F1478862D9CBA36,mgl_vehicle_seatfill
0F151014EB1A2EE0,loot/iw8_pi_mike9_attachment_ids.csv
0F16F66EC9B904CD,mp/gunsmith/ar_t9accurate_progression.csv
0F1CF42996C1EBD5,rex_flash_sierrax
0F1F4C50F2D77744,ping_inv_drop_cash
0F1FF0849948FB3E,mp/miscmessages.csv
0F201C136B2EA3AA,jup_ui_options_color_customization_slider_gradient
0F274AEC743387BD,icon_mic_on
0F27964020DEE2B7,ui_bp_brackets_arrow
0F28106A09B41ADB,EquipmentSFXClothData
0F287B259A09EA42,attachmentblueprint
0F2E1068D25B7C77,radial_base
0F2E4A06604492A1,onboarding_milsim_1
0F2E64DA2BB60A38,bp_a07_border
0F32BE6A6ECD9EB0,rex_bar_sht_xar1
0F35F59B9A4D387D,PhysicsVFXEventAssetConstraintParticleEffectRuleEntry
0F38B26DF8F7156E,options.csv
0F408DE6BDC8EABE,ui_rex_icon_wpn_showcase_la_golf94
0F435C2C0C313387,icon_xp_token_player_sm
0F472BD8389FEA6D,jup_ui_br_biometric_scanner_keycard_silver
0F480BA6D1E5A4CB,sat_ui_icon_share_weapon_build_notification
0F485A5FBB17DC33,ScriptableEventCompassIconDef
0F4A630528F4EBD1,t10_core_settings.cfg
0F4C03C6A54F139D,specialty_extra_tactical_rex
0F4C3787410B8AEB,saw
0F4C3887410B8C9E,sat
0F4C96FD4F65175B,specialty_trait_resource_increase
0F4DFF36653FB364,rex_mp_reece
0F4FF0D7C18990A2,vision/arscope_therm01_cyber.vision
0F51579072A46A1C,StreamPointerGPUBlobDataGPUOnly
0F52528ADBC02DF1,ping_concat_distant
0F525ACB77FF8E18,ui_rex_icon_wpn_la_juliet
0F5333612471E409,cerberus_zm_playerdata
0F54854CE4E349CA,ReactiveAudioParamsDef
0F558181E42C585A,ui_widg_social_empty_card_emblem
0F56F161C6F0744F,sightconfigtemplateptr
0F5A6592CAEB8ED2,ASM_Function_Param_Value
0F5CA5D07195A4B4,ui_streak_warning
0F5CF66FF0AB2962,mp/loot/br/mmp/lootset_root.csv
0F5D4765D5734002,defaulthyperpose
0F5E3BF3EF5CBD08,ScriptableConditionOmnvarDef
0F63B64DC6F9817B,ui_hud_icon_timer_circle_segment
0F63F2E66673C649,wsow_banner
0F6995C1F37448B8,suitanimpackageptr
0F6B068D64AEEDC2,mp/gunsmith/pi_papa320_variants.csv
0F6B17DB3FE2F5A9,AttWeaponMotionIdleScale
0F6C96C2810CED31,mp/loot/br/default/lootset_gulag_cash_circle1.csv
0F6DA3F595A00C78,corners
0F6E4D240E84B24C,telescope_default
0F7288627C318AF9,ui_dmz_upgrades_premium_button_fluff
0F7437E0B7837D3F,zmb_broom_01_old
0F75D12FB81689F5,SFXOverride
0F784CADB2B65A6F,nav_link_creation_data_s
0F7B7A8A7D222588,KeyBindContextComboDef
0F7E0C29724979E3,ui_mp_br_counter_fill_circle
0F8034D9CD57327E,loot/iw8_me_t9machete_attachment_ids.csv
0F804684A937B5EE,rex_dmscope02_broken5
0F804784A937B7A1,rex_dmscope02_broken4
0F804884A937B954,rex_dmscope02_broken3
0F804984A937BB07,rex_dmscope02_broken2
0F81141868423313,WeaponMotionStrideSettingsTunable
0F81DE07872ECAB1,ikparametersdefptr
0F85ADA0F1C0F94D,mp/gametypes/arena.txt
0F861D8BBBA64871,specialty_shot_trace
0F8C9BDAFC7963B9,mp/supers_unavailable
0F8D08F960BA2B5F,ui.utils.ObjectiveUtils
0F8D79C34BB79B39,rex_ammo_300blk_op
0F8E5FFBB0EAC88C,mp/loot/br/dmz/saba_b21_active/lootset_cache_lege.csv
0F903D47BC8F2015,lua_menu/social_title
0F92E59F3950FE86,ScriptableMapDataDistributed
0F99B8A067C4DB4D,techsets_ingame
0F9A2C6D4E40C1D9,bkgd_vignette
0F9AA5343CB9FD5E,ee_light_fixture_lamp_short_02_off
0F9D14FE2111C793,ParticleFloatRange
0F9E77C34BC60B06,rex_ammo_300blk_hp
0F9E79C34BC60E6C,rex_ammo_300blk_hv
0F9F9E491CCA4CFB,specialty_trait_impact_smokes
0FA3949473F5FA37,ui_upper_left_corner
0FA485C34BCA8E7E,rex_ammo_300blk_fr
0FA50FC50DA118B6,BlendSpace2DAnimEntry
0FA6728F39A6D151,nuke_multi_rex
0FA682F7B0C0D682,primary_medium_rex
0FA761132549A71A,rex_pocket_pistol_mp
0FA955F6685A8CC9,car_grenade
0FAA407B87F9C05D,impactfxtabledefptr
0FAAD57A07AB56C6,deadsilence_device_mp
0FABB90228E747FF,WaterVolumeFXParams
0FB19EFC71A93F60,xboneset
0FB1C5F3D697796A,mp/loot/br/dmz/lootset_radioactive_container.csv
0FB234F449C9B795,specialty_tempered_effect
0FB2435106AD37CE,GestureLookAroundSettings
0FB35CA43D3EDAF7,XModelStreamTreeCollection
0FB6A489AAF558E0,defaultspray
0FB7B00C0F693ED3,rex_dynamic_heavyweight_lm
0FBADC0C0F6BBF6E,rex_dynamic_heavyweight_me
0FBC8DC34BDF2DF7,rex_ammo_300blk_ap
0FBCE3FE1CBC8F34,loot/iw8_lm_t9accurate_attachment_ids.csv
0FBD6B83D096CB74,FxParticleSimAnimationParticleDataOrientation3D
0FBF93C30FC3790D,pac_sentry_turret_mp
0FC04CD23A338519,Emotionstates
0FC627CB0FFDC4B6,XModelLodInfo
0FC78884478FF9A4,loot/s4_la_m1bravo_attachment_ids.csv
0FC7A8418C962BB9,hud_reticle_s6record_atlas
0FC7CC7683E10645,ping_inv_have_weapon_melee
0FC8C70C0F77D91B,rex_dynamic_heavyweight_ar
0FC8DD4AC22D5CB1,cfg/buttons_lefty.cfg
0FCBCD0C0F7A1924,rex_dynamic_heavyweight_br
0FCCF3F6D0D3E478,sndadsrzonedefptr
0FCD1408060C80A8,frontend_extracted_xanims_0_global_stream_mp
0FCE7B8D6B70717A,CinematicShakeModifierType
0FCEA8CF641FC4DB,ui/stringtable/weapon_attachments_muzzle_animation.csv
0FD2B00C0F80068B,rex_dynamic_heavyweight_dm
0FD79E7DA4626FBA,ui_map_icon_obj_big_bounty
0FD8BC7328B593DF,attprefiretime
0FDA2C59C6D73504,VehicleSimGravityDef
0FDA878463154A05,hud_reticle_faded_dot
0FE26BA4E1CFDA21,ks_airdrop_heli_mp
0FE50472F53283C5,ui_mp_br_mapmenu_icon_transit
0FE5C2EF67BB813C,mp/gunsmith/ar_falima_progression.csv
0FE7FE7DEF49CC1F,icon_global_hub
0FE98B8F0A6C3530,mp/stats_init_wz_leagueplay_loadouts.cfg
0FEBBCCB507CC0D1,text_button_backer_arrow
0FF0D088D3ADFE2D,hud_icon_obit_headshot
0FF2755AB98975F2,default_splitscreen_cp.cfg
0FF425B955CA6E55,eInfluencerDebugColors
0FF79DBB8D4FD319,bc_killstreak_incoming_ims
0FFA1240748EC898,rex_minireddot02_akilo
0FFBAC0C0FA304D3,rex_dynamic_heavyweight_pi
0FFBB5BB6D91EC75,$white_array
10042366237932C0,ReactiveVfxPackageDef
1005AD0C0FAB5B0B,rex_dynamic_heavyweight_sh
1005B00C0FAB6024,rex_dynamic_heavyweight_sm
1005B30C0FAB653D,rex_dynamic_heavyweight_sn
1008A92C74A3C6C1,mp/loot/br/classic/lootset_cache_pe_chop.csv
100D1526A982D3E9,vehiclerevsfxdef
100EF49C2362ACC6,lwAgentActionType
10151C0A48BD5DE0,AttWeaponMotionIdleScaleTunable
1018069BD6A2D266,WeaponDynamicBone_t
1019071DB8B1B496,icon_operator_select_side_west_logo_med_fluff
1019073F03F185A7,ScriptableEventApplyConstantAngularForceDef
101D17702051C9CC,rex_tag_trap
102151FC7FAEA82B,hud_icon_nameplate_chevron
1022CE9314746EDE,ui.inGame.mp.DeadsilenceOverlayContainer
1024261F66B51AFD,loot/iw8_lm_t9slowfire_attachment_ids.csv
10259533661D45FA,mp/gunsmith/platform_055_progression.csv
102965CC27C3D996,omnvars/mp/gametypes/omnvars_sabattack.csv
102EE79EC9086C56,ScenarioChunkState
1032C0CFFB0F0412,rawfile
103828A8EFD2BFAA,ping_boss_md
1039FD524C5444EA,icon_equipment_slot_stun
103B25B299622140,rex_stock_findia
103DD3F3DC877C50,GfxNeuralLightGridZone
103EDC9D8652F224,slayer
103FA095CE5DAD42,ui_mp_br_minimap_border_circle_ping
103FDB6C5909880C,mp/loot/br/default/lootset_supply_drop.csv
1041027EFE9B8B60,ae/ae_account_challenges.csv
104597A599B59550,rex_rec_svictor98_rex_wz
1047E87C6F9857DA,brloot_weapon_deagle_epic
104C2324DF8BD5BF,VehicleAirControlType
104E15803A3550BE,rex_bar_lgt_sierrax
1051D7083C3CCF0F,hud_reticle_turret_t1
1051D8083C3CD0C2,hud_reticle_turret_t2
1052B3BBEDC1185E,mp/loot/br/classic/lootset_cache_base.csv
10530F1168E1C9F7,iw9_battlepass_billboard_season_05
1053101168E1CBAA,iw9_battlepass_billboard_season_06
10567B002C8813C2,rex_bipod_limax
105933307C460675,challenges_main_button_grain
105939DA7E169899,SurfaceFxEntry
1059ED9FCBFE1D03,ping_loot_killstreak_uav
105A61B74E0BF7B8,rex_fourx_hybcant01_reflex_le
105A8364230435FC,mp/loot/br/ww2_plunder/lootset_cache_spawns.csv
105DA4ECDA2B6677,ui.utils.ObjectiveTrackerUtils
10625D7226AD8230,lua_menu_mp/hardpoint_desc
10668A0E570B59FD,cp/allmeritslist.csv
106C11BA1674A8EF,mp/gunsmith/s4_ar_emike1_variants.csv
106C4754B51141FB,perk_trait_larger_plate_carrier_rex_mp
106D921AB3BAE94C,dpad_circle_whole
106ED6F46BCD517B,equipment/frag
107092E2A11E18ED,rex_mp_sas_1_1
107CF96970BD2B99,icon_currency_codpoints
107E4267CB1F76A2,SprayDef
107E651348B3F348,hud_reticle_loot_steampunk
107EF5EE4C51F3D7,xanimsetparametersentry
1083977E4DDC4BB5,rex_infection_smg
1084492AEEB7CE08,assault_drone_mp
1085260E2810CD9B,hud_reticle_s6ghost
1085C77A803C7BF9,mp/cac/backgrounds.csv
10872A18D36D4466,mp/gunsmith/s4_me_barong_progression.csv
1087C5613ED1F29E,scriptable_door_wooden_panel_03_painted_mp_tint
108846F3B36924A2,SpatialPartition_TransientPopulation
108D80015AD28CF6,ui_rex_icon_ks_banner
108EA10284E7D9F7,mp/loot/br/plunder/lootset_cache_reusable1.csv
109084638A85FF12,weapon/label_molotov
10921EDD52769406,jup_ui_gradient_mask
10948C4E9D6C33D1,ui.utils.GroupActionUtils
10954C2338DB8DE8,overlay_apc_rus_diagram
109A4ADE0AF867EF,ScenarioDef
109C960A89F32B80,defaultreverbpreset
109EAF97C5123182,tablet_mgb_code_stroke
109F1F2E18C98E3C,mp/leagueplay_config.csv
10A07410F1AFA349,rex_weapon/rex_ar_akilo
10A0B8C04670F582,rex_gunship_105mm_turret_mp
10A1F618426507DC,event_plus_unlock_owned_celebration_glitchsquare_atlas
10A2F7186EA7DB39,ui_map_icon_safe
10AD3BE4FD1DF0B9,VehicleTunablesDef
10AEB6B70629C288,clantag_bnox
10B07F131789F782,StorageTarget
10B0E99578FC097F,rex_attachments/rex_ironsdeafult_bmike3_desc
10B53B1C4F5F4573,mp/ingamestore/igs_categories.csv
10B94CC0C0727778,equipment_icon_slot_explodingdrone
10B94F4E0A347EAC,AttDiveSpread
10B9F35E7D8A0968,ScriptBundleRawString
10BBB8F63EA6646C,ping_loot_confirm_cash
10BCC14E7BFA3093,WaterSystemPeriphModel
10BF061714835DB3,ScrVarType
10BFB6FF2D93607B,ui.LUIFeedQueue
10C21E4630AED7AC,crosstitle_ranktables.csv
10C321421E6A8788,buttons_nomad_lefty.cfg
10D0C6B70646C41E,clantag_bnet
10D3DFED6371626F,ping_fieldupgrade_taccamera
10D41BE14B6C2792,ping_safe
10D4AB7733F705DA,ui_mp_br_ping_icon_enemy_spot
10D4B58C6988057A,widg_gradient_top_to_bottom
10D737DC1C314C68,mp/gunsmith/s4_sm_owhiskey_progression.csv
10DA65CA10C94E77,perk_overcharge_field_upgrade_rex_mp
10DD77B0268ABA46,mp/gunsmith/platform_024_progression.csv
10DF967CF1BCC24A,mp/gunsmith/sm_beta_variants.csv
10DF9C3120F87D2E,StreamSpatialSystemTypeless
10E449B2DB948DAD,loot/iw8_sm_t9capacity_attachment_ids.csv
10E60A04BA74CC68,matimginstanceindextype
10E79D63E29472D9,mp/loot/br/dmz/biobunker/lootset_biobunker_controlRoom.csv
10EA1938ED7AD77E,CreateFxPaletteDef
10EB3F1C58F7C4D2,sat_mini_sentry_ob
10F07CD4851D2C16,ui_rew_icon_lethal_trip_mine
10F0CC949FDBF73D,omnvars/cp_mp/omnvars_killcam.csv
10F11BFFF3DEB36F,rex_ironsdefault_spier9
10F3DD311D101935,bc_equipment_incoming_gas
10F6F15A9F99DF41,specialty_flash_strobe
10F989337FFF2BFB,ScriptableEventDisableHitLocDef
10FA7BBAA5AC0E49,hud_workbench_side_panel_mask
10FAA120498CA897,ks_remote_nuke_mp
10FAB1BA9F44B0FD,VectorFieldVariants
10FB28D5D285C1D2,hud_icon_net_latency_variation
10FED45C44DDFA9B,ping_boss_rushhour
10FFD82C9A8959D5,mp/reinforcement_events.csv
1103437C606D1EE0,mp/camerapositions_dd.csv
1103B8915D259E04,mp/recipes/mlg_grnd.recipe
11063159110A01BF,equipment_icon_showcase_clustergrenade
1107130ED75916C3,ping_fieldupgrade_deployablecover_hostile
11076A62FCB72675,rex_bar_lgtsht_akilo
1107E8AAAAEB8390,p7_picture_frame_square_01
1107EAAAAAEB86F6,p7_picture_frame_square_03
11099E62AE7681C5,mp/gunsmith/pi_mike_variants.csv
110AD552E5323020,loot/vehicle_track_ids.csv
110C1E8D4C867951,ping_loot_killstreak_counteruav
110C375CC4F14E0F,sat_ui_keybind_backing_border
110E29F69835D6AA,bolt_semtex
110E44E6945C15F6,hud_reticle_loot_s2bp8_h
110E4FE6945C28A7,hud_reticle_loot_s2bp8_g
110ED043B2AB3538,hud_reticle_pentagram
110FF73889172DB9,ScriptableServerPartLocalOffset
11100025253EE2A4,uk_lighting_ceiling_fixture_02_on_flicker_mp_village2
11104D4EECA72471,button_border
11111CCE05DCA21C,mp/loot/br/no_ground_loot/loot_table_zones.csv
1112377AA415C0FD,brloot_weapon_kar98_lege
1112C6371A387350,BehaviorTreeDecoratorResumeFunc
11136198744BFFE9,ping_enemy_target_area
1114C3371F3E3AE6,WeaponAccuracyDef
11151174ADF908FE,overlay_nightvision_meter_numberglow
111573D3A941B7CC,HandplantSFXTableDef
1117DD5103B0E6B9,match_current
1118552C87ABEC6A,ai_token_definition
1118EBA6412950AF,rex_bar_hvy_kilo437
111B560447042CE6,nav_misc_s
111BB8999F06F7DE,equip_armorplate
111C92C60C71AA4E,mp/loot/core/risk/lootset_root.csv
112081F51F8B7A84,mp/loot/br/mini/lootset_contract_scav1.csv
112A39E588E63820,rex_ammo_762s_hp
112A3FE588E64252,rex_ammo_762s_hv
112DC52536A323DF,EquipmentAudioFoleyNotesPerNote
1131C59D7C7FCF23,defaultdismembermenttype
1132E419D0B7CEC5,ui_battlepass_blackcell_buttonbck
11365920E64C24D8,ui.inGame.DriverHudTechoRebelContainer
1137C9184886A2BC,ui.utils.MobileHUDBuildWhenConditions
113D7A5C878CE307,platform_ui/motion_blur_desc
113DC191CAFF46B1,AIAliasCondition
113DE397FF8EF061,specialty_extra_shrapnel
113E340380F8ACF5,perk_trait_paratrooper_rex_mp
113EF1B6A4BF7292,EquipmentSFXSoundSetJukes
113F3A5880089AAC,bc_killstreak_action_remoteturret
113F56080F20A177,veh_rex_lnd_tank_cougar_sp
11406B90F963B59C,ui_rex_icon_ks_prog_argonaut
114143E588F927FF,rex_ammo_762s_op
114222DB817010F9,power_pulse_grenade_sm
1147D64546EDC2DB,ping_objective_spotted_package
114837323ECA8D8C,cfg/buttons_br_ping_dpadup_b.cfg
11484FE588FF5B11,rex_ammo_762s_ap
114A20C33A1E159E,XAnimNodeDef_Wobble
115494061D485B12,rex_sil_lgt_i
115495061D485CC5,rex_sil_lgt_h
115496061D485E78,rex_sil_lgt_g
115497061D48602B,rex_sil_lgt_f
115498061D4861DE,rex_sil_lgt_e
11549A061D486544,rex_sil_lgt_c
11549B061D4866F7,rex_sil_lgt_b
11549C061D4868AA,rex_sil_lgt_a
11549F01D7252DC8,clantag_bnox_rex
11580DB40A0528B1,CAS/BLUEPRINT_ATTACHMENT
11594BE5890DC778,rex_ammo_762s_fr
115CCFD71C39C8B6,hud_reticle_notched_circle_dot_h
115CDAD71C39DB67,hud_reticle_notched_circle_dot_g
115D9C196457ED0C,ping_contract_initial_hostage
115E20EFC64BF29C,perk_tac_resist_rex_mp
115EB3360E114D6F,mp/attachmentanimtypes.txt
115FB5BD933A5D8E,button_dpad
116251C6875EBCE6,fabric_pool_towel_hanging_01_dirty
1162C1C36AB212E4,uninstall_icon
1165B436E1490B40,ui.InGameMPDataSources
11684DFBFA06F05A,mp/gunsmith/s4_me_swordtitan_progression.csv
1168EC9BCEEAF04A,rex_snscope03_svictor98_sp
11697872ACC07089,mp/subarea_tuning_mp_biobunker.csv
116A90023FFEBF85,equip_armor_onehanded
116AE0520414B3B7,perk_flashlight_rex_mp
116BE3931023C2D9,mp/loot/br/rebirth/lootset_extra_plunder.csv
116D91C1067E6BF3,videooptionsoldmenu.csv
11705DCE9A07412B,ping_concat_north
11708A317FD244F7,vision/cruise_predator_flash.vision
1173A1603457AB3A,PlayerAnimsetStreamInfo
1173C0C5ECC5F29E,zm/scoreinfo/splashtable_zm.csv
1175EC889E90728E,mp/gunsmith/ar_t9slowfire_progression.csv
117611968D666E15,ping_request_assimilation_deny
1178F84F7E52DFCA,ping_inv_drop_weapon_shotgun
1179C1707C5FE204,bc_combat_inform_thirdpartyattack
1179E4F6FBD470BE,hud_splash_zombies_rift_runs_header_left
117A75D8E1D507CE,ping_need_killstreak
117C8893C42B6D20,mp/brloot.csv
117E05526DA6E07E,ncs_obj_ingame_sp
117F149B46CC8148,omnvars/mp/gametypes/omnvars_fr.csv
117F273B5C455E4F,perk_outline_teammates_rex_mp
1181314279963DAF,mp/wallRunSettingsMP.csv
1181698522C4FE5E,DDLEVENTTYPE
118311ADAB5DD362,ui.LUILine
11862B51CF44F7E3,perk_trait_numb_the_pain_rex_mp
1187DD405CC46AA3,hud_circle_outline_3px
1188341021B828CC,ui.utils.RadialMenuUtils
1189115416810F65,overlay_lgtransport_diagram
118A33A176514269,super_recon_drone_dmz_mission
118FEA887B04999D,EcsComponentDef
119109A0398A2A62,GfxWorldVisDataAndMotionBits
119266C543B34913,hud_koschei_complex_splash_icon
119446C4C00C46D4,hud_icon_equipment_blastshield_box
119C91F770F3ADAA,defaultsndambient
119FB5F2BE75174F,AiActionPlayRootMotionAnim
11A428C0F60E5CEB,balanced_rex_dm_golf28
11A4315BEA0ABB29,XAnimNodeDef_RateOverride
11A4730C341AB0B9,ui_cer_camo_comp_02_mp
11A4F5EC4766EAC8,mp_rex_frontend_lobby_postfx
11A63387D69FFB1F,ui_jup_menu_gear_select_add_sign
11A64381A5C38EDE,ping_gulag_push
11A85FFD2DCB6DA7,icon_global_home
11AB8B66E353F939,image_killhouse_ticket
11ADCD70BEAD5367,mp/loot/br/default/lootset_saba_policestation.csv
11ADF4F7A3C28994,GerstnerWaveSimData
11AE94E34C39F3A7,ui_rex_icon_lock_sm
11B27F9900EB82C4,equip_at_mine
11B408ABC41AF7A4,hud_reticle_fourx04_vday_break
11B86254430CF800,animtrees/scriptables.atr
11B88FE4B0F98652,operator_select_side_single_west_watermark_border
11C118D388B9EE60,XAnimsetParametersDef
11C34795A00868C2,veh_jeep_mp
11C3A18131BE0D39,scriptable_door_metal_04_flat_painted_clean_mp
11C73CE78CF2C0A2,ClientTriggerMetadata
11C8E9473DF443AB,mp/gunsmith/me_t9ballisticknife_variants.csv
11C9949C1CC565E8,brloot_plunder_cash_uncommon_1
11C9969C1CC5694E,brloot_plunder_cash_uncommon_3
11C9979C1CC56B01,brloot_plunder_cash_uncommon_2
11C9E8D39F665B34,aedailyloginachievementidstoretilesmallelims
11CA106A8D9FA6AA,loot/s4_pi_wecho_attachment_ids.csv
11CBA501DCBEED13,shock/mild_concussion_grenade_mp.shock
11CBB05B8C6F1A1B,ui.utils.mp.ScoreboardUtils
11CBFDE31743BB02,rex_beta_menu_mode_select_background
11CF5B0A4585034E,account_and_network
11D049132B6F321E,loot/battlepass_season11.csv
11D39D2E8803E597,perk_shot_trace_rex_mp
11D8911DFA120C2F,ui_gesture_live
11D892359392138B,bc_fieldupgrade_action_deadsilence
11D8E91732AF1881,hud_backpack_slot_empty_ammo_mid
11D941269260A4BE,GfxVoxelTreeHeader
11DD14F5FD0EA9C8,scriptablegameplayflags
11DE732054266510,ui_button_kbm_mouseclick5_border
11DEFCADABAC0E60,ui.LUIList
11E1838703E8A692,flare_mp
11E41A4A69D1C3E7,defaultSurf
11E6066B4360EE37,mp/loot/br/dmz/lootset_hotzone_on_test.csv
11EA68B3F17D1642,WeatherInstances
11EAED3974588330,rex_bar_lng_kilo5
11EAF43974588F15,rex_bar_lng_kilo2
11EB7B386FCE50F7,botbtconstants_br
11F0F02A159F3401,icon_waypoint_friendly_pulse
11F254422DB7BF9F,defaultgametypestatdata
11F559E4377280CE,ping_loot_confirm_armor
11F61A81A181049E,container_gas_tank_01
11F881B6FB3E087C,WeaponGunKickParams
11FD0612E0375B1E,ui.utils.EquipmentRadialMenuUtils
11FE78C67907DC54,rex_selectknives_findia
11FEF2D54DAEC8D3,rex_ironsdefault_mpapa7
11FFBAA1D9B56F7D,rex_pi_hotel45_mp
1200A3580B0A75B1,speedloader_lgt_p26
1202D07E65B98D5E,SpawnGroupZoneBits
1204DC9A5E26F311,sat_ui_icon_social_game_bo7
120ACE32AB986E2A,ui_rex_icon_dmz_grade_s
120D89454281157E,ui_bp_atlas_sparks
120FCF59E8A9C12B,ui_circle_fill
12111E2B2D19003D,mp_cp/pettable.csv
1215E753D9E3BABB,GfxPbgAtmosphericFog
1215FA1A0049809A,xbonesetptr
121A60E21A4FBAB4,ui_icon_theater_back
121C511F5D25E1C4,budgets/contentmem_durango_debug.csv
121C6154C2D794B7,icon_loadout_firingrange
121EC34D4FE77DAE,ui.LUIPips
122178A602A8A9E5,mp_javelin_day_prompt
122192C0138EA40B,rex_fireteam
1221D229DDF973D2,radial_select_edge_blur
122253B3DF1041B0,hud_reticle_s6record_center_h
122262B3DF105B2D,hud_reticle_s6record_center_g
12232010DD3B0C0A,magma_upsell_button_small
1224E1BE40F18797,decor_ashtray_cigarette_01
1225F23B4D073548,mp/faction_one_eliminated
12268E02D1B94711,widg_gradient_right_to_left_strong
122A870CA104B232,jup_icon_shader_warning
122B8BE8A94C9246,hud_score_diamond_mask
1232012C3B42B646,rex_anims_fists_killarcher
123A222B5F683071,mp/recipes/pill.recipe
123B230E2DBE37AF,weatherwinddef
123CB90EA214CAA1,mp/loot/br/horizontal/lootset_empty.csv
123E68E48DB09346,mp/gametypes/dom.txt
123EE25C882CD770,omnvars/mp/gametypes/omnvars_xfire.csv
1240CE183D58FF42,ui.utils.CustomizeMenuUtils
124180BAAB8CA5F2,ui_cer_wzftue_mission_reward_bg
1242ACD4A5AA12CD,bc_killstreak_killfirm_ims
1242AE172553B6BE,BehaviorTreeActionData
1243A7B6D3A70FCD,ingamecodcasterdata_base
12443AC3A4C9C6F4,phone_deploy
1244C2BF0CC016B3,veh8_civ_lnd_decho_rebel_darkblue
1246A5BEC116DA8A,mp/loot/br/truckwar/lootset_contract_asn.csv
1246B3AE27DA05C2,rex_addsway_kilo5
1246E2356145385D,ui.utils.SplashUtils
1247843B8B16A0D5,VehicleVfxDef
124A4768360F43AF,ui_gunscreen_bg_skull
124A9EA1D9F52B63,rex_pi_hotel45_sp
124BE2FA618A24C5,jup_ui_icon_plus
124CC765579D23BE,jup_overlay_tablet_killstreak_lightleak
124FDD46152695C1,ui_icon_xp_token_battlepass_45min
1250BC5F820E9814,clientTriggerType_t
1252021C41E5A711,ui_rex_icon_fu_riot_shield
12524F6CF569F636,school_locker_door_01
125989E4E4CDE570,ping_killstreak_ims_hostile
125B22B1AC2CC775,cer_bundle_portrait_11381_operator_skin_t10_usa_pl_freelance_tie_bc_skin
125EA0E1296DE0A6,bc_combat_inform_vic2_recon_almost
125F658FE8ACF4A0,maphint_phone_morse_4
125F668FE8ACF653,maphint_phone_morse_5
125F678FE8ACF806,maphint_phone_morse_6
125F688FE8ACF9B9,maphint_phone_morse_7
125F698FE8ACFB6C,maphint_phone_morse_0
125F6A8FE8ACFD1F,maphint_phone_morse_1
125F6B8FE8ACFED2,maphint_phone_morse_2
125F6C8FE8AD0085,maphint_phone_morse_3
125F718FE8AD0904,maphint_phone_morse_8
125F728FE8AD0AB7,maphint_phone_morse_9
12621A5AB6CAE293,jup_ui_2px_corner_bg
12625FEE24B48BFD,hud_icon_ammo_shell
126417E568AF96ED,pathdataptr
126568E7BC3C8423,specialty_trait_possum_rex
1265D0FB2C6C51DF,buttons_bumper_jumper_alt.cfg
12690DC0365F05D8,rex_ar_akilo_mp
126A1D15FA03D89A,perk_munitions_2_rex_mp
126A394D4AB6C739,vision/mpoutro.vision
126BAF2DF974DC86,sp/credits.csv
126FCEC93AB89FF5,icon_social_game_warzone
12764D7C40BBD012,attachment_filled_focus_border
127759C78D4970D6,loot/iw8_sm_t9handling_camos_ids.csv
127768F2D2204838,ping_uavtower_friendly
1278590756160083,foliagesfxtabledefptr
1279D1974514B797,light_flicker_emergency_lm
1279EFBE697AF1A3,defaultweapontunables
127AD42C854CD147,cover_reload
127CEA30B6419E60,ui_rex_icon_loot_armor_plate
127DA38EACFB78E8,ee_sign_street_priority_road_lm
12802DD07606DA3C,mp/recipes/br_dmz.recipe
1281F28070A843BF,CalloutMarkerPingMessageType
1283466F4F861F10,ping_buystation_teammate_revive
12843935A324AB53,mp/loot/br/rebirth/lootset_contract_scav1.csv
12857BF0BBE66FA6,loot/iw8_ar_t9slowhandling_camos_ids.csv
1286BB9690751A55,ping_elevator
12889D9162FD7447,BehaviorTreeNodeChildren
12889F9776EA57E7,defaultclientcharacter
128BD9879E218C1E,rex_thermite_av_mp
128CDF00423F5804,ui.utils.AutomatedTestUtils
128EFBCEB826D19C,mp/loot/br/mmp/lootset_fasttravel.csv
12931DB1E00A5758,mp/gunsmith/s4_pi_luniform08_progression.csv
12936A0B5205B577,ping_inv_drop_weapon_assaultrifle
12953067F2948C11,body_usmc_ar_br_infil
1298456B9074CC3D,mp/recipes/siege.recipe
129901C036881536,rex_ar_akilo_sp
129BF23D0F192F58,ui_gesture_hold
129CEC82FC34EC0E,icon_global_options
129D2F9B6A1130DB,xmodelstreamtreegrid
12A038170991CD56,gfxambienttransforms
12A127FBAEAB6D1C,loot/iw8_ar_kilo433_attachment_ids.csv
12A187538AF46BC0,ui_bp_season_recap_icon_triangle
12A5641E84243BAF,radial_expanded
12A7A5422B8CD1A9,hud_reticle_udot_glow
12A87BB42981FE63,ScriptableEventScriptDef
12AC450EDE168D90,ui.utils.mp.FencePlaylists
12B00F7C785FB2FD,mp/prestigerewards.csv
12B05003CE44FC8D,cer_ui_aar_global_progression_fill_segment_lg_blue
12B2D804EA35672E,ParticleModuleGroupDef
12BCEA5780F52843,ui.utils.BattleMapMenuUtils
12C1BB04D6595F98,ui_bp_title_battlepass
12C39E7A69E1A1A9,hud_reticle_fourx04_range
12C3CA3BF2123A1B,GfxSModelSurfData
12C52A15AE98FA7B,rex_mag_akilo_545
12C7FB7122F8D303,ping_inv_have_equipment_lethal_generic
12C90FE170497A65,ui_rex_icon_ks_prog_railgun
12CA5AF7863F5C2E,toy_riding_horse_01
12D0745766C3DD06,specialty_spring_bayonet_apex
12D24428493833D3,ping_objective_defuse_generic
12D435CB02C519F6,hud_koschei_complex_splash_diamond
12D6DF4C7AF571B1,mp_rex_cachette
12D734D86988CAFF,SurfaceTraceSettings
12D8C269BDA29D45,GenericBlueprintDef
12DDD929C515C4CE,cod_points_5000
12E2638493CD3FDF,mp/loot/br/dmz/biolab/lootset_root.csv
12E3E8537B01F2EE,hud_splash_zombies_missions_icon_backer_effect
12E4BEE4BF3C5A2D,FxParticleSimAnimationParticleDataIndex
12E5A40BB7B212D0,ping_objective_destroy_h
12E5AD0BB7B2221B,ping_objective_destroy_a
12E5AE0BB7B223CE,ping_objective_destroy_b
12E5AF0BB7B22581,ping_objective_destroy_c
12E5B00BB7B22734,ping_objective_destroy_d
12E5B10BB7B228E7,ping_objective_destroy_e
12E5B20BB7B22A9A,ping_objective_destroy_f
12E5B30BB7B22C4D,ping_objective_destroy_g
12EB705D154129FD,mp/gunsmith/platform_jp09_progression.csv
12EC9F957255B584,GfxSurfaceIndex
12F005AC047C518D,libshadervariant
12F0BCD6E58F3E4F,ping_inv_need_medical
12F212D8F2C62357,hud_splash_caution_icon
12F42C1FE5CFE383,cerberus_loadouts
12F4C319F4A00ADD,ui_screen
12F5D9771867E748,specialty_third_person_rex
12FC0BEED061708E,animtrees/mp_frontend.atr
12FEF57108BBCBB3,mp/loot/br/dmz/biolab/lootset_duffel_bag_02.csv
13031F322875ED43,lua_menu/season5_desc
1303D9F52A97F55B,ui_gunscreen_icon_explosion
13047E8E26C2007E,ui.inGame.AccessoryManager
13072F313902E3D9,mp/loot/br/ww2/lootset_contract_scav1.csv
130CC8BED2C3BE1A,hud_icon_cross_half
131013BCFEF5F6C5,icon_loadout_armory_blueprint_tracer
13164FEA9EFDEFFF,ui_icon_gametype_goal
13178978DD835406,dynentitylist
131A8FCF622C28D3,perk_airburst_rex_mp
131C9E124F3630C9,ImpactFXTableDef
131EC87DD8ECA144,veh_rex_lnd_minivan2023_sp
1320DEB842FDAA2C,rex_akilo_radiation_wave
132121C8BA88F96E,ROOT
1322933DC2C0FCEB,ui.HostMigrationManager
1322F97E12196805,xblendinfo
1323B65EA5537CF3,preorder_002_title_pc
1325483F3C13AE0C,byte4
13254C3F3C13B4D8,byte8
13276A95E92FD796,omnvars/feature/omnvars_forfeit.csv
13292C004E878AD9,hud_reticle_santa_h
132935004E879A24,hud_reticle_santa_g
132A31340C9E97E5,hud_reticle_s6upside_h
132A32340C9E9998,hud_reticle_s6upside_g
132B4ED599AA3275,xanimnodedef_setbonetransform
132BFA634AE4A203,super_oxygen_mask_rex
132C9ED15E86B5A9,mp/gunsmith/sh_t9fullauto_progression.csv
132CD85DEF29FFAC,ui.LUIButton
133298AB687717E7,WeaponAttachment
1335790B25AEB2B6,loot/iw8_sm_mpapa5_attachment_ids.csv
1335D6C1E878BA35,br_plunder_box
1336F313A5D87531,rex_bolt_hvy_bmike3
133982DD8D8EFA05,ping_contract_initial_scavenger
133ACD99483A885C,rex_thermite_ap_mp
133EDEE364AC3E26,mp/loot/br/dmz/lootset_mail_kiosk.csv
1341012FDA104485,ui.LUIImage
13438181A73DD131,medical_clipboard_wall_a
13479C6D1A782454,GerstnerWaveSoundData
134ABEF02B8C5832,sp_rex_meltdown_bayonet_fx
134AC3264A240270,mp/gunsmith/s4_ar_asierra44_variants.csv
134D4BA27927FED7,mp/loot/br/dmz/lootset_saba_hospital.csv
134DA3B70AA3166F,un_appliance_water_gallon_01
134F98872D9DD2F3,icon_ping_detail_line
1351C04D03C6FDB1,loot/iw8_sm_charlie9_camos_ids.csv
1353DAA752600708,WeaponCompleteDef
135612227B5AA0EC,hud_icon_target_enemy_obstructed
1358136C279B47D5,ui_rex_icon_wpn_prog_lm_tango73
1358837B5F5F1D9F,mp/loot/br/mini/lootset_contract_supply.csv
1358F861F8570D9E,ping_killstreak_tablet
1359937DBAAE4416,rex_bounty_bigmap
135A30A501D2897D,ui_mp_br_loot_icon_plunder
135AF263328D3199,st_distort
135B9945737F6833,default_mp_platform_settings.cfg
135CE7813E085356,rex_mp_milsim_ksk_arctic
1362DE1BDAFE09D7,loot/iw8_sm_t9burst_attachment_ids.csv
136636630F587ACB,ParticleModuleTypeDef
13694E0C78B809E1,jup_ui_2px_corner_flat_top_glow_bg
136AD12CC3EFA979,ping_vehicle_gunner
136DAE585EE61A4C,BSEQFilter_UserFailed
136F9C1174FC134C,rex_rec_svictor98
137024E9FD661511,button_shape_sonar_stroke
13710A784D686BAA,ui.utils.ColorBlindUtils
1371FF33260793AF,void_loop
137706E730133D17,ui_bp_button_arrows
137C841B4A288047,SndMasterPresetLimiterDef
137D8E07E4A01D8C,player_revive_other
137F0B991571F662,defaultmotionmatchingset
137F814DA60984AB,rex_reinforce
138010C07A8F21A5,specialty_focus_rex
1380176939F5B356,mp/gunsmith/s4_mg_streak_variants.csv
138067E409A2A051,jupiter_nongamedata
138182C1EB54B2BA,rex_fe_op_crib_xcam_gunbench_br_pistol_xcam
1381C8EB1F624233,scriptable_door_wooden_panel_03_painted_mp_tint_r
13880C361831D4A8,PlayerSpawnInfluencerDef
1389B377F3885C7D,SndGlobalCurve
138A9A4B72C68016,WeaponMotionParams
138AFBC0C2D7A115,ping_equipment_c4
138CFCC2D91648DC,ui_ranked_play_howtoplay_mw3_circle_arrow
1391A6013D57C94C,TOURNAMENT/BAN_CONFIRM
13934DF136E9CD7C,rex_sh_bmike3_v02
13938410E7895092,ui.utils.DynamicAttachmentUtils
13975935326F8780,rex_dmscope_hybrid01_reflex
1397FE9208CCAF8A,mp/loot/br/truckwar/lootset_cache_spawns_bunker.csv
1398E857AA53D247,ScriptableTriggerVolumeTrigger
139B38C36E97CDBA,mp/gunsmith/s4_sm_tyankee100_variants.csv
139D1617CDE9F3F6,cinematicmotiondefptr
139D6FE04F02CD4F,AttMovementTunable
139E9F4309813748,rex_pi_kilo5_nk
13A02697040C5250,omnvars/feature/omnvars_generator.csv
13A29043098506A2,rex_pi_kilo5_mp
13A2A63101FE8C14,Cinematicscenedef
13A327C3B9F9D1A7,ParticleModuleInitTailDef
13A79C0924641893,specialty_trait_auto_fill_rex
13AB18BDC7CC60A6,mp/loot/br/dmz/lootset_medicine_cabinet.csv
13AE76627959B20B,mp/loot/br/olaride/lootset_cache_rogue.csv
13B82D7A09C19191,hud_flashbangicon
13BBB2B0E8E500EA,ctdm_buff_speed
13BFDFDE34069D28,SndModifierInput
13C29F5E86F5D22F,hud_reticle_s45diver
13C2D989D9078345,ping_killstreak_escorthelo_hostile
13C57DCCEE643111,ee_decor_graveyard_bells_01
13CC26183789FF7C,mp/loot/br/saba/dmz/lootset_school_locker_a.csv
13CC4ABD263F8732,ping_objective_capture_flag
13CC4EA0092736BF,ui_icon_waypoint_safeguard
13CF7AA7CED98DB6,uk_portable_radio_01
13D04B1767E5EBA6,rex_stock_hvy_bmike3
13D1632220557870,mp/loot/br/dmz/biobunker/lootset_duffel_bag_01.csv
13D27FE0B73D8D72,hud_stealth_meter_inner
13D42EB5412D8833,loot/loot_types.csv
13D57BD769DF07CD,ae/ae_manual_achievement_ids.csv
13DC57101E338EDE,loot/iw8_sn_alpha50_attachment_ids.csv
13E12FDF0F04A498,button_xx_large_mask
13E20F65F0619F5D,shock/killstreak_veh_camera_mp.shock
13E293E9A374C5BC,specialty_field_medic
13E46FB9B4F6254E,mutation_shield_bubble
13E5231F8C716C40,ping_request_revive
13E536A4DA8E9B95,wz_outline_rarity_ultra
13E6BCAD5222875F,secondary_light_rex
13E883DEFA2EB66A,ProjectDef
13E8F65B42775FA4,iw9_radial_4slice_sonar
13E9C93976BC96AC,mp/loot/br/shottysniper/lootset_superstore.csv
13EB03DE681F9852,hud_reticle_fourx04_arrow_vday
13EBDEBB02417772,ScriptableConditionMultiPartStateDef
13EBFFBE1551A8AD,ParticleInstancePoolType
13EDF39B513922FE,ncs_atr_global
13EF2F029C6D9655,bunkerbuster_round
13F3A6A4E3EE9761,t10_fra_pl_domino
13F3FE797CFBBEF0,ui_rex_icon_wpn_showcase_la_juliet
13F57CE6449D2BCB,smartphone_code
13F5A823812EBD7F,gfxworldlighting
13F7388BF571C7D9,sat_usa_pl_silver
13F86FD715B9B7B5,hud_icon_status_pilot
13F8FE84C29E62D4,raw_byte4096
13FA8C4309CF75AC,rex_pi_kilo5_sp
13FAEFCCF8391C93,ui_rex_icon_emblem_0001
13FAF0CCF8391E46,ui_rex_icon_emblem_0002
13FAF1CCF8391FF9,ui_rex_icon_emblem_0003
13FAF2CCF83921AC,ui_rex_icon_emblem_0004
13FAF3CCF839235F,ui_rex_icon_emblem_0005
13FAF4CCF8392512,ui_rex_icon_emblem_0006
13FAF5CCF83926C5,ui_rex_icon_emblem_0007
13FAF6CCF8392878,ui_rex_icon_emblem_0008
13FAF7CCF8392A2B,ui_rex_icon_emblem_0009
13FD15287D21AB57,overlay_cargo_diagram
13FE72CCF83C3103,ui_rex_icon_emblem_0012
13FE73CCF83C32B6,ui_rex_icon_emblem_0011
13FE74CCF83C3469,ui_rex_icon_emblem_0010
14019A0C81AC6826,mp/scriptedsceneanimtypes.txt
14087A2931557612,ncs_mdl_ingame
140AFD90CEE13E49,ui_rew_icon_lethal_drill_charge
140D613AA45B695B,mp/loot/br/mmp/lootset_contract_scav1.csv
140D694179436CDC,mp/gunsmith/s4_sm_calpha45_variants.csv
140DF565122FB8F6,brloot_offhand_atmine
140EAC49169D07F4,soap_western_a
14155C884CF11750,rex_ammo_556n_hp
141562884CF12182,rex_ammo_556n_hv
1418C7AA3D73FA55,jup_icon_xp_party_player_boost_flat
1419550EEE187FA0,mp/gunsmith/lm_pkilo_variants.csv
141EFA66D5F284A9,vehicle_horn_preview
141FEB5F6B2506FF,weaponsfxpackageptr
14229AB17D25196D,altModePlayerAnimType_t
1422DEEC43DC7065,rex_stock_lgt_akilo
142380014837F7E4,sat_button_stick_left
1423DFE8D8557783,Scriptable_ComparisonType
14290C6E2CA4459A,mp/gunsmith/s4_sh_bromeo5_variants.csv
142C66884D04072F,rex_ammo_556n_op
142D4FFC2F2BFCB0,specialty_super_sprint_kill_refresh_rex
142E3BDB55AA276D,MaterialTintAnimationParamsDef
142EB3562842DD7E,XRigidVertList
1430A7D2ADBD366D,FxTagBoltedDef
1431B4CDF3091F8B,rex_stock_xar1
1432FC38261760D5,ui_rex_loading_screen_mp_mumi
143372884D0A3A41,rex_ammo_556n_ap
14343266545DC943,icon_bumperping_swap
1437F76C4F53B90B,ping_inv_drop_weapon_riotshield
143816934BBE72DF,rex_mag_decho
1438BC65670A98B0,vision/taccam_static_mid.vision
1439CF9D568F06F3,rex_rec_stimpistol
143A33AB20A62894,mp/loot/br/rumble/lootset_contract_scav3.csv
143C5BB072434A29,brloot_vip_tablet
1441CCB026BFE349,GfxWaterTileDynamicsDebug
144304CF557C2807,minimap_circle_mask_inv
14446E884D18A6A8,rex_ammo_556n_fr
1446AB26A51397F2,ui/stringtable/attachments_underbarrel_special.csv
1446B7BB5CE61580,rex_default_loadout_1
1446B9BB5CE618E6,rex_default_loadout_3
1446BABB5CE61A99,rex_default_loadout_2
1446BBBB5CE61C4C,rex_default_loadout_5
1446BCBB5CE61DFF,rex_default_loadout_4
144B15064CE1002B,cfg/br_duos.cfg
144C987CB66A156E,perk_trait_market_contracts
144E79A5C38578FD,button_lobby_main_shape_radar_sweep
144F11BB4F98C2AF,ui_rex_icon_perk_lethalreach
14503CFF84F06E1A,ui_icon_social_console_online_large
1452A2D88A1F0DE7,hud_objective_hq
145359AA19678869,XAnimNodeDef_BlendSpace2D_Entry
14573E7DEB42C607,mp/br_ammo_sniper
145876F77B0A4416,rex_prestige_token_visual
145A285961956C82,lua_menu/weaptype_single_shotgun
145D2D091F03476C,ping_cargo_secure_confirm
145DF710EE17A678,generic_button_unselected_shadow
145FBD8F769776BA,ui_nvg_battery_tick_end
14655F1E6225091B,ui_whizby_mask_center
146AFC2174E68D8B,loot/loadingscreens_ids.csv
146B385458932E7E,un_office_hard_drive_01_beige
1472B9524D162E0B,ui_rex_icon_mode_tdm_sm
1473AFF2B123CA5C,mp/ranktable.csv
147763D95971AA4E,mp/recipes/incursion.recipe
1478E4F526584FC2,customize_operator_caps
147A6A3CF512F287,balanced_rex_pi_kilo5
147C4AA18B2DCFF6,SpawnGroupConfig
147CF48DE764955A,electrical_box_rusted_01
147D994E3285A55A,mp/gunsmith/s4_mg_aalpha52_variants.csv
1481903F8FB5DDF6,omnvars/mp/omnvars_tac_ops_map.csv
1482143624788565,ui_rex_icon_eq_gren_decoy
1482647506B5CE5B,ui_rex_icon_wpn_showcase_ar_mike4
148396439D6452DD,hud_reticle_hdromeo
14839F457C7CFC40,ui_mp_br_player_status_health_arrows_fill
148927EB092D4ABE,dmz_fob_challenges.csv
14896BEB379273E2,gunship
1489E53F02ED869E,MaterialTintAnimationParamsKeyframe
148A8652DA8C190A,rex_attachments/rex_laserads_pstl01_kilo5
148AF066A3F53DB6,ui_loot_gesture_eyes_on_you
148DE37D922CCDF5,rex_possession_domination
148EEFFC884F873C,reticle_pgolf_line
1490CBEEB621C1A2,military_target_firingrangebody_metal_01
14949961EEA10639,SndContextValue
149606518419A360,thumbstick_legacy.cfg
149849D0393900C7,rejoin
149901A3F40797A1,AI_Sight_Shape_MultiSection
149962C7A8DF4C63,cfg/dev_proto_dropshot.cfg
149B64FEB455FA11,mp/loot/br/mini/lootset_root.csv
149C49C8CDB6815E,ftue_mp
149CCC6AC52636F8,mp/weaponranktable.csv
149DCEC2EED7F1BA,equip_utilitybox_rex
149F6220E323559F,Particle_CapsuleBeamData
149FF2ED6E003FB2,rex_bar_hvylng_kilo2
14A25AB4D537CA65,dual_minigun_heli
14A4D6497AAE5DDD,mp/loot/br/default/lootset_cache_spawns_flashpoint.csv
14A66BBABD9F6F74,mp/infoPopupTable.csv
14ACF241C4A3B293,techsets_global_shared_mp
14B17018BE57A984,BSEQCondition_CheckBBVar
14B4569E11B54D72,ui_icon_qr_2fa
14C22B6C4D53FD06,jup_ui_textbacker_glow
14C24B9F03376854,ui_icon_rankedplay_division_platinum_tier_03
14C2665BB81B85B1,clantag_ss
14C26B5BB81B8E30,clantag_sh
14C4365C087D2DB1,rex_mag_tango73_topload
14C51D08CDA44D6D,loot/s4_mr_aromeo99_camos_ids.csv
14C75D72A829ED06,bc_equipment_incoming_thermite
14C9425DF145F599,hud_reticle_sniper_outer_circle_cine
14C9805BB821D08D,clantag_qa
14C9C7BB74EB35B8,jup_ui_menu_keyart_cea_button
14CB390620D3331B,ks_airstrike_mp
14D0A3E63B408FE8,defaultvehicleblueprint
14D35B5BB829E633,clantag_vv
14D3A3700B309B4D,damage_impulsemotion_intensity_10
14D408185D02F2D2,mp/loot/br/mp_sm_island_1/rebirth/lootset_cache_event.csv
14D41786745863FF,SpatialPartition_Population_Node
14D828076A37EA6D,icon_attachment_ub_gl01_v0
14D9D2C2630E3A00,ui_bp_blades_icon_tokens_small
14DAB8CC40B4E26E,loot/s4_pi_malpha96_attachment_ids.csv
14E1516E22B44F99,LUA_MENU/INSTALLATION_NEEDED
14E27B0E50103280,mp/gunsmith/platform_017_progression.csv
14E2996D355D0044,rex_attachments/rex_ironsdefault_sierrax_desc
14E2E8DB484BC55A,ping_vehicle_jltv_neutral
14E2E97D3B9A6750,jup_ui_2px_corner_gradient
14E45A5BB83857B3,clantag_iw
14E4D2F15D7C0994,ping_vehicle_boat_neutral
14E7FB83B673FA07,ui_gunscreen_witch_target
14E82646C2A2D514,mp/loot/br/respect/lootset_cache_reddoor.csv
14E8332D084F472B,mp/gunsmith/s4_me_icepick_progression.csv
14E8BBB2FDE02A82,loot/s4_mr_m1golf_camos_ids.csv
14E958F85E3E63A9,FxSpatialFrame
14EB6A5BB83E9191,clantag_ow
14EDE7D1C6366883,LaserToggleBehavior
14F2565BB8448E43,clantag_ms
14F6CDEFA44C4B37,airdrop_rex
14F9C274910E61A1,lua_menu/season3_desc
14FC44BCA6792E66,ncs_hwc_level
14FD205A51689092,super_tac_insert
15005D5BB850D784,clantag_ab
15010D02BBAF626B,mp/loot/br/titandoubledown/lootset_contract_supply.csv
15033D08DFC76DE8,equipment_satellite_dish_01_med
150356AE614E8324,VehicleAxleType
1503DB4C26156BD7,hud_icon_new_marked_frame
1508A6C821B6FC25,threattypedef
1509770265B6E813,ui.utils.MapInfo
150A20CE3001CC30,ScriptableEventEnableHitLocDef
150E5138F4241C2F,vision/mpnuke.vision
1511515BB85F3653,clantag_dl
15116A5BB85F60CE,clantag_dw
1512963BA7BDA94F,ScriptableLinkAudioPortalData
1514C2AB424E0E55,mp/loot/br/olaride/lootset_empty.csv
15156FD11700AF7D,mp/dynamicpathnodes.csv
1519D5CF24D1895F,mp/accoladestable.csv
1519FADF69949206,mp/loot/br/dmz/biolab/lootset_hanging_clothes.csv
151E00DA363D1BAE,icon_social_filter
151F15CD02B43DAD,ping_objective_attack_generic
151FCB0CBCF7D0CF,rex_dual_minigun_heli_right_turret
1521C47F88CBD2B8,mp_lochit_dmgtable
15255BCB1DF7D28C,codcasteroptions.csv
1527BC05E7F28204,ping_vehicle_apc_neutral
152880574E77FF9D,equipment/decoy
1529441BE86C21CB,menu_onboarding_ob_backpack_02
1529451BE86C237E,menu_onboarding_ob_backpack_01
152B976B9FC3D225,loot/iw8_sh_mike26_attachment_ids.csv
152C8876B05E5C32,SoundEventSubstitution
152DFE984FB54338,asmbattlechatter
152FF29C6EFC5797,ui_cer_wz_logo
153035500A1812F5,perk_trait_popcorn_lethals_rex_mp
15321E04480DFD8D,defaultgunnyarchetype
153381E717B6A9EB,ping_blacksite_wz
1536BE8E84EF62B7,mp/gunsmith/pi_t9pistolshot_variants.csv
153DAB1767FD986F,sndmusicsetdef
153F2B6F0D9F7E76,rex_flare_mp
15406DA71833FDE8,veh_diagram_armored_patrol_glow_body
154140279156C4ED,perk_mountaineer_rew
1542F76EAF6561E5,XAnimAsymCapsuleCollisionShape
154818510FBCA1C5,hud_icon_new_covered
15483463684F6E0C,rex_equip_thermite_rec
154BB64CC2197F96,specialty_trait_tracker_rex
155610D0E2C268C7,rex_flashlgt_sml01
1558B8AD8B8D5E82,icon_footer_options
155CC92A3D8B624A,ks_gesture_walkie_wz
155FBCAB16F26E7C,GfxCompressedSunShadowParams
1560E94E5A565E0D,vision/cruise_predator_static.vision
15640E6DB47C08CE,GfxWorldPackingData
156478AC7DB7786F,ks_ac130_target_mp
15663F202527705E,hud_reticle_radial_glow
1568796ED6532AEF,ui.utils.TouchCameraDirectionUtils
15690AF04B41F29E,Gfxrange
156F8DB584B7DED2,rex_me_riotshield_mp
15700788DC051CED,rex_stock_hvy_xar1
1575B9D718FE9A23,specialty_glint_smart
157774E0B62DB26C,clientcharacter
1579FFE352BDE06C,ui.inGame.DriverHudSuv1996Container
157A941420071048,BSEQTransition
157B6B40011BA974,hud_br_plunder_bar_diamond
157DB3E40E91ED21,loot/s4_sm_tyankee100_attachment_ids.csv
1588A6B535DF8BAF,AttMagazine
158957D5B858CB65,ui.widgets.TabManager
158E49E01881E3AE,rex_attachments/rex_bar_akilo_emp_desc
158F95773FB745BC,ui_button_kbm_mouserightclick
159078A33CB49DFC,mp/loot/br/gold_war/lootset_contract_scav1.csv
1592B8209EECC27B,icon_settings_fullscreen
15979C5722B25B45,mp/loot/br/default/loot_table_zones.csv
15991F9E1119E06C,hud_reticle_loot_shroudhitman_g
1599269E1119EC51,hud_reticle_loot_shroudhitman_h
159E490029A8DA45,cod_points_2400
15A00435DEA58D3B,cp/loot/default/loot_cache_set_empty.csv
15A1A24A31F2E17E,equip_throwing_knife_fire_mp
15A1AD5BFC58A240,mp/dmz_sealion_spawnpoints.csv
15A2578500A2414E,perk_hand_to_hand_rex_mp
15A27F97657AAB71,mp/gunsmith/ar_falpha_variants.csv
15A70990D234B54F,ping_vehicle_heli_hostile
15A732297712E50E,mp/loot/br/truckwar/lootset_global.csv
15A99A387BFEBC7B,mp/loot/br/respect/lootset_contract_scav1.csv
15AB2A8D744A1D5F,ui.utils.mp.FenceMultiLogin
15ABADD4ABA5FDA8,equip_hb_sensor_rex
15AD54C015E69375,NoteTrackToSoundEntry
15B382C253210F30,materialanimationdefptr
15B64E20C53F1450,equip_sonar_pulse_rex
15B6FE037C1C2218,default_ob_modesettings_jup.cfg
15BD35D4B08955D7,brloot_weapon_p320_unco
15BE65B98553B095,omnvars/mp/gametypes/omnvars_oic.csv
15C5FB3EB4FE5500,tooltip_hint_backer
15C83B112563F95E,vision/mpintro.vision
15CE846748A6C7A4,ae/ae_game_events.csv
15CFA610601636C8,GestureAnimationSettings
15D057303F8B3759,bc_equipment_action_tactical_generic
15D6F042A082F408,hwconfigtieredgroupdefptr
15D7A24B3E906C83,compassping_grenade
15D8A8FC0B8B7976,icon_korean_ratinglanguage
15DABFC361A64A3B,hud_icon_loot_money
15DB501E43BB82CB,animtrees/destructibles.atr
15DC2910FB041CF6,bc_equipment_action_plate
15DD928919A12583,rex_pgrip_spier9
15DE7FA0FABCE510,defaultgamemodeinit
15DE9397087973FF,sat_ui_wc_tier_icon_4_zone
15E272E0BD8A024D,equipment_icon_showcase_plasmagrenade
15E274FDC63AD0C7,ui_bp_atlas_mini_map_arrow_loop
15E5A9A68101ABC5,gameskill_veteran
15E97512CB7073D7,vision/visionsetinfo.csv
15EC0236BC9EFA48,daily_challenges.csv
15F05E37703FAD6B,rex_tur_acv_mike44_sp
15F14305389DA0A4,eng_global
15F47A2E676B4593,GfxStaticModelLOD
15F7702920C351C7,techsets_frontend_ui
15F95C66C1EC8B74,GfxPlacement
15FB3096562D65C6,ui_rex_icon_obit_melee
15FF6EA703F8172D,partygames
1600665B12F19E11,turret_drone_rex
160194C76FB97B0A,VehicleSimHandbrakeDef
1601D756BA183F82,ee_sign_street_merger_02_lm
16075A66D1647FBF,loot/iw8_sm_t9flechette_camos_ids.csv
1607CB3A6F780D36,physicssfxeventasset
160918A41707168C,rawfileptr
16107EA1B9A71925,onboarding_master_challenges_1
16113708F6997E2C,mp_rex_tumen/callout_shoppingwest
1616144417BA0EF4,ping_loot_weapon_smg
1616D7817B0D2FDE,tacgraph_id
1619130C4311F10E,jup_icon_mode_mp_multiplayer
161C41D321BA5C53,hud_reticle_s6record_corner
161C8BCD8B446E77,equipment_propane_burner_stove_01_white
161E420B5B49A8A1,ui.utils.sp.SPSharedUtils
161E57DBC468BD06,specialty_trait_consumable_increase_rex
161EF5DFBD540EA8,SndAssetFormat
161F3F1053F3C6DD,dmzdata
1623B17FA0814198,veh_diagram_cargotruck_out
16243CA4B4B64568,scenario
1626E0404825083B,WeaponOffsetTransformType
1630DE93F645B594,reactivemotionmodelparttweaks
16350F1A26368EBE,bc_fieldupgrade_killfirm_deployablecover
16354E66D9012094,rex_gunfight_gl
1635D2BEF51863A1,hud_icon_fieldupgrade_stopping_power
163625C179D73924,ping_cargo_lz
1637F6B0517FBB5D,ping_killstreak_ims
163A3BCFDC7C61D1,ping_loot_confirm_valuable
163D81D305CF177A,ClientReactiveEntDef
163E7A692F2025D3,ui.utils.BenchmarkUtils
163F7D4FFFB3EDA7,sp/levels.csv
1641FF7DD92CDE9B,cfg/default_keys.cfg
16448C36FD61252E,PRESENCE/INFLATION
16454E23C719B39F,ScenarioLanguageRemap
1645B64BAC8A0BDA,ping_loot_killstreak_lrad
16464B8B9DF5A306,ww_mp_rex_mobility_trials_subset_ai
16468B5C50C7EEDC,defaultimportsettingconfig
1648B47CECCB6A7D,scriptable_construction_doors_metal_b_02_mp
164BC3C13BB50437,icon_option_arrow
164E2CEFEBAC5387,rew_screamer_mine
164F7E1CF9B1FC08,ww_frontend_ui
164FB15282153E63,particlestatedefflags
16508C2B69A376B7,loot/battlepass_season16.csv
16549A2C22A941A6,mp/ranktableafricanz.csv
16568AB449F6E740,ui_battlepass_tier_shadow
1656F698F9AD4826,loot/perk_ids.csv
1657D1AD8FEF5EED,specialty_eod
16586FF7052510D9,mp/loot/br/mp_sm_island_1/rebirth/lootset_cache_lege.csv
1659D9435A56CBCF,nova_eastern_a
165B84A338D007AA,specialty_quick_fix_rex
165D7AF59062D0B0,defaultcinematicscene
165FA6D972EF92ED,SoundSpeakerMapSpeakerCoefficientDef
16601CFFB560E7BF,omnvars/mp/omnvars_team_revive.csv
166033BAB4062FCB,bp_a00_ray
16626BC45E8F2833,rex_ar_kilo2_sp
1664A36F93E6BB6E,loot/s4_sh_mike97_camos_ids.csv
1664E090E7FE322C,ui.utils.ToggleButtonUtils
166576A9EA83060D,s4_weapon_achievement_ids.csv
16671322CCBAE1A3,specialty_adversefire
166C58F5C220CED5,MaterialShaderArgument
166E1DEAA3957B9F,bc_combat_killfirm_friendly_react
166E553947999B46,MaterialUvDistortionParamsLayer
1670474248420F61,ping_loot_fieldupgrade_smokedrop
1673818825BDD446,rex_stockr_bmike3
1675E1738BF1DE5D,specialty_trait_uav_towers
1679F6E5EEA88ACE,loot/iw8_ar_akilo47_camos_ids.csv
167A1146A8463B60,mp/stats_init_outbreak.cfg
167A65056ACE53C9,ping_contract_initial_contraband
167A980C4B9A9F2F,glass_beer_bottle_fn_01
167B4D76CA3B9E04,mp/gametypes/conf.txt
167BCB9BE5FF96E5,rex_rec_mpapa7
16805CAF06C7E379,scriptablelightdataindex
16822D938A58D1D5,veh_diagram_choppergunner_mask
16830E8CAFE8F015,omnvars/mp/gametypes/omnvars_mtmc.csv
16833C2C59C1505D,power_virus_grenade_sm
16836BFDC7D43594,mp_mgl
168487C45EAC3E2D,rex_ar_kilo2_mp
1687F1530A06B9FA,ping_objective_spotted_generic
168BB2BDEC8264D5,ping_loot_killstreak_juggernaut_recon
168CE1E370566FA1,ui_rex_icon_wpn_ar_xar1
168E108D0E886A0D,mp/loot/br/clash_mgl/lootset_cache_reusable3.csv
168E1F4AA495119C,loot/loot_master.csv
1691D73DF99C38CE,ping_location_looted
16922191202700CE,operatorskins.csv
169383F82761609C,ui_loot_gesture_rally_up
1695CE0CBFC546E1,rex_concussion_grenade_mp
169653936A5A004D,ui_gesture_thumbs_down
16991389D4BCF43E,characterdefptr
169C6BD1E2F761A8,hud_reticle_number_50
169CE09BB735D1B9,ui_jup_menu_prematch_bg
16A044EC8EABB074,hud_editor_config
16A1DEFA5D9CBCB3,rex_stock_golf28
16A5DD0BC5870B4C,icon_dmz_faction_black_mous_bw_280
16A695888455B7B5,vision/infil_spear_pm.vision
16A89EA306A82EE4,ui_gunscreen_icon_doomguy
16A918086FBB65DE,ee_sign_street_give_way_01_lm
16A934966FAA2737,loot/sticker_ids.csv
16ABB3FE43DF4EA0,hud_reticle_s6milk_h
16ABC2FE43DF681D,hud_reticle_s6milk_g
16AC57FD2B57F971,passive_circle_background
16ACAEE2977D4DF8,jup_ui_br_biometric_scanner_keycard_black_exe
16B0B797F94F9CC0,icon_social_voice_disabled_sm
16B2043BD7A1FA65,rex_veh_tur_invisible_akilo_nosound
16B2495C54878E50,ping_loot_weapon_generic
16B3EE893A9565C5,vision/scope_phonethermal.vision
16B66E65AA7B1C2A,challenges_map_button_case_outline
16B761C3129DEF0D,mp/recipes/mlg_dd.recipe
16B7C23B389680A0,hud_reticle_sniper_05_glow
16B7F97D5B8D9DDD,default_mp_platform_settings_gen9.cfg
16B833DBE33EB6C0,button_xx_small_mask
16B8C7823F6B09FC,specialty_trait_commander
16B94BF81DDB56FB,hud_stealth_meter_full
16BE8E66BA578F4B,ping_cache
16C17DB7B5675206,hud_splash_generic_header_backer_negative_left
16C27A74F73D8D32,mp/emblemsorbackings.csv
16C3826D1D3A7A40,Scriptable_ConditionCombineType
16C52F1ADD0B0C63,minimap_circle_mask
16C6FA30C1121155,rex_irons_svictor98
16CAA8320D087FE1,ui_bp_atlas_selection_chevron_smaller
16CD880C7CD3B579,mp/gunsmith/sh_mike26_variants.csv
16CEE2E788BCB0FD,rex_rec_golf28_rex_wz
16D0E4C36830167B,defaultmaterialsfxtable
16D5467B0A24030B,mayhemdataptr
16D5D2F46AF03891,RagdollPoseControllerSettings
16D663D4DD81D850,animtrees/playerasm.atr
16DB977602A78FD0,FxWorldTransientZone
16DC55923228BF73,StageHull
16DCA2060EA15DFB,gpudatabufferheader
16DCAF31CDE3FF0B,fullscreen_armor_bottom
16DDAC52DC467B45,ReactiveAudioStage
16DFEE3A5FFDD38F,omnvars/mp/gametypes/omnvars_vip.csv
16E05A1F3F401A9C,iw9_me_fists_mp_ls
16E403E1DEE25B3E,loot/gestures_ids.csv
16E4F96D93069211,ui.utils.MobileSettingsUtils
16E56887450BD8A8,pso
16E8FCA310715576,mp/loot/br/bodycount/lootset_cache_pe_chop.csv
16EBB92B0AAB66F2,ParticleModuleTestAgeDef
16ED21A96F075323,mp/brtacmap_legend_x2.csv
16ED22A40702121B,ui_bp_aar_season_icon_gold
16F1864B586BF300,rex_anims_uxray_killkim
16F6375E7F569D91,rex_tur_ifv
16F6D4C2760B77B6,ui.utils.GameUtils
16F75E1833D1E5F9,mp/gunsmith/s4_la_mkilo1_progression.csv
16F88CB6740DDCA4,VehicleBuoyancyType
16FC5376EFBAF334,loadout_gunsmith_button_topo
16FC767166B90F90,icon_network_disconnected
16FCAA9426C8FE17,brbuttonlayouts.csv
16FE9E1DBCB2031F,loot/iw8_sm_smgolf45_camos_ids.csv
17051CD70B935AA4,AttBipodMount
1707DBEDEA1A7A5F,ScriptBundleValueDataArray
1709444EB284571F,loot/iw8_sn_t9quickscope_attachment_ids.csv
170A30A3FC544F0E,rex_pgrip_aim_xsm1
170D8F6AF91463FA,uk_bottle_oil_small_01
170E0CD2287A20F0,LUA_MENU/CONFIRM_REMOVE_SPLITSCREEN_PLAYER_WARNING
1710AE47752D146F,mp/loot/br/rebirth/lootset_empty.csv
1710BF548F83990E,MapEnts
1711FD033F5BEF6F,rex_dmscope02_broken
17120DA224487F54,perk_melee_without_swap_rex_mp
171302A373787C64,rex_lasercant_lrg05
171305A37378817D,rex_lasercant_lrg06
17157027C6DD95A5,CompositePos
1715EFEEE6C3450D,mp/loot/br/doubledown/lootset_contract_supply.csv
171807ABF8593A36,rex_gripside_ang
171812463691C086,CollisionTileGridType
1718CAEE0EBB94FF,equip_throwing_knife_mp
171A64E1D0189E08,aar_gfx_smoke_left
171BD5F391A82767,ui.utils.TouchFireButtonUtils
171D310A7E199373,ui_callingcards_icon_backer
1720E7A6DF67085C,cfg/dev_proto_br_overrides.cfg
17211859FCA12D9E,ui_mp_br_mission_reward_rapidresurgence
1721D3D8C7D31614,radial_expanded_mask_half
1721EA055EBA5967,rex_bar_sht_kilo2
172597DBCD79B9F2,vision/nvg_base_mp.vision
1725A63FFC0777DD,VolumetricSmokeSettingsDef
1725AD3F9246D9CD,Scr_CreateNavObstacleByBoundsForLayer
17260B2E96FEDB0A,mp/gunsmith/sm_t9capacity_progression.csv
17266279ABAD8FDE,mp/loot/br/default/lootset_contract_intel.csv
1728B02774CEAF8F,GfxWorldSurfData
17305CF23D7076F1,progression_accent_diamond_fill
1734271B5E232F0F,loot/super_ids.csv
1735F533B18F3606,compass_tick_small
1736B28244ED75DB,ui_font_arrow_right
17409DA5F5FA68D7,objectiveBGColor.csv
1741AD927BE31F80,setting_image_aspectratio
174624CAC7875024,bc_equipment_action_grenade_throwback
174632EA0952EAAC,bc_equipment_action_iodinepills
1746E1CAAFC42508,PhysicsSFXEventAssetHitSoundRule
1748549767D0FA42,ui.CPPopups
1749938D0A93A8AC,mp/gunsmith/me_akimboblades_variants.csv
174CE7E90DE66D96,veh_diagram_suv_glow_wheel
174F0733B1AD96D5,equip_thermal_phone
17500448B3E388FD,mp/recipes/missions.recipe
1750D932BCAF2B7D,ping_vehicle_suv_hostile
1750DC8005296DDA,dummy
1751338D64D6EEB1,WeaponTriggerDef
175253B5544AE499,Bonepart
17543D108BD1A8FA,icon_dmz_faction_legion_bw_748_stroke
175718A4049BD116,mp_cp/obituary_mod_icon.csv
175AF4BB58214FBA,iw9_mg_cougar_mp
175E5C6A41253E77,veh_tac_rover_mp
17614D070358401F,omnvars/mp/gametypes/omnvars_robj.csv
17659680E5B8731A,t10_ava_building_elevator_double_int_door_open
176A453E734ED281,bc_equipment_action_seeker
176CAE96C434DE77,ui_rex_icon_obj_inflation_bounty
176DAE45D19C1635,mp/stats_init_new_loadouts.cfg
176DB6A5AD2662DE,rex_hotload_he_bmike3_v02_wearable
176F3BC591E893CA,ks_chopper_gunner_mp
17705D90579DA6A2,cfg/buttons_one_hand_gun.cfg
177072F02E9B0B17,brloot_plunder_cash_legendary_1
17778E77C554B500,AttAdsMovement
1777BD7D9FAE04C6,icon_dmz_weaponslocker_reduce_weapon_cooldown_insured
1778D3E4C5678A25,ui.utils.FenceInstanceInventory
1779B3BBC812AEF6,rew_br_hajin_title_fade
177C6CE9F77A2DB6,smokecutoutsettings
177D89FD473AA2E8,clantag_sony_rex
177F4909654582E6,hud_cranked_progress_backing
178081C2EB6F4DC0,ui_rew_icon_perk_quick_fix
1781B0F8CD2AC56F,ui_dmz_missions_objectives_pixel_overlay
17836471484149B1,ParticleModuleTestDeathDef
1786E0D865C5B570,ui_rex_ingame_hud_mp_game_state_objective_enemy
17877673C02441B7,ee_food_fruit_cardboard_box_01
17893EC316764EF1,vision/mp_core_infil.vision
178A15CA2AD58C50,overlay_nightvision_battery_proto
178D835E2B2C9419,controloptions.csv
178E25B87F62CAFF,ui.LUIMenu
17914B519462A621,OIT_resolve
17938D07A3C4F321,icon_mode_mp_bounty
17988A080E59F036,ncs_cha_level
179C22C781EF71E9,icon_dmz_faction_crown_bw_748_stroke
179EA2E81BE6AD19,mp/loot/br/resurgence_mgl/lootset_contract_scav3.csv
179F3034F836E471,SndTimescaleDef
179FB30BF0F2A1A1,me_decor_wood_container_02
17A69667987C615E,rex_attachments/rex_hotload_he_bmike3
17A89385B375A3E4,mp/loot/core/gwai/lootset_global.csv
17A98E929D3D7A1E,eng_frontend_ui
17A9A15424EE38C3,ui.utils.CrossLaunchUtils
17A9D13168EBD116,mp/cinematic_camera/killcam_dog.txt
17AA065754502850,dynentitylistptr
17AA6980CA14B635,objectiveState_t
17AC6B4E36806660,bc_combat_inform_taking_fire
17AEC483C482B7AA,defaultsndtable
17B0E37C5A735DDB,equip_claymore_rex
17B208C656E58DA3,GfxPbgGlobal
17B512BD3B6B90FD,AnimSelectorTableColumn_Function
17B8E065F3354901,decor_plastic_buckets_01_big_white
17B8FD1D1DD3858D,ParticleModuleAxis
17B9256EF60CFBF6,ping_compound
17BBCDCBF0875850,particlemoduleinitgpuribbongenericdef
17BCEB32F78BE76C,ui_rew_icon_perk_drill_instructor
17BFFD876CCD59B2,exit
17C0F3F00B0C9313,update
17C3689701566137,dev_proto_stairs.cfg
17C3CD059C27D3FC,icon_waypoint_tank_repair
17C6039DA770DAF1,mldeformerinfo
17C84624234FF7A6,TOURNAMENT/WARNING_MESSAGE
17C9C477685BCFD4,VehiclePhysicsVfxGroup
17CC30B28F03EB68,AttReload
17CF3108715ACB85,ui_rex_icon_wpn_showcase_pi_kilo5
17CFD301307F9002,rex_mag_mike4_pdw
17D63EB3A8161C4F,armorplate
17D909AC8D6CE31E,ui_rex_icon_perk_ninja
17DC1201B9A467AE,leagueplayseasonsdefptr
17DE3A111C3C2296,pathlink_t
17DF0DF4E9000DEA,icon_vehicle_customization_entry_remove
17E0BCF306BF8663,rex_screamer_mine_light_mp
17E331D3D435385B,StatEntryDef
17E365539AAE20A8,icon_waypoint_friendly_frame_mask_thick
17E6AFD2E0FAE2DC,brloot_weapon_m14_unco
17E7E8CB4BEB503A,cfg/buttons_menu_sp.cfg
17E8338DB7F65F34,GfxColor
17E9BAAE8637B489,specialty_survivor
17EAEB91DB2BD82A,hud_icon_trap_package
17ECC3B188FF37BE,brloot_offhand_heartbeatsensor
17EF5583B5D05469,cover_Spread
17EFB18F3FBAE271,mp/gunsmith/ar_galima_progression.csv
17F02FB1959C4A9D,mp/gunsmith/s4_mr_kalpha98_variants.csv
17F0B0AEB4213272,store_atlas_reward_unlocking_generic
17F0F4B52A3103D9,mp/gunsmith/ar_t9fastfire_progression.csv
17F3F9EF24126DDA,mw_store_billboard_placeholder
17F903362E2AAA82,ui.utils.MiniStoreUtils
17FB3C7CBC0FC4FF,unlockfeedproject
17FD78CF9025E668,icon_download
180067180EFC6BEB,zivaRTPointToVertIdx
1802E218C76EE20D,luapropertydata
1804C1B04E8E3EF0,generic_button_inner_gradient
1804E90B0EEA7448,equipment_mortar_shell_improvised_02_bare
18067F9F031AC45C,ping_loot_valuable
1812394BA9A300D4,icon_weapon_la_juliet
181274D70CD5B7E2,GfxUmbraObjAndBoundsIndices
18146EA059A17213,ping_vehicle_armoredboat_hostile
1815CFEE7897F368,ui_rew_icon_lethal_c4
1819157471DE4D58,raw_byte16
1819509E5331EE98,$zero_1d
181AE0D9659D27DD,mp_javelin_lock_prompt_light
181B08159E3ABE53,mp/loot/br/dmz/saba_b21_early/lootset_cache_lege.csv
181B2D8BC00BDB6F,ping_loot_killstreak_escorthelo
181B94A59A55D7AB,scriptable_door_wood_ornate_01_green_double_r
181BA2A59A55EF75,scriptable_door_wood_ornate_01_green_double_l
181EF83CD68504EC,ping_objective_defuse_hvt
182198F3A1601E0C,lightstatedefptr
182406097E358253,ui_rex_icon_filter
182470209DBFF159,mp/loot/br/mini_mgl/newplayer/lootset_cache_spawns_abundant.csv
1825206BA2E87A4D,ks_uav_mp
183B006312AA07D0,bitarray_dynamic
183CE48B874FF604,rex_dmscope01_broken
183F970D970A6E06,aidebugdatadef
184085BEBCBB4BF3,buttons_beast.cfg
1842A7853802568A,sp_rex_meltdown_revive_eye_opened
1845070239A2EBD8,brloot_weapon_mp7_epic
18469D409C458E9A,mp/petwatchtable.csv
1846F341D951D0B2,hud_reticle_fourx04_vday_g
1846F641D951D5CB,hud_reticle_fourx04_vday_h
1846F78FA1AF0A56,tablet_tac_camera_background
1848473DCFCC6E21,mp/loot/br/respect/lootset_extra_plunder.csv
184B2A6B395258E7,mp/classtable_test.csv
184BE4F993527DB7,loot/cer_id_overrides.csv
184CB55D279A0BA1,rex_c4_sp
184ECF20C3094CD7,nav_obstacle_hull_s
1850C08D02756E2E,ui_font_lock
1850E32C257D240B,XHash32
1851294C4100B29C,StClutterPatch
18524C42018BBF43,rex_laserhip_lrg03
18525142018BC7C2,rex_laserhip_lrg04
18532171DD0BB116,AiActionSettingsDef
18536EA0DC51689C,SceneZoomSettings
1854F4280A0831A2,lua_menu/x_dash_y
185E72BB7A80409E,loot/iw8_sm_t9powerburst_camos_ids.csv
185F1DC98140D912,mp/loot/br/rumble/lootset_extra_plunder.csv
185F21F6BB7BD25C,ui.AARDataSources
185FA0E0E036C26B,mp/loot/br/dmz/lootset_ls_weapon_tier3.csv
185FD7B381DABED4,XAnimNodeDef_Random
1860CCCF6D79AF1B,rex_pgrip_ass_kilo5
1860D1CF6D79B79A,rex_pgrip_ass_kilo2
1866393F30A7E976,ui_rex_icon_wpn_sm_spier9
1866A184E8EB0AC0,PlayerSpawnFalloff
18677136385D45AC,specialty_graverobber
186775584E989B0F,ui_playercard_415
1867D5679FF0ABE5,loot/iw8_me_t9mace_attachment_ids.csv
186ADE3DA0B0B91F,mp/gametypes/esc.txt
186DAEA1F5E4CBA0,veh_rex_air_heli_palfa_mp
1874B0F2F0434D15,ui_icon_modeselect_logo_cod
1877FBAF8474B475,ui.utils.mp.LoadoutStationUtils
1879A423C43244FB,rex_mp_milsim_ksk_amphibious_1_1
187BA95D27C167FF,rex_c4_mp
187E0A05ADD0B466,mp/classtable_br_eventbp.csv
187EAA24755ADD21,nav_boundary_plane_s
187F89CA4860959C,specialty_explosive_penetration_rex
1880E734AF74F6CF,mp/attachmentmap.csv
188ABA1D30BC4C79,ObjectiveIconSize
188E26594CC3D5E9,rex_bar_lng_findia
189332EF4C6ABA28,cfg/dev_proto_stairs.cfg
1895668A84FDE0D8,perk_trait_sensor_cam
1896486752718927,FxParticleSimAnimationParticleData
189CCFF4A102C993,jup_ui_label_center
189CDCE5536EDFAF,electrical_interior_outlet_01
18A227E414CC83BE,loot/s4_ar_balpha_camos_ids.csv
18A5BD918C28A27B,ui_rex_icon_quicknav_inactive_quit
18A66A5F0B1BB6BF,ping_exfil_hatch_confirm
18A7DDBDDC7E1FF0,ping_loot_bandage
18A9744E0263EEC3,VehicleSimCommonDef
18AD0B23F57D486B,default_sp.cfg
18AED961D83BFBA4,mapgameobjectsptr
18AFADF7204FA76A,WaterVelocityFXParams
18B003A32E3A15AC,perk_huntmaster_rex_mp
18B34CD0CB381C6E,ImpactTypeToImpactFxTableDef
18B926C3EDE29582,VehicleModelUnionType
18BA409341A58365,rex_comp_hoz_decho
18BA4CE26A0CA80E,ForcedStubAssetReference
18BB236387A35204,mp/loot/br/rebirth/lootset_cache_base.csv
18BD909C6BFC6C6C,WeaponFlagOverride
18C0DA4CED694FAD,scriptablepayloadlocalsize
18C217D555B31141,VehiclePlayerProxyType
18C2A8E38AD45487,ncs_sev_global
18C3E212E8EA1416,rex_anims_kilo5_firstraise
18C76628E33EE2EC,hud_reticle_s6skateboard_g
18C76D28E33EEED1,hud_reticle_s6skateboard_h
18CA935837E73646,equip_snapshot_grenade_rex
18CAD82C7D4C4D9C,AttSlideADS
18CC9E393654C7AB,loot/battlepass_season9.csv
18CDEBFD2524F8FC,mp/loot/br/dmz/lootset_hanging_clothes.csv
18D07405FAF62C76,lua_menu_mp/siege
18D140E63E63A879,sat_bundle_billboard_rex_vault_edition
18D21BB24F42EE89,loot/iw8_sm_t9fastfire_camos_ids.csv
18D2F17BDDF463A2,mp/gunsmith/s4_sm_salpha26_progression.csv
18D3A7A2AA26EE36,food_trash_bottle_soda_01
18D59481540106CE,ui.utils.OnboardingData
18DE30822847494E,ui.utils.FencePreLogin
18DF722EEF9276A0,iw9_pi_stimpistol_mp
18E7A39F634FBEDB,hud_reticle_s55beach
18E9A127F99CBA04,AITypeWeapon
18E9AB1CF40D2144,SndAdsrDef
18EAD928C501DE55,weaponprogression_completed_diamond_stroke
18EE1186EED4E6D4,GfxPixelFormat
18F06FB6745547BD,ping_equipment_tactical_generic_hostile_2
18F1C83DCB464F37,op_unlock_challenges.csv
18F43789CF7474D8,overlay_damage_segment_03
18F43889CF74768B,overlay_damage_segment_02
18F43989CF74783E,overlay_damage_segment_01
18F43E89CF7480BD,overlay_damage_segment_04
18F73FFDF027D607,mp/levelzoneparents.csv
18F75459E80F79FA,ui_gunscreen_nuke_tracker_st_paddy_rainbow
18F9206F835CE139,rex_stock_tac_psierra41
18F98B73023605FC,ui.utils.MobileSettingsHubUtils
18FCC42DE65909ED,container_trash_can_plastic_kitchen_01
18FD7BE707226AFB,brloot_plunder_cash_epic_1
18FD7CE707226CAE,brloot_plunder_cash_epic_2
18FDB0F05350F8E2,rex_pgrip_uxray
18FDBD8EF630A014,tablet_mgb_glow_map
1900149650AC2D28,specialty_trait_resource_management
19003D7C6B378FA3,hud_icon_equipment_frag
1902478FF00B6285,ping_location_rotating
19035DD363B12952,WeaponMotionSightAlignment
1905C2AA695102BC,tag_ik_target_right
1906C5AE7648308D,camo_unlock_progress_fill
1908739295A2B61F,ui.Main
1908F0186E6F3868,animselectortables/bomber/bomber_traverse_warp_down.csv
190C9296A9031767,ui_loot_gesture_thumbs_up
190D873581615C4E,loot/iw8_sh_oscar12_attachment_ids.csv
190D995A664B0226,ping_killstreak_counteruav
19115134E308E206,ww_code_pre_gfx
1917C2878EDDD058,cer
1917DD4D914BBED3,WeaponMotionPoseOffsets
19211C7E03459B65,spawnError
1921D47161AC34B7,ret_cer_med_07_mp_center
1923B581E5AF4D10,menu_roundend_bracket
19242F10EA6973B5,AttBurst
19244B05C1CBE1B4,specialty_trait_superimmune_rex
1932DF1519AAEC37,rex_xmag_kilo437
1934B9BE4B8215D1,equip_grappling_hook
1935B218BF713D96,ncs_loc_eng_global
1936410157125A03,mp/siegeflagpos.csv
1937E8C523916C00,menu_onboarding_ob_containment_01
1937EBC523917119,menu_onboarding_ob_containment_02
1938F5C1E5852CE8,ui_hud_hit_marker_kill
19399B203590B539,drill_charge_bomb
1944AAB321E13A23,loot/s4_ar_akilo45_camos_ids.csv
1947A8E810035B87,ui_mp_br_loot_icon_ammo_mid_sm
1949CED87B867FD8,SeExprCustomFuncData
194AEAE0CA9F0779,sp_iw9
194F2B679E0CA6CB,ui_rex_icon_wpn_showcase_sm_pmike63
194FBD9E59EE24AB,sndglobalocclusionptr
1950D2E89B4F6B20,default_mp_modesettings.cfg
19525999EB484C78,mp/gunsmith/me_riotshield_progression.csv
1955CFB70908E434,lua_menu_mp/sd_desc
1956C105FE95F7EC,ping_loot_fieldupgrade_deadsilence
1958370B5F24DD33,icon_equip_goggles
19597CD5CD28FE42,thumbstick_southpaw_ns.cfg
195984CCFA88ED6A,ui_rex_icon_wpn_showcase_lm_tango73
195BBEE4BB0DEE04,ui.frontEnd.FrontEndScene
19615D5930A9C69E,cfg/br_practice_tutorial.cfg
19621406E6A3F0F8,vision/drowning_cleared.vision
1966CB738CF9D40D,hud_icon_minimap_vehicle_palfa
196BD9710A45182C,hud_reticle_loot_s4infrared_g
196BE0710A452411,hud_reticle_loot_s4infrared_h
196D4E6FC90B640D,bc_vehicle_killfirm_generic
196DC1FD0B47717C,lua_menu/quick_setup
196E5BE9B22AF15A,ParticleModuleInitOrientedSpriteDef
196FEDA7AA5FDFC7,ParticleModulePhysicsRayCastDef
1971DC1A6114A8F4,loot/s4_me_shovel_attachment_ids.csv
19725C28C16F485E,GfxWeatherMaterial
1974A27DE0E65D07,brloot_plate_pouch
1976FC1EEB84256F,ui_rex_icon_obj_emp
1978AAFAFFBBB5EB,hud_icon_killstreak_uav
197944C20848198B,hud_reticle_med09wz
197AF72DC1E2175B,bunkerbuster_round_mp
197B0013B8AD5BE4,rex_dynamic_null_mike4
197CCE7D2E6B2CDA,ui_double_arrow
19809504AEFD93FE,mp/gunsmith/s4_sm_aromeo43_variants.csv
1980E03C5F2CFA80,ui_mp_br_infil_altimeter
19820F5331A92C22,WeaponSmoothedSwayMotionStateDependentSettings
198405F266540298,ExecutionRole
1985081A011524DF,ui_rew_icon_fu_sam_airburst_turret
19852A3189F53713,aitypedefptr
1989A4A15796E45A,mp/loot/br/dmz/lootset_school_locker_a.csv
198A6EFE59B0C22B,mp/wz_look_for_party_params.csv
198CC908AAD3D641,jup_loadout_armory_entry_layer_mid
198D7E2BE78C8768,rownum_cryptokeytypename_ef26496511
198D7FB1D8F8C7AE,operatorbonesyncdef
198F49A412F95350,super_recon_drone_rex
1996885302F2C960,mp/br_quantity_x_prefix
1997929698BA084C,ui_lobbyplaylist_button_quickplay
199919983DE4D02E,mp/gametypes/sotf.txt
199948F4E8FD5B26,mp/gunsmith/s4_mg_tyankee11_progression.csv
199A6EF13663225A,icon_loadout_armory_sub_saved
199E3FFF64DFC820,mp/loot/br/titandoubledown/lootset_contract_scav1.csv
199E74496BBE6FFC,loot/iw8_pi_golf21_attachment_ids.csv
19A1645FF1B5A654,jup_icon_mode_mp_team_gunfight
19A47DE2E025A7DA,icon_weapon_ar_akilo47
19A70819426CFE61,rex_stockno_psierra41
19AF16A7DFDB476E,loot/t9_unlock_items.csv
19B105F334C4A8F8,ping_loot_confirm_gasmask
19B52FB34191CD4F,ks_sentry_turret_mp
19B6CA766786AC7C,snd_entchannel_info_t
19BECBE113610A87,rex_dmscope_vz01_zoom2
19BECC06180EC892,super_utility_drop
19C00D5355812D5C,rex_gas_grenade_light_shock_mp
19C3F369612111B6,cfg/thumbstick_legacysouthpaw.cfg
19C44E36E8609806,SpawnGroupZoneCollection
19CAA09DFC4D9FEE,mp/gunsmith/me_t9battleaxe_progression.csv
19CC5705DF29F428,specialty_trait_resource_management_rex
19D0EF2A0EF07833,ui.inGame.ScopeReticleSpacer
19D13AC208927E63,hud_reticle_med09mp
19D1E088A0C6DDDA,rex_ironsdefault_findia
19D7C6570F7CE671,bc_flavor_player_closecall
19D82250B1E2285E,milsim_western_a
19DBB2F692DFC76F,loot/iw8_sm_victor_camos_ids.csv
19DBE938768B84F0,vehicles/palfa
19DC4DFFEEDA327E,metaboneState
19DD6AB6ECD02A0F,indoorexclusionmap
19DEF0682CC6D839,ScriptablePartLocalIndex
19E1839E38B606E2,XAnimNodeDef_Ascender
19E48E7EC109825A,hud_icon_loot_vest_munitions
19E4AC6C5ABFF89F,hud_lock
19E59F91152B637D,hud_reticle_highlight_center_stango25
19E5BCB2EB5E2CA0,aiactionsettingsdefptr
19E67EAC3E726452,ui_rex_icon_unlock_sm
19ED4B663E6409BF,cp/loot/default/lootset_empty.csv
19EF14863995F5A6,brloot_weapon_famas_epic
19F13AC120C1C681,VehicleCollisionVelType
19F2C4E0545909F3,playlist/dom_name
19F6CF7F3160EF52,icon_loadout_build_sentinel_sniper
19F701BE8EC10CA4,brloot_weapon_ak47_rare
19FA0AEF7C9CD533,loot/iw8_pi_t9pistolshot_attachment_ids.csv
19FE71D660F6E7C2,ping_killstreak_juggernaut
19FF4D5F7FC64A42,loot/iw8_ar_mcharlie_camos_ids.csv
1A07078D72EE55E8,byte512
1A07478E541AD46F,ui_hud_layout_inverted
1A09F93B8BE0DF90,global_progression_ring
1A0B6431AFE2F015,specialty_frangible
1A0C4C3F61FA39FF,brloot_weapon_kar98_unco
1A11F8750EB1A75C,hud_backpack_slot_regular_special
1A137EBD5CEDD863,mp/recipes/infect_pistol.recipe
1A14B541962712C9,mp/loot/br/classic/lootset_named_location.csv
1A15383A9B5F4E46,mp/loot/br/default/lootset_agent_milestone_kills1.csv
1A17F964B7DD9B3C,physicsdebugdataptr
1A19BCC7A52FDBA6,weekly_challenges.csv
1A1C92A716C63544,mp/loot/zm/loot_item_defs.csv
1A1CD462E06C7267,uk_tv_vcr_player_01
1A1FA2B44D11D57D,mp/loot/br/champion_mgl/lootset_cache_spawns_abundant.csv
1A2A2EF940C23598,jup_hud_reticle_fourx01
1A2A95C511E13E67,ScriptableEventEquipmentSndDef
1A2BB9C5944FF48C,AttExplosion
1A2CC258893C6067,BehaviorTreeDecoratorRootInit
1A313C074884D6FC,omnvars/mp/gametypes/omnvars_br.csv
1A37E1864F343E7E,WeaponOverridableGestureType
1A3B16600174A697,mp/camerapositions_dm.csv
1A3B57BA40BB67D7,SndBankStreamCategory
1A3CE4E8965E7CD9,rex_tripmine_single_mp
1A3D20F9DAE1F045,ping_objective_spotted_hvt
1A3EB9DEA55FF417,ExtentBounds
1A3EE2E3FE20CE00,icon_social_joinable_lg
1A3F3EE9CB2FEE77,WeaponStealthParams
1A40CEA4B63E3886,ui_rex_icon_eq_prog_shock_stick
1A4544B48D9D3C8D,defaultxanimsetstate
1A46A20468822D79,material_ff_validation.bin
1A49ADD98BEDA21A,frontendscenedata/frontendweaponmodeldata.csv
1A49EBB1A662D85A,ui.inGame.RadialSensorElement
1A4A18777B20AF30,dont_die
1A4AD1B5D27E4ECA,ui_mp_br_bunker_keypad_button_overlay
1A4FE53DF0518111,hud_icon_net_latency_high
1A5715843B37EA66,cfg/buttons_one_hand_right_small_alt.cfg
1A58B259D6551125,vision/mp_caves_int.vision
1A5A0CDA9D5522D5,bombardment_smoke_rex
1A5B4E8A65D86288,loot/iw8_knife_camos_ids.csv
1A5DCB959B53028D,ui_whizby_mask
1A611FDE2E0427DD,ping_repair_tool
1A617C7DBC33DEE7,frontendscenedata/weaponpreviewdata.csv
1A61AE1845673AD5,mp/loot/iw7_weapon_loot_master.csv
1A6350631134CAEE,brloot_weapon_mcx_unco
1A64A485AEF387BC,omnvars/cp/gametypes/omnvars_incursion.csv
1A67C6DCA9070349,ui_rex_icon_ks_prog_cruise_package
1A682E087C6088FA,activityphone_interrogate_complete
1A68837D645AAE90,mp/stats_init_cerberus_zm.cfg
1A688D1C08A07FDF,mp/loot/br/default/lootset_cache_toolbox.csv
1A6A9FA07CA29BBC,indoorexclusiontilevariant
1A6C008369540763,fontcache_add
1A6C2B6503EF9FF4,SndOcclusionDetails
1A6E82559A31693C,hud_splash_accent_slash
1A6F9CFB54E1A264,mp/loot/br/classic/lootset_contract_scav2.csv
1A75B77DCB2C95F5,kitchen_01_pot_food_01
1A76AF2706D90BA2,omnvars/mp/gametypes/shared/omnvars_bombzone.csv
1A778613A3FCB741,setting_image_killfeedduration
1A77DB177B4659E5,asmPtr
1A7AA39EB462EEFF,streamablelodarray_float
1A7FC16386E05208,ui_rex_icon_mode_mp_quickplay
1A80CB6F2AE02281,WeaponMotionKickSpringParams
1A80DF7048B8BF39,defaulttrackerfootstepfx
1A8415BC1D7F4483,mp/loot/br/ww2/lootset_global.csv
1A88181F77EBC4C1,EquipmentSFXChanceRattleTypeSet
1A8B9D74952AA995,ui.inGame.bradleyControlsContainer
1A8D5A9AFD079372,mp/tac_cover_place_in_doorway
1A9190BC5335E084,OrbitCamDefaultBehavior
1A924FD7582A6B4F,hud_trophy_hunt_backer
1A94826E0AAE8972,playerspawninfluencerdefptr
1A971321532D61F1,jup_hud_icon_minimap_vehicle_hmg_technical
1A97A8504330E469,cover_scramble
1A98D523B7B790AE,brloot_blueprintextract_tablet
1A9C4C42D365A4F5,FXOverrideTypes
1A9C72425178162B,vision/flir_0_black_to_white_clean.vision
1AA4D4A2B67D747B,ui_rex_icon_reticle_fourx01
1AA4D5A2B67D762E,ui_rex_icon_reticle_fourx02
1AAA1D1C1FF61B71,loot/iw8_sm_t9flechette_attachment_ids.csv
1AAC2CBA347C053D,logo_activision
1AAF028EC47F5BEE,hitmarker_normal_regular
1AB3870FCF5609DC,hud_matchstart_mask
1AB49C41582AF78A,GfxWorldMapEntLookup
1AB59127775ABD52,ping_objective_destroy_hvt
1ABA824BFB8F0790,mp/loot/br/saba/dmz/lootset_computer_tower.csv
1ABC394699996AFD,clantag_ss_rex
1ABD42D06359A868,mp/loot/br/plunder/loot_table_zones.csv
1ABE80EB14DA47B3,flower_shop_planter_04_with_plant
1ABF25C511C9BB2C,xanimtreedefptr
1AC2ED9BE62E77F1,mp/loot/br/default/loot_item_defs.csv
1AC389968C3CE989,nav_obstacle_bounds_s
1AC4CC468E328EB8,rex_mag_akilo
1AC51CF915E0E232,loot/s4_me_barong_attachment_ids.csv
1AC6E6E4727EB4D1,mp/didyouknow.csv
1AC7FA1480775C07,ui_rew_icon_perk_hunter
1AC8A9B33C6E981E,telescope_Composite
1AC9BE14B5BE927F,cinematic
1AC9C8AB53BFB081,defaultweather
1ACBD865367C877A,xanimnodedef_animatedroot
1ACEBD9A81D2449F,attcrosshairoverride
1ACF3F2455138D02,ui.utils.MenuGenerics
1AD33D240D2D9FEF,nav_link_point_s
1AD39E539D06A9A4,rex_veh_tur_invisible_akilo
1AD40C3BA4261C2F,mp/loot/br/gold_war/lootset_cache_reusable2.csv
1AD9D69078AF53FF,fullscreen_dirt_left_splash
1ADC148F746BC386,ping_request_leaveme
1ADC6F7FFB47E3C7,vision/scope_holotherm01.vision
1ADE52D1374C5778,mp/recipes/hstg.recipe
1AE2CE40B127B1B5,ParticleModuleInitFlareDef
1AE3C07615AFC12A,hud_icon_equipment_bunker_buster
1AE5DD44A31FFBBA,spawner
1AE791A193CF202A,rex_pgrip_ass_xsm1
1AECE9B94861C439,ui_rex_icon_global_notifications
1AEDC5392BF2A14B,brloot_weapon_mcx_rare
1AEF3D889648A648,rex_stock_hvy_xsm1
1AF071CB0C106CE9,ping_fieldupgrade_generic
1AF38AE3FDB0D816,DDLHash
1AF614CBB4598D94,ee_sign_street_give_way_01
1AF981377E569BCD,PlayerSpawnTTLOSSettings
1AFA7EB17145E285,XSurface
1AFEA063A25909F0,brloot_armor_helmet_1
1AFEA263A2590D56,brloot_armor_helmet_3
1AFEA363A2590F09,brloot_armor_helmet_2
1B00B5AD1D9F3F33,gunship_40mm_mp
1B01338E6316A2C6,equip_deployed_decoy_rex
1B04E607051A338A,loot/operator_quip_ids.csv
1B065460892928DF,FxGlassDef
1B0A9F42C9002EC6,player_death
1B0AB033E552CADD,omnvars/mp/gametypes/omnvars_cyber.csv
1B0EA9B4C5FD88B8,ui_default_white
1B118DA941C2A667,clantag_vv_rex
1B131E20DF9B3861,hud_reticle_delta
1B171005D395FAB8,school_textbooks_01
1B1B0DFC8BC15F7F,ddos_device
1B1BD6B705E43157,ping_fieldupgrade_ammobox
1B1C372586951A48,specialty_sixth_sense
1B1D8FF73E9D6AAD,vision/mp_frontend_tango.vision
1B1D9322CD0158C6,rex_execution_shock_stick
1B1F6ECD4DEF4990,mp/gunsmith/s4_pi_wecho_progression.csv
1B20950330F8D2B5,WeaponOffsetPatternDescription
1B245D36670BC0E8,ServerSideEffects
1B269A58B4DB9EEB,loot/vehicle_camo_ids.csv
1B27447426E09C51,secondary_regular_wz
1B29F2322E20DF00,levels/border
1B2D36995735B992,compass_tick_large
1B2F0B4841F30EB2,icon_edit_player_calling_card_lg
1B3032358D57B013,veh_technical_mp
1B3737DB72D90B4C,mp/loot/br/dmz/lootset_ls_weapon_tier2.csv
1B37B4F44A49B806,hud_reticle_s5alterego_g
1B37BFF44A49CAB7,hud_reticle_s5alterego_h
1B37E9107DE3A111,dmz/dogtag_level
1B3935C9B3014E47,SwaySettings
1B405C2D3DED2B13,hud_reticle_s6ghost_dot
1B422B6B9551157D,mp/loot/br/dmz/lootset_saba_lone.csv
1B44313557737CFF,GfxWaveParticleLayer
1B4464211660B42B,keybindingsaction.csv
1B48C249708A2584,bc_fieldupgrade_killfirm_comm_scrambler
1B4B1BA17A6AA0FA,ping_inv_need_dogtag
1B502D61A8D3B034,cfg/buttons_menu_mp.cfg
1B5117A5200DFA23,objectstoreddlconfigdef
1B5658EBD5342771,ScriptableTriggerVolumeData
1B56DF778818161A,rex_me_defibrillator_mp
1B57157E60D0359A,ae/ae_leagueplay_progression_achievements.csv
1B5AD03730229168,defaultsoundbank
1B5E28CCFC0BE878,ui_rex_icon_emblem_0101
1B5EDAED9AD13CE4,super_tac_camera
1B62B65692F3A99F,com_magazine_english_stack_04
1B62EE14218CAD31,rex_lasertrap1
1B6498DF30CA06A2,loot/accessory_ids.csv
1B688B98C16D186A,fastfile_ingame
1B6A12FDA1B3C3E1,ui_gunscreen_nuke_tracker_st_paddy_lep
1B6E23F4B704ED37,mp/recipes/mlg_sd_pl.recipe
1B71F807ADB73F82,sat_frag_grenade_ob
1B74B28148BDD04D,onboarding_perkspecialist_1
1B785F6F196BA577,ping_inv_drop_weapon_pistol
1B7B0BB1EB780B7E,hitmarkerbehaviorsettings
1B7E85BDC7D05A23,mp/gunsmith/la_rpapa7_progression.csv
1B854DFDF9E7773C,cp/cp_raid_complex_objectives.csv
1B854FD2932826DA,specialty_trait_lucky
1B8A17F0BC764D9E,attachmentsubstitutionentry
1B8B7D873435075C,mp/gunsmith/s4_sm_ppapa41_progression.csv
1B8B7FF55D9BBBB0,brloot_offhand_advancedsupplydrop
1B8C65BCD576D596,mp_frontend_rex_01
1B8CDADB9DFE49AC,ZoomSettings
1B8CF3819235CB4D,GfxReflectionProbeInstance
1B8ED959FF609980,options/quality_normal
1B94E6091E46FF03,dev_proto_focus.cfg
1B96496F734DFA80,widg_circle_small
1B9696CBCB342728,frontend_option_bg
1B977B27DAAC9E42,loot/iw8_lm_lima86_attachment_ids.csv
1B9D63BF8E44B2BA,mp/gunsmith/s4_sh_becho_variants.csv
1B9E5A81F6E182DF,GfxGenericVolumeKVP
1BA47428B7A6CB50,ping_vehicle_bigheli_neutral
1BA8C3A9726D1DBA,test_pitch_numbers
1BA998448DAB29DA,GfxWaterDynamics
1BB09201B7E4F3B4,specialty_hustle
1BB12BA3BCEA66E2,ping_loot_killstreak_recon_generic
1BB741BD53E219E7,GfxWorld
1BB83C32AB2AD8B0,event_loot_item_new
1BBB544D414A6ED8,cp/cp_relic_table.csv
1BBC54FEDCC201BB,ui_mp_br_last_stand_backing
1BBF58B73F3DD2FD,bp_a15_border
1BC0B2E68DF797E4,rex_attachments/rex_rec_moscar_bayonet
1BC2B62BCE9585E9,fullscreen_armor_left
1BCB697BD28F39A7,ui_loot_gesture_devil_horns
1BCC6D9B0FEB6E33,rex_clutch
1BCFE48A701955E5,ping_vehicle_bigheli_hostile
1BCFFCB97FC88664,ui_rex_ingame_hud_mp_game_state_domination_enemy_mask
1BD117D060ADAA3A,electric_discharge_mp
1BDB21E0BD0FE506,mp/loot/br/plunder/lootset_cache_spawns_blacksite.csv
1BDB801AE471AA8E,balanced_rex_sn_limax
1BE18773869F93E0,mp/gunsmith/sm_mpapa7_variants.csv
1BE267301033B000,hud_icon_friendly_hvt
1BE49C8D919E5E56,emp_pulse
1BE79A1A753F9BA2,mp/loot/br/mini/lootset_cache_spawns.csv
1BE8A17255DEA949,veh_rex_lnd_sedan1985_sp
1BEA432F98D7F1A6,crosstitle_progression.csv
1BED4F6CE7D82177,mp/gunsmith/s4_mg_juniform_progression.csv
1BEDB8EF7BF722B1,$blackshadow
1BF4A9614FEFEA76,jup_ui_left_to_right_gradient
1BF7D6735D78E62F,bc_combat_threat_sniper
1BF8C26DEB48B749,mp/gunsmith/me_akimboblunt_progression.csv
1BFB6D47E78F03FB,mp/gunsmith/me_t9machete_progression.csv
1BFD535A2493F7B9,TriggerHull
1BFD6F731567C6BF,byte16
1BFDA1C2E096E00F,scriptableeventstreaminghintdef
1BFFC609D3866080,WeaponOffsetMovementAimDef
1BFFE05301DA5CD5,defaultxlens
1C002047313AE2FE,ui.utils.Languages
1C047B73156DF9D1,byte32
1C0683C1048D2561,mp_javelin_clu_prompt
1C0DE353BC1284D6,mp/gunsmith/s4_pi_ttango33_variants.csv
1C0E6F73157639F2,byte64
1C0F146F6F1F3676,loot/iw8_la_t9launcher_camos_ids.csv
1C0F2DFB9D6AD6C2,icon_waypoint_cash_bag
1C1006A23ABDA67A,perk_pstlubsh_rex_mp
1C10070E4A3C02F8,overlay_tablet_killstreak_plus_symbol
1C10BB139618EC09,ComWorld
1C1113C591365291,brloot_killstreak_precision_airstrike
1C11F6AD8092E580,loot/reticle_ids.csv
1C181A0CB2CCE65E,rex_tur_ifv_mike44_sp
1C1E969A4A002F9A,ui.utils.LootUtils
1C220C119D3743A8,mp/commandermessages.csv
1C24699FE5ACE7E2,SndModifierCustomOutputData
1C2532BC5566D001,cfg/buttons_br_ping_rb.cfg
1C25C4D37BEDA239,rex_stock_lgt_sierrax
1C2B04DE9F32898B,un_office_binder_01
1C2C14C874D75C29,wzleagueplayloadouts
1C2D3E9323F372D3,mp/gunsmith/sm_t9spray_progression.csv
1C2F436EAFA08729,rex_sm_spier9_mp
1C3216C3304397A2,mp/loot/br/default/lootset_contract_dom.csv
1C324F4CBB730847,rex_tacstance_mike4
1C36FC3B6CA6A74D,rex_fe_op_crib_xcam_gunbench_fg_xcam
1C3EB63E391CF968,hud_ss_lockon_default_diamond
1C4363F18162AFDD,KeyBindGroup
1C44AEF97FD7A448,ui_menu_ftue_background
1C48239E0DA6F172,mp/loot/br/shottysniper/lootset_cache_base.csv
1C4844C207520CF3,specialty_traceback_rex
1C49CF4487EC4FFD,ping_extractionballoon
1C4C45B1FEAEE853,ui.utils.ChannelUtils
1C4E79869575CB80,primarylightset
1C4F36141F11A8DF,ping_killstreak_cruisemissile
1C50C9D13D52F802,ui_rex_icon_wpn_showcase_sm_mpapa7
1C53768B14823631,sightconfigPtr
1C551F6F68639485,bc_combat_inform_contact
1C554B6408296D23,vfx_scriptable_souleater
1C56DC17C143F08A,mp/progression/s4t9iw_progressionitems.csv
1C57F54B77CF65E1,icon_waypoint_status_plate
1C59D85B43D4E6CF,operator_select_side_single_edge_vignette
1C5AAA5A2EA56130,ui.LUIRoot
1C5B58E58D041200,equip_smoke
1C5E20EB978C1672,loot/iw8_me_t9machete_camos_ids.csv
1C5ED2DA9F658D81,mp/gunsmith/pi_mike1911_variants.csv
1C6033BE3E2DFC6B,ui_attachment_warning
1C6219D7499ABB55,loot/iw8_sn_t9standard_camos_ids.csv
1C633BA261D414D6,ping_objective_go_package
1C646A820625A2AB,rex_gun_game
1C654ACBA33937E3,ui.FriendsWidget
1C65C80ECB1120A0,ui.utils.WeaponUtils
1C660067B9244239,keyart_operator_edition_thumbnail
1C67FAC1E729E292,XAnimPartsStreamFlags
1C6801CBE64CBFD8,ping_killstreak_missile_turret_hostile
1C6B2DD76B20429D,GfxPbgModifier
1C6BD04723FA5A1B,cp/cpoperationstable.csv
1C6CABD8C3FEDB1F,hud_icon_fieldupgrade_emp
1C6CF30DB9F1A772,FRONTEND
1C72339E329B97AF,GfxSH3Vec
1C7B67E80EC1E60B,rex_tur_t72_sp
1C81A216882CD67E,SndAdsrZoneDef
1C82836417592CE0,ping_boss_hammernaught
1C883AC665F0A116,mp/loot/br/plunder/lootset_agent_backpack.csv
1C8A501B3AA39937,hud_icon_loot_backpack_secured
1C8ACB8A26CADFEF,jup_ui_2px_corner_flat_bottom_bg
1C8C151C59E2A3CF,ui.utils.TouchVehicleUtils
1C925EB1800B5209,animselectortables/bomber/bomber_traverse_warp_up.csv
1C934A2C164C7D35,rex_dynamic_null_pi
1C9D35FF7953EB56,AttAddOns
1CA0D635B83264E8,mp/gametypes/rush.txt
1CA4765906F6603F,gfx_tracer_thermal
1CA5B2B2C0FB26D7,MaterialStreamTreeGrid
1CA78F2FACF91D52,rex_trial
1CA9AB85A8582A04,ScriptableEventCollisionDef
1CAC570501A9DA7B,specialty_tempered
1CB155B75AF20708,mp/loot/br/truckwar/lootset_contract_dom.csv
1CB2B054CAB2BB84,GfxWorldSurfaceRanges
1CB4EF44B8170C04,ui.utils.WidgetOptionsUtils
1CB5448986E9F8CC,jup_radial_8slice_selected
1CB59D8726E8861A,PhysicsSFXEventAssetConstraintSoundRuleEntry
1CB5DBEC40CE5965,ASM_Function_Param_Type
1CB6B29442E78A0E,s4_progression_achievement_ids.csv
1CBD6077386D0046,ui.utils.ReticleUtils
1CBE379EDE1A690C,throwingknife_fire_mp
1CBEADEEC2E3F002,DLogSampleType
1CBF3A2C16719CF0,rex_dynamic_null_me
1CC0A1783D6ED16C,setting_image_borderopacity
1CC2DF2EC0483D0C,mp/loot/core/risk/loot_table_zones.csv
1CC5297C63B0A820,VehicleOrientationType
1CC5BC898F6670A8,loadout_gunsmith_button_gradient
1CC853DEE7D561B3,hud_fofbox_self
1CC8DAEC7C4D7B4B,viewsensitivity_low.cfg
1CC91F20FAF53720,specialty_melee_without_swap_rex
1CC9CCFB1C3B1A96,loot_card_overlay_tracer_white
1CCE3AED66470550,hud_check
1CD0868C06CD0A47,GameTypeDef
1CD707990BFC4828,ShockPriorityType
1CD7B0BAF03DC4DC,AnimsetAnim
1CDBCBE3CE7A5512,loot/s4_ar_voscar_attachment_ids.csv
1CDD499531EF38DB,rex_ub_gl_std
1CDE6B15280D6469,rex_deployed_decoy_mp
1CE1F48E161529E0,equip_smoke_rex
1CE20F8E161557C1,equip_smoke_rec
1CE40E5F498207A1,mp/loot/br/mini_mgl/5_minutes_mini_br/lootset_cache_base.csv
1CE6F0637B561A5B,mp/gunsmith/s4_me_champagne_progression.csv
1CE8D9D474A57412,HyperBurstInfo
1CE9169DC6CDA727,CinematicShakeModifierCombineType
1CEA55B054CA7BE1,buttons_default.cfg
1CEBFB699BD175AA,mp/loot/br/kingslayer/lootset_named_location.csv
1CEC4DB810E6FA94,specialty_trait_adrenaline_burst
1CECACA79B85E906,ui.LUIBorder
1CF1300C4CF15DF8,ui.LUIGrid
1CF156B53A9593AB,omnvars/mp/gametypes/br/omnvars_payload.csv
1CF1DAEDAF4F9319,mp/recipes/tjugg.recipe
1CF3BC6458219DC4,vision/scope_fourxtherm02.vision
1CF40AD67078B0C6,mp/menuperks.csv
1CF580EA8FB61776,ping_loot_weaponcase
1CF60344D52BA7D9,mp/recipes/tdef.recipe
1CFA87917F7B52D1,cfg/buttons_one_hand_left_alt.cfg
1CFD9FB5557E1F45,SndFBLoFiBitDepth
1CFE780D4C235877,rex_bolt_findia
1D028817C7975E80,ob/loot/loot_item_defs.csv
1D03F01C70772768,ncs_cmp_level
1D04D2E41B627E8B,tertiary_light
1D09C41595A30671,secondary_light_wz
1D0AC2A385EC8AAF,ui/video/bink_nonlocalized_audio.csv
1D0D711602CD90D1,ui_mp_br_player_status_token_self_revive
1D0ED293F73722EB,brloot_weapon_origin12_lege
1D133B254E09C721,GfxPbgBloomCpuParams
1D158553C7D8DF3F,default_common_wz2.cfg
1D186B853AF698A3,title_ids.csv
1D1C792069F1CBB2,ScriptableEventScreenshakeDef
1D206A9ECCCAB059,brloot_weapon_juliet_lege
1D20D0F84AC0B82A,hud_icon_new_friendly
1D20E150B0B4533D,Beam
1D221C9E17596310,ping_objective_capture_bomb
1D2387387901100F,mp/gunsmith/sn_xmike109_variants.csv
1D286ABFEECAF3ED,ping_loot_cash
1D2B1A3AEFED2AE5,Clacker
1D2BF726C33224F8,mp/loot/br/mini_mgl/5_minutes_mini_br/lootset_contract_asn.csv
1D2DE7A081670623,CurveChannelDef
1D2F4DBA122D8A0D,WeaponDamageScaleValues
1D2F5D6E141F6D0F,AccessoryDef
1D31D534944A2A12,rex_ub_airburst_kilo2
1D31FD93C6C2E4EE,xanimpayloaddef
1D3239C033A5455F,icon_generic_checkmark
1D34CA646425920C,icon_global_unlock
1D35B5DEBBFE1CB3,operatorskinscdl.csv
1D37BFC0A0257306,materialanimationparamsdefptr
1D38534B6A467FC4,ping_fieldupgrade_generic_hostile
1D39371CA81A4E4F,defaultheatmapradar
1D3A775695DBD459,directional_uav
1D3B10EF669C4012,jup_mp_grad_bg
1D3BF2BEAB91673C,OPERATOR_BIO_Redacted
1D3D0DB930A89FD4,specialty_trait_lockpicking_rex
1D3D4F00C6676821,loot/s4_mg_malpha7_attachment_ids.csv
1D41F44B037F5FAD,brloot_weapon_p90_epic
1D45F355F3218C44,NameplateFactionSettings
1D46044209333C25,rex_bar_lgt_hotel45
1D4A5496588402BF,rex_attachments/rex_bipod_limax
1D4D942DC5A1520C,rew_rock
1D527ED7324932FC,mp/gunsmith/s4_la_palpha_progression.csv
1D53D0E23EA16F48,ks_vtol_jet_mp
1D555B8EF094A58D,ping_blacksite
1D559C56012B1C7D,cp/cp_eog_tracking_types.csv
1D56A959E56FA735,ncs_cmp_global
1D56E22A8D9D9199,ges_demeanor_safe
1D5ABBDA7E706BF2,platform/texture_downloading_desc
1D5AF6329EBE0494,PhysicsAssetUseCategory
1D5BA0B9A0D4B65B,rex_flash_grenade_cricket_mp
1D5BFA207FD7728F,hud_snd_code_underlines
1D5C1C3BE38BD379,EncounterPatrolPoint
1D5C8C74866A0A72,maphint_keypad
1D5F6E2934F77BB1,rex_bar_lng_bmike3
1D5F877218FE9D75,super_default_mp
1D61ED68654227C4,ui_map_icon_bounty_s5
1D639A70C02F123F,veh_apc_rus_mp
1D6ADCA652AE9733,mp/gametypes/rescue.txt
1D71C541EBDFE59A,aim_assist/view_input_3.graph
1D731C8596E8A3BE,VehicleHandbrakeType
1D73957CF280EDDB,ui_loot_operator_milsim_shadow_company_multi
1D73C978865C86C1,ww_sp_rex_meltdown_entities
1D755EFF3898F043,rex_ks_remote_device_mp_no_recoil
1D7665ECECAE55EC,hud_reticle_s6ghost_h
1D766CECECAE61D1,hud_reticle_s6ghost_g
1D76A0A8CE11D20E,spatialpartition_tree3d_small
1D76A745FA709DCC,mp_cp/vehiclepacks.csv
1D77B12F5A421338,loot/iw8_lm_pkilo_attachment_ids.csv
1D79585726C5E839,jup_ui_icon_attachment_amp
1D7A006FC5CBE8A2,CurveKeyInterpolation
1D7B2F3E87FD6BB9,tournament_trophy_second_place
1D7C4738D3F3DDAC,bc_gamestatus_boostdraw
1D7E9180FDB59FEA,WeaponMeleeInfo
1D8098C2688381B9,mp/loot/br/plunder/lootset_extra_plunder.csv
1D81136B4C387D15,sndtagmanagerdef
1D824FDC4C1F2D6F,aidebugdatashapecast
1D837FB881DD9661,rex_mag_limax_sp
1D849C0634E13D9D,mp/gunsmith/s4_sm_stango5_variants.csv
1D84FCC349FC9445,mp/loot/br/plunder/lootset_blacksite_boss_backpack.csv
1D8BA3D23FFB372C,hudoutlinedefptr
1D8BA77186AEB025,rex_stockno_findia
1D8BD28BED56D4D9,balanced_rex_sm_psierra41
1D8C82E956F62341,specialty_trait_chunk_revive_rex
1D8CB897A37C410D,sat_ui_common_tile_gradient
1D8CF60016740D52,mp/gunsmith/s4_sm_stango5_progression.csv
1D8D8472B676FF6D,shock/bradley_mp_turret.shock
1D8E383CF15975B0,ui.ingame.vehicletechnicaloverlay
1D937E742A211332,hud_reticle_snscope06
1D940AAB9A5C65C3,ping_buystation_request_revive
1D95380AD4F20508,ui_rex_icon_wpn_prog_sm_xsm1
1D96CC5C7450895C,XAnimNodeDef_Mount
1D98F970F3AEDD2C,GfxMapEntLookupData
1D9C078283251EBF,sat_usa_pl_red
1D9CED08D6723A39,GfxPbgColorParams
1D9DFD5E1DC89FBF,secondary_regular_rex
1D9FCD2E52D6DBD6,LUA_MENU/TAC_OPS
1DA392CAA30632E2,ping_armory_door
1DA4E360201012F5,mp/loot/br/dmz/biolab/lootset_school_locker_b.csv
1DA4F9AFF415EA1A,rex_fourx_therm01_sp
1DA542DEDF46C5B6,mp/loot/br/default/lootset_contract_scav1.csv
1DA7AAFD0EA3D2D1,OPERATOR_BIO_hangul
1DA7FB56E8B94804,DLogHashTable
1DA96FDC80709E49,sat_semtex_ob
1DAF7B1522B7F462,brloot_weapon_scarh_comm
1DB20635100CF123,un_appliance_water_cooler_dirty_01
1DB42FBC9735B6CC,mp/loot/br/saba/dmz/lootset_supply_drop_boss.csv
1DB51613203AE269,PhysicsBone
1DB5C9D349ADAFE3,viewsensitivity_ultra.cfg
1DB68997EAD2BED8,mp/cac/alt_bodies.csv
1DB6B95D0199A35D,cfg/thumbstick_southpaw.cfg
1DB985AEC221D38A,vision/bw.vision
1DBA6E6CCA85290C,mp/recipes/dom.recipe
1DBD1FE3C879CC2F,ParticleDataFlags
1DBFCACC97C4F62A,ui_menu_codhq_icon_social
1DC702A29AC48A4C,kitchen_01_hanging_metal_spoon_clusters_02
1DC8470AC4A549A3,ui_rex_icon_wpn_ar_mike4
1DC92AA53E36D4D5,shock/mp_radiation_high.shock
1DC9AF986B288335,sp/attachmentmap.csv
1DCA972F990891F6,ee_sign_street_carriageway_lm
1DD2A5DFF2926DCC,ui_bp_blades_icon_tokens
1DD49265B3BD820D,XPakKey
1DD82885CA5F0ECD,ui.utils.FenceCrossPlayPrivilege
1DDB2F2F40320D09,fonticons.csv
1DDBFE5428556A31,specialty_frangible_rex
1DDF2B06020D3294,mp/loot/br/dmz/saba_b21_early/lootset_supply_drop.csv
1DE0B7740B6FB9F3,ping_objective_capture_a
1DE0B8740B6FBBA6,ping_objective_capture_b
1DE0B9740B6FBD59,ping_objective_capture_c
1DE0BA740B6FBF0C,ping_objective_capture_d
1DE0BB740B6FC0BF,ping_objective_capture_e
1DE0BC740B6FC272,ping_objective_capture_f
1DE0BD740B6FC425,ping_objective_capture_g
1DE0BE740B6FC5D8,ping_objective_capture_h
1DE6ADFF4FD9A734,perk_trait_resupply
1DE785BE105EEE44,loot/t9_tier_skip_ids.csv
1DE92749EC315AD6,brloot_weapon_kar98_rare
1DEB3D7C52F701C1,icon_challenges_outline_empty
1DEBEF7BB8A884FC,equip_medical_box_rex
1DEFF74CFEFCC2C1,brloot_super_armorbox
1DF4730DAAFB7785,GfxUmbraTomeStreamData
1DF7374541616A90,AnimationController
1DF90BE450CE7CEA,cfg/dev_proto_thirdperson.cfg
1DF9BD467584C24D,VehicleOccupantMotionCurveDef
1DFA5C841F4560D3,ui_rex_icon_eq_gren_frag
1DFB3FF79CFA5F06,ui.utils.LayoutUtils
1DFBFDB903904CEE,mp/gunsmith/s4_ar_fecho_variants.csv
1DFF26DEAB527696,supply_sweep
1E0027ECDDB876B8,balanced_rex_dm_findia
1E0236BAAE9B302F,icon_loadout_build_entry_rusher_commando
1E025176570907B5,ping_phone
1E04916C638F7E79,ui_loot_gesture_hang_loose
1E0537CFFFC0CBE4,loot_mp/charm
1E05454FCA8BD5AF,specialty_trait_impact_smokes_rex
1E058DBF5D7106F0,loadout_gunsmith_button_mask
1E058E62F811FEAF,ui_loot_bg_sticker
1E06BD2E04ED30FD,WaterDynamics_SimulationVoxel
1E087D7528971D5C,ScriptableDamageTagOverride
1E0C771C2A4B8373,vision/mp_frontend_iw9_bundle_dark_c.vision
1E0E06FDA3974C28,icon_vehicle_skin
1E10F64BC288792B,XAnimNodeDef_Child
1E13781400DA01C3,motionmatchingfeaturesdefptr
1E194FDE966867F0,AiObstacleDef
1E1C542AB76A5862,sat_usa_pl_orange
1E23F29A3A80FEC8,SndAmbientElementDef
1E2859D28CD7B892,soldier_cp
1E286C1CA4237A78,defaultomnvar
1E28AC803BB04512,ScriptablePhysicsLimits
1E28B637ABEEC122,WorldEventData
1E2F2466AA3B4653,specialty_trait_metabolism_rex
1E34D6A6461144F3,collisiontilestate
1E37F770FE5FA09D,dev_bold
1E37FB23DCC42299,hud_reticle_loot_deadops_h
1E380423DCC431E4,hud_reticle_loot_deadops_g
1E389DF9454A417E,AIEventStealthDef
1E3B705FF52D8C84,ui_bp_unlocks_arrows
1E3CB8231B25C5BC,GfxPbgEffectsTagCpu
1E3D8203BE871E2F,ping_location_moving
1E3D919FE50A670C,weaponsetups
1E404A649DED2AB9,defaultmaptable
1E43329D123D0AD8,scripts/mp/maps
1E44FDF7B04E8DF9,mp/loot/br/dmz/lootset_hidden_container.csv
1E45D1E7E8460004,CharacterDef
1E45DA956641ED08,icon_plus
1E46F8B4330323D9,luashared.COD
1E46FD47C27099BA,ping_vehicle_jeep_neutral
1E471E12483A1A56,ui.utils.HUDEditorUtils
1E47D9693A26B42D,mp/gunsmith/sn_romeo700_progression.csv
1E4839A799480006,ee_sign_street_lanes_01_lm
1E4D802BC4D12F47,leagueplay_progression_common
1E4EBBD26657944C,xhashBone
1E529DAFDF0D143D,mp/loot/br/plunder/lootset_contract_asn.csv
1E531D6D3165F13A,VehicleWheelsAffected
1E5774C228A87470,mp/gunsmith/s4_me_knife_progression.csv
1E5C414A665C0D54,default_sp_platform_settings_gen8.cfg
1E65F8184E5C6C0A,ImpactFXSetting
1E6769F8DCBDEA86,AISplineTransitionGraph
1E687C10EFABFC03,mp/loot/br/resurgence/lootset_reusable_cache.csv
1E6D13EA87CDC2E1,targetAssistBehavior_t
1E6DBAA62844915C,menu_vignette
1E6E2C5F085A8836,ui_icon_leagueplay_radial_segment
1E6F436C6D0A55CB,XAnimAimConstraint
1E6F7F639EF82115,rex_bar_sht_uxray
1E70CA7660221E13,ncs_cin_global
1E756F694A464D51,fontcache_screen_effects
1E764035FFB50F83,mp/loot/br/gold_war/loot_table_zones.csv
1E78AFCA23F80A1C,veh_rex_air_heli_twin_physics_mp
1E7927B502C86D69,autolaunch_mode_menu_map.csv
1E7D08B15CACDB6E,GfxWorldWideMap
1E814E88E18EB824,DistanceBounds
1E81E2E0A6869A32,accessibility
1E82FA9230AE12A7,ui_rex_icon_eq_prog_throwing_knife
1E84F5032A93EB95,mp/loot/br/plunder/lootset_contract_scav3.csv
1E869D26BA06D156,ReactiveStageSetDef
1E886F98772E271E,sndtritonsettings
1E8B515086787DAB,ui_icon_menu_map
1E8BBB3B6DBF1DD3,loadout_dmz_backpack_entry_focus_tooltip_arrow
1E8D07124A3DAAE8,ui_icon_obit_headshot
1E8E73334449ED79,weaponIconRatioType_t
1E8F4E2276D1BAAE,icon_dmz_faction_black_mous_48
1E903A606A011487,ping_stash_confirm
1E932D0D5B131280,mapinfoplayerspawn
1E96942401029010,mp/loot/br/champion_mgl/lootset_root.csv
1E96A9706CDF95B2,ui.std.Color
1E98A9808BBDC2A8,ping_social_thanks
1E999AD1D15E412D,widg_gradient_top_to_bottom_with_base
1E9F2913A9689183,defaultmapinfo
1EA3C1E3CB0DDF24,rex_pgrip_aim_uxray
1EA4BDD750F14589,quickscope_rex_sn_limax
1EA9618E9F5E13FD,jup_button_vignette
1EAC193666929370,vision/mp_frontend_quartermaster.vision
1EAE2FECCE1A1B7D,console_command
1EAE30C53389C119,rex_arscope_hybrid01_le
1EAF2C3E2DF2B91C,reticle_mrad_line
1EB0A4574B1C5EDA,pathnode_t
1EB18BB7A5DD107D,icon_xp_premium_boost_active
1EB2C88F5A8F3721,rex_bar_kilo2
1EB2C98F5A8F38D4,rex_bar_kilo5
1EB46CD7B8669427,hud_icon_loot_backpack_small
1EB60612C5318803,mp/recipes/base.recipe
1EB6C86171337487,wdg_button_arrow_indicator
1EB6DCB2504703AA,rex_bipod_uxray
1EB9895107530479,default_common.cfg
1EBBAD77A0B09DDF,mp/loot/br/dmz/lootset_gascan_zone.csv
1EBC4D8E984EC5F8,rex_pgrip_ass_uxray
1EBCE6928F24830E,mp/loot/br/dmz/biolab/lootset_fridge_a.csv
1EBD5EAAEEE92FCF,ui_loot_gesture_lights_on
1EBEE76B46F54CE7,ping_killstreak_counteruav_hostile
1EC448BFED74255E,overlay_tac_camera_reticle
1EC44FB5D17820D3,icon_double_weapon_xp
1EC4AD1EEB06FB19,rex_audio_mike4_iw9
1EC939C8F21A0DEB,attthrowweapon
1ECD52A2C61D30A9,defaultcodcastergameplaystat
1ECE9AEEDE962232,mp/loot/br/dmz/lootset_military_container.csv
1ED1C1FF38A69E81,ui_rex_menu_mode_select_logo_dmz
1ED74B0B7B953B66,hud_koschei_complex_splash_backer
1ED96D2008EB89E5,keyboardandmouseoptions.csv
1ED9DF37360AC3DF,rex_dynamic_null_moscar
1EDCA7064A735F86,ping_fieldupgrade_taccamera_hostile
1EE1A6885046800C,icon_waypoint_flag_base_gone
1EE34ED8E93C4716,specialty_trait_consumable_increase
1EEC198DB71255C1,perk_trait_uav_towers
1EEDCC1A44D19895,WeatherTileDef
1EEF1F8ADD1D1378,GfxPbgWorld
1EEF89F07C9D2E40,loot/s4_pi_luniform08_attachment_ids.csv
1EF2AD8677C5E289,WorldAreaSwapState
1EF2D34E4F5F3432,cfg/default_sp_gamesettings.cfg
1EF5F5F9A044EE7E,playerkillstreak_setbtgoal_0x2a3b1f6819c3dd8bull
1EFB370EC8E6E7EB,MeleeResult
1EFCD33C70CD5F30,bc_fieldupgrade_killfirm_armorbox
1F0187299B3943A4,hud_reticle_static_cross
1F02BCFD9C3F5997,mp/loot/br/default/loot_table_saba_br_hotzones.csv
1F02D0C212BC17D6,ping_captain_building
1F052E0A0B272364,StMesh
1F07F3C592708879,BSEQFilter_MatchTag
1F0BC63C67E8EF4D,rex_execution_sledgehammer
1F0C272DA4D913D1,ui_operator_west_ghost_portrait
1F0C65FA93EA104F,icon_lock
1F1251E66C193860,mp/accessorytable.csv
1F143D52FADCA5EF,bolt_gas
1F181824CAB6F962,mp/operator/s4_padma_ind_progression.csv
1F1B7061A2CA53C1,mp/loot/br/truckwar/lootset_superstore.csv
1F2021AAD96D3C20,Ai_Asm
1F203A5F0FB31970,mp/subarea_tuning_mp_sealion_br.csv
1F277075394582F9,downed_wz
1F2ED7E564E13CCF,killstreaks/type_score
1F324E654A0F8814,onboarding_sprays_3
1F324F654A0F89C7,onboarding_sprays_2
1F3250654A0F8B7A,onboarding_sprays_1
1F332BE091CA6A0A,ushort3
1F35347DE1057D69,ping_loot_killstreak_bombdrone
1F360E635C50088F,ui_rex_icon_wpn_prog_dm_moscar
1F37D8FF06B445CB,bc_fieldupgrade_killfirm_medbox
1F3815609C80F759,materialdebugdatadefptr
1F406CE09CFE2520,superterrain_decal
1F41B5D182D8E203,brloot_killstreak_recondrone
1F42630AB874C91D,ping_equipment_butterfly_mine
1F4528945B1EED3C,veh_rex_air_heli_attack_chopper_mp
1F4596E167088C4C,ui.LUIToggleList
1F4CCEB964E9DC4E,hud_icon_truck_wars_munitions_box
1F4D0B0DAE07333F,ping_pushable
1F4DEA8271303CE2,GfxFogSplineData
1F4E34B92D77FE7B,un_office_tape_01
1F4EA5A384561FF7,ui_rex_icon_eq_prog_screamer
1F5185907C12AE50,NoteTrackToSuitSoundEntry
1F51DA276E059A2D,loot/iw8_me_t9battleaxe_attachment_ids.csv
1F5485D9F98658C5,fence_wood_planks_01_256_damaged_lm
1F563165240DA065,vision/nuke_global_flash.vision
1F57FDAF96FE8D4F,mp/loot/br/clash_mgl/lootset_cache_spawns_abundant.csv
1F5DE6CCD1E28ED1,perk_pc_tempered_rex_mp
1F616A17337CF0FC,clear_num.cfg
1F65E6821D99139E,VehCamZOffsetMode
1F673A17231F763D,ncs_xca_global
1F6A13BA59798762,weapInventoryType_t
1F6AF52CDE542C1B,bc_fieldupgrade_action_loadoutdrop
1F6E9B97ACAD6DE7,proppackage_id
1F6F7A0E2BF7749C,AnimSelectorTableColumn
1F70F5F85300FDA7,gfxweathervolumeindex
1F7217A3B833685B,mp/loot/br/dmz/saba_b21_early/lootset_supply_drop_samsite.csv
1F7222409BB12BDA,cfg/default_common_iw9.cfg
1F73500C8670852E,mp/gunsmith/sm_mpapa5_variants.csv
1F76E48A552A7F61,rex_arscope_therm01
1F776BF559061D08,rex_frontal_assault
1F7ABFD9F9F47C79,clantag_tfb
1F7D94DA66EB9438,GfxLightmapAtlasDataTemp
1F7E886A2A5A0421,ParticleSpawnMeshAssetDef
1F7FC6AD8FA59DB2,hud_reticle_hip_circle_semi
1F80CDD62577F52D,scr_string_t
1F8478CD92F98BC8,ui_widg_checkbox_button_holder
1F872A19C94A06E5,defaultplayerlookatprofile
1F8773E8D7159F56,mp/recipes/mtdm.recipe
1F8A8995DEE65E7C,bobscalesettings
1F8B659E2C0C9C65,mp/attachmenttable.csv
1F8C23795D913719,minimap.cfg
1F8D40700EB964DC,buttons_stick_move_alt.cfg
1F8DFFBD371A8856,locdmgtableptr
1F8F51A88935845B,mp/emblemcategoriesorlayers.csv
1F8F7D4FBCA12416,bc_status_inform_last_one
1F909E985F0EF0D5,ui.utils.BattlePassUtils
1F93E9A76CD65825,telescope/telescopedllvalidationps4.csv
1F990ECD4D0504E6,icon_loadout_build_entry_rusher_quickdraw
1F9920498CA50494,equipment/adrenaline
1F9E7A08903373ED,cp/incursion_interaction_cards.csv
1F9FBEC426AE5AD9,icon_br_fulton
1FA2DDAC1A1939ED,GfxWaterDynamicsDebug
1FA33CDD851A5FCD,xanimsetpayloadtype
1FA3C2E5AD1D218A,GameModeDef
1FA61A38F30E72CB,equip_bunkerbuster_rex
1FA859E78EAEB129,jup_ui_icon_amp
1FACB0E79EB059E8,food_cans_bottles_and_jars_can_05
1FACB1E79EB05B9B,food_cans_bottles_and_jars_can_04
1FACB3E79EB05F01,food_cans_bottles_and_jars_can_06
1FACB4E79EB060B4,food_cans_bottles_and_jars_can_01
1FACB6E79EB0641A,food_cans_bottles_and_jars_can_03
1FACB7E79EB065CD,food_cans_bottles_and_jars_can_02
1FACBC1FCE455738,mp/gunsmith/s4_ar_akilo45_variants.csv
1FAF0627E50814D1,ping_killstreak_autodrone
1FAFD3E55D9D3A7A,ping_equipment_gas_hostile
1FB22D8F4BB2EB82,jup_tablet_hacking_icon_glow
1FB3DC2A42A491C0,mp/gunsmith/sn_sbeta_variants.csv
1FB436C6718A3758,decor_drying_rack_01_plate_03
1FB437C6718A390B,decor_drying_rack_01_plate_02
1FB438C6718A3ABE,decor_drying_rack_01_plate_01
1FB5D2E40D67B588,esports_codcaster_timeout_warning
1FB884AB4CA6FFCC,cfg/default_online_mp.cfg
1FB8AE8382196E79,tacpoint_ref_t
1FBA7BF66A9289AE,rex_screamer_mine_heavy_mp
1FBAFCB97B0381A7,jup_icon_xp_token_player_15min
1FC0DA0D788F00E0,ParticleModuleEmissionGraphDef
1FC1935B77195C1B,loot/iw8_ar_t9fasthandling_attachment_ids.csv
1FC282BD2B24DC1B,SndModifierCombinationType
1FC3BEC56F757AF1,cp/cp_statstable.csv
1FC415F2F405BAB4,ui_icon_modeselect_logo_bo6
1FC7E96F74D8EAFD,bctreeptr
1FCADE9682203F12,weaponprogression_pip_fui_squarestroke
1FCC05EB38357CB8,hud_bkgd_glow
1FCDC67A3B23DD38,defaultsoundbankpackage
1FCE526C4DEB8BD3,mp/loot/br/kingslayer/lootset_bunkers.csv
1FCE61EC5958969C,SpawnPointRecordList
1FD3CEE7F0269701,ping_loot_weapon_melee
1FD4C8E1AD6231EA,WeaponReflectionDef
1FD58CC068216E3A,mp/loot/br/mini/lootset_contract_asn.csv
1FD5AC99F0B12286,ks_remote_device_mp
1FD8588C9F832A72,gscobj
1FD9495A05019457,VehiclePhysicsSimKernel
1FD99E2FDED3FE3E,AttHipSpreadScalars
1FD9EBD7BE4B0533,rex_attachments/rex_ironsdefault_golf28_apex_desc
1FDAF6BB95B9826A,mp/loot/br/default/lootset_cache_tutorial.csv
1FDFB2CDDCD3AF0D,techsets_mp_rex_mobility_trials
1FE022A1D1F8255E,projecttabledefptr
1FE14FCA98432752,ui_rex_icon_perk_tracker
1FE1E413E0626037,hud_splash_dmz_shape_chevron_pulse
1FEAC7624969EBAA,super_loadout_drop_rex
1FEB5C7600A8210B,ui_rex_icon_perk_killchain
1FEE3F0137EA9A3C,buttons_br_ping_lb_alt.cfg
1FF35FC227852273,clantag_atvi
1FF3D7A9EE160E98,CreateFxAssetData
1FF42A7DCEA471A5,XAnimJointConstraintUnion
1FF9A65E20BE9A10,buttons_stick_move.cfg
1FFD19659742E89E,loot/bundle_ids.csv
2001C12E21AE0E41,AuthoredRoomNameArray
20053E33BE58314D,mp/gunsmith/la_kgolf_progression.csv
20063338651D3F83,ping_loot_confirm_buzzsaw
2008D2E705DFC31C,equip_pop_candy_rex
20097B632641526F,rex_mp_dallas
200B540A432684CD,mp/loot/br/olaride/lootset_named_location.csv
200EB1864B7D2318,mp/t9_stats_seasons.csv
200F396DC4E96E8E,veh_diagram_armored_patrol_mask
200F5BB271BBE62A,rex_pgrip_ske_kilo437
201087A9CC34E841,KeyBindDef
2010CDCC8ADCCB80,gfxgobo
2012D4A0153113A4,aimlimit_tabwidget_skidding
20160A747FA8E206,mp/br_contracts.csv
201660FBAD395B4D,ping_civilian_confirm
20179E1BB746841B,bc_combat_killfirm_sniper
2017C095F5683678,hud_reticle_long_04_mp
201ACD2866C701AC,mp/loot/br/resurgence/lootset_global.csv
201B80666168BBAF,ui_rex_icon_eq_gren_snapshot
201E0935D26D4CA7,ReloadCheckpointsPairSource
201F44A2854A131C,mp_wheelson_icon_infinite
2020DB4737D6A143,iw9_cyberemp_plant_mp
2020EE1D16682C9F,rex_rec_bmike3_pump
20216F76FA1EC5EC,CompassHueSettingsDef
2023D5FAC0C3308F,brloot_weapon_oden_comm
2024249021D7FC13,cfg/dev_proto_perks.cfg
2025591333D42CB4,mayheminstance
2026108A0B1EBD68,language
2026B9402D372640,sndcontexttype
20275585D7B3856E,minijugg_rex
20279A7CC71EB69E,vision/mp_frontend_iw9_lobby_s3_br.vision
20291CFD82D9337B,global_prompt_border
202AD4B3636C0DAB,stealth_rex_sm_spier9
203014EA4CC3AFB9,binding_keyboard_outlines
20327446A81BC938,ui_rex_icon_eq_gren_smoke
203414FE80C4C60A,VehicleInteropDef
203585DADEB250B2,GfxWorldSurfMatFlags
2035A1DC084CE17D,ks_crate_marker_mp
20379B95A910FF58,mp/loot/br/dmz/biolab/lootset_safe_core_lab.csv
2038807D695CE53F,mp/loot/br/mmp/lootset_cache_pe_chop.csv
20388329448F2BF2,main_title
20389478DEB97B03,mp/mlg_ratingsboard.csv
203936D930D2DB45,GfxPbgPostFxBundleNightVisionThermal
203C12AEDF6ED852,rex_attachments/rex_laserhip_sml04
203E755572221C60,global_progression_fill_mask
203E87235C74496D,super_fulton_marker_rex
20407B314C3F7498,jup_icon_xp_token_player_30min
20419C8EFC2A0581,VehicleCameraNoiseSpace
2042755B3123C2CE,ncs_mov_level
2044A2DC59BCFD1F,ping_concat_west
2044C3A9C45EA1C3,mp/loot/br/dmz/biolab/lootset_cache_lv3.csv
20454A052C9C6930,DynamicCoverUpdateMode
20473B7F8146EB21,DLogEndpoint
2049A7FE12E8E811,vision/focus.vision
204A799C9D37BBB6,omnvars/mp/gametypes/omnvars_frontal.csv
204AB575916DF51E,hud_oxygen_meter_fill_lg
204D104244EC37EC,waterbuoyancydefptr
204E6961E8A80B1A,rex_cal_tuning_mike4_burst
2051D25610ADAA39,XAnimNodeDef_FabrikNodeHinge
205321A8AA9F2E5E,achievementlistdefptr
2054EEFA59961D2E,loot/s4_mg_dpapa27_camos_ids.csv
2055C25DA9293E86,mp/loot/br/titandoubledown/lootset_cache_reusable1.csv
20583BBB31528230,ping_contract_confirm_hostage
2059FF919DE15F75,mp/loot/br/truckwar/lootset_contract_scav2.csv
205ABFDE32436C26,attack_chopper
205B452A10BF3B4C,ui_rex_icon_ping_traceback
2069A2A351DEE77D,loot/s4_sm_guniform45_camos_ids.csv
2069AE097770CE2A,rex_drop_zone
206C9913E710634D,menu/brawler
206EF4D87B4989EE,ui_bp_atlas_reward_complete_hvt
2070B5184DD3DFCB,ui_rew_icon_tac_screamer_mine
207465EF49810238,AdvancedHipSwaySettings
20761CB55206E44B,rex_mp_killstreak_nuke_victim
20792BE1FFC3680D,mp/gunsmith/s4_pi_mike1911_variants.csv
207C280E3BC66C08,rex_gametypes/inflation_desc
2082AF0950FC2F73,techsets_mp_rex_mobility_trials_subset_ai
2082DD37FBD4B486,PhysicsFXPipelineIntegrator
2083F457DA53E11F,icon_mp_mode_quickplay
208944D6DBB01C70,VehicleSimOrientationDef
20897A835ABD398F,mp/gunsmith/sn_alpha50_progression.csv
208A8B2B35D0946C,rex_demolition
208C54B700019B6C,ui_sdf_screen_effects
208D763811D1E6D9,mp/gunsmith/s4_mr_svictor40_variants.csv
208DA776B8F9EF36,hud_icon_equipment_throwing_knife_fire
20906693E01EEE5C,sp_menu_arrows_atlas
20918E3C0920E57C,ui_cursor_move_hover
2095206781A43F78,cp/cp_milbase_objectives.csv
209565CF6D68215A,CinematicShakeDef
209BAC617A596650,AttADSSettings
209C34241E3BDC5F,cp/cp_attachmenttable.csv
209CC8727D5FCF81,mp_rex_tumen/callout_southisland
209E4B4FA99F660A,menu_keyart_dmz_layer_01
209E4C4FA99F67BD,menu_keyart_dmz_layer_00
209ED9A64F89238F,BSEQSyncGateType
209FDAD5ACE5DBA6,brloot_weapon_mike26_lege
20A0728398162CDA,rex_bar_lgt_mike4
20A2E99F999ECA95,mp/gunsmith/sn_crossbow_variants.csv
20A4549612639AC7,clantag_dl_rex
20A98651292DBA1A,ScriptableEventSetControlConstraintDestinationDef
20AA55B3349831CC,bc_vehicle_killfirm_jetski
20AC014E9D4997B6,mp/loot/br/olaride/lootset_fasttravel.csv
20AF1F956D87F1E2,reticle_ar_fancy_center
20AF6C0C9D7B1FC6,ping_social_commend
20B17C02588243D8,ncs_mdl_global
20B28A5AD9DCCEF6,mp/stats_init_private_loadouts_wz.cfg
20B2A2DF89314C50,mp/loot/br/doubledown/lootset_contract_asn.csv
20B8D254CAB1A4D7,mp/loot/br/ww2_plunder/lootset_bunkers.csv
20BAD67F9537ADBE,jup_ui_store_protag_label_title
20BEC782A99DD45C,ping_loot_fieldupgrade_generic
20C0CD7EBBB318BD,ui.inGame.DriverHudContainer
20C24D065E9C8E53,mp/loot/br/horizontal/lootset_contract_asn.csv
20C68FA2ABC79BB8,loot/s4_mg_tyankee11_camos_ids.csv
20C719DA66C4A178,icon_operator_select_side_east_logo_med_fluff
20C7ABFC300864F2,TransientFileType
20C869F680F6EADF,icon_mod_ammo_feeder
20CB4D1A1B8E342C,bulletpenetrationsetdef
20CC8FED59DC760A,mp/gunsmith/gunsmithSetup.csv
20CCC438EF6DDF40,cfg/dev_proto_camera_smoothing.cfg
20CCF9D23BD13FC4,voice_on
20CFE03F78236EBE,keybind_backing_white
20D31232AF3082DF,bunkerbuster_burrowed_mp
20D3363A2C1A7B47,ui/stringtable/weapon_attachments_animation.csv
20D3C17ED3F12AE4,icon_edit_player_showcasemasterybadge
20D3FAACAA4682B8,ParticleModuleInitBeamFlags
20D450B4BB3CE5A2,rex_flashlgt_pstl01
20D48A684A129CE5,ScriptableEventSoundSubmixDef
20D6A0713DF4865D,particlemoduleinitweatherdef
20D8D146A730911C,voiceoptions.csv
20DA285ECF7B6862,mp/loot/br/titandoubledown/lootset_empty.csv
20DD956813BAB8C4,ui_blend
20DF505ABD056A7B,jup_icon_wishlist
20DFCD0E2D6EF89D,brloot_weapon_m14_rare
20E13A4618310132,shock_explosion_t10_mp
20E379518A34D0A5,grenadeweapon_bomb_plant_search_and_destroy_rex_mp
20E6642114226A19,military_ammo_restock_noent
20E940047FDA4CE3,rex_attachments/rex_bar_xar1_desc
20ED4C12FAEBB8A4,hud_reticle_acog_circle_SOLID
20EDB9452332AD01,specialty_trait_rampage_rex
20EFADD681ADA40A,WaterDynamicsRawBlendPixel
20F09314D21C3FCC,ParticleModuleVelocityGraphDef
20F0DDD96218E032,mgl_loadouts_private
20F5EACA2B8433DD,VehicleMiscDef
20F71EB3ED1317AD,jup_loadout_killstreak_chevron
20F9F0577793E047,ui_rew_icon_lethal_molotov
20FA66E9640FCCBC,BG_Fortress_Def
20FBB66F562ACD0F,mp/loot/br/olaride/lootset_cache_spawns.csv
20FD695A221FA2A0,rex_team_death_match_movement
210485FD45E97679,SndBulletCrack
21082DAA6F656384,rex_rec_limax_rex_wz
21087DC2123940B7,ui_bp_sector_complete_banner
210944A8FCD627B5,ui.utils.FenceSpinner
210B9F41F6740660,ui_icon_waypoint_lock_large
2115157EA5C9E9AB,$blackshadow_array
21159B937FCEEB75,equip_thermite
211BA55538B3513C,mp/gunsmith/s4_la_mkilo1_variants.csv
211D45BB8795767D,equip_trophy_explode_mp
211DAA419AB1E3CA,weapClass_t
211EC7D8054DCFB7,AiInteractionDef
211ECB8B1D39FAC8,XModelPhysicsAsset
211F4D94F47E124E,VehicleSoundGear
211FC1845338654A,mp/loot/br/mp_sm_island_1/rebirth/lootset_contract_scav3.csv
212139FBFC3F729F,columninfo_t
212266F7C844A8A2,ui.utils.mp.MPUtils
21231089DABAB49B,GfxSurfaceFlags
2123AB9AD99587CA,presence/gun
2125921F98DE929A,ui.utils.FenceStatsGroup
212612EB04A005EA,brloot_weapon_mcx_epic
2126EF1C90EC1138,StorageFence
21271F65212A9834,trophy_submunition
212A03E443E640CE,vfx_magma_heightfield
212CD17F9E548B6D,loot/s4_ar_akilo45_attachment_ids.csv
212CE6C18063C800,ui.WebViewManager
212EDC6447424A15,mp/recipes/br_solos.recipe
212FFA8BC748A9B5,mp/gunsmith/ar_mike4_variants.csv
213153913DE44E9A,GfxStaticModelLightGridVolume
2131EF76481A8A38,ping_killstreak_juggernaut_box
213372E86E9E7A52,mp/loot/br/ww2_mini/lootset_superstore.csv
2136528FBF58A2CF,brloot_weapon_carlg_epic
2136F96312F90B58,weapMeleeAnimFiles_t
2139CD39DA5444EB,ui_menu_codhq_purchase_bg_bo7
213FAB9B6BAA5863,GfxWorldDrawVerts
214417CEAD977F09,rex_bar_lgtsht_mike4
21451F82A2D4D140,jup_icons_xp_reward_large_colored
21476BF7B90930CF,ping_loot_fieldupgrade_armorbox
21477AB476DB68CD,specialty_outline_teammates_rex
214AD5C13C38B066,defaultshockwave
214B7498AE21F314,weathervolumedata
214C73ADFD6A3DA1,gamma_logo_cod_iw8
215B1558B67118D1,rex_sonar_pulse_mp
215DE9BDAC57CB80,rex_pgrip_ske_bmike3
215FA5E8A07EA54C,icon_vehicle_customization_wartrack_preview_loop
2162DAD9A0EAFF42,ui_widg_progressbar_notch
21656B63BE5ADCCF,lua_menu/score
2165AFE66C508447,icon_ping_warning
21687044E695DB1D,mp/loot/br/mini_mgl/newplayer/lootset_contract_scav1.csv
21691767B3346A5F,mp/gunsmith/sm_t9cqb_variants.csv
2169AAEA4774FC9E,ping_objective_defend_device
216D1629F4F2BEA1,rex_decoy_grenade_mp
216E466727834BC0,mp/subarea_tuning_mp_delta.csv
2174E84BBC697D23,mp/gunsmith/platform_049_progression.csv
2180AE5853DF314B,ui_playercard_305
2180B05853DF34B1,ui_playercard_307
21813303C5472106,rex_selectsemi_xsm1
21848795719581E1,pc/REX/priority_psos_frontend.csv
21855B3B826C7588,mp/classtable_br_gulagdbd2.csv
2187BE1F5DA70C60,mp/recipes/mlg_tdef.recipe
2188DF72B16D5F27,cp/cp_donetsk_objectives.csv
2191AB76ACE6BF7C,WaterVolumeVelocityFXParams
2194423A769E61F3,rex_deploy_railgun_no_marker_mp
2194BF42B0BC85E7,CameraSentryDroneDef
2199070DE711B5F4,mp/gametypes/payload.txt
219FBEE44B126E75,vision/mp_frontend_iw9_bundle_cool_b.vision
219FE6223176FE21,ping_loot_equipment_proxmine
21A0858958FBCE41,veh8_mil_air_blima
21A681EF6D4FBD81,uk_bottle_oil_med_01
21A80E5EEB2120B8,hud_reticle_s5alterego
21ABE10B8A414192,bc_combat_inform_vic2_logistics_almost
21AD6536A105A9E0,FXListEntry
21AE2147094A50D0,mp/gametypes/ko.txt
21B0A882C91518F5,rex_gunship_25mm_turret_mp
21B1BA2B522CE8E6,specialty_trait_scavenger_pro
21B280003D6DECD4,generic_button_overlay_gradient
21B5A2A06B4C6ABF,mp/loot/br/default/lootset_gulag_cash_circle3.csv
21B5B39C992915A9,ui.SequencePresets
21B880C3CEDE1A97,dev_proto_camera_smoothing.cfg
21B933A3508D8B78,mp/attachmentcombos.csv
21BE6A8CD4E971FA,icon_challenge_weapon
21C0398D6573A4F2,icon_wz2_logo_sm
21C4F12FBF3F7AB1,recon_drone_dmz_mission
21C5BEF5676C8EA1,mlbackendtype
21C664D6C03811FF,mp/callingcardtitles.csv
21C7BB7BBBF91D03,defaultmlmodel
21C81144E971612A,mp/loot/br/default/lootset_extra_plunder.csv
21C927D0816D5892,perk_trait_consumable_increase_rex_mp
21CA3D4EBD1FC496,mp/loot/br/plunder/lootset_cache_pe_crate_drop.csv
21CAB56015C0F363,loot/iw8_sh_t9semiauto_camos_ids.csv
21CB5BFABF0B4192,hud_icon_player_dead
21CDC08E13A1B730,bc_flavor_player_negative
21CEF8442C7DA8AB,ping_inv_drop_weapon_custom
21D076DA01045380,ui_icon_social_generic_offline_large
21D0F764A9FB4E72,mp/loot/br/gold_war/lootset_cache_spawns_bunker.csv
21D71BAF0A9C1975,rex_possession_grind
21D85440B53539D5,hud_reticle_plus
21DC2EFC8574C33B,loot/iw8_me_t9mace_camos_ids.csv
21DCC659BE6B9B91,ping_objective_spotted_bomb
21DEAB276B300894,hud_backpack_slot_weapon_special
21DF62F93666D866,rex_tur_bmike2_sp
21E18B64ED1B2F33,ping_killstreak_generic
21E239ED827AED24,specialty_mountaineer_rex
21E2F7724580ECC8,defaultreactiveoperator
21E98A331102CBF6,mp/scriptedanimtypes.txt
21F1233FCC94215D,mp/loot/br/mp_sm_island_1/rebirth/lootset_bunkers.csv
21F184595353856A,loot/playercardtitles_ids.csv
21F209024D1B0B61,BSEQFilter_EphemeralEventFired
21F29E1D9A02E554,jup_weapons_progressbar_fill
21F73528CD4D1429,iw8_ges_plyr_self_revive_stim_pistol
21FBD4955D39FE93,loot/s4_ar_promeo45_attachment_ids.csv
21FBE9C1DB12372D,mp/loot/br/ww2/lootset_killchain_boost.csv
22005EC2115FAEB1,weather_instanceid
2203D87B479DF142,defaultobjective
22046381607698FC,MapVoxelizedState_DataStructureUnion
2206C6E9D51412AA,icon_mode_mp_knockout
2208A1C37F2052A6,defaultbestplaycam
220ABABFA96D84A1,mp/loot/br/mini_mgl/lootset_contract_scav1.csv
220C457B055061EE,rex_weapon/rex_pi_zipgun_desc
220E3E5A47559EEC,bc_fieldupgrade_action_stimpistol
2210887954D55BAA,GfxSHCompressedProbeDataZH3
2210A92F0170E2A4,ObjectiveDataDef
22118C87194948CC,PathSpeedTableEntry
22128006C60FF9BC,mp/loot/br/mini_mgl/newplayer/lootset_root.csv
2213C00D3FC77686,cfg/buttons_nomad_tactical_alt.cfg
22164CD70D8526EF,perk_scavenger_rex_mp
22191F3A004494B1,sat_button_stick_right
221C645A8081B650,xhashanimparam
221D473321982DCD,AttDisplayReserveAmmo
221FA1C1558F8FA4,DObjAnimMat
2220C71F304A976D,lua_menu_mp/hijack_hc
22227F8E57B00C31,player_downed
22234E66509652C6,ping_inv_drop_armor
222583824C21ECCD,offhandShieldMaxSpeed_t
2226109D560842EE,wz_outline_rarity_custom
222766E779EA9272,mp/emblemmaterials.csv
222791C2F4261FFD,rex_attachments/rex_stock
2228E1D082545294,rex_air_lockdown_mp
222ABFF6503DB987,Scriptable_ConditionType
222C836C5BA66C08,favorite_corner_back
222D6278BC8DC117,icon_waypoint_status_plate_left
222EC926FFF16D0E,fullscreen_dirt_right_splash
2232A48BE92F7E67,ww_code_post_gfx
223AF890C29311B4,widg_gradient_ch2
223B07B4FAAEA1E6,loot/s4_ar_stango44_camos_ids.csv
223E003EE02FC3BD,menu_button_border
223EE9CEDC2E5753,WeapOverlayInteface_t
22471C74AC9E734D,ui.LUITechyDigits
22487B82756B70DE,ScenarioZone
224EE77C9FFFC4A9,uk_car_detailer_spray_bottle
225098EAC88F7B49,cp_iw9
2252C553E815D20A,ping_vehicle_rider
2254A12393A6EF91,mp/loot/br/doubledown/loot_item_defs.csv
2257867F5C171C35,BCAliasTable
225B59E0B4D298B3,ui_bp_map_grid
225BC380D26B77A7,rex_dynamic_null_hotel45
225D845BE4BC0283,ui_map_icon_gas_refuel
225F6EF8FBCBFB45,mp/gunsmith/s4_ar_asierra44_progression.csv
226234BD5375A87B,mp/loot/br/rumble/lootset_superstore.csv
226779F11B3EE1B3,GfxVoxelTopDownViewNode
22682F8C5772C4C1,balloon_extract_mp
2268606B84E5FC57,specialty_pc_medic_rex
226DA32530C7362B,commondata
226DA857B408570E,ui_map_icon_drop_loadout
226FC157D8AEEA5A,vehicleblueprintdefptr
2272D2BC26EE3328,roomdetectionData
2273D9079EE35A6F,rex_bar_limax
227434DFC8754CE5,ui_rex_icon_perk_prog_resupply
2277065EE36FE922,ui_rew_icon_tac_snap_shot
2279FE0EF68432F5,rex_attachments/rex_ironsdefault_pmike63_desc
227E3A73491BB0F5,specialty_extra_deadly_rex
228069D9CD2A5EF1,mp/loot/br/truckwar/lootset_bunkers.csv
2280CD37C4B95DBD,frontend_extracted_xanims_1_global_stream_mp
2283EAB6B737628C,ui_rex_icon_wpn_ar_kilo437
22853AAEF689868F,OverrideBinding
2285731FDC100DCF,PRESENCE/GRND
2285971EEF0DD2E8,mp/recipes/mlg_sd.recipe
22873E5EBD75D00F,ui.utils.AttachmentUtils
2289E58D17CDA242,play_menu_button_drop_shadow
228B5F65B9E0811F,xanimsetconditionvalue
228B72380B60CF57,rex_pgrip_tac_bmike3
228C9A6ED41C35E3,mp/gunsmith/s4_sm_ppapa41_variants.csv
228DD0E4A7433978,towerclimb
228DF2F0CC277767,XAnimNodeDef_CG_Gesture_IKTargetNode
228DFA98CDF90DF7,hud_workbench_attachment_panel_mask
22905B5352E85167,spatialpartition_population_transientmapptr
2293C8AD7FCBE8C7,ui.utils.MobileChallengeUtils
22948AFB7C3BA56A,rex_bar_lng_akilo
22961083B50B411E,specialty_tactical_recon
2296824A58F7FF2C,mp/loot/br/mp_sm_island_1/rebirth/lootset_cache_reusable3.csv
22968789F420EAA5,ee_sign_street_cariageway_ramp_01_lm
22996CDE39E596CE,rex_drill_charge_bomb_sub_proj_wz
229C29B0D9CB3EAF,ParticleModuleInitRunnerDef
229E45F004055A54,icon_global_achievements
229F6C2DF063B710,veh_diagram_gunship_glow
22A2629E143E8DC6,mp/loot/br/dmz/lootset_cache_spawns.csv
22A45BEA180F20DA,AttGunTilt
22A626E67DDA5772,scriptedanimtypes
22A66F35F932555D,ui_rex_icon_fu_razor_wire
22A7581C5142E804,mp/gunsmith/platform_jp37_progression.csv
22AA144AF2C3EC8F,bc_killstreak_action_sentrygun
22B11373D7A9B482,ping_biometric_scanner
22B56AA9C17658A9,ScriptableEventExplosionDef
22B5FF0C47ACE088,mp/gunsmith/me_t9etool_variants.csv
22B7654F87FF0838,ui.InGameMPEquipmentDataSources
22B797E6DFFF4E78,PhysicsSFXEventAssetRuleType
22BC538AA02993EE,hud_outlined_dot
22BCC845472B0602,cfg/console_mp.cfg
22C4464C59EBE1AA,omnvars/mp/gametypes/omnvars_ko.csv
22C6C4711338E220,bc_combat_action_execution
22C88E4446A00ACE,HwConfigTieredGroupDef
22CE4662C37C5627,GfxSHCompressedProbeData
22CF337A015E8947,bc_status_player_recover
22CFD944CF32E4FB,AttADSSettingsTunable
22D0F2103581296A,rex_equip_flash_rec
22D618C6F32EC9D1,AttADSSettingsScaleTunable
22D73FD744D6BE04,rex_attachments/rex_irons_bar_sht_bmike3_desc
22DA10DE0B693B42,defaultoperatorbonesync
22DA11F62641AD1A,defaultsndreverb
22DA55C256A3209B,influencer_carepackage_drop
22DA9893732B9D26,XAnimDataTrackType
22DD8760740FCE1C,mp/gunsmith/s4_mr_aromeo99_variants.csv
22E060B5A5359523,AttADSSpreadSettings
22E0A4E033740C55,ping_objective_destroy_generic
22E0E22892B55279,AttADSReloadSettings
22E2F4F49040A6F6,GfxStaticModelCollectionTransientData
22E3E16D154AEEE3,loot/iw8_sm_charlie9_attachment_ids.csv
22E4F8DC8A22EE67,vision/aftermath_glow.vision
22E5D2B7AB22BE49,dynamic_weapon_attachment_icon_table.csv
22E770968DD0BC7B,MaterialStreamTreeGridCell
22E935E667FC5027,ui.utils.TweenProperty
22E96703D2409B5F,mp/loot/br/saba/dmz/lootset_supply_drop_samsite.csv
22E9E84C4BE34AEF,ui.widgets.ToggleButtonLogic
22EC213C765EBE06,animselectortables/soldier_traverse_warp_up.csv
22ECB4430E1E1476,ui.utils.SteamUtils
22F17EDE3A302B3A,rex_drill_charge_bomb_sub_proj_mp
22F2E15A3C9AB6F0,shock/light_bullet_damage_mp.shock
22F3E45BC8D722E6,hud_minimap_fow_range_circle_outline
22F6A3C72BB9DDB6,vision/mp_frontend_gunbench.vision
22F89A553992B04D,specialty_trait_increased_stock_size_rex
22FAF3578DDB12BE,char
22FB10F470E1F79A,ParticleModuleInitSpawnShapeSphereDef
22FD7093740483F1,equip_thermal_phone_rex
22FF6EA2660E0751,SightConfigPerState
2302EC77DF06B0E0,ping_equipment_shockstick
2304BDCB0B812380,rex_hardcore_gun_game
2308398ED368C95E,me_food_bread_pile_04
23083B8ED368CCC4,me_food_bread_pile_02
23083C8ED368CE77,me_food_bread_pile_03
23083E8ED368D1DD,me_food_bread_pile_01
23088C0BDACCBB87,SndMasterPresetBusFxDef
23098EF6C776A2B5,vision/respawn_camera.vision
230A1F101488F29C,mp/menuclassicweapons.csv
230A6006264B391C,rex_dynamic_null_dblmg
230CA181BB215501,mp/gunsmith/platform_cp24_progression.csv
230D23CFF98D0BA7,jup_ui_logo_tag_persistent_label_backer
2314F99FEC861112,ui_mp_br_loot_icon_ammo_mid_detail
2315D9F679FE425B,rex_mp_milsim_ksk_amphibious
231AE5DDF7B0D46F,ui_gunscreen_emblem_gluttony
23215A1DFA67E65E,icon_perk_slot_graverobber_ui
2324B66EC1DBCA20,buttons_lefty_alt.cfg
232858C9B42F2932,executionanimtypes
232926AE567B3207,hud_reticle_sniper_02_center
2332F32052831132,ScriptableCollisionFlags
23340881ABAC7F6F,super_sam_airburst_turret_rex
233492A0F0102F21,loot/s4_la_mkilo1_camos_ids.csv
23363F58DCB1DA8A,scrambler_drone_guard_rex
2337A931BFB2B022,loot/iw8_sm_t9standard_camos_ids.csv
233B09B7570A57B5,ping_fieldupgrade_loadoutdrop_rex
233B0EA51957B272,button_glow
233DA73838DC50C6,calloutmarkerpingmetadatadefptr
233EB7B337FF794C,codcaster
233EF56B0F7318E5,mp/camerapositions_sr.csv
234132FF0799FFD4,specialty_frontloaded_apex_rex
2346677698779391,mp/gunsmith/sh_charlie725_variants.csv
2346AE2F9E012F99,ParticleEmitterDef
23494C1C5346E439,mp/loot/br/kingslayer/loot_table_zones.csv
2349743687C31200,AI_Sight_Shape_Union
234AB6CB8FB16F7B,rex_irons_bar_sht_bmike3
234BAF8741B98AD9,jup_ui_floor_widget_floor_current
234CC63278132F3E,rex_bar_lgt_akilo
234D74F392FE60A7,button_primary
23527307A3949CED,hud_icon_equipment_thermite
23553CA7CFE646CB,GameTypeTableDef
235BF18BF5818451,ui_rex_icon_perk_prog_battle_hardened
235E7595401776C8,ping_killstreak_advuav_hostile
235EC7C9A3B41154,vision/killstreak_thermal_fog.vision
2362DE2FD8C49203,animselectortables/civilian_traverse_warp_across.csv
236A020ACCDA29DF,MaterialFlipbookParamsKeyframe
236A9650BD9ED0C8,hardcore_settings.cfg
236A9CDA55F4302D,bc_killstreak_killfirm_switchblade_drone
236D29554C654999,rumblegraphptr
23785E9627DD0D5E,equipmentsfxdefptr
237B77873009FC88,mp_rex_tumen/callout_southfork
237C9A117D9C673E,VectorFieldBaked
237CCC40D5CA20D8,SettingContextDef
238017C6E5D89CC1,cod_points_9500
2384C4C3A2404F43,mp/loot/br/default/lootset_root.csv
2384ED7CB42329A3,loot/iw8_sn_t9damagesemi_camos_ids.csv
23892F852EC7FA52,jup_hud_reticle_square
238A1F4F2AE49828,mp/loot/br/rumble/lootset_global.csv
238A7B2160B8EC94,mp/loot/br/classic/lootset_root.csv
238C278291647BFA,rex_smoke_grenade_cricket_mp
238C747C175E8121,EmoteDef
238CBABFDC754E5A,specialty_trait_rescue_mission_rex
238D6DBF34467141,cp/basemaps.arena
238E8C8CDF5C61C3,ScriptableEventApplyConstantForceDef
238FC4D92E96A4EF,rex_semiguard_bmike3
23940D0B046963CD,rew_wounding_grenade
239443AC2DA1C2D8,SndCurveType
23954185FD363D80,rex_ammo_9p_ap
2399F0DD7805624D,icon_perk_slot_mercenary_ui
239A29B4328CABD4,ReloadCheckpointPerBaseAnim
239B5E8D79E97F73,ee_food_bread_basket_01
239B5F8D79E98126,ee_food_bread_basket_02
239B608D79E982D9,ee_food_bread_basket_03
239BBB480ED2E266,ub_flare
239C67DE0CDD7119,defaultwhizbysfx
23A3260458319523,aiinteractiondefptr
23A629A4031843A6,WeaponOffsetBlendCurveId
23A642EF427A22C8,air_lockdown
23A6C6FC5B29C27C,bc_killstreak_action_juggernaut_recon
23A77DBD44EBFD6B,mp/brtacmap_legend_olaride.csv
23A81DA695159D9F,ui_icon_theater_info
23A8F29C0EC8E46E,widg_gradient_bottom_to_top
23A95B224A936218,ui.utils.GunScreenUtils
23AA6F2A0FE39205,ui.utils.MetricsUtils
23AA8F0A8BD25EA8,equip_hb_sensor
23AB9CEFE58095A8,ui_dmz_exfil_streaks_progress_topo
23AD4D85FD4AE3C5,rex_ammo_9p_fr
23AD808293540907,ui_dmz_upgrades_reward_backer
23AD8EC639E86A7C,ui.inGame.mp.MinimapContent
23AD92634CCEB4FD,ping_equipment_tactical_generic
23B0D049FD32D7AE,brloot_weapon_marlin_comm
23B0F466A4F922F1,icon_waypoint_sp_generic
23B43340674CFBD9,hud_circle_outline_1px
23B45785FD511371,rex_ammo_9p_hp
23B45985FD5116D7,rex_ammo_9p_hv
23B5E6DD28E87CC8,cp/cp_so_star_rewards.csv
23B6B8874E87ED93,ui.utils.AspectRatioUtils
23BD9AACF620EE9A,ping_armory_building
23BE46B37B6D2E80,equipment/c4
23BF1911FA395921,ConversationNode
23BF3B3FCDA5F02B,equip_sensor_dart_rex
23BF606951B24341,hipfire_rex_sh_bmike3
23BFB5D877A8E7E3,Clipmap_Ptr
23C0816D6831732F,G_GlassName
23C33311A7859A28,deployable_kiosk_marker_mp
23C36E2DA8CE546B,null
23C55585FD5F833E,rex_ammo_9p_op
23C66A1DF094CF70,ui_default_linear_reveal_map_gradient
23C691AE0D951040,loot/jup_id_overrides.csv
23C72C5BAF25F829,ui.inGame.mp.MPBinkOverlay
23CA62203AFC4067,$black_array
23CE4F45215F099B,specialty_trait_regen_rex
23CF7A100292EB67,ping_loot_confirm_weapon
23D1E31134A63D3A,hud_reticle_line_hollow_point
23D3EA2D3AA347D7,DynamicDecalVolumesInfo
23D78FC950CD3038,icon_section_controller
23D8BF778134B480,specialty_hardline
23D8CAE1E9C52E76,challenge/stickerbook
23DA8C706CFDAA8F,aar_gfx_unlocks_sparks
23DC7B307E1BDC73,super_remote_device
23DC83CD960AA306,electrical_light_switch_01
23DCE3A6FDD15B87,rex_bar_lgt_uxray
23DE2D59DBCB7C7B,omnvars/omnvars.csv
23DF4BE8D0A47ADD,hud_icon_minimap_vehicle_suv_1996
23E073A52AB9A804,leagueplayprogression
23E3F42B0ED9733A,ncs_obj_global
23E42C42121E7DB6,PackedQuatDec3n
23E45646CCF4CA02,XAnimNodeDef_LookAtProcedural
23E5AA91DEF9FD36,mp_rex_tumen/callout_shoppingeast
23E94941B715549C,sat_ui_icon_social_party_code
23E97385A28F56E3,medical_oxygen_tank_01
23E9DB6C805B2101,ui_widg_generic_bottom_top_gradient
23EB28111BFF37C6,loadout_dmz_backpack_entry_weapon_empty_diagonals
23EB6AD456616215,omnvars/mp/omnvars_hardpoint.csv
23F53CADEAE2F3C3,ParticleEmissiveCurves
23F78E4D28BAC430,ui_rex_icon_ammo_firetype_semiauto
23F858DF47B689F5,perk_trait_backpack_extra_slots_rex_mp
23F9AA0DE342388E,super_emp_pulse_rex
23FA3C3E9495362A,mp/loot/br/rumble/lootset_contract_dom.csv
23FAE934FD696F22,ui_bp_aar_atlas_digital_pattern
23FBFF7F412F874E,ui.utils.Onboarding
23FF5692B205AC61,ui_gunscreen_bg_valuables_dmz
2400AB2C1E05F187,VehicleInputUsabilityDef
24037E731C6D0386,ui_rex_icon_fu_prog_tac_insert
240AC918A206F5D8,debug_total
240C79C20ED07834,hud_reticle_med08mp
240CDCD4FC2E60C6,battlepass_s05_emblem_gold
241509A7569D40AB,icon_mic_muted
24190F9453242235,ui.std.Table
241AB7879BCAA60F,SndGlobalOcclusion
241AD3A3EC0BEE1B,GrenadeRotationDirection
241F431D977FA8DC,animsetstatemap
241F9ACA87499CF8,sndchannelsdef
2420BDEAB8105484,ui_rex_loading_screen_mp_transit
24233B1C9CE6F161,XAnimNodeDef_9PtBlend
242516C21E55E5F0,rex_fe_op_crib_xcam_gunbench_mg_xcam
2425BAADA90D25D4,icon_edit_player_emotes
242D9270919C63DD,metabone
242E7E00A0EA0314,mp/gunsmith/sm_charlie9_progression.csv
2431B0A6456B33C1,ASM_Mode
2437FBD1D603B402,icon_loadout_gunsmith_unavailable_sm
243E21EB8F00DB42,mp/recipes/gwbomb.recipe
243EFC35DD45592B,precision_rex_dm_golf28
2448C857FFDC53D7,xanimsetconditions
24503983E466A04D,rex_comb_hvy_svictor98
2452D26AA9951A47,mp/brmission_champion_task_mixed_squad.csv
2453E754FCC16846,defaultsndchannels
24585C583D3D15FE,rex_bar_psierra41_apex
245ACB81D48C6257,rex_comp_vert_hotel45
245ADD63A5ED8273,AIQuadTreeNode
245AE46DACD0FFD4,dynamic_anim_slot_loop1
245AE66DACD1033A,dynamic_anim_slot_loop3
245AE76DACD104ED,dynamic_anim_slot_loop2
245BF50ADE93DF89,AttDismemberment
245CACA376034972,sndfullocclusiondefptr
245DDCFDFBFD1329,rex_trig_hvy_kilo5
245E006E826C2B1D,rex_stock_tac_bmike3
2461538757BF3477,obmission
246271C5715B07B1,mp_javelin_mask_canvas
2465E70859BB261B,mp/cac/heads.csv
2469FB32B60FA406,lookcontroloptions.csv
246ADF2E001B3AE1,GesturePriority
246B17B204580B58,mp/loot/br/mini_mgl/5_minutes_mini_br/lootset_empty.csv
246FA6746594DF05,ui.utils.mp.WeeklyChallengeUtils
2470F3374AC5284B,mp/gunsmith/me_t9scythe_variants.csv
2472A31426CBF736,ui.utils.SeasonalEventUtils
2472C443F9FA4915,xquat2
2473661CDEB8AE71,ui_icon_xp_token_inactive
2474244D52FEBB5C,rex_lm_microgun_mp
247600C791A8517A,rex_minireddot_emp
2477CB994FC9CE65,cac_mini_attachment_dot
2478223C2255F193,mp/gunsmith/ar_akilo47_progression.csv
247C7C80B01FF8E1,mp/cac/camos.csv
248102740848C171,WeatherEnvironmentSfxPackageDef
24827A1F70A4509A,mp/recipes/rush.recipe
2482B5A385DD80DE,rex_fourx_hybflip01
248498E397FACB49,SndStreamData
2484B7FAB000E6D5,ui.utils.BRArmoryKioskUtils
2486731F90B26935,ncs_os2_global
2489A0527733900D,rex_guard_pmike63
248CBE1C7CEEDCE5,aerial_scanner_rex
248E0BED5F231FB7,ae/rex_ae_autogen_win_streak.csv
248E579C61472797,ae/ae_leagueplay_challenge_achievements_mobile.csv
248EB56F4AC95453,hud_icon_br_plunder
249341E2A14C339E,ks_radar_drone_recon_mp
2493F352E919F500,hud_reticle_short11_h
24940252E91A0E7D,hud_reticle_short11_g
2498D521907D6D9D,mp/gunsmith/s4_me_pdelta_progression.csv
2499B1AB4EF422BF,ui.inGame.DriverHudLgTransportContainer
2499B46F3911B2CA,frag
249B1199633011AF,mp/gametypes/ball.txt
249B2A00D829C004,SoundSubmixDef
249B4962A4E4C351,cruise_proj
249EA563B633AB8C,specialty_wingman_rex
249F2B288596123C,legalflow/doc/en_us/pii_korea-uno.cod_v1
249F37F1DED541F1,mp/gunsmith/ar_t9slowfire_variants.csv
249F8069F8BE60E8,icon_generic_pagination_arrow_left
24A13B016D54EAA6,icon_attachment_ar_mike4_barsil
24A652056D93D391,loot_mp/gestures
24A7DF114B7D7E96,bc_vehicle_killfirm_bigheli
24A9950CE0CB3FD9,vision/flir_0_black_to_white_recon.vision
24AD1534401E9AF2,bathroom_toiletries_tube_01
24AEC0B8BCB8B6C3,jup_icon_xp_token_player_60min
24AF1B1AF4F6840C,rex_irons_bar_hvylng_bmike3
24B0A1E0E64A8997,operator_select_side_single_edge_gradient_glow
24B1E318FE3BAA63,rex_dynamic_null_spotterscope
24B2E91622B67861,ui_bp_atlas_reward_unlock_base_black_cell
24B33AFCBAB33403,hipfire
24B3A0A5358F2DE7,GfxLightGridType
24B4A38E4B830C82,computer_server_rack_unit_10
24B6FCAA1A5BE371,rex_selectemp_akilo
24B7AB8E4B854FF1,computer_server_rack_unit_02
24B83F1E08FB216F,hud_reticle_meter_2
24BA1DBFEFF66365,rex_fourx_hybflip01_reflex
24BA484D091045DC,ping_loot_equipment_breacher_drone
24BEA032C47CA3C3,ScriptableEventConditionDef
24C0F3D8012E11FD,icon_spinner
24C105E45C783046,vision/coup_sunblind.vision
24C1C9189DB1D85D,hud_backpack_slot_empty_cash
24C362D54F027B74,rex_attachments/rex_ammo_300blk
24C57D63297744D8,mp/gunsmith/s4_pi_duniform_progression.csv
24CA66CA9EAEF8EA,mp/battlerigtable.csv
24CBC891F10CD617,vectorfieldptr
24CDC790189BEBF3,ui_gradient_bottom_to_top
24CDE835A458A096,rew_gametypetable_br
24CE6B8971344795,bc_killstreak_killfirm_sentrygun
24CF89A2F165C61B,ping_enemy_tier2e
24D154BBE38A5F38,MaterialFlipbookParamsLayer
24D17584533014A8,SndFullOcclusionDef
24D22E8E03DFDE40,ui_icon_stat_hvt_elimination
24D26DA2F167CC5E,ping_enemy_tier3e
24D2F57DF0943AE3,perk_regen_delay_on_kill_rex_mp
24D4C0F2E9BDE017,ui.utils.DetailedWeaponStatsUtils
24D83802C924E119,ui.MainMenuPopupManager
24D83A9BB9F95462,XAssetType
24D90D1204EC3D6B,lensflareaxis
24D979A2F16DFF70,ping_enemy_tier1e
24DE34B95D19199E,rex_bayonet_moscar
24E0DC15937AD3DE,ping_inv_drop_equipment_lethal_generic
24E1A923C54DAC62,loot/weapon_ids.csv
24E56AB90FFF0D52,mp/loot/br/default/lootset_contract_safe1.csv
24E5E179AA5BEC42,icon_mp_mode_trial
24EF4EFFD8DE2F9D,buttons_one_hand_gun.cfg
24F4833D21768F63,ui_jup_menu_mission_select_rarity_backer
24F584739F657519,rex_selectsemi_mike4
24F5D8AB564D41CF,rex_drum_spier9
24F5F22C750ADF6B,debug_vehicles
24F60BD953BF2CAD,overlay_bomb_drone_targeting_squares
24F870588EF56DDE,particlesystemdefptr
24F92214BE6D836B,mp/attachmentmap_combooverrides.csv
24F9C7209CF63276,omnvarassetdef
24F9FAEE55A47A1A,header_banner
24FA4D9170E11B25,TransientTriggerId
24FAE1FF024483E9,mp/gunsmith/sh_t9pump_progression.csv
24FB772E5C1FDE23,ui_rex_icon_ammo_firetype_fullauto
24FB8931B1AEF6B3,hud_secure_backpack_slot_empty
24FBB109BE4E574C,battlepass_center_in_gradient_small
24FE6BCA771A03A5,widg_gradient_right_to_left
24FED7EAEEF5AF9E,ParticleModuleShaderGraphDef
2501BCF9671371AF,mp/loot/br/dmz/biolab/lootset_cache_locker_armory.csv
25026666E28DC86E,ScriptableInstance
2503ACE791E23B1C,weaponwearabledef
250597558F86C1B8,wdg_selection_arrow_right_1
2505B328F067E4E5,equip_binoculars_rex
250CBC260F607539,StreamVolumeCompressed
2510911B652D92DC,brloot_satchel_munitions
2511EAD923F68AE6,rex_stock_hvy_findia
25127573F652A8B3,ui_loot_gesture_lights_off
25160546320F50E6,rex_attachments/rex_scope_airburst
2516215B5DEEE881,ping_equipment_geiger
2516CD25095F0884,specialty_trait_stealthy_rex
251978114F706EF0,rex_stock_tac_spier9
251AA2B62B402ADF,jup_icon_xp_premium_boost_not_active
251ADE39A69716EC,brloot_ammo_12g
25206AFA1BF98565,mp/loot/br/mini/lootset_contract_scav2.csv
2522B272BC1AE19B,fontcache_blend
25230F1DB580D77A,hud_koschei_complex_splash_topo_full
2525278F6CCBF0BB,icon_equipment_slot_smoke
252534F1E9073CB7,statentrydefptr
2525E475E51E4BAF,mp/gunsmith/sm_t9season6_progression.csv
252675B487D67ED9,ping_area_confirm
252A726803D51E1B,PlayerFingerPoseSlot
252A83F6CE6E4482,rex_stockno_mike4
252D0DCF8BD370C6,tablet_mgb_background_fluff
253163C21D00C606,mp/loot/br/plunder/lootset_superstore.csv
2533B8A09DD6AB3F,specialty_trait_possum
2533F833D7C5FD3F,xanimsetinstruction
2534671E5B0C9680,metadata_weakspot
2535564BF7F0F1C7,run_n_gun
253570F494D1772D,brloot_equip_gasmask
253704EE79419851,physicsvfxeventassetptr
25391B4DB0C449CD,StNonProceduralCustomMesh
253D68C6E2BE736F,IndoorExclusionTileCpuData
253DD46888445EFE,ui.LUIPagedText
253F13BFAD530D15,mp/gunsmith/me_t9mace_variants.csv
254122D3CB50FF37,mp/loot/br/dmz/biobunker/lootset_cache_spawns_tier2.csv
25422D290C926352,loot/iw8_sm_secho_attachment_ids.csv
25425DF196701E0C,ttlos
25441F7687D56FF3,rex_ironsdefault_sierrax
25461F58A0FFAFB7,ui.utils.RejoinUtils
254879BC0E53F645,specialty_trait_chunk_revive
254AE4C967D8811E,ui.LUIFixedAspectRatioImage
254B8F1B5B6B66C7,brloot_weapon_famas_rare
25508DAC1DC50018,setting_image_dotgrid
25516D5275E838F9,loot/s4_ar_fecho_camos_ids.csv
2554F33C6C50C57A,DismembermentBoneEntry
2558270706BFA23B,GfxUmbraTomeAsset
255B68C88BD96726,ui.AsyncPagedDataProvider
255BB4B4998BB89F,mp/br_area_denial_label
255D74B2272E3380,rex_pgrip_ske_uxray
255D973C0DF30FE3,roze_eastern_a
255E38F2F160DDC8,uk_file_cabinet_garage_05_drawer_a_green
256595AF5DB9C493,tertiary_bold_italic
2565BB1273379613,perk_hunter_tracker_rew
25660FEBFBBF3F7C,GfxImageAtlasSize
2566AF68C59F46F2,cfg/buttons_bumper_jumper.cfg
256C89E700FC745A,shock/teargas.shock
256D2085ED09340D,overlay_gunship_target_arrow
256E2BB6ACBD7229,riotshield
257499BB9F6BAD72,omnvars/mp/omnvars_loot_container.csv
2576351DA1E75F4B,rex_bolt_bmike3
257828541F1076CB,brloot_weapon_mg34_epic
257CD5D9A71B3E40,bc_equipment_incoming_flashbang
257D60C4F43E5C7D,PhysicsBoneLink
257F9BC73E95016A,weaponsfxrange
2581D955B61345CF,ping_killstreak_airstrike_generic_hostile
258203C084365270,mp/loot/br/dmz/lootset_cache_spawns_hotzone.csv
2584FF1F5D68F574,WeaponFlinchData
258551FCAA3A95A4,hud_ping_container_corners_map
258949ACFDD1B1AC,icon_waypoint_circle_fill
258C17965E7B1D85,hud_reticle_cross_center
258D80E208F4EC59,equip_tac_insert_mp
258E14FCE586B293,hud_icon_target
25944E34FDEEE9F1,equip_screamer_mine_rex
25972A963B0F4216,rex_mp_milsim_sk_ct_1_1
259769850F1D75D5,perk_trait_auto_fill_rex_mp
25981A8EF7DDEF49,icon_skull_small
2599107377B6FF66,rex_weapon/rex_me_tacknifea
25991D22518581E9,mp/gunsmith/s4_sm_wecho43_variants.csv
25996C905DB8F86A,GfxPbgBloomTexParams
2599BA9DE852461A,ui_rex_icon_mode_tdm
259A218BE9FA0CBB,defaultdismemberment
259ABBCCFB00E2EE,veh_diagram_mil_cargo_truck_mask
259C82CDACAD1CB4,XAnimSkeletonConstraints
259CB32E361D2EBE,WeaponVFXPackageDefs
259FEEB992FF0D57,rex_pgrip_tac_decho
25A183E574ADC5D9,specialty_trait_numb_the_pain_rex
25A4388BF165CDE8,mp/gunsmith/s4_me_katana_variants.csv
25A4DA3763DE68AB,hud_icon_new_marked_center
25AB924B257337D8,mp/gametypes/gwbomb.txt
25AD4AD5E214C9DA,XHashKeybind
25AE0CA9EC1A545F,vehicles
25B0AFDCFCE80995,rex_snscope_rf01
25B217C715F01574,loot/iw8_sn_mike14_attachment_ids.csv
25C0CF7FF96A0F19,perk_trait_increased_resource_storage_rex
25C2A865BF780A05,SndMusicContentType
25C2BD3381982FE4,ui_rex_icon_fu_prog_drone_recon
25C3400D38212A49,gfxdisplacementparms
25C4048C9A30F694,hud_field_upgrade_radial_background
25C40DB507717E8D,brloot_weapon_mp7_rare
25C4353FCD1703BA,hud_reticle_s4dadler
25C7410EA70FC64E,SpawnGroupPoint
25C76A8C9425AE93,xanimsetrule
25CA0F4DBE6DD2BE,loot/iw8_la_juliet_attachment_ids.csv
25CB146950183D20,rex_shscope01
25CCD5699DEEDCC8,TransientInfo
25CECB96F3575BDB,mp/loot/br/olaride/lootset_cache_reusable3.csv
25D0EA0A597FD018,ui_gesture_thumbs_up
25D4095F308F5708,logo_infinityward_textonly
25D6D872DF10659A,xanimsetparametersdefptr
25D72D5BFB58E2A7,specialty_breacher_muzzle
25DA999B308AD0A9,ping_killstreak_airdrop_generic
25DBE1FA2121DC62,specialty_drill_instructor
25DC8FBC78E067C5,button_shoulder_left
25DC98ED1F3D425B,rex_findia_throwingknife_mp
25DDACCFF8ACC216,hud_icon_fieldupgrade_personal_redeploy
25DFCB9E94D17669,loadout_armory_entry_border
25DFD3704A8DD204,telescope/localurls.json
25E156B98FB1B40F,emporium_computer_monitor_02_169
25E6F0724475A73A,ui_bp_blackcell_emblem
25E8F80949A6396E,specialty_trait_objective_oriented_rex
25EB5308509BFDD8,ks_nuke_mp
25EB66CBB465EB07,ee_sign_street_stop_01_lm
25EC81E9A3B37A53,XModelDecalVolumesInfo
25EDD002D9C4AE92,rex_view_only_mp
25EDDAE05F136D6E,bp_a01_border
25EF8EE6EC63B647,mpdata
25EF93AD97659638,specialty_trait_survivor_rex
25F1060148E9F60B,rex_mp_kofi_1_1
25F15A41259072CB,SndGlobalWhizby
25F2F60BF343F390,hyperposeDef
25F6DE13818422F0,mp/cac/inflatable_decoys.csv
25F7B0C1DC06E9A6,ncs_ges_ingame_sp
25F7BE70E9ED0651,ui.ingame.mp.tacopslayer
25FAAB3A65CEA430,LeaguePlaySeasonScheduleRecurringEntry
25FB36E8B630E23B,loot/s4_sm_thotel_camos_ids.csv
25FF81C5D35B8F7F,rex_fourx_hybcant01
26005C96E8466249,mp/loot/br/clash_mgl/lootset_contract_asn.csv
2601C45104B84C85,ui_mp_br_loot_icon_ammo_small_detail
2604BB7256F7B843,mp/loot/br/mmp/lootset_contract_dom.csv
2605BADACD03BBDB,mgl_ui_general_button9s
26060B5182599250,hud_icon_minimap_vehicle_atv
2606C68A992D326A,vision/mp_frontend_iw9_bundle_dark_b.vision
2607BB96B72F3FC7,frontendscenedata/attachmentcameradata.csv
260A2D6F99A412AC,ai_cornercheck_behaviors
260C5B92ADBE3954,jup_ui_wm_scoreboard_backer_line
260E993D1118E951,ui_bp_sector_complete_topo
261186865297432D,perk_6a7z91vr2
2611A9E0D524EC5E,mp/loot/br/plunder/lootset_contract_scav2.csv
2612E0665D95BC53,mp/loot/br/dmz/biolab/lootset_biolab_lab_high.csv
26131851826432C3,hud_icon_minimap_vehicle_apc
2616AFE0DD743017,mp/classtable_br_resurgence_mgl_circle2.csv
261B9A6C88B1BD3D,rex_irons_tango73_topload
261E42521B86816E,ping_inv_need_backpack
261E686985A66AEF,ping_killstreak_wheelson
261F0A1B4058B946,ui_rex_icon_obit_down
261F9320429EC79D,demo.cfg
26205BDF9CCAE969,ping_loot_ammo_shotgun
262439F255FCE5E9,ui_rex_icon_perk_hardline
26256A6D683A9188,SpatialPartition_PopulationSort_ClientData
262FD1A6A26F2A49,sound_veil_reduced_mp
26313A9FAE2E9C02,LightGridVolumeTransformParams
2631B727A135AD1C,rex_xsmag_psierra41
2631C91D43D23938,ui_loot_gesture_kill
2638FDDE0D2FE113,death_headshot
2639060EFBA1C4F8,$white_uint
263D8D23145FD533,cp/perk_pack_table.csv
2641F0F3ABA80EA0,hud_reticle_gotago_g
2641FFF3ABA8281D,hud_reticle_gotago_h
2643DB47DD5A9CD4,vision/nvg_phosphor_bloom.vision
2645F407F7B33354,loot/iw8_la_kgolf_camos_ids.csv
2646D6A105A4D7F7,equipment/claymore
26497606FF5BA30F,scriptable_auto_ascender
264B5DAD4D96D9A0,rex_execution_tacknife
26596F436AA72D9E,mp/gunsmith/pi_t9burst_variants.csv
265C08BC3AA89220,iw9_scripted_widget_list_assets.csv
265C262FA0F99D96,ping_contract_initial_recon
26606148D2CD7CD1,SupineSettings
2661E549AA308F45,mp/loot/br/shottysniper/lootset_cache_reusable1.csv
26639BF840A615CD,mp/loot/br/dmz/lootset_hotzone_off_test.csv
2663B5DE2ED73E4B,ncs_mat_global
2664F8D13240778C,ui_bp_auto_spend_icon_on
2665456C76C22A99,mp_javelin_night_prompt
2665B0005900A49D,xcompositemodeldefptr
266687CFA3DC25F3,perk_trait_combat_scanner
266A401831AD8183,brloot_access_card_blue
266C54520281CC59,bc_fieldupgrade_action_battlerage
266D035862BFC948,ping_contract_initial_bounty
266DA611DCB27E09,zone2_only
267116ED5C6DAF31,title_behavior.csv
2671AA0239E896EC,mp/gunsmith/platform_cp05_progression.csv
26721BF7C4A0D9D6,ping_stronghold_confirm
26764BD2E3DF20D3,loot_icon_weapon_sh_mike1014_v11
2676E0A200AE3E21,ae/jup_leagueplay_progression_achievements.csv
2678AE2A84EE225E,icon_social_plat_steam_lg
267AC8D44FA2E3BE,overlay_gasmask_segment
267B41992CB49C7B,ui_rex_icon_wpn_prog_pi_swhiskey
267FC0E925FB0D90,p7_diner_table_pepper
26832458F0C42108,mp/loot/br/champion_mgl/lootset_contract_scav2.csv
26861BCBD8E5204F,defaultshock
268B8D2803B4D6A3,AIQuadTree
268BE7A01D2643F2,icon_dmz_faction_crown_120
268D41482D29F2F6,TTLOSPtr
268D7B2B396F814E,tablet_mgb_arrows
268E9CE20C1D0DA6,hud_reticle_rangefinder
268ECDA5590445B4,hud_icon_net_extrapolation
2691E6D55352776E,mp/gunsmith/ar_asierra12_progression.csv
26967AAC84CFFB7A,compassping_buddy_drone_friendly
2697C117C0D71C65,bc_equipment_stuck_tracker_self
2698CD89F95DE707,ui_rex_icon_wpn_sm_psierra41
2698F74E0EE54945,gas_can_fire_spout
269C0BACDB80D45B,mp/cinematic_camera/final_kc_attacker2.txt
26A52160D9E44DA3,dev_proto_jog.cfg
26A65FC2EB8B192D,GfxNeuralLightGridZoneSetup
26A8C092600F4465,rex_offhand_spotter_scope_sp
26A951CF80D1CA5F,mp_javelin_missile_ready_prompt
26AEFD7FFDAED806,mp/gunsmith/sm_augolf_variants.csv
26B1F6BC2FE84B82,defaultsndasset
26B35DEBD0B000A3,light_flicker_emergency_offset_lm
26B43FB4F01A74F3,rex_attachments/rex_bipod_svictor98
26B75316BEC41AF9,mp/classtable_br_gulagtdbd1.csv
26BDC4926021A73B,rex_offhand_spotter_scope_mp
26BDDC12F218D352,VehicleSimBoosterDef
26BDDF28C44F44E0,hud_icon_loot_harddrive
26BF074036AB5F34,furniture_cafe_chair_01
26BF8BAD1AE48062,veh_diagram_cargotruck_glow_body
26C1365B3B073FAC,omnvarlistdef
26C26CF25A8AC2B7,mp/gametypes/infect.txt
26C43EE36E3FA46F,rex_hijack_bomb_plant_mp
26C8B7ED204964F6,ping_vehicle_bailout
26CDF0C01F3C47DC,mp/t9_ranktable.csv
26CF6C131F47EE7E,cfg/default_online_mp_cdl.cfg
26D087269A507076,perk_sonar_rex_mp
26D17D610AB0A4FB,loot/s4_ar_hyankee44_attachment_ids.csv
26D278F3221FE337,bundle_search
26D436E782F74D42,me_electric_generator_01
26D437EA0B73A156,scrollbar_gradient_horizontal
26D84B614C55FBD9,jup_ui_br_biometric_scanner_keycard_orion
26D9626C03C21233,XAnimNodeDef_Graft
26DB1C48D4AAD69C,buttons_lefty.cfg
26E721D8234DEA6B,uinav_mp_minimal.cfg
26E7E9513452FC76,default_zm_modesettings_t10.cfg
26E843F10003DC2E,vehicletrickdefptr
26EB9161DF39CA65,ui_battlepass_tier_checkmark
26EDE4AEDE562F4E,dev_proto_mantle.cfg
26EF4AFE8A7EFE75,hud_backpack_bag_icon
26F03CFF7F143E97,iw9_pi_swhiskey
26F1B7A2DECD7C2D,PackedTexCoords
26F45198836035AE,jup_ui_wm_escort_arrow_forward
26F64F7CC0C518F2,mp/gametypes/sotf_ffa.txt
26F70AD0125EF28F,hud_icon_fieldupgrade_drone_recon
26F86E8C9FB7ABBB,iw9_ui_icon_leagueplay_banner_crimson
26FE9D35025DE0F6,equipment/snapshot_grenade
270144CB84879934,hud_icon_minimap_vehicle_mil_cargo_truck
270201BD4F4F2766,VehicleType
2702BB8E1CA2B308,ping_objective_return_hvt
27079D817D0B19D1,mp/intel_rewards.csv
270A822BA7E58784,cp/gametypes/_gametypes.txt
270AEB5F53F77CAA,emoteType
270CA4C769FB175B,fieldrep_category_mask
270CD6BA4FC3FAB3,bc_killstreak_action_loitering_munition
27150D16E7B96FD7,suitoverride
271A45E96F992275,AttBobAdsScaleSettings
271B307691D5B9EC,mp/gunsmith/ar_t9fastburst_variants.csv
271EA3E6DD0C2DD4,sat_adrenaline_ob
2722341447C74D03,clantag_aces_rex
27244444E1221DC5,deploy_airdrop_sticky_mp
2726B36C1ADAFE4E,mp/loot/br/bodycount/lootset_cache_spawns.csv
272932747D936A9E,WeaponMotionSpreadDef
2729C9894B6C2D62,defaultweaponarchetype
272BD6642351DC55,specialty_survivor_rex
272C6CB4B703A694,default_keys.cfg
272D3B17194B818B,ui.utils.UICustomizationUtils
27303004E6E74BB5,ks_marker_mp
27322C325F340DA2,ee_sign_street_caution_01
2737E43D4ADE716E,global_stream_mp
2737E555D415D0ED,hud_reticle_smudge_vday_break
273983D41A999BFF,xanimpartsptr
273E5A982DCC14FB,emotetransientdef
273FA24CB71F2336,fence_wood_planks_01_128_damaged_paint_red
2740DC2FC6262734,ui_rex_icon_wpn_showcase_me_tacknifea
274350C9E7BABDAF,iw9_bundle_billboard_s6_blackcell_bundle
2744032AC0C493D8,budgets/contentmem_orbis_test.csv
2744D801EC22FC09,hwconfigregistrydef
2745BF6AB3D3DC5A,rex_rec_xsm1_rex_wz
27475B7951AE8442,hud_reticle_leaf_h
27475E7951AE895B,hud_reticle_leaf_g
274845910BFFC74F,specialty_trait_resource_increase_rex
2749B2F6DFC1CCD6,icon_double_xp
274BE08C6E1F7718,StreamMtlImgInfo
274BE20B5422F42E,loot/operator_ids.csv
274ED86C7E14F1A7,icon_perk_slot_blast_shield_ui
274F8403785E5DAB,LuaAnimationFrame
274F845A40FA0CE1,mp/loot/br/classic/lootset_empty.csv
275032B0D29F2D82,loot/iw8_sm_beta_camos_ids.csv
27540417E6408378,mp/loot/br/ww2/lootset_contract_scav2.csv
2755D8D58E8339F4,rex_equip_screamer_rec
275688A2C947AE82,super_tac_insert_rex
2756A90A87FC7AFB,trial_medal_silver_sm
275738E1FE4D5B92,StTerrainNode
275CFFF64DC95165,AudioPropagationKdNode
275F2BADCFF2E416,StDecal
275FEEDFC9A4D818,ping_social_yes
2760EA5A3C93717C,overlay_battery_icon
27625BE993C76C3E,progression_shape_vignette
27653FD8CE62FBFD,rex_dynamic_quickdraw_pi
2766D5EA6F4268D0,aar_gfx_gun_powder_sparks
2767B8110088C641,brloot_weapon_ak47_epic
2768ED2E213D3ADC,hud_reticle_loot_s3over
276B435B95208338,rex_hardpoint_bigmap
276B462927872106,equipment_icon_slot_cryomine
276BF3507A825C46,precision_rex_sn_svictor98
276C084659162F45,rex_mag_uxray
276D1076DC9DCFA0,perk_trait_stealthy
277334D079E46021,omnvars/mp/gametypes/omnvars_payback.csv
2773D74AB8AEC8FB,ww_sp_rex_meltdown_subset_ai
2776613C5AD568D0,defaultsndfilter
277CF8D201589AA1,ping_loot_fieldupgrade_capture_bot
277D50652485164C,brloot_scavenger_tablet
277EA23EE6933C64,GraphKeyDesc
2781149F9059DB34,ping_loot_killstreak_ims
278127BAC6171B4B,veh_diagram_suv_mask
27819FDFA57E8448,ui.utils.PurchaseMenuUtils
27823652ACAE1DB8,ping_contract_confirm_generic
2787B12A18B1ABB5,t10_machinery_elevator_passenger_small_double_door_rear_open
27886EFCB2CD5BA6,ping_equipment_lethal_generic
27893E493532A212,events_background_default
278AD562216CF1D0,ui_icon_rankedplay_division_gold_tier_01
278BC021CA1036CF,uk_furniture_lw_headphones_box_01
278C14EE45513208,loot/s4_ar_emike1_attachment_ids.csv
278CCD961195763B,decor_drying_rack_01_plate_03_static
278D016556124494,ui.utils.mp.EmblemEditorUtils
278D1E5385BD7B44,ui_rew_icon_fu_smoke_wall
278F933E20B74D74,ParticleModuleForceGraphDef
27922F814A53BEE2,options/fl_veh_ascend_desc
2792BD8B2E127178,ui_rex_icon_wpn_sn_svictor98
279379A9EE3D48B5,ee_sign_street_one_way_01_lm
27948FB5F7530A0F,specialty_ks_null
279749DADAE4B173,turret_drone_proj_mp
27981D29C6089903,AttImpact
279AD940F24A169B,ui_battlepass_loot_override_114
279E2A2C6BAB2D5B,$black_cube
27A1F1EF44FE4F31,streamtreeassetdef
27A432E56127A8AA,trial_medal_silver
27ABF6F443F4743A,cfg/buttons_one_hand_gun_alt.cfg
27ADBA22A99FFABD,mp/gunsmith/ar_sierra552_variants.csv
27AF80D6670CA72E,dmz_practice_tutorial.cfg
27AFFF6BD9A5888B,render_equipment_foam
27B0780B2B2132B9,AISightShapeDef
27B14640E38EB5B8,mp/gunsmith/platform_026_progression.csv
27B671BF6D55D53A,menu_row_highlight_topo
27B7E652455E711E,rex_bar_lng_mike4
27B8E49E5ABB2F4C,leagueplayloadouts
27BA612C4AF32DB0,ping_objective_attack_package
27BC4C93B542FEC8,loot/s4_pi_duniform_attachment_ids.csv
27BED787D9F51823,rex_comb_hvy_bmike3
27C0029C058CB52C,ui.Fonts
27C0AB53535A7527,onboarding_gunsmith_customs_2
27C0AC53535A76DA,onboarding_gunsmith_customs_1
27C18080C6180247,Scriptable_StateType
27C354FC735DB812,ui.inGame.InventoryLayer
27C3E06EF82A45CF,hud_cctv_line
27C5FC9F12F65937,defaultworldmodelattachment
27C78183BA880F9C,ParticleSpawnShapeType
27C7BE3E7D0E951B,BallisticCompensationType
27C8241E3AD44A14,icon_global_party
27CAEBE6A8E7E16E,nuke_stripes_large
27CB3B44125077CA,ui.utils.OnlineEventsUtils
27CB5A894760A1F3,scriptable_door_glass_metal_01_mp
27CDA8479A24F553,ui.widgets.iconimage
27CE3E74CE14B481,jup_ui_wm_scoreboard_backer_separator
27CF193E737CD5E5,compass_codcaster_cam_selected
27D1C8C49CE48184,loot/iw8_me_t9etool_camos_ids.csv
27D2A6595BA4D97C,ping_contract_initial_trap
27D56EE76364ED36,BSEQStateImpl
27D6BF0D78A0805A,mp/loot/br/dmz/saba_b21_active/lootset_supply_drop_samsite.csv
27D7056F32A17093,perk_trait_workbenches
27D8060D91BE4593,streamer_handle_t
27D84881C1855260,veh_diagram_atv_glow_body
27DA4DE228435528,hud_icon_grenade_throwback
27DAC81F7D997E84,veh_movingcircle
27DBEFFD83AF4974,rex_dmscope01
27DBF2FD83AF4E8D,rex_dmscope02
27DEE071674D7136,mp/progression/demondogs_progressionitems.csv
27DF17678FCF27B4,flower_shop_planter_04
27DF18678FCF2967,flower_shop_planter_05
27E2587D478FA5FA,mp/gunsmith/sh_t9semiauto_progression.csv
27E3859A06270F9F,loot/s4_mg_juniform_camos_ids.csv
27E5E7E7B752179F,mp/misckillcamitems.csv
27E9A82BBCBF63E1,br_mgl
27EB09FE88C1BD2B,ui_rex_loading_screen_mp_actionpark
27EFF09348FC2EF6,ping_objective_defend_hvt
27F1E4366391F20C,loot/iw8_la_gromeo_attachment_ids.csv
27F698B908DDE45C,bc_status_player_low_health
27FA4DD0DD4F2F61,text_button_border
27FB260179DE3BAB,ComputeShaderVariant
27FB33CE788C4308,equipment_icon_showcase_trophysystem
28011B66A9041354,ui.InGameMPPerkDataSources
2805216E64EDA0FE,dword
280541FCDF395A17,perk_trait_field_medic
2806106EB813FD44,keybindsdefptr
280BCBCD19895F23,codhq
280BFF1BB53A3EA0,defaultreactiveaudioparams
280D25FB445639F7,brloot_offhand_taccover
281122B1C5DB63A6,icon_loadout_gunsmith_swap
28133A7F5D806BE2,ddos_device_glitch_screen
281AE2317272704A,mgl_ui_general_button9s_right_corner
281D1BA649398002,rex_attachments/rex_bar_bmike3_desc
281D6F8B4E030F0B,mp/loot/br/clash_mgl/lootset_cache_reusable1.csv
281D905BA3180706,BSEQParameter
281F434A30DE1D32,vision/mpnuke_aftermath.vision
282136689166419B,rex_default
2821E562181F80E7,AttScopeDriftSettings
28221AB604B0E7E5,hud_reticle_ring_128
282365982340E91F,equipment/molotov
2823FD77E3E4422E,icon_loadout_build_entry_sentinel_tank
2827FF482B26513E,mp/loot/br/dmz/biobunker/lootset_school_locker_a.csv
282820673BA1C90D,uk_spray_bottle_01
28293F7E59FC6331,balanced_rex_lm_sierrax
282AAFC0F1A2A376,mp/gunsmith/s4_ar_balpha_progression.csv
282ACFB33554C1DB,omnvars/mp/gametypes/omnvars_risk.csv
282E74C24BF68C84,ParticleModuleInitSpawnDef
282FF0D17C9B160F,rex_bar_akilo_emp
283889DB25FFC7F3,vision/death.vision
283B40B1971D9E43,mp/loot/br/default/lootset_cache_spawns_gulag.csv
283B58128E1F3274,AI_Sight_ShapeType
283BDBA6D83ED517,mp/loot/br/kingslayer/lootset_cache_lege.csv
283E00685A2F7834,box_white_gradient_bot
283EB332F3007664,mp/cinematic_camera/final_kc_part1.txt
283FE12EDE85EDB0,clantag_sh_rex
2842D2B301D5A24D,mp/callingcards.csv
2848CF30D30D6390,ReloadCheckpointSettings
284A4D6DCAFC4DA6,decor_misc_props_01_bottle
284D834C2E2C0BBA,shock/chargemode_mp.shock
284DB05BD577F8C2,AIAction
28522F61BE0C590F,rex_pgrip_mpapa7
2852C771D532E9EA,ui.utils.LoadoutUtils
2854575DE655962C,mp/spawnweights_t10.csv
285589E09149A2A2,hud_backpack_enemy_bag_arrow
28596EE88D5C078D,defaultvehiclerevsfx
285BC914DB8AD2BE,ping_meatshield_callforhelp
285D41F49B33393B,mp/loot/br/mp_sm_island_1/rebirth/lootset_contract_supply.csv
285E7A87513C929F,ui_bp_inspect_panel_blur
285F8E622F9758CE,omnvars/mp/gametypes/omnvars_zombie.csv
2861732EBAC8AB8C,perk_overwatch_rex_mp
2861970E52004A97,mp/loot/br/mmp/lootset_cache_spawns_bunker.csv
2861C8D3BF6998A1,specialty_outline_teammates
2862855256A4B7A6,budgets/contentmem_orbis_ship.csv
2863B3B282DC7E44,jup_icon_pointpopup_splash_arrow
286444DED10D9258,mp/cac/alt_inflatable_decoys.csv
2865531A6BFEBC8E,primary_bold_wz
286BF82985E04EDF,SwimAnimType
286D4FEEF68AAC6B,loot_stem_card
286EA196D96FC6FF,fence_wood_planks_01_128_paint_blue_lm
286ED0DBBBE8739A,GfxStaticDecalVolumeMask
2870EB06D605A5C8,cp/cp_raid1_objectives_matrix.csv
2871F094C3EEC4D3,rex_rail_asierra12
2875B9D5A72600B6,VolumetricCloudDef
287797F02D552DF0,ObjectiveSettings
2878A1BCBCEB4E16,bp_a09_border
287A0FC84BCB9059,loot/iw8_me_t9coldwar_camos_ids.csv
287B0613A7921E52,VehicleModelUnion
287C97496264BBFC,specialty_surveyor
287D96B35B0A1E90,equip_deployable_kiosk_drop
287F7346A19E59F3,GfxVertexLitePacked
2882598A6D5CF397,mp/gunsmith/pi_t9revolver_variants.csv
2885AA2EDB35DE93,mp/gungameweapons.csv
288612B49490FCAB,rex_mp_kofi
288901AA17B93F9E,mp/loot/br/dmz/biolab/lootset_toolbox.csv
2889C4028EF887D9,hud_reticle_s6ghost_dot_g
2889CD028EF89724,hud_reticle_s6ghost_dot_h
288AFE94AAA9EA5E,rex_pgrip_bmike3
288C72C03EFC9644,brloot_offhand_decoy
288D98874F24788B,vhm
288E3C0CF1980AAA,TriggerSlab
288F219824C6A624,ClientSideEffects
28900D40FAA467AE,cfg/buttons_brawler.cfg
2891AE65FE935337,mp/gametypes/defcon.txt
28922A8642616235,concussion_grenade_mp
28923F5127C6C663,loot/iw8_sm_t9capacity_camos_ids.csv
2892479949377D02,ui_global_rounded_corner_mask_8x8
2893FC459E9A06A6,telescope_Video
2895DA45EE94FDAC,XAnimsetDef
2898002338A58F15,sat_usa_pl_white
2898C6232EF63CED,mp/genericprogressbardisplay.csv
28998BCEDD68C82E,mp_javelin_dir_prompt
289AB8874F2F3947,vtm
289E9FC230B4872B,gestureAnimType_t
28A118DFAA6D6741,GfxShadowGeometry
28A128B0948A123D,CurveKeyValue
28A2772F2F5D0E56,weapProjExposion_t
28A3C9253D5383DC,streampointergpublob
28A45017038B84CA,SndFBDistortionType
28A4712E532F61E2,zone1_only
28A6CEEC11D40F37,channels_message_border_rounded
28A8350548AF1490,tacpoint_id
28A97F0416DC92D8,ui_mp_br_loot_icon_gear_gasmask_durable
28AE104366C1D40C,weaponvfxpackageptr
28AF08BD2C2C6910,brloot_weapon_m91_comm
28B119E5D93AE3BE,mp/gunsmith/sm_victor_progression.csv
28B16DC97D2ED6DA,fxworldptr
28B2C78586BA866B,ping_boss_pyro
28BE3182B78E0EB8,iw9_elevator_int_door_close
28BE9B938F41E9A5,defaultsndhdrsettings
28C1E4F1408713E3,hud_icon_objective_soul_anim
28CCBA32D43E3678,ui_mp_br_loot_card_rarity_bkg
28CE4ECD5794D859,AttAIUnitDamageCalcType
28CF2D40AB7BB0AF,AssetEdgeList
28CF8D4EF41560D2,light_exterior_wall_cafe_light_fixtures_off
28D09CE4BC0E321E,mp/hordeIcons.csv
28D1F47576C73A26,hud_splash_bp_topo_intro
28D4DBC23BE1CE7F,MapVoxelizedStateDataType
28DC89B2D3C572B8,dmz_upsell_gradient
28DD3C8A927A1CBC,ParticleModuleInitRelativeVelocityDef
28DF16FA4EC496CC,mp/ranktablespetsnaz.csv
28DFCEA230055642,PlacementReward
28E0FC86CF1D9F50,loot/iw8_ar_t9fastfire_camos_ids.csv
28E2DBF3AFBE96B8,mp_cp/executiontable.csv
28E4FA1917CAF5AD,omnvars/cp/omnvars.csv
28E5108F387E9C11,specialty_extra_tactical
28E6AF7928837AEF,hudcolorbar
28E84144EF04967D,icon_equipment_slot_stim_pack
28ECEE7AA37356B4,scriptableeventdefptr
28EDBA87BBC531AE,VehFxTagBoltedDef
28EF45FA74EB4DD1,ui.inGame.DriverHudTacRoverContainer
28F05278FBED2569,ReloadCheckpointPair
28F0CDB52BFEB61A,PMROctreeMetadata
28F15EAFF8DB8C4B,ping_killstreak_juggernaut_hostile
28F1D74DFD6F5145,ui.frontEnd.PersistentBackground
28F32C4D592FCB8F,rex_la_rpapa8_sp_tow
28F6208E69CD44BD,icon_waypoint_backing_sp
28F71BDFB557EEA8,rex_free_for_all
28F772ECA52A402F,mp/loot/br/champion_mgl/lootset_buildings_abundant.csv
28F8A0B8D50AEE9A,ae/rex_ae_autogen_victory_reward.csv
28FDFA5193BA191C,mp/loot_cache_set_empty.csv
28FFB8DFCA623C79,ui_bp_purchase_button_backer
2901E3D336B478BD,ui.utils.FriendsListUtils
2905507F10C3F89D,mp/loot/br/horizontal/lootset_contract_dom.csv
29059A114D19D7BC,ping_door_stuck
2907BB15A681884D,aksel_eastern_a
290929F88C8BB656,budgets/contentmem_scorpio_ship.csv
290C5322F74EC4D1,global_shared_mp
29108B1DF3B99D13,buttons_nomad_alt.cfg
291169E7C8818AF2,vf_chat_submix
291339DF5A5F26F0,rex_pgrip_xsm1
29135B69AF81F599,reticledefptr
29146F865AD70CA3,ui/stringtable/weapon_attachments_laser_animation.csv
2915F12353686806,streampointergpublobptr
2917247EE564EA98,ping_sealion
291ABBC2939826BE,brloot_offhand_thermite
291AE618AD512139,defaultcloth
291B8E139FCD7C49,gpudatabufferdef
291E2346CB741A68,ui.inGame.TacCamOverlay
291E27347E78FA42,perk_trait_plate_pouch
291E69D79D2F4E72,ping_radio
29236CEAF878A8F6,mp/camerapositions_mp_zomb.csv
29263EE534BE4E9B,hud_lr_detector_bokeh
292991EF28E71340,ui_battlepass_icon_lock
292E11E65B616D47,mp/loot/br/resurgence_mgl/lootset_contract_scav1.csv
292ED58D646623D7,setting_image_adssensitivitymultiplier
292F27E3E11AD5E9,ping_samsite_friendly
2930422516BFA338,ui.DataModifiers
2931B99C14B88E19,mp/gametypes/brtdm.txt
2931FB84D4D4BE1D,PMROctreeNodeSet
29327BFED10E383C,sndfilterdefptr
29335A8D6C93BC29,ui_bp_unlocks_hex_fill_large
2938CC58037C16A9,operator_select_side_single_west_watermark_base
293A1291F4716355,hud_matchstart_segment
293AA9A99D83EFDE,hover_jet_proj_mp
293AAD1ABD06C214,stage
293B5BBBD65B130D,mp/loot/br/rumble/loot_table_zones.csv
293B5BFA76F2D265,overlay_gunship_satellite_icon
293D2D2161B4864D,rex_xmag_tango73
294463A0835FC170,mp/cac/bodies.csv
294894F23A65BFE8,sndambientdefptr
294973967B79EEEF,cer_ui_zm_zombiebuild_tag
294C8A0DB021DF0D,jup_ui_icon_clock
294E8BBB15B47513,CameraKillCamVehicleDef
294F1C1FA314199D,ui.inGame.DriverHudJeepContainer
294F231760AF2558,weaponprogression_completed_diamond
29506DCBF1CFD0AA,operatorselectanimationtransitions.csv
295338EE43CFA0F4,specialty_trait_sensor_cam_rex
2958E2AA21C20187,DBUniverseWorldIndex
2959B57523E599BA,ParticleModuleInitModelDef
295B3112FDA2F99D,specialty_trait_fuel_economy_rex
295BAAD78455DE96,rex_counter
29604A4148EE4435,hud_reticle_s4dadler_h
29604B4148EE45E8,hud_reticle_s4dadler_g
29621BA5F24D2D23,hud_icon_ddos_arrows
2962F5EB920ECC87,bc_killstreak_action_ims
2965A2DFAE513209,hud_splash_accent_cross
2965C8914705864B,ui.utils.PhoneVerificationUtils
296703447A17327E,crossfire
296A0988D9F1DCF8,rex_ammo_50p
296A1B88D9F1FB8E,rex_ammo_50b
296CD9E536E482BC,callingcard_master_challenges.csv
2975A55CB0CA9524,VehicleGravityType
2978C0F6FCD84275,AISplineConnection
297B99F2C71DB319,mp/loot/br/shottysniper/lootset_contract_dom.csv
297D131D066B3318,mp/loot/br/default/lootset_supply_drop_boss.csv
29808D01E5E9D60B,mp/gunsmith/sm_charlie9_variants.csv
298182413B684C1E,hud_reticle_base_holotherm01
2983012A1509D127,hud_backpack_slot_empty_revive
2983CCA85C3FF7AA,vision/mp_frontend_iw9_bundle_neutral_a.vision
2984E01C33923B5A,ui_battlepass_tier_fx
2988F03E6E0EAFC5,waterdynamics_id
2989971FA3DE97A2,rex_stock_hvy_limax
298A8A05C39C2065,ww_frontend_ui_boot
298CEA3ADFB840F5,ncs_hwc_ingame
298E90C6D48E9200,SndAliasVariationType
298EBE61E565677B,ui_rew_icon_lethal_throw_knife
29914F4CC3DF2148,screensaver_vipgift_x409a
2993B7524263B0ED,rex_equip_c4_rec
29980D574AF094C2,#challenge/dmz_challenge_desc
29989ED4FEB349A8,hud_splash_generic_subheader_backer_negative
2999C0C79BE74A90,ping_door_closed
299C3B75964CD6B5,ping_equipment_proxmine_hostile
299C9E3D2873C5E3,rex_stockno_tango73
299D2D6E0A7EDAC5,ui_map_icon_obj_recon
299E6D0A7B44F5D9,overlay_gunship_zoomnotches
299FE87F233664CF,rex_sm_psierra41_v06
29A379C38CE6B291,icon_social_plat_bnet_lg
29A3DC01BC3144F2,ui_rex_icon_eq_screamer
29A92F5858F387EB,tacgraph_type
29AA3306057CE615,ftus_bg_content_backer
29ACB6F788DA8D94,cp/loot/iw7_zombiefatefortune_loot_master.csv
29ACFE1B375C9658,ui_loot_bg_vehicle
29AD3F756911550F,specialty_trait_metabolism
29AF15898FB31B89,icon_social_game_warzone2_dmz
29B0307613B82FC0,ClientTriggerHwConfig
29B5A4E1F324BFB5,perk_trait_larger_plate_carrier_rex
29B76E9A80BFACFA,ui.utils.MobileFlyInPopupUtils
29BD526A5D996465,perk_trait_regen_rex_mp
29BF7F8D5E214594,stream_collection_t
29C1A8BBC270CDD8,icon_equipment_slot_flash
29CA41288C441C37,hud_icon_head_enemy
29CB00EFCF6C4580,ping_inv_need_highcal
29CBBF38985E9742,mp/loot/core/risk/lootset_cache_lege.csv
29CD9C0753434BC0,rex_mag_akilo_broken
29CF8F3A4BEB5180,brloot_weapon_m91_rare
29D09710781EE8D9,StorageFileType
29D23F9BA9983A7B,AttGunKick
29D30DB5C1E536BD,TransientSets
29D36A8F41AA66D2,ui.inGame.DriverHudATVContainer
29D6FCE3D1E4A65D,super_deployable_kiosk_rex
29D7A7B134852477,specialty_trait_workbenches
29D891808127708E,brloot_assassination_tablet
29D89AA2275AE590,mp/loot/br/resurgence_mgl/lootset_cache_base.csv
29DA72BA7236932E,vision/nvg_blind_weighted.vision
29DE08974E8B138A,icon_waypoint_circle_segment
29E37FD928549B44,hud_icon_net_shader_warning
29E6D57D36C8B996,rex_bipod_tango73
29E701D4347291CC,uk_gas_tank_thin_cylinder
29E9CAEA843F65DE,rex_attachments/rex_rec_mpapa7
29EFCFE21D97575B,jup_tablet_hacking_terminal_lines
29F1F551B2EEE77E,mp/loot/br/dmz/biolab/lootset_safe.csv
29F27B3433AF30E5,mp/recipes/assault.recipe
29F47ED25505E058,hud_splash_accent_slashes
29F50AE867248E72,bc_equipment_incoming_molotov
29F658017768494B,mp/loot/br/default/lootset_cache_hanging_clothes.csv
29F6BC2999CC9E80,mp/gunsmith/pi_t9fullauto_variants.csv
29F8876327B3721A,hud_splash_dmz_accent_number_left
29F8B539B56E4C07,GfxLodGroup
29FD64EA8C8324CD,GamepadMapping
29FD7E851B69CD81,rex_hotload_he_svictor98
29FDFC41003AD5B1,ParticleModuleColorLerpDef
29FEA7789E11406A,defaultfoliageimpactfxtable
29FFAC598F40F081,ping_loadout
29FFFC4465E65640,DLogHash
2A018CC56A67F5EB,rex_attachments/rex_xmag_golf28_desc
2A0637E4DF9A31B6,hud_reticle_line_long
2A09372B9A4C8373,hud_icon_status_gulag
2A1060749B1BC4FC,mp/loot/br/olaride/lootset_cache_reusable2.csv
2A113EAEA20DF07D,hud_splash_notched_background_2
2A1205F93E66AD3D,loot/iw8_ar_t9british_attachment_ids.csv
2A15A0DE9F767308,veh_diagram_mil_cargo_truck_glow_body
2A194F368593AD40,setting_image_bulletimpacts
2A1B1D8744CD968F,AttDlcScalars
2A1CA0128EFC32C6,cp_disco_glass_beer_bottle_fn_01
2A1CA0E6CF2AAD80,veh_diagram_choppergunner_glow
2A1D7702D5AED550,rex_smoke_grenade_sp
2A1DA379BE0258FB,perk_trait_chunk_revive_rex_mp
2A1E1CB4D9D3FE10,iw9_ui_icon_leagueplay_star_filled
2A214040D4692326,mp/loot/br/plunder/lootset_cache_lege.csv
2A24C0F69E79D29A,nav_autogen_link_s
2A24E249E7BF3F4A,dvar_defaults.cfg
2A2ADD456E6A9012,glasscollisionworld
2A2DC1973180F33F,ping_boss_vera
2A32A6F9E3CFF666,mp/loot/br/default/lootset_gulag_items_circle1.csv
2A33CF9BF12A5DE5,jup_hud_reticle_hybridtherm02
2A3B2FF15711B804,ParticleModulePositionGraphDef
2A3B7D3D80BC210C,CinematicMotionDef
2A3C4F10B1BAC969,mp/default_emblems.cfg
2A3ECFBD21A42453,vision/gunship_color_mp.vision
2A42D3D0CD2B14E8,ping_vehicle_danger_bigheli
2A4368F13FCBC239,ping_fishingzone
2A436A6A62D5B11A,rex_xmaglrg_hotel45
2A4793D942B39209,botfovdatadef
2A4854161042E35D,mp/map_callouts/mp_don3_callouts.csv
2A4EE1D4DCA54FA7,diehard_settings.cfg
2A4F2A8E57453516,defaultnotifgroup
2A55A08CCB616C30,mp/killstreaktable.csv
2A567A71BF2A9299,jup_mp_splash_message_hexagon_topo
2A59C7A92BB02F24,mp/loot/br/mini_mgl/5_minutes_mini_br/lootset_cache_spawns.csv
2A5DC53ED4F4BD29,ui.LUIStartup
2A62BB66A622DD17,rex_dmscope_vz01_sp
2A637222DF990475,scriptablepartworldsize
2A6556331EC8B1EE,bc_killstreak_action_bombdrone
2A656BA26414548A,ContextMountGeneralInfo
2A674739C131C19A,mp/recipes/cp_survival.recipe
2A6786EF3E4EB640,ui_icon_options_section_audio
2A6831FBEBBC1EB2,tactical_camera_turret
2A6A3F6708759982,jup_ui_br_biometric_scanner_keycard_blank
2A6A51893C263350,omnvars/mp/levels/omnvars_mp_br_tut2.csv
2A6B1FB5B9FB83E3,ping_cargo_secure
2A6E2C8798B0C8A1,add
2A715D9025E0EB7E,super_emp_pulse
2A7179E45EB64381,mp/loot/br/resurgence_mgl/lootset_global.csv
2A758816F1A55A83,dev_proto_viewbob.cfg
2A7B522D0357BE74,hud_score_bar_mask_reverse
2A7B7084E5CA71E1,balanced_rex_ar_akilo
2A7BF6F0D85CC866,jup_icon_xp_reward_large
2A7EA27CF5229CEC,ui.MenuBuilder
2A81DEECB9093718,rex_deploy_railgun_mp
2A828B02D603F77E,rex_smoke_grenade_mp
2A82C8585912B3F9,ui_playercard_260
2A8656D6EF97DB49,mp/recipes/ctf.recipe
2A86F01482AFD67F,omnvars/mp/gametypes/omnvars_arena.csv
2A8764834340B8C0,mp/loot/br/gold_war/lootset_cache_rogue.csv
2A8E3DBA17C1FBBC,bc_equipment_action_bandage
2A90F6910903F5C8,br_core.cfg
2A91C61F09073A89,sat_ui_hud_skirmish_waypoint_high_value_sector_star
2A9290F18908AFE3,hostquit
2A934273E64F9665,brloot_weapon_marlin_lege
2A9414EA9C858170,mp/loot/br/shottysniper/lootset_contract_scav2.csv
2A9428C6EC86CD8A,icon_loadout_armory_sub_blueprint
2A956FCD1DDC2F22,minimap_circle_full
2A9769D4C3B5EF50,specialty_huntmaster_rex
2A97D6B04C3E46E6,BSEQState_SetGoalPos
2A983CB4D47F231A,GfxOtherStateBits
2A98E7569A8F0DCD,ui_bp_button_backer_alt
2A99DD142AA834B2,rex_gunfight
2A9A238798D5F441,asm
2A9BB45673969CD2,railgun_deploy
2A9C6B824183FC85,veh_diagram_jltv_glow_body
2A9F361096115107,XAnimBoneFollowerConversion
2AA1991ADD234F6A,DownloadGroupSetDef
2AA6F004845F57B6,ui_rex_icon_execution_0022
2AA6F104845F5969,ui_rex_icon_execution_0023
2AA6F304845F5CCF,ui_rex_icon_execution_0025
2AA6F504845F6035,ui_rex_icon_execution_0027
2AA7164B999AC59A,mp/loot/br/dmz/lootset_cash_register.csv
2AA838483C612634,brloot_super_weapondrop
2AA9F10484618F40,ui_rex_icon_execution_0033
2AA9F304846192A6,ui_rex_icon_execution_0031
2AAC16849710BBD8,hud_reticle_s6skateboard_atlas_g
2AAD78048464AA7C,ui_rex_icon_execution_0002
2AAD7B048464AF95,ui_rex_icon_execution_0001
2AB03E4DA6D6325D,rex_attachments/rex_ironsdefault_hotel45_desc
2AB0FF048467C5B8,ui_rex_icon_execution_0011
2AB101048467C91E,ui_rex_icon_execution_0013
2AB1C40931574485,TacticalGraph
2AB27D52A2F2884A,loot_mp/calling_card
2AB295D2C897B8D0,button_x_large_border
2AB331579878FF0C,hud_reticle_base_center_limax
2AB4A20C724FC712,mp/recipes/hvt.recipe
2AB5BBA79B32CBA5,hud_backpack_weapon_slot_border_dashed
2AB7CF4AF5B41357,specialty_trait_thermal_padding
2AB8BE06A818AEF9,ParticleModuleRotationGraphDef
2AB8E68605F45BE3,tertiary_medium_italic
2AB946F1CC87C5E8,net_disconnect
2ABBADC1007AFB99,vision/taccam_static_full.vision
2AC0BEF7A38D43F0,GfxPackedTriCluster
2AC90711630B60B8,mp/stats_init_outbreak_loadouts.cfg
2AC9B468BB0D067E,mp/loot/br/default/lootset_saba_blackmarket.csv
2ACE879ADB3A3533,rex_bar_hvy_kilo2
2ACE8C9ADB3A3DB2,rex_bar_hvy_kilo5
2ACF9E3AF23E0B21,defaultsndcontext
2AD0510896493026,ui_jup_menu_mission_select_button_backer
2AD5B4CDB92842CC,lua_menu_mp/payback
2AD60E127A23ADF4,icon_waypoint_progress_mask
2ADAD7AA8DCD12FC,equip_at_mine_mp
2ADE0F5707CC3300,ui.utils.FenceMotD
2AE10B48A03E3BF2,icon_equipment_slot_claymore
2AE16344C7282328,options/image_quality_desc
2AE1A167938C44DC,mp/loot/br/kingslayer/lootset_contract_asn.csv
2AE4B4011CA7371C,ui.LUIStyledText
2AE9455FFF5E3301,ui/stringtable/notification_data.csv
2AEC0AEB4000BA90,AttMountADS
2AEC1EC3D79A9738,hud_reticle_trapezoid_Triangle
2AF2F76E5AB9A230,ui_rex_icon_ks_prog_drone_turret
2AF5019581BA5E7C,ee_book_office_folder_01
2AF96ED893DE4E57,brloot_offhand_c4
2AF9AD4321684B46,rex_arscope_hybrid01_reflex_le
2AFA16E120BE5E7F,rex_stockno_uxray
2AFB383751DF5102,mp/loot/br/rebirth/lootset_cache_reusable2.csv
2AFC02F6B3764C22,ui.utils.mp.FenceOnlineData
2AFC06B63C6693B3,apexattachmentdata
2AFF14DD4494576C,progression_accent_rank_diamond
2B091F3AD50066F0,mp/progression/spetsnax_progressionitems.csv
2B0A52E925EABD1E,XAnimRotationConstraint
2B0ADB8A4247229F,hud_icon_equipment_claymore
2B0E971A580EA4DC,MaterialAnimationParamsDef
2B11B2955E4F178A,specialty_hollowpoint_rex
2B156C1CE61DFBE3,XAnimNodeDef_BlendSpace2D_Triangle
2B19EF20E17A3DD8,ping_killstreak_lrad_hostile
2B2917F8FDE321AC,ob_sat
2B2BD520070CC641,extraattachmentlist
2B2C44C8468A06E8,rex_ironsdefault_kilo2
2B2C4BC8468A12CD,rex_ironsdefault_kilo5
2B2F983342917328,defaultgamemodescenario
2B30C0A60069DCF9,uk_file_cabinet_garage_05_drawer_b_green
2B32825D3F97F5DE,cfg/buttons_brawler_alt.cfg
2B32A88580094930,unlockfeedlootcategory
2B365CBFB9C240D2,mp/loot/br/default/lootset_cache_rogue.csv
2B3823E0B76D92E9,icon_waypoint_hack
2B42D65053C01B78,grappleweapontunablesdef
2B4495CEFC8AAAAB,ui.utils.OptionsData
2B48E7249BD474B6,ui.ingame.driverhudmilcargotruckcontainer
2B492B2730E94BCB,rex_dmscope_vz01
2B4A310947C19C3B,operator_list_rex
2B4A71B1A1C4E471,iw9_tur_cougar_mp
2B4B0D88F6E9DB6E,rex_br_uxray_mp
2B4C0FFD95755499,PhysicsSFXEventAssetRules
2B4E031EB43E06B8,counter_attack_bomb_mp
2B4F8CA9D69F9AD8,ui.FrontEndDataSources
2B558C737C91297A,ping_killstreak_remoteturret
2B56B6081E1E8FC8,rex_fe_op_crib_xcam_gunbench_br_xcam
2B573AB303CD64F4,mp/gunsmith/s4_me_axe_variants.csv
2B5B18899A019644,specialty_trait_plate_organization_rex
2B5B42989F30822D,mp/loot/br/shottysniper/lootset_empty.csv
2B5FAE29878BF137,defaulthyperposeasmasset
2B60A22B9DC485E5,overlay_tac_camera_icon_battery
2B6178A20D9FFF69,rex_flastlgt_pstl01_kilo5
2B6307CF41DBA8B2,ui.SPPopups
2B6492ADC6E1AD74,hud_backpack_slot_empty_backpack
2B649899E03AEB0E,mp/gunsmith/ar_falpha_progression.csv
2B68936753A69DC9,AttSlideSpread
2B698B2D6E996790,furniture_wooden_basket_01
2B69940F3759AF19,perk_trait_ai_ammo_rex_mp
2B6BC408DEA72F33,ping_enemy_killed
2B6C133BC627F0CB,ui.utils.EndGameUtils
2B71A1D329539FE5,ping_inv_have_medical
2B72257F65FD2641,mp/loot/br/truckwar/lootset_root.csv
2B750CD56A63E929,bp_a19_border
2B75E2B1DF9ED4EF,loot_card_overlay_smoke_
2B764AC9A0CFF45B,rex_infiltration
2B7724EFB0175E01,specialty_overcharge_field_upgrade
2B7839F39E14FC00,ScriptBundleCachedArrayQuery
2B7E39E8049C46A3,rex_comp_bal_decho
2B7F850E0A799F07,super_deployed_decoy
2B827061CE125D86,ping_loot_killstreak_loitering_munition
2B85471ACE62D356,KeyBindKeys
2B85812543349BB2,mp/gunsmith/la_rpapa7_variants.csv
2B86F98AFF9EB19B,ui_rex_ingame_hud_mp_game_state_objective_neutral
2B8706205CEBA135,mp/gunsmith/s4_mr_lecho_progression.csv
2B8BD11CEFBF135C,setting_image_groundedmantle
2B8C67D6DE256617,AttGestureWeaponMotionAnimScale
2B8E58B0932B24CC,transparent_invisible
2B8FE5BCB7FB64DD,SwimHandNoteTrackCycleTime
2B91985F2AE06F0A,t10_splashes/honeypot_activated
2B95C2536BDBC469,ddldef
2B96559747E09CBC,rex_mag_rpapa8
2B9864DC51A1EA04,iw9_elevator_int_door_open
2B98AE3D740EA6B9,debug_drones
2B9C5D31F9D0C0CE,bc_equipment_action_thermobaric
2B9ED0E4DBDB80A1,ping_vehicle_boat_hostile
2B9EDEACF1F75205,mp/gametypes/sd.txt
2BA3CDAC1C9E4E37,specialty_glint_smart_rex
2BA4A30AF94D4F33,rex_bar_lng_limax
2BA6457599842BA7,ui_mp_br_infil_intransit_icon
2BA7CB4EE126C662,ControlConstraintEaseFunctionType
2BAA37C804B5AB47,builtin function
2BACD6E1A3EF6245,mp/daily_modifier.csv
2BAFF1DF44A855FB,bp_a08_border
2BB0716062F110AE,specialty_trait_combat_resistance
2BB1A152BEE16CDF,cp/gametypes/cp_wave_sv.txt
2BB1A1DD0EF3FBA8,ui_bp_checkmark_sector
2BB52EFD412AD586,mp/camerapositions_war.csv
2BB61188471F54E7,perk_focus_rex_mp
2BB632B7E23F8200,rex_veh_tur_invisible_asierra12
2BB6C1D641137F88,hud_icon_ammo_small
2BB71D03DC61A374,icon_social_joinable
2BB8FEE8AE0001DB,defaultindexedlisttypedev
2BBB71DA49DDAA8A,clantag_dev
2BBBD5058E8F0A3A,icon_ping_small_caution
2BBCF386E2724F85,defaultvehicletunables
2BC1A3B82756FAA8,favorite_operators
2BC32E694C36902E,dpad_circle_segment
2BC773DC8721F417,equip_claymore
2BC7FE451586099B,hud_reticle_cross
2BCC0B713640F43A,ping_inv_have_killstreak_generic
2BCCC78BE47DC6F6,t10_test_nuke_death_start
2BCE4199A2889BEC,hud_splash_gamemode_hexagon_rotated
2BCE76750051483B,super_sonar_pulse_rex
2BD30A528586DF2A,specialty_hand_to_hand_rex
2BD7F815CDD6BDEC,dev_proto_dropshot.cfg
2BDD8551EAB76FE5,CharacterImpactSFXTableDef
2BDD9035958B9CCD,mp/gametypes/grnd.txt
2BE1BA9940491740,specialty_trait_extra_tactical_rex
2BE2C0361ABC4B2C,hud_reticle_s55beach_h
2BE2C7361ABC5711,hud_reticle_s55beach_g
2BE2FEC8BF851273,widg_gradient_center_out_strong
2BE3289FFB197481,mp/gunsmith/s4_mr_gecho43_progression.csv
2BE33ED136C9EEE8,BehaviorTreeDecoratorUnion
2BE74E056CA7F17E,ping_loot_confirm_key
2BE765D7E86591E2,ui_infopanel_shadow
2BE85DAF44CA3B67,hwconfigvardefault
2BEA17F57E0F7D6A,loot/s4_pi_mike1911_camos_ids.csv
2BEA8C591920A1C7,gamepad_common.cfg
2BEC6F97E84F34BF,ui.utils.mp.CallingCardUtils
2BF5FECA4410779F,ui_hud_common_gradient
2BF61ECD5AA6A90C,onboarding_perks_2
2BF621CD5AA6AE25,onboarding_perks_1
2BF6696844E57A36,loot/s4_me_knife_camos_ids.csv
2BF8091C4BC1C34A,HIDE
2BFA7C980202D0D6,MaterialAnimationParamsShape
2BFADFD44964B644,ping_door_ajar
2BFB12E7FDC54CB7,ScriptableDamageModDef
2BFBD832DB2353B3,r_index16_t
2BFDA40B670B27AB,SndSendType
2BFDD23684B23656,rex_attachments/rex_bar_limax_desc
2BFF24D763630C92,mp/loot/br/dmz/biobunker/lootset_cache_spawns.csv
2C03EEB21C366184,bc_flavor_player_surprise
2C041DE730AB3863,mp_rex_mobility_course/restart_course_ctrl
2C07A26E2F520A1D,hud_reticle_hip_bracket
2C0AA1D29313F8A0,ping_loot_equipment_c4
2C0F080FC8F6BC54,ks_remote_gunship_mp
2C104317930612F3,ScriptableLoadSortClass
2C1321D4D02A41A1,rex_dynamic_null_uxray
2C16FEF01F7F9D1C,overlay_hoopty_diagram
2C1E01D48B030981,icon_generic_objective
2C202AE1593A20F1,default_keys_codcaster.cfg
2C22BBD9894C5AC0,ui_rex_icon_perk_quickfix
2C266EE26309EDF6,rex_pgrip_tac_spier9
2C2B6D431C3CFA0D,scriptableeventcomponentdef
2C330246FFBA87A0,mp/loot/br/dmz/biolab/lootset_office_cabinet.csv
2C34401EE7B85FCC,specialty_field_medic_rex
2C357354762D31B8,BehaviorTreeDecoratorTerminate
2C37D45C542CDEBA,t9_progression_achievement_ids.csv
2C385BF7E067DC9A,ui_bp_blades_icon_rewards
2C38A005390A04E8,EquipmentSFXSoundSetMoveLeadTypes
2C3D6F3A2F029564,WeaponOffsetPatternId
2C3D975E57C0DB0E,cp/cp_cinematics.csv
2C3E5E4240619EB5,mp/loot/br/ww2_plunder/loot_table_zones.csv
2C3F5071C2F3B894,mp/gunsmith/lm_slima_progression.csv
2C3FFA1CBB759628,mp/loot/br/dmz/biolab/lootset_computer_tower.csv
2C403BB0986BB14B,buttons_brawler_alt.cfg
2C42E213E09FE7E0,icon_blueprint_bundle_lg
2C465B74D9A96011,ui_rex_icon_plus
2C48C21E110E08C7,VehicleGamepadRumbleDef
2C4BDF197981E398,ui_rex_icon_eq_prog_gren_snapshot
2C4C0128F837809D,hud_reticle_full_circle
2C51D9F48C95DF14,ui.InGameHintDataSources
2C51E92294DAF4F2,button_x_large_mask
2C52D30438C451A5,ui.utils.GameMenuButtonActionUtils
2C54C3375BF797CB,rex_akilo_radiation_wave_start
2C5579728D649094,mp/loot/br/dmz/biobunker/lootset_safe.csv
2C55C9A4F3F582BB,super_sam_airburst_turret
2C58B3CE07B2F001,mp/gunsmith/pi_cpapa_progression.csv
2C5A3C1840FBC513,mp/seasonal_community_challenges.csv
2C5A5DD17277FDAE,t10_ava_building_elevator_double_int_door_close
2C5A5E4FAA4F7452,PlayerSpawnSettingsDef
2C5ACF6C097F672C,ret_cer_long_04_mp_center
2C5B6CF98C7FF21E,budgets/contentmem_gemini_test.csv
2C5CB683F57DC6F1,global_gridbuttonbg_1
2C5E29D21390AFE3,mp/loot/br/olaride/lootset_global.csv
2C6156E6656D5C0F,chopper_gunner_proj_mp
2C62470C813856DD,xanimpartindex_t
2C68A7B37552963C,XAnimNodeDef_LadderClimb
2C6CACE9AE97CC23,hud_reticle_s5pdoctor_h
2C6CAEA1306FEB6B,hud_reticle_sniper_outer_circle
2C6CB9E9AE97E23A,hud_reticle_s5pdoctor_g
2C71EAE451998E42,loading_mp_generic_bg
2C7274651AA06EF3,hud_reticle_fourx01_h
2C7281651AA0850A,hud_reticle_fourx01_g
2C733572FC022EDF,veh8_civ_lnd_victor40_police_holdexplode
2C7831E8B339F838,mgl_ui_icon_plus
2C7904808D193749,defaulttrigger
2C79E41207A93743,ping_concat_onme
2C82091BF1B9DC68,sat_ui_waypoint_circle_frame
2C82719C2F38F88A,ScriptableEventDef
2C82F663D24070E7,ParticleModuleCommonBaseDef
2C8491F51731EC84,loot/iw8_me_t9wakizashi_camos_ids.csv
2C886DE734ADFA33,rex_ironsdefault_akilo
2C8BD927D6A11DDB,loot/s4_me_katana_attachment_ids.csv
2C8C22ECECFA9EA8,mp/gunsmith/s4_mr_malpha1916_progression.csv
2C8CCC657822CD9E,specialty_blastshield_rex
2C8DB79B5AC72848,rex_drum_kilo2
2C8E57ACB64286FD,mp/loot/br/olaride/lootset_cache_spawns_bunker.csv
2C8F164619EFAAFC,loot/iw8_lm_pkilo_camos_ids.csv
2C900A4F91B5390F,mp/stats_init_privatematch.cfg
2C9060CEC67259D5,mp/gunsmith/sn_sbeta_progression.csv
2C90DC56CA493E36,defaultiktarget
2C913AEF19A592B6,ping_killstreak_clustermine_hostile
2C9165F4CCCB4061,mp/gametypes/tdef.txt
2C9178A2973C96F1,rex_medical_box_mp
2C92D8D976680997,mp/loot/br/kingslayer/lootset_contract_scav2.csv
2C9326AFFB73E787,mp/menupowers.csv
2C94A010A2838211,ui/stringtable/weapon_attachments_variant_icon_map2.csv
2C965A3A13EDFDB0,mp/loot/br/default/lootset_contract_asn.csv
2C988D2CF26237E1,challenges_goal_bg_h3s
2C99E83C298D6E8C,mp/trial_weapon_table.csv
2C9A46BC23B83615,rex_hardcore_hijack
2C9A61915F1D1F2C,bc_gamestatus_obj_cap_start
2C9C6A33D814B6DE,rex_pgrip_findia
2C9ECA2EE4017D52,aiwanderpath
2CA26B37AF9FE736,loot/blackcell.csv
2CA440E955D87F33,mp/br_bot_survival_curve.csv
2CA4505AC804F591,default_common_platform_settings_gen9.cfg
2CA46318308C2B84,vision/thermal_snowlevel_mp.vision
2CA524C26DA4DCF7,icon_footer_back
2CA877B85B8DB8CA,ui_default_glint_gradient
2CA8BEA31C3C3F54,hud_backpack_slot_empty_lethal
2CAA112A8C8B3E97,vision/mp_frontend_iw9_bundle_warm_d.vision
2CAA52BAA001DEDE,rex_mp_uctf
2CAD8E7E4F15CFD7,mp/gamemodematchstats.csv
2CAF1B5FF44CC275,rgblogitechprofile
2CAFA59AEEB54CB0,mp/gunsmith/sn_t9powersemi_progression.csv
2CB2C14A315A0179,ping_inv_need_smallcal
2CB46F9AC5E3B09C,GfxDataLviTwoStateAnim
2CB6AD13572365CD,ScriptableEventVisionBlendDef
2CB80E41A55F190C,mp/loot/br/kingslayer/lootset_empty.csv
2CB89E22C2FBF6AE,mp/gunsmith/sh_charlie725_progression.csv
2CBE0AAB61168EF4,mp/seasons.csv
2CBE8B991374EBAF,mp/gunsmith/me_t9sledgehammer_variants.csv
2CBF77836583BCFB,dismembermenttypedef
2CC301CD08BD1366,ping_atm_confirm
2CC3F5D15CDC2C4F,ui.utils.SafehouseUtils
2CC4EC8DEC140E68,mp/gunsmith/platform_jp02_progression.csv
2CC57BF1DEEE6126,SwimVFX
2CC586642ACD07CC,defaultmaterialanimation
2CC7BEF49C372F4D,BSEQStateImplVal
2CCC72E0F8939BDF,yellow_flash
2CD12F6A84E129E2,icon_armory
2CD57989B60A7CCC,ping_boss_generic
2CD58D2B1E9C45E8,ParticleModuleAxesFlags
2CD5C712361B6B03,ricochetInfo
2CD60ED6B9B1485D,scriptbundlePtr
2CD80F7890BA3A39,fullscreen_armor_left_splash
2CD8F9F25A388097,perk_trait_free_tourniquet_rex_mp
2CD957DED126EB27,miscvideooptions.csv
2CE017A2CF8B32E7,spinner_rex
2CE09F0DAC6E0A83,ping_loot_keycard
2CE2BFD32426F923,omnvars/feature/omnvars_securitystation.csv
2CE7591B5F631921,mp/gunsmith/sm_t9heavy_progression.csv
2CE86965C86CC929,deploy_airdrop_mp
2CE8FD83BE93993E,ping_fieldupgrade_medbox_hostile
2CE92F6355A9A1C2,mp/loot/br/dmz/lootset_supply_drop_boss.csv
2CE93F2CE727BE7B,ping_inv_drop_weapon_sniper
2CEAF800A13CC49A,hud_reticle_hip_blocked_x
2CEB671F2B17200B,bc_killstreak_action_lrad
2CEDA8982C7A6416,rex_ammo_uranium_minigun
2CF022DE9BFE3280,vision/killstreak_ads_shutter.vision
2CF1838706736F97,sp_map_campaign_world_map_east
2CF23A23EDD2C400,SndReverbDef
2CF30FF72408BC72,loot/iw8_sm_t9season6_camos_ids.csv
2CF556DBD72461FC,lensflaredistribution
2CF6B7E9DF8F559C,misc_keyboard_black_01
2CFAE350A5D59B09,veh_hoopty_mp
2CFC021D3CCEA0FE,loot/iw8_lm_lima86_camos_ids.csv
2CFC6F7C8FFCE52C,mp/loot/br/doubledown/lootset_cache_pe_chop.csv
2CFD4C0EA40F8401,icon_mp_mode_tdm
2CFD7C3E410CCC10,hud_reticle_grenade_launcher_bottom
2CFF7793E8CC5A52,hud_reticle_sniper_india
2CFFDA9D731D339B,circle_is_closing
2D0357FB42C25AB2,specialty_memento_rex
2D03C016C0C5EE50,mpui/kick_player
2D091294575DEE9C,hud_tablet_key
2D09A543EF81F7D4,CameraFirstPersonProfileDef
2D0C0C5496844172,mp/gunsmith/sm_secho_variants.csv
2D0F06FC2705EBBD,mp/loot/br/plunder/lootset_cache_hidden_container.csv
2D0F1773AD0A9CD3,GfxImagePixels
2D126B6B33E52BA0,GfxWorldCompressedSunShadow
2D143CABBF0DC58F,veh_rex_lnd_tank_t72_core_sp
2D15429FC3D96C75,rex_hijack_defuse_hack_mp
2D15B7525508E2C1,mini_sentry
2D16096910CB0138,EcsAssetTestComponent
2D17559FBBAF7AC9,mp/operator/s4_solange_eng_progression.csv
2D18CA4BACEE3F93,ui_bp_inspect_tag
2D1A4F6AEB7C67A4,player_neardeath
2D1B1840276CC04D,mp/loot/br/plunder/lootset_cache_ultra.csv
2D1DCF8318F7C787,ui.utils.FenceScenarioInstalling
2D234F2372084A4C,defaultweathersettings
2D25978CBFD221A0,ping_objective_return_flag
2D28D8603358DD58,equip_tripmine_single
2D2A9851C794726C,ui_multiply_effects
2D2C62E6992D68E3,EquipmentSFXWeaponRattleData
2D318C70ED3BB3DD,vec2_t
2D31BA8BFB4FBB3F,LUA_MENU_MP/RULES_TEAM_SIZE_2
2D3A734E6430E5EF,<raw img>
2D3B030569AB1A20,presence/resurgence_bots
2D418BB4639821D4,occludergatestates
2D43D5D37EA2ED86,ui_icon_options_section_kbm
2D44DFA44E52BA71,uk_battery_charger_01
2D45AC288585993E,omnvars/mp/gametypes/omnvars_gwbomb.csv
2D48144A24C4BFF0,equipment_icon_slot_biospike
2D4829FB9F624AA1,loot/iw8_pi_t9pistolshot_camos_ids.csv
2D490FEA88CE2F09,AttHipSpread
2D4D46B18B449D71,ui_gesture_salute
2D4FBF2B82388393,ui.utils.TimeUtils
2D50645A7BF40DC9,jup_vignette_background
2D51ED7D04DDF90B,iw9_radial_6slice_selected_unavailable
2D52D58AA72FD2D7,ui_mgl
2D564307FB9112C8,mp/recipes/br_duos.recipe
2D59C78F285A38EF,loot/s4_sm_fromeo57_attachment_ids.csv
2D5BF9F36358E2C2,cp/cp_consumables_combos.csv
2D61DF5090D67BF1,specialty_molotov_shots
2D665A7D0F500C1A,ping_contract_initial_clearstronghold
2D66F07569C516B4,icon_mp_mode_conf
2D68609FC45CFEEE,specialty_hunter_tracker
2D6876A2597E851B,techsets_global_sp
2D6B196E8599D21C,rex_bar_hvy_mike4
2D6B58660D39D506,VehicleWheelLocation
2D6B6D8044E53F0F,mp/gunsmith/sm_augolf_progression.csv
2D6B8ABFF095CE0E,mp/gunsmith/s4_sh_lindia98_progression.csv
2D70F85A19883501,compassdatadefptr
2D72C52090C8199B,levels/gunship_ambush
2D77AD3CC804C1E8,onboarding_mod_1
2D77AF3CC804C54E,onboarding_mod_3
2D77B03CC804C701,onboarding_mod_2
2D7B5FD0871CC734,mp/gunsmith/lm_t9accurate_variants.csv
2D7BBC879145BAF1,clantag_shg_rex
2D7C70CC102EF008,rex_mag_golf28
2D7C93C42E24E273,icon_checkbox_checked
2D7D3BFF81AC4C32,loot/s4_unlock_items.csv
2D81528CBAF891E8,CalloutMarkerPingCategory
2D81D5580ADEF8A7,clantag_cod_rex
2D81DDB52232DDD6,cfg/default_mp_jup.cfg
2D82213D7F6145B4,ui_mp_br_equipment_empty_icon
2D8621AB5BB00206,omnvars/mp/gametypes/omnvars_towerclimb.csv
2D890E6423E09CEA,ks_remote_map_mp
2D89B0B1BB31AC04,ping_contract_confirm_bounty
2D8A767DB8C913E3,brloot_master_assassination_tablet
2D90B7EB7103AB4C,gfxweathersettingsvolume
2D9325644C3F7506,specialty_rugged_equipment
2D93564887D49E22,ParticleModuleInitRotation3DDef
2D936E15948A0503,rex_attachments/rex_reflex04
2D937415948A0F35,rex_attachments/rex_reflex02
2D97867978B36F00,footstepsfxactiontabledefptr
2D9AF067664F26E6,iktargetdef
2DA01AB4B9B2FA6E,ParticleModuleIntensityGraphDef
2DA259E590FB3377,particlegravitystate
2DA42A04F36868C6,rex_ks_gesture_phone_nuke_victim_mp
2DA738667B01E02A,TuningCurveSetList
2DAE610F6D816F57,icon_fieldrep_recon
2DAEB0FB761B47BC,hud_reticle_med09wz_h
2DAF2AF3E014F751,icon_gesture_placeholder
2DB321DF5A63559A,perk_pc_stealth_rex_mp
2DB8D7AC61D575FB,XAnimPositionConstraint
2DB95242F7790195,displayvideooptions.csv
2DBF62B14406A5C0,ping_samsite_hostile
2DC3E15D317006C5,loot/s4_mg_bromeo37_attachment_ids.csv
2DC41B7625DF9AA2,ui_rex_icon_reticle_shscope01
2DCA18FEF3D8ED41,cfg/default_mp_modesettings.cfg
2DD0C5B4BEA2E1BA,MapGameObjects
2DD1220F0DA8CFD9,cfg/thumbstick_southpaw_ns.cfg
2DD1A39B3C346CF0,bc_combat_action_last_mag_concat_launcher
2DDA859195FB9FE2,coverselectorptr
2DDD2AC8350B946F,rex_laserads_lrg02
2DDD2BC8350B9622,rex_laserads_lrg01
2DDDDEED1C72AF4D,ui_prestige_icon_redacted
2DDF0A8815024846,reticle_line_soft
2DE32E0DDFF0BA52,mp/recipes/ship.recipe
2DE41ED5CE3F8A24,sndtabledefptr
2DE7EAFA64C5E4A6,endowment_challenges.csv
2DEC33EA8947B2EB,icon_playlist_players
2DED7B54ECAF0F37,hud_icon_objective_elite_radioactive
2DEE62E6173BFA1B,loot/iw8_sm_t9fastfire_attachment_ids.csv
2DF5A1691AB0665F,icon_loadout_build_watermark_sentinel_stealth
2DF62B1CDDDE8C8B,c4_base
2DF68DF2CE23F663,ZivaRTDef
2DF6A69B8469B1C8,hud_reticle_spider
2DF80CF91B2FD46C,overlay_hoopty_truck_diagram
2DF8F22D17D8870A,foliageimpactfxtabledef
2DFA125615A99646,mp/loot/br/mini_mgl/newplayer/lootset_cache_base.csv
2DFBACAAB6021D79,overlay_tacrover_diagram
2DFFEA9422644DB1,ui_hud_layout_central_command
2E035CD9A88C5AB8,decor_serving_tray_01_single_gray
2E03F3DBBF057265,mp/t9_seasonal_challenges.csv
2E04DA45D45AC20F,mp/brLandingLocations.csv
2E058E3923E41C63,spatialcinematicsdef
2E05FC92B705662C,ImpactTypeToEffectTable
2E064D9B8C9C43BD,ping_contract_confirm_contraband
2E093F5BB638050D,specialty_mercenary_rex
2E09489608B4F4C7,keybindingschat.csv
2E09D7E2F35E98A7,ui.LUIMixedElementPool
2E0A5A50DDC817D5,indexedlisttypedevdef
2E0E10A37F5CD1B0,ParticleLocalVelocityType
2E0E72BBDB431E3E,ping_killstreak_combat_drone_hostile
2E12AEA766B30A16,electronics_cellphone_pile_02
2E1423B260DBF415,rex_bounty
2E144F014DFE5E6E,mp/recipes/cp_strike.recipe
2E1453C39155397A,rex_smoke_wall_explode_mp
2E176E5937019470,hud_reticle_short09_g
2E177D593701ADED,hud_reticle_short09_h
2E1D893D6A742981,mp/loot/br/ww2_mini/lootset_global.csv
2E1EC19DCED62B28,tablet_mgb_circle_small
2E2293B8D84FC677,rex_mp_dunn_1_1
2E25B081DD5AEC88,hitmarkers.csv
2E2A18B5077FC1CE,default_common_mgl.cfg
2E2B411A504B179E,mp/itemplatformtable.csv
2E2EB23926B5915E,perk_quick_hands_rew
2E3274F1E3008EB1,accessibilityvisualsoptions.csv
2E351616349537A4,jup_icon_microphone
2E370F86CC504FF8,ui.frontEnd.FrontEndPresenceManager
2E38C9A10BF7D139,ScriptableEventDangerIndicationDef
2E3F16C75CA38FDD,rex_dynamic_climb_pi
2E3FA4DC5CF6F5B0,lua_menu/edit_augments
2E3FD37574D01D71,ping_loot_confirm_player_dogtag
2E419339A58996CF,rex_attachments/rex_bipod_uxray
2E43C92953073572,vision/mp_frontend3.vision
2E46D830B0D78FC8,equipment_military_radio_old_01
2E46DA30B0D7932E,equipment_military_radio_old_03
2E46DB30B0D794E1,equipment_military_radio_old_02
2E46DD30B0D79847,equipment_military_radio_old_04
2E46DF30B0D79BAD,equipment_military_radio_old_06
2E49A3682F275030,bc_vehicle_killfirm_jltv
2E4BFE11AFF0BCEE,binding_mouse_scrollarrow
2E4F2A607B9101CC,mp/squadunlocktable.csv
2E4FDA8B271127DB,ping_equipment_gas
2E52A4DF4E89A2DC,EquipmentSFXSoundSetMantleTypes
2E53807234FF14CE,ui_rew_icon_fu_decoy
2E54889AF7248002,rex_ironsdefault_tango73
2E554733D61E6853,ui.themes.ThemeUtil
2E567ECFBCBC9CD5,equip_screamer_mine
2E5815EB0A6ECCD9,WeaponMotionAnimBasedRecoilDef
2E599D31CB7B7B25,br_tutorial.cfg
2E5A2391A63207B7,AttJumpADSSpeedScaleSettings
2E5B585BA60F0EAE,rex_attachments/rex_rec_kilo2_airburst
2E5D0603EC746C15,ks_airstrike_target_mp
2E5DC2DCB3074D05,SmokePassthroughVFX
2E6575AD69A692F3,icon_global_barracks
2E6581384B1C95DB,button_secondary_ps4
2E686A0389A91178,unknown
2E696A4F764B929D,uk_clothing_sporting_goods_hat_01
2E6AE2D7B9602EE9,rex_possession_gunfight
2E6BBE4CE9F18BEC,vision/mp_saba_underwater.vision
2E6CFAC18B235D5A,XAnimNodeDef_BlendSpace1D_Entry
2E6E99908C839901,XAnimDeltaPartQuatData2
2E7B6524BBA4D8E4,perk_bloodlust_rew
2E7E03EA2600AC54,MapVoxelizedState_3DArray
2E7E9B12DA23804E,stringtable/socialplayersdebug.csv
2E8098DDE45C6968,rew_armorplate
2E813B2541590416,specialty_rugged_equipment_rex
2E81716913727190,ping_enemy_interrogate
2E83F9B13B0DC399,vision/mp_frontend_iw9_bundle_dark_a.vision
2E840C9BB40C03B9,cp/gametypes/cqc.txt
2E857C2A8269B3C8,FxGlassTransientLookup
2E8AEA91A350CF73,mp/gunsmith/s4_me_shovel_variants.csv
2E8B6A0CEC2F7FF0,particleemitterdefflags
2E8D63A5C3BE442A,ping_objective_attack_device
2E8ECED46DD096A0,BG_PropPackage_Config
2E8F06150F976CBD,ping_loot_equipment_decoy
2E8F1B9B065F2F41,omnvars/mp/omnvars_perks.csv
2E8F506E8C043C4F,ShockDef
2E90345DC89E824D,t10_gbr_pl_ratcliff_vertigo_skin
2E9140920A7D4520,hud_circle_small
2E91887518A74B28,menu_onboarding_ob_intro_03
2E91897518A74CDB,menu_onboarding_ob_intro_02
2E918A7518A74E8E,menu_onboarding_ob_intro_01
2E9258965ACDF296,mp/classtable_infect.csv
2E9421B762FA4AD2,mp/loot/br/mini_mgl/5_minutes_mini_br/lootset_cache_spawns_buildings.csv
2E9C270C099D2014,ping_inv_drop_weapon_lmg
2E9E3C063CD39759,rex_stock_tac_kilo437
2EA2F81F9CC5E10A,AISplineTransitionNode
2EAB3CF0AF8BEC97,specialty_trait_ammo_scavenger_rex
2EAB4DC970A1EAB3,spinner
2EB2376A6FF68D21,ui.inGame.LittlebirdControlsContainer
2EBECC1F43B46043,specialty_trait_ammo_scavenger
2EC13F87BE70E0EC,overlay_tank_reticle
2EC2FC88A0409439,mp/loot/br/doubledown/lootset_cache_base.csv
2EC3CD13176D167F,hud_reticle_loot_s3swolf2
2EC625D69212FBD1,cfg/dev_proto_camera_impulse.cfg
2EC7FBCB7E2AC2C7,hud_reticle_highlight02_holotherm01
2EC8D6448F394206,GfxPbgExclude
2EC99861CB4AA7DE,cp/cp_attachmentcombos.csv
2ECA4EA66D9175BA,ui_rex_icon_fu_prog_drone_seeker
2ECCE66C127E89F9,hud_icon_overtime
2ED00F7622F81893,hud_icon_obit_down
2ED0B392AED7FE34,aim_assist/view_input_1.graph
2ED529FBC0DDA92F,voidlaser
2ED6ABF93495B62F,ui/stringtable/weapon_attachments_variant_icon_map_anim.csv
2EDE0998346AFD5A,hud_reticle_notched_meter
2EDEF1D266F0D512,attchamberedammo
2EE3D997DEDDB503,ee_sign_construction_hills_01_lm
2EE58092DF08F3B1,rex_grip_ang
2EE77B61C37D04F8,precision_rex_dm_findia
2EE7A4F5FA7D9D02,AttChangedFireTime
2EE7BA9817A88282,rex_equip_molotov_rec
2EEA003B7CCD448E,mp/loot/br/rebirth/lootset_contract_supply.csv
2EEC1894C44B0F32,omnvars/mp/gametypes/omnvars_armorup.csv
2EEEA95CBB49FD75,PropPackage_PropConfig_Flags
2EEF0B9AB089FDFA,icon_generic_minus
2EEF5CC5772C953E,radarEVENTTYPE
2EF23559A05A6194,hud_splash_diamond
2EF2AE79F8A6F20C,ObjectiveShared
2EF2FEDC753ACEE6,mp/progression/spetsnaz_progressionitems.csv
2EF656ACEE6214C0,ParticleModuleInitPlayerFacingDef
2EF89779CB02C116,mp/loot/br/dmz/biobunker/lootset_office_cabinet.csv
2EF92E8C8644514A,ui_loot_gesture_watch_shake
2EF9D9DA4373E80B,PMC/DMZ_MISSIONS_TIER_HEADER
2EFC374948A0D7B8,ui_rex_icon_wpn_prog_ar_mike4
2F01A1C7C09D5861,ui.utils.HUDUtils
2F01DD91FD93A64F,loot/s4_mg_malpha7_camos_ids.csv
2F02B0E3D7463298,shock/scrambler_03_mp.shock
2F065B8D77A84B8D,hud_reticle_vz02_glow
2F074E367409D357,rex_pgrip_snp_mike4
2F0778CA063DD234,rex_stock_moscar
2F08E666DDF557E3,veh8_mil_air_acharlie130
2F0DA62512D5DCC9,LUA_MENU/TITLE_ESSENTIALS
2F0E1E3972AB02E6,perk_trait_pebble_collector_rex_mp
2F1234A608FEB831,mp/loot/br/classic/lootset_cache_spawns_bunker.csv
2F147AA149B19FC4,rex_stock_uxray
2F15408084EFD9BE,rex_equip_frag_rec
2F17378294CB41B1,ui_tactical_bottle
2F1BDEFDB6EE5D08,uvec4_t
2F1C3504CFE62C9F,hud_reticle_circle_fill
2F2458A3BC3B3921,hud_reticle_highlight_minireddot04
2F256D628FE17BA7,mp/loot/br/default/lootset_bunkers.csv
2F263FFDE8BA9937,lb_overlay_fuel_warning
2F27209F62762464,ParticleModuleInitSoundDef
2F27F710B13D5EC8,hud_icon_weapon_jup_jp01_ar_golf36_mp
2F28AE6DF69ADF8D,mp/loot/br/saba/dmz/lootset_cache_base.csv
2F2C9F48E3FE964F,crate_plastic_sml_01_dirt_green
2F2E11DDC0D7147A,lua_menu/trophy_amount
2F3099B871BCC063,ui.LUICountdown
2F3188ACB2B56226,veh_diagram_sedan_hatchback_out
2F31FA6AC5DD4ECA,PRESENCE/FRONTAL
2F35173B35510530,rex_reflex01_broken5
2F35183B355106E3,rex_reflex01_broken4
2F351D3B35510F62,rex_reflex01_broken3
2F351E3B35511115,rex_reflex01_broken2
2F37EB336C98DB9D,equip_snapshot_mp
2F3F5CAC64D2F6CC,equip_recondrone_rex
2F4204AE784A13FC,onboarding_br_dropkit
2F42283688816432,ping_boss_chemist
2F46A414A42CB66A,rex_attachments/rex_rec_kilo5_desc
2F490434AD204860,rex_stock_limax
2F4CC5F4696181D1,ping_vehicle_husk_bike
2F4D459A2BD8459B,XAssetPointerList
2F5141B03609429F,mp/loot/br/horizontal/lootset_global.csv
2F54B01C46FBCCED,ping_inv_have_armor
2F58C1EEDA433A4F,execution_attacker_root
2F58E2188A45950B,dlogdatacontext
2F5A1931888D7F35,mp/loot/br/rebirth/lootset_contract_scav3.csv
2F601853487049B6,me_snack_package_bread_cardboard_box_01
2F62F703F5CE57D2,scriptabledefptr
2F6677569ED98EAA,lb_overlay_fuel_meter
2F684DD508DFA085,ui.inGame.HeartbeatSensorElement
2F6AFB0DBCE01549,ui.utils.FencePremium
2F6D8DD4BEBCC8C9,scriptbundle
2F6FDFCDF3B1D318,cinderblock_01_01
2F6FE2CDF3B1D831,cinderblock_01_02
2F7089131EE84291,rex_pi_dechominijugg_mp
2F70E77F7DD604AB,rex_ks_gesture_phone_nuke_mp
2F7329B00EE7B722,scriptable_door_wooden_panel_mp_01
2F739E20227DD797,mp/gametypes/base.txt
2F87C0A05B3432D5,ui.utils.PowerUtils
2F8B1B9ECD17C16A,rex_addsway_spier9
2F8B44639981E0C2,weatherimpactsfxtabledefptr
2F8C9BECF105D7FD,int32_t
2F95BE1CF63499E9,compass_center_side_mask
2F9BA4ACB766E73F,brloot_armor_plate
2F9D39FC61A7C466,ui_hud_common_rounded_rectangle
2F9E640EEEC796DA,intel
2FA30A9472DD72CC,mp/loot/br/default/lootset_cache_reusable1.csv
2FA7DAC82D432FA5,menu_loadouts_kbm_gradient
2FAC1F767F849C84,jup_ui_br_biometric_scanner_keycard_platinum
2FADCD4603721B4A,mp/progression/elder4_progression.csv
2FADEDE999347F15,mp/classtable_br_rebirth_ww2.csv
2FB3257D5884ECE0,ui_icons_zombie_squad_info_salvage
2FB33B614FC384DA,ui_icon_minivault
2FB8AD1CEE86A8E5,loot/s4_sm_thotel_attachment_ids.csv
2FBA67DD9F82B824,ping_cache_confirm
2FBB05DEF8C88588,keyart_operator_enhanced_edition_thumbnail
2FBB7E47995803B5,ping_concat_east
2FBED4E64302A3D7,overlay_cruise_squares
2FBF92392A2101B1,weaponblueprintPtr
2FC436D7DF918EB9,mp/gunsmith/pi_decho_progression.csv
2FC461C9249BE068,rex_pgrip_kilo437
2FC49CCD02AAF486,sat_flash_grenade_ob
2FCC0F64A7AD96DE,specialty_trait_combat_resistance_rex
2FCC60E4AB149E4E,mp/gunsmith/platform_jp08_progression.csv
2FCD9F0D6C0F2930,GfxGenericVolume
2FCE995248231D1D,bp_a00_shadow
2FD059F8E499F3F0,generic_button_base
2FD18C9A2DD0DFB6,SuitDef
2FD42EF06E14E888,icon_navbar_warning_right
2FD679107AF90A64,MP_BR_INGAME/USE_HEALTH_EQUIPMENT
2FD96806944A6058,rex_lm_sierrax_mp
2FDDA282EBBF131F,mlmodeldef
2FDECC4D2BF8F3D1,particlemoduleinitvfxlightdef
2FE2587398F66AE0,MaterialTechniqueSetAndDecalVolumeMaterial
2FE291DE39D320A2,hud_reticle_fourx04_vday_breakr
2FE40823B3ACDFF3,tablet_tac_camera_connected_xmark
2FE6937902A762D8,ui.inGame.DriverHudMedTransportContainer
2FE85F3C3C00F171,sndglobalcurveptr
2FF0EBE4B677D2A6,hud_reticle_long_05_wz_h
2FF0F6E4B677E557,hud_reticle_long_05_wz_g
2FF387A6291A3027,ui_bp_checkmark_button_tile
2FF8189469458398,AchievementDef
2FFE5CC1E84A30DF,clantag_aces
2FFF4CAA10A8354B,rex_frontline
300003FE3DF8A72B,cp/cp_munitiontable.csv
30004826C704EC15,hud_callsign_bg
3003D9CB922F6639,AttWeaponMotionStaticOffsetAdjust
3004767A2A0945C9,quickscope_rex_dm_findia
30095C0694736FB6,rex_lm_sierrax_sp
300D9B967A3AB9AA,ping_killstreak_choppergunner
3010AA9F48282EC3,jup_hud_reticle_las_fourx01
3011D7F936167BE3,Nameplatehealthbarsettings
30158BCC289DA1A0,BehaviorTreeArgType
3016382E555AB6F1,uk_sign_label_electronics_store_01
3017D6D07411458E,rex_ironsdefault_kilo437_stocksaw
301A6692AD8A5006,ui.EventCatcher
301D9045215E6100,rex_attachments/rex_rec_asierra12_desc
301E367EA729214E,OffhandClass
30201087531F203F,wz2
3020E3B0F7185C40,rex_xmag_sierrax
30214BB7655B03D1,rex_mag_tango73
302475CA77BF4A41,mp/gunsmith/s4_sm_guniform45_progression.csv
3024CC6349EE7E75,hud_backpack_slot_empty_ammo_shell
30256E18D8C61173,mp/brcirclevisuals.csv
3026D1D4E5D2CC42,CommonSwaySettings
3028903E34E91926,brloot_satchel_equipment
302B957EEC5B5268,XModelBlendMapDataTracks
302E8C5F2379843D,GfxBlendStateBits
302F34BA740E65DF,VehicleSimWaterDef
30305F72EAE7DD51,vision/backstabbed_underwater.vision
3035E6CE71CF3184,onboarding_munition_2
3035E7CE71CF3337,onboarding_munition_3
3035E9CE71CF369D,onboarding_munition_1
3037B07C12E7394B,physicsfxpipeline
303805052095CB27,LocalizeEntry
3039FF328AD1DA93,mp/loot/br/dmz/lootset_pelican_case_rifle.csv
303A852A06B42F80,loot/iw8_me_akimboblunt_attachment_ids.csv
303B3EC9AE94FEF0,ui_rex_icon_wpn_prog_sm_psierra41
303C49829F510142,weatherlayermaskdef
304037164865A474,sat_seasonal_event_title_2xp
3041C551AA4FFA62,brloot_super_munitionsbox
3042ADE94DA3C1C1,specialty_scavenger
304451D8C36FE3A4,MapVoxelizedStateDataStructureType
30456EBB78F54A31,ui.WebURIManager
3048196208CDDB67,rex_mp_ctsfo_1_1
304869D1F791889F,videooptions.csv
3049EB74D571DA85,mp/loot/br/saba/dmz/lootset_geiger_puzzle.csv
304B41E788BAC86D,mp/loot/br/dmz/lootset_ls_weapon_tier1.csv
304D4EB8977B510C,loot/iw8_la_t9freefire_attachment_ids.csv
304E299801DBC0F2,overlay_medtransport_diagram
3052B34475ADF498,impactType
3052B4321B2D8DAF,animtrees/generic_human.atr
3053D5E53CC474F7,ping_fieldupgrade_medbox
3053D84D979C079F,sndasset
30542B472CA68C83,common
30587C40F7430248,ui_battlepass_loot_override_090
30587FF2FBA06972,nav_resource_s
3059219B1E7AC165,ui_sticker_stub
305AF27ADBECC9B5,ui_rex_icon_cycle
305B28A21BB39FCA,specialty_trait_equipment_pro_rex
305DF7E6867F465C,mp/loot/br/mp_sm_island_1/rebirth/lootset_named_location.csv
306348D9D10BE67E,sndadsrdefptr
306761479C65FF95,iw7_m8
3068CC1128859BAE,WeaponDamageCommon
306BBE4FA8BFECD7,rex_advanced_supply_drop_marker_mp
306BFA1BE46C83BF,ui_firetype_semiauto
306CDEA399AADD1C,torrent
306EBB314DA56695,rex_scavenger_bag_mp
3070D4D4267E0772,VehicleModelDef
30732713C8C16FCD,uiModifier
30764DB4B8D69A95,mp/gunsmith/s4_me_swordtitan_variants.csv
3076A9D2EBD00B9C,brloot_weapon_m4_comm
307813B5A391F5E2,icon_playlist_team
307D87EEBAECE0AE,ui_gunscreen_edge_thick_invert
307F12B6EDC44B81,interface
30814D221AE38C8E,ui_icon_options_warning
3083BF591ACD9A1A,mp/loot/br/default/lootset_cache_medical_box_wall.csv
308472EC4B3CB42E,icon_social_friendship
3084D899B843E73A,vision/c130_halo_jump.vision
30850BA21C943B30,ks_chopper_support_mp
3085A46A3B077D7E,ping_citadel_hero
3088C49572EBEBC6,rex_stock_ass_kilo2_sp
308903C3B12FDD1C,gunship_hellfire_mp
308C92D07211F8E6,cp/rolesmenu.csv
308CB21374FD3C1B,tuning_bg
3090AF6CA680C9AE,CarryObjectType
309147D8E0FE7E17,mp/recipes/cp_trials.recipe
3092702EFE3B618B,rex_laserads_sml01_off
309821771104AF28,hud_killcam_square_grid
309BFA8A3A83E23E,lb_overlay_silhouette
309F14CA951B4A44,loot/iw8_pi_decho_attachment_ids.csv
30A15CB1887B35DD,ui_widg_radio_button
30A210AF0EF1D48B,rex_rec_psierra41_apex
30A4266488AD8A3F,omnvars/cp/levels/omnvars_cp_raid_complex.csv
30A6FE2D32FFC87B,ae/jup_leagueplay_challenge_achievements.csv
30A8740DA5FE3B40,cfg/dev_proto_flinch.cfg
30AB8B73E33A089A,ScriptableExternalSpawnRangeData
30AC4B44DEAC9475,hud_splash_accent_plate
30AD1050F3138003,rex_barsil_psierra41
30AD4C8C4741AB93,LUA_MENU_MP/CREATOR_CODE_CASE_SENSITIVE
30AD8D69E115B7AA,vision/scope_fourxtherm04.vision
30B0CE40E1EA4E1A,AttViewKick
30B1FF1FEFE2A804,ui.utils.DropdownLogic
30B1FF2DFE3A634C,ui_mp_br_infil_squad_icon_number_2
30B39B77C2F74592,specialty_apex_knives
30B54BAF626085D7,ae/ae_user_state.csv
30B6E2B50614058D,mp/achievementenginerefs.csv
30BD8B93E6EB4442,scriptablepartlocalsize
30BD9CA64537F3C9,hud_reticle_vz02_base
30C01B13BD247449,ui.ToastNotificationManager
30C1145E879CCD64,com_floodlight
30C265810A8C4F0B,cfg/buttons_stick_move.cfg
30C3343B312BF548,rex_ks_use_crate_mp
30C57CFF7FB57F66,buttons_charlie_alt.cfg
30CAAE67820F3851,ee_sign_street_no_stopping_lm
30CAF2EC971F3118,ScriptablePartWorldIndex
30CB101E98CB9001,WeaponAnimPackage
30CC5379110718EB,ping_killstreak_drone_swarm
30CC6E1D712ADB6D,ui.utils.MainMenuTabUtils
30CE3F3CE514DC6C,AISplineFollowType
30D7950272331678,calloutmarkerpingwheeldefptr
30D8D62C09027D57,loading_br_cer_practice_bg_preview
30D9C465E1DAFDD0,light_helicopter_lights_lm
30DBBB4229D4071F,dlog/dlog_whitelist.json
30DBFF43691EF5DF,rex_cal_tuning_lm_stocksaw_sierrax
30DC567E9E3F1E4D,ui.InGameMPKillCamDataSources
30DF2F12F2BC7E95,mp/recipes/arena.recipe
30E023BD9ED59C50,thermite_ap
30E029BD9ED5A682,thermite_av
30E2D0AD0AF9833D,omnvars/mp/gametypes/omnvars_sr.csv
30E494B23025422E,mp/reticletable.csv
30E87DA585F90162,ee_sign_street_vehicle_only_lm
30EBBDBBEB5278F8,buttons_bumper_jumper_tac.cfg
30F2CAAF598AB20D,aim_assist/view_input_2.graph
30F5B49BE6824E67,button_dpad_right
30F6FE504B167CD4,brloot_offhand_snapshot
30F7C09AAF78F3DF,hud_reticle_launcher_center
30FBC802BCD451CA,setting_image_invertedflash
3103D5EDA280290C,specialty_trait_killing_spree_rex
31066894A07A5832,WorldEventTrigger
3107B8FD53F1BE81,rex_bar_sht_tango73
310867608FA183A0,widg_gradient_left_to_right_mask_strong
310939AE771483C3,scene_Background
310CFD53FCCC13C5,ui.std.Class
310D84273A326605,veh_battery_icon
3113EA8814CE9039,lua_menu/static
3117D45C820DC593,icon_currency_key
3117E1C974DD7E43,setting_image_radar
311A1D6F6D7C5367,rex_hotload_he_bmike3
311B505BFB9F60C9,ContrailDataDef
311B6468BA0E1EC6,mp/classtable_br_gulag2.csv
311B64BE89F15F49,global_prompt_backer
311D77F19612767C,onboarding_fieldupgrade_1
311D79F1961279E2,onboarding_fieldupgrade_3
311D7AF196127B95,onboarding_fieldupgrade_2
311F2EA9B1330F5D,gfximagepackedatlasdata
31209D5423B4B0F1,un_office_passport_01
31262E1DE4AEA7BF,radar_targeting_mask_reset
31273A4823B992D4,ui_rew_icon_fu_trophy_system
31291EB368334685,rex_tur_wheelson_mp
312D6A60E4C51070,bestplaycamdef
312E62F70CDE8FF6,ScriptBundleValue
312ED93D8049DBA9,jup_hud_icon_minimap_vehicle_orav
312EDEB15518BD06,brloot_mission_tablet
313069055323FFAD,BG_PropPackage_PartConfig
31342783E30B9F13,ui_rex_icon_swap_sm
3135CF1A0B03A4EC,loadout_gunsmith_button_gradient_TOP
313757F6B2CDBF28,icon_perk_slot_third_person_ui
3138C4090E830BB5,cod_points_1100
3138C946A72E1159,loot/iw8_ar_sierra552_attachment_ids.csv
313C716D8B6E6EE0,mp/loot/br/mini/lootset_extra_plunder.csv
313E9CF4B5AE4BDF,watersystemperiphmodelptr
313EA011B6E8E924,ping_objective_kill_carrier
314321C39B762CEA,ping_blacksite_wz_hostile
3145E8AF8E0D4688,ui_bp_aar_season_icon_silver
3147795444552527,SndCurveDef
31489C181333456F,graphics
314904CCDBA049F5,mp/loot/br/mini_mgl/lootset_buildings.csv
31492F731FB1AF44,specialty_trait_sensor_cam
314977D0210D899C,hud_splash_circle
314AB7A242524448,omnvars/mp/gametypes/omnvars_counter.csv
314FEBE3E3C112D4,GfxReflectionProbeTransientData
315188A2398BFDB5,icon_loadout_build_entry_sentinel_stealth
31518E75B0B0BFDE,mp/loot/br/dmz/biolab/lootset_duffel_bag_01.csv
315294B46825A0F2,rex_bar_asierra12
31572C83B0E5C74D,ping_killstreak_juggernaut_box_hostile
31578A8D91F5E0EE,SndNameTable
315892D561F40D45,rex_ammo_12g_sl_bmike3
3158B01B33631FF4,rex_rescue_bigmap
3159EEFB9F573E17,detonate_window
315B019D2F0587B2,specialty_trait_fast_extract
315B407ADDF3C5DD,ks_ac130_mp
315C24382665878E,loot/iw8_sm_augolf_camos_ids.csv
315FC9FC0A02141E,match_draw
31610610D56CC0AD,ui_bp_unlocks_backer_highlight
3166AA6B1ACE5C16,hud_icon_splash_stuck
3167F4350A73754B,ui.utils.SoundUtils
3168E012FE1DDE8E,button_tdm
3169B30799FCE023,rex_attachments/rex_ironsdefault_xsm1_desc
316C166410645C81,mp/loot/br/saba/dmz/lootset_secret_stash.csv
316FB6222BCB40CE,ParentConstraintOffsetType
3170FDC6A55E46BA,ping_contract_initial_fogofwar
31745C11739879C9,rex_fe_op_crib_xcam_gunbench_mz_xcam
31790F6F062B05C9, and deeplink :
317DC56D4D222E58,luashared.CSVUtils
317E0C5929D36D6A,ui.inGame.sp.SPSiloDroneOverlay
317F0206456F295F,obmissionlist
3181327CB58233A7,brloot_weapon_mp5_comm
3181698C9F8B2F8D,loot/s4_mg_aalpha52_attachment_ids.csv
31824923E3FE59EE,rex_equip_stun_rec
3185E4F1379C7E65,BSEQInput
31870217C348B288,ui_bp_circle
318770FE32B2F6FA,SpatialPartition_Population
31887ED13E60999C,mp/loot/br/saba/dmz/lootset_military_container.csv
3188A959F0B38B17,thrown_gun_mp
3189DD507E7F9FB3,ui_rex_icon_perk_rugged_equipment
318A94914FD524B6,ping_vehicle_danger_tank
318AC2406C5AFE59,rex_air_lockdown_glide_bomb_mp
318B84604C25B162,PackedLmapCoords
318E1104C23F9613,defaultfastfilemodule
318E459E936369FD,raw_byte4
31915B1F820117C1,bc_equipment_action_nucleardevice_disarm
319501384FBAB91E,icon_mode_mp_prisoner_rescue
319707FBC6BF7431,ui_blend_effects
3197876C07A488E7,xanimdynamicbonesptr
3197CC84763D2948,hud_icon_net_gpu_temp_high
319C590BE6BA7F5D,volumetricheightmap
319C8A26C59CC4D0,mp/loot/br/saba/dmz/lootset_fridge_old.csv
319CA19C422BF3D2,hud_reticle_fourx04_vday_break_g
319CA49C422BF8EB,hud_reticle_fourx04_vday_break_h
319CFA775639766C,ping_concat_northwest
319EBB21F3D4FD87,defaultcompositemodel
319EF8DAB46E3770,specialty_tac_resist_rex
31A17629A535A047,mp/loot/br/plunder/lootset_cache_pe_chop.csv
31A234B3E64E025D,perlinnoisedef
31A3B5F796B8823C,icon_br_mode_tut
31A520E078E33605,hud_reticle_highlight_center_limax
31A66FE0486C78C0,ping_loot_buzzsaw
31A797360EDD39C8,BSEQConditionType
31AC47DC29AABBEB,omnvars/mp/gametypes/omnvars_tdef.csv
31AD10A260012C75,cfg/dev_proto_css.cfg
31B0E921F8F0D86A,hud_vds_wz_flare
31B197EFC05A4522,ui.CodeDependence
31B349D7E04D7D6E,AttADSStanceScales
31B429BEE6E65A5B,ui_bp_checkmark_button_tile_jup
31B452130D22B10F,rex_addsway_hotel45
31B4A8466A22A703,bc_killstreak_action_mortarstrike
31B5A93B437B94D3,loot/s4_me_sledgehammer_camos_ids.csv
31B6E78300ED81B6,ui_rex_icon_quicknav_active_store
31B86EC4569F198B,XAnimBoneFollowerSourceOutputType
31B91C78040B473F,death_machine_gun
31BB122388309DEA,ParticleModuleInitDecalDef
31BBA45393F9C8F8,icon_social_game_jupiter
31C60BE9B0EC18CF,ScriptableStateVolumeTriggerDef
31C670D77E294751,BG_Fortress_List
31CBB588E2CACC79,hud_icon_loot_br_crate
31CD260E9BBF6E55,dev_proto_edge_hang.cfg
31CDDCA6E460E1D1,button_border_flat_top
31CFC8D71B46E8F7,ui.utils.PlayMenuUtils
31D703CE0F3C07C6,mp/loot/br/dmz/lootset_fridge_old.csv
31DACDB38109669E,ping_vault_building
31DBF2E234C495F4,defaultsndzoneweather
31DF18C76D5710E3,ping_loot_equipment_stun
31DF270717BB8E0D,vision/wounded_underwater.vision
31E25D00AB073081,mp/loot/br/dmz/saba_b21_active/lootset_safe.csv
31E2BB4BFDF6541A,rex_tripmine_hold_mp
31E56BE297804C84,omnvars/cp/levels/omnvars_cp_lone.csv
31E5E02CD1164436,AiAnimSettingsSpeedThreshold
31EBE5030C825B72,ping_objective_attack_flag
31EC5F617961E497,mp/loot/br/dmz/biolab/lootset_biolab_garage_office.csv
31F0E6751D3D39AB,omnvars/mp/gametypes/omnvars_elim.csv
31F373815D35A35B,Weather_Precipitation_Type
31F5C253FA1B2664,ui_rex_icon_fu_supportbox_med
31F881A3F58D80DD,icon_loadout_build_stalker_fire_support
31FB4B1B587E98F2,hud_splash_generic_extension_slash_mask
31FC6CC6AF9D1626,mangler_cannon
31FFAED8986D75AE,sndcontextdetails
32004E2ACE3D63F0,hud_reticle_s3nuclear_h
32005D2ACE3D7D6D,hud_reticle_s3nuclear_g
3202092913950FF3,rex_ironsdefault_asierra12
3203DB47FFE95F37,standard_mp_shared.cfg
320428879CAE8678,fsm
32071A5AAEE88E0D,AttProjectileTunable
32071EECAA5A00AA,specialty_equipment_ping
3209B6F25231F156,icon_waypoint_friendly_frame_mask
320C8E40A98BD494,hud_icon_objective_elite_banner
320EE616CFB6C523,mp/optictypemap.csv
32143A4B72F346BC,hud_reticle_s5pdoctor
321792393E0F6C5F,scriptbrushmodeldefptr
3217BFD405917390,mapfxobjectsptr
32188E18D09F7F64,hud_stealth_meter_blur_mask
321A73D080E94D93,rex_rec_mike4_pdw
321EAC260593B7F5,sat_grapple_wpn_tunables_wz
322117A3C0707097,wzprivateloadouts
32222B416214C15B,store_qr_cod_shop
322319C76D90DF62,ping_loot_equipment_stim
3225AD7D4CCD12DF,ping_inv_have_weapon_shotgun
322C79A6376E20D1,gfxworldasset
322DAEB5EBF94DED,mp/cacabilitytable.csv
322E89C71EA06C8A,ClientIntervalSoundDef
32321EDE8B3E5099,ui_ranked_play_howtoplay_mapsmodes_searchdestroy_background
3232981DFF7922BF,mp/dismemberment_config.csv
32371563FFE686F3,ping_loot_fieldupgrade_rebreather
323A2A2DFFAFD057,rex_barsil_kilo437
323E38A946F1C056,ping_contract_confirm_clearstronghold
323FB1F269B5EDC8,mp/gunsmith/ar_t9soviet_variants.csv
324AB7645E7A5C73,s2_event_glyph_ring_smudge_02
324C73374834ED55,ui_gunscreen_bg_flame
324EAD705AA90E44,ScriptableEventRadarDef
32514CE1B1B9E0C5,vfx_frontend_mp_lobby_s3
3252EE1A896AA3B2,radial_inner_base
32531B20AE8B3115,ui.utils.mp.PerkUtils
325468597397C17A,mp/gunsmith/me_t9machete_variants.csv
325542958D823636,jup_icon_xp_token_battlepass_30min
32566C25C8BA6EBE,bc_vehicle_killfirm_boat
3256C9CB4C084091,start_speed_min
3257C1AF90DD8CA7,mp/loot/br/dmz/biolab/lootset_cache_high_security.csv
3258164DFB4E8DCD,backer_arrow_tile
3258B18F39D04EC6,NavMeshData
3260736270A47E3D,loot/iw8_sh_aalpha12_attachment_ids.csv
3260A04C25FDCAE9,mp/loot/br/dmz/lootset_cache_convoy_attack.csv
32640FE04D74B35F,theatrical_rex
3264A0681088BAF8,uk_security_camera_redlight_head_01
3268D58D1BE40B9C,objective_line
326B490A06E8D8C9,mp/loot/br/gold_war/lootset_superstore.csv
3270357E0B31DD92,mp/equipment.csv
3271DBCB4C1F26DF,start_speed_max
327468F1887F33FC,ParticleGravityOptions
32754E38288269E3,lua_menu/create
3276CFB73BA212B2,primary_bold
32773B9616FB23E6,defaultragdollasset
3277A7CDBC83C4F3,mp/gunsmith/pi_papa320_progression.csv
32788A6E9F102BA8,hud_reticle_hip_arrow
327984181CEE5058,ScriptableOverrideDef
327C808075710836,dev_proto_global.cfg
327DB8410397E550,button_alt2_ps4
327FD0B5F60BC2C1,GfxWorldWeather
32801F095D55F315,shock/disruptor_mp.shock
328233E31B57312F,rex_mp_dallas_1_1
328630497F323B33,MDAOType
328691550580A41B,mp/loot/br/mini_mgl/newplayer/lootset_contract_scav3.csv
3289BD1DAC641771,mp/gunsmith/s4_ar_chotel41_variants.csv
328DA78BEF259478,scriptable_door_metal_panel_04_painted_rusty_mp
328EA86D12027167,$default
3292A2BBBAB88317,rex_rec_spier9_rex_wz
32942E48247EDEC4,ScriptableVariant_XModelLookup
32960CFDB60C38BE,mp/loot/br/dmz/biobunker/lootset_biobunker_flooded.csv
3298F8982385C139,icon_attachment_ammo_556n_ap
3299690986056114,uk_yellow_component_bin_filled_01
3299E98503BB2FE2,frontendscene
329A3F6CA9DFD734,super_stimpistol_rex
329ABFC604226004,hud_splash_parallelogram_background_large
329B757BD223E815,ee_electronics_television_wall_mounted_medium
329DCD549F4E60CA,specialty_specialist
329EA906627BE2EF,ui_bp_token_auto_spend_backer
32A01ECDB45D3264,loot/s4_sm_wecho43_attachment_ids.csv
32A06AABF12BAEA2,light_strobing_cool_slow_02_lm
32A083FB749B5F98,ping_area_denial
32A2A4D57D382A7E,defaultedgelist
32A2FC98238E1C8A,icon_attachment_ammo_556n_db
32A30874B7149986,GfxPbgVisibilityParams
32A3A5AF2BFEB006,rex_irons_bar_hvylng_kilo2
32A68EA454619B6B,rex_pgrip_aim_xar1
32A99188F2B1E44E,loot/iw8_sn_t9accurate_camos_ids.csv
32A9F49823942DA0,icon_attachment_ammo_556n_fr
32AB4B00BD045373,radial_expanded_kbm_8
32AB5700BD0467D7,radial_expanded_kbm_4
32ABD12A01BEA7E8,mp/loot/br/kingslayer/lootset_cache_spawns_bunker.csv
32ACA34D24DDC5DC,ui.utils.FencePrivilegeUtils
32ADDEC80C651508,mp/gunsmith/la_kgolf_variants.csv
32AEB6A5B58BBFD7,hud_reticle_hip_rpg7
32B002982398B118,icon_attachment_ammo_556n_hp
32B008982398BB4A,icon_attachment_ammo_556n_hv
32B177440F904993,super_infiltration_camera_rex
32B1D77E0F24BF6B,ping_inv_drop_killstreak_generic
32B328BA10741BAF,hud_stealth_meter_arrow
32B3F264241F1380,mp/loot/br/dmz/biolab/lootset_cash_register.csv
32B66A09F80341B4,sat_ui_icon_nemesis
32B7E29AF06609EC,icon_global_login_rewards_checked
32B8A8CF5D647B83,mp/loot/br/default/lootset_cache_spawns_blacksite.csv
32BB312B4197F562,brloot_weapon_oden_epic
32BB69A60AD50BFF,default_common_platform_settings.cfg
32BF9DB702CD0580,ui_bp_meta_data_icon_token
32C1335D46E4E29C,loadout_blueprint_pro_tuned_entry_tag_flare
32C3B9BE94EDAB0C,loot/rex_loot_master.csv
32C72E2E4424DBBA,omnvars/mp/gametypes/br/omnvars_dmz.csv
32C80C9823AD53F7,icon_attachment_ammo_556n_op
32C83BB2E28AD935,mp/br_ammo_pistol_smg
32C912F4206BD327,GfxModelLGVProbeInfo
32CE21DFE88B7218,unlockfeedfilter
32D15AEA1DA0D4DE,icon_loadout_build_watermark_stalker_balanced
32D32476AED3BDEF,omnvars/cp/levels/omnvars_cp_trap_room.csv
32D442BD1FAB8BC3,ui.utils.StealthUtils
32D484D852CB7864,weapOverlayReticle_t
32D4B65599EE8D7F,mp/gunsmith/s4_pi_wecho_variants.csv
32D85D37448C3323,loot/s4_mg_sindia510_camos_ids.csv
32D8C5F4EC507886,hwconfiguratorinfo
32D97B3BF9ED3075,ping_vehicle_husk_atv
32DA784EA12A4C9F,loot/iw8_ar_t9damage_camos_ids.csv
32DBA354061604F4,specialty_trait_plate_organization
32DD439C7368EAAE,equip_rock
32E09BE87570F3CC,cp/cp_jorgetest_objectives.csv
32E77E3BF9F972EA,ping_vehicle_husk_apc
32E979AE8736A9A6,br_trios.cfg
32E9F2BD4F47FD8A,specialty_trait_lucky_rex
32EC9181220D2C44,ping_contract_initial_generic
32F2D78BDDD60775,SndGlobalContext
32F37A1F3D1F682B,ParticleModuleInitRotationDef
32F3DA447E9C62C3,rex_dynamic_null_knife
32F99655986B4186,ae/ae_noprogressnotification_achievements.csv
32FA90FFB0E1015C,ping_loot_killstreak_sentrygun
32FB791A59B9372A,ui.utils.mp.FenceTournament
32FC41E4078C8269,sndocclusiondefptr
32FF86256021D667,ping_equipment_lethal_generic_hostile
33080FB886F4EABB,equip_thermite_mp
3312979B069E038C,overlay_technical_diagram
33169A652EA3CC2A,spikeprofilerconfigdef
33176F5898AB7D8A,bc_combat_inform_contact_multiple
331A3341D747D7D3,rex_ub_sh_std
331C1A8BF67B7A04,levels/marina_desc
331E5140E4E527BE,rex_bunkerbuster_mp
331EC63AD7968FA2,loot/battlepass_season15.csv
331ECD24FD87F96D,rex_bar_hvy_xsm1
331EFF484DB5A8A5,ExecutionAuthorityType
3320BE355A53BB32,clantag_code_rex
33212BFDB4FEC7BF,jup_ui_store_protag_label_text
332357AC6DDA37B1,hardpoint_chevron_hack
3323AA85ACC5E4FD,widg_gradient_diagonal_bottom_right
3325E6BB92E6C06B,ping_contract_confirm_mostwanted
3328B6423023B147,omnvars/br/gametypes/omnvars_br.csv
3328C64978801839,AdsSwaySettings
3334989E7DBC2F30,SpawnGroupType
33396B47739A2E8C,mp/loot/br/champion_mgl/lootset_cache_reusable2.csv
333B0E6994EC0C27,overlay_tank_cannon_icon
333DD76A07A02DEA,scriptable_door_industrial_metal_mp_01
3341349CF088A3A1,hud_icon_frontline_shield
33451EE48C2F1117,brloot_weapon_as50_lege
3345BC4CB8E1AB2B,ee_sign_street_no_entry_lm
3345D8ACD841ADF1,hud_reticle_snscope_trim
33460DB2C9AB7BEF,ParticleModuleInitSpawnShapePointListDef
33489DF1D102AC4D,brloot_weapon_magnum_epic
334BC11F5280A7EB,mp/recipes/oic.recipe
334C8073C08834A6,ui_rex_icon_xp_aar
3352AC2D3B6845FC,XAnimPartTrans
3352C081A505AB61,defaultsndvolmod
3353312F5BBF0FD8,mp/gametypes/gun.txt
33534B6A38C5FC47,loot/cer_attachment_overrides.csv
335418F675C1889A,super_vehicle_drop_rex
335449B13F1A9EDD,mm_element_logo_white
335486240A0F7D5E,SuitAnimType
3355BD8C6AC1C90A,bc_fieldupgrade_action_smokedrop
335618C0519D5D50,mp/gunsmith/s4_ar_promeo45_variants.csv
3356DDB3B0D54F60,BehaviorTreeNodeType
33577F232391D1E0,ui.frontEnd.TournamentPopups
33590A63B35D4F49,ui_icon_ranked_play_logo
3359190F0E2CBACB,loot/s4_mr_moscar_attachment_ids.csv
3359284998EB6B96,PenetrateType
3359F5873100AD1A,ui_menu_codhq_logo_large_bo6
3359F6873100AECD,ui_menu_codhq_logo_large_bo7
335BF2AC87F2354C,mp/loot/br/plunder/lootset_bunkers.csv
335E0B977CB7ED3A,super_loadout_drop
336075D35AEA5606,icon_global_chat
336367FECFE3439D,icon_korean_ratingeighteen
336370774D26F95A,loadout_armory_entry_glow
336672B93399056D,cerberus_zm_loadouts
3367A586E97F2216,PRESENCE/RESUR_QUADS
336D3FB4D876F4D8,br_circle_dotted_sdf
336DD324290AC656,hud_splash_full_diamond
336ED2B0DDE8D71A,rex_armorbox_mp
336F670CE11C90A8,ui_bp_atlas_selection_dot_pulse
336FCE983C99623A,mp/loot/br/gold_war/lootset_cache_spawns.csv
33707474719D754C,WaveParticleSystem
33709CC37C42566A,dev_proto_damage_feedback.cfg
337A2F00BEC63E99,XAnimDeltaPartQuat
337D4A39A00EF959,ScriptableEventWaitDef
3380B1FA22ABC08A,mp/executionanimtypes.txt
33839A06B7E1FC97,icon_social_plat_xbox
3383CD623D8EAA90,mp/loot/br/mp_sm_island_1/rebirth/lootset_contract_scav1.csv
3384CFD6EF0C9F52,ui_rex_icon_ks_prog_cuav
33880D90C3E33E7C,hud_splash_generic_extension_chevron_mask
33886B6CB283DDB8,lookatstates.csv
3389EF27C415E77C,VehicleMtxDef
338E999ABACEFB84,sp/hidecorpsetable.csv
33910F56AD59FF61,GfxPbgShape
339362AAB4C13583,rex_attachments/rex_rec_radio_desc
33950DC2FF522179,omnvars/mp/gametypes/omnvars_escort_horde.csv
3397234CF5B0DCE8,AttADSGunBobSettingsTunable
3397D8A41E8403E8,rex_attachments/rex_bar_pmike63_desc
339E5190DEBCD10B,ui_hud_common_circle
339FC2E52E59FF11,bc_killstreak_killfirm_loitering_munition
33A1ACF344BE848B,hud_reticle_thermal_s_04
33A1AFF344BE89A4,hud_reticle_thermal_s_01
33A1B1F344BE8D0A,hud_reticle_thermal_s_03
33A1B2F344BE8EBD,hud_reticle_thermal_s_02
33A439A445EF362F,ee_fence_lace_pool_individual_01_lm
33A4A391FF61C60F,ui_rex_icon_perk_prog_birds_eye
33A506B1180A9097,light_strobing_cool_slow_03_lm
33A56A11E6F94A55,BoneToggleParamsDef
33A82495DE74E2BA,mp/operator/s4_carver_progression.csv
33AA4D15AFEB7566,hud_reticle_star_h
33AA5815AFEB8817,hud_reticle_star_g
33ABE8EB62A1EAAD,XPakKeyData
33ADF970591058AC,mp/gunsmith/sh_t9fullauto_variants.csv
33B61E218132A6A7,hud_reticle_short11
33B74609C785BDDC,gamemodecfgs
33B91A218134D5B2,hud_reticle_short09
33B91C218134D918,hud_reticle_short07
33B91D218134DACB,hud_reticle_short06
33B91E218134DC7E,hud_reticle_short05
33B921218134E197,hud_reticle_short02
33BAB0300CC50DFE,jup_ui_wm_scoreboard_indicator
33BD5378113F7FD9,ui_bp_unlocks_dot
33C13C5F25ABDF55,ping_enemy_riotshield
33C287451C03D59A,loot/s4_sm_mpapa40_camos_ids.csv
33C38C0132F4C786,mp/gunsmith/sn_alpha50_variants.csv
33C3E81D5EA452AC,gradient_bottom
33C452B487E7B591,hud_static_overlay
33CAB12DF283E37D,VehicleSimGroundDef
33D0C4A478046BFA,ui.inGame.mp.KillstreakConnection
33D1A2D8B6DE046A,ping_objective_go_bomb
33D6FEDB3A3EDFE4,buttons_br_ping_lb_tactical.cfg
33DB8F907DDA7146,sat_ui_wc_tier_icon_1_zone
33DE45486A7327C1,rex_stock_mike4
33DFAE061E83D309,bombardment_smoke
33E14278FB48BF37,rex_ar_kilo2
33E1965F7C511AD0,StatsGroup
33E1B046A7F8DE5E,streaminginfo
33E1F33687630226,ui_loot_bg_feature
33E27081F411B9B3,rex_attachments/rex_irons_bar_hvylng_bmike3_desc
33E2E5E66ED5C760,icon_loadout_dmz_cooldown
33E3117059D00D93,mp/loot/br/dmz/biobunker/lootset_biobunker_stronghold.csv
33E614E57CD5B214,ui_rew_icon_ks_aerial_scanner
33E770DAC69AD52D,loot_mp/quality_0
33E7A3A02BEC31D7,icon_global_invitation
33E94F3B3EB6635E,rex_rec_juliet
33EAA2FB853B4390,FootstepSFXTableDef
33EBCAC2162BD859,ui_mp_br_ping_icon_uav_moblie_armory
33EBFDF1C939225A,AnimSelectorTableRow
33ED02F3374F9082,VehLeanOutAnimCurveSetDef
33EE4C2CD15344AC,dismemberment_base_mp
33EED93AE60C9232,brloot_weapon_bizon_epic
33F50CA88FAE34A0,mapdynentitydata
33F78C82E98A57C4,ParticleModuleTestEventHandlerData
33F855CA887477E1,operatorlistdefptr
33F9ABB9B1D700F5,ui.utils.HUDInputUtils
33FB07DB82C12C92,AiActionType
33FB1569642D30B8,compass_tick_medium
33FDDA5843CA2F31,rex_ammo_50p_fr
33FF65EC5B1A9B19,clipMap_t
34000211DE02FB2A,sndhdrmode
340072701233BB1F,icon_social_voice_sm
3401DE5843CE1ED4,rex_ammo_50p_ap
3403CA895E970954,omnvars/mp/omnvars_team_status_zones.csv
34056B38DEA88C74,rex_attachments/rex_bar_xsm1_desc
34057D5B8E22A2CF,MapVoxelizedStateFormatDef
3407EDDFEB7C1F2D,BG_PropPackage_Def
340B49B1D560A525,light_flicker_industrial_lm
340F3FD268B374EA,ping_loot_killstreak_mortarstrike
340FDEFAD5591D1D,ui.utils.mp.CODTvUtils
34106F05076D2AB7,mp/loot/br/kingslayer/lootset_superstore.csv
3410B5431799DDE7,gametypetabledefptr
3412B8761DE447B0,loot/iw8_la_kgolf_attachment_ids.csv
3414D3AF4C7412B8,LONG_RANGE_rex_dm_findia
3415E25843DECEAA,rex_ammo_50p_op
3416B55695288285,ggx_sg_lut
3417BF0D41A054D3,WeaponDamageInfo
3417F31B7131ABC2,vision/assault_drone_color_dark_mp.vision
3418300879924753,PhysicsWorldMeshDebugDrawBuffer
3418800C53A7EE4F,ui_bp_sector_reward_emblem
34194C85053A974F,sat_seasonal_event_mystery_box_open_box
341A3C6F9AD43ACB,MapVoxelizedStateBits
341BF441555E749E,ddlfileptr
341DCC4DF12710DA,rex_attachments/rex_lasertrap1
341E87B91BA0B92D,mp/gunsmith/s4_la_m1bravo_variants.csv
341FCE5843E70133,rex_ammo_50p_hv
341FD45843E70B65,rex_ammo_50p_hp
34257E752ABE3AD8,balanced_rex_lm_tango73
3426BE7B6246D83A,rocket
3428389FFEC7DE0D,mldeformerpatch
3428519AA4C64310,icon_sat_waypoint_dom_b
3428529AA4C644C3,icon_sat_waypoint_dom_c
3428549AA4C64829,icon_sat_waypoint_dom_a
34293791335CDF94,rex_addsway_akilo
3430F65CA1993010,icon_xp
3431D331799107DB,ui.utils.mp.CodcasterUtils
34361AC4218EA6BD,overlay_apc_diagram
34385E42F9E21DFE,icon_social_plat_steam
3438F400D9097FCD,mp/gunsmith/s4_ar_kgolf40_progression.csv
343C703DAB923A91,cover_ar
343D59BBF18B669A,icon_intel_billets
34400AC501FD056F,mp/loot/br/mini_mgl/lootset_contract_scav3.csv
344056E48445DA63,mp/loot/br/mini_mgl/newplayer/lootset_cache_spawns.csv
34417E68B5545EC7,me_tools_axe
3441D439E6B2C8C8,defaultsndadsrzone
3442D4E4E10D9ED7,veh8_civ_lnd_walfa_mp_red
3442F06B0D42035C,ui.LUITest
344334FCC352A860,scratch
3445BAEC01ED9DDC,mp/loot/br/dmz/biobunker/lootset_box_wood_01.csv
344B6B6A5B5F5670,cp/cp_raid1_objectives.csv
344B879E66ABA116,rex_throwstar_mp
344C78DD9028360C,rex_minireddot01_broken
345428B3554CF344,mayhemobject
345A6325F670F41C,defaultxanimparammodifier
345CBBBDE6D20D21,mp/loot/br/plunder/lootset_cache_spawns.csv
345F302CC05F6413,hud_reticle_cross_pointed
346255F91C1178A7,loot/s4_mg_streak_camos_ids.csv
346391663DA5C2DD,loot/iw8_ar_asierra12_attachment_ids.csv
346491682988E40C,vf_default
3465A23FB672F7CA,mp/loot/br/mini/lootset_cache_pe_chop.csv
346793C4B4C1438C,mp/loot/br/saba/dmz/lootset_comm_fridge_02.csv
3467F26B0D6122FF,ui.LUIText
346860983A050EBD,specialty_trait_uav_upgrade
346B113E493256EA,ping_objective_capture_device
346CABD6C5618148,loot/iw8_sn_sbeta_attachment_ids.csv
346D368BB63B95F9,ui.std.Lazy
3471CDDBA80E0C7F,ParticleModuleScaleByDistanceDef
34748E0D761AB0B2,loot/special_weapon_ids.csv
3475CEFEB78BCDEA,defaultleagueplayseasons
3476D46FDED07377,rex_attachments/rex_laserhip_pstl04
3478D773452ECF4E,icon_global_login_rewards
347AEE50753B3ED9,bind
347B18B37D455041,veh_diagram_jeep_mask
347C8A3FF2E96F76,ae/rex_ae_autogen_prestige_challenges.csv
347F598AC4C3AAEA,specialty_trait_exfil_rex
3481B3ACBDC7978D,rex_ar_kilo2_v01
348518ACBDCA7903,rex_ar_kilo2_v10
348567B09E83870E,ui_rex_icon_eq_prog_c4
348A164D6C89B67B,mp/loot/br/plunder/lootset_saba_military.csv
348DDEFD2220DEB4,ScriptableEventSpatialPartitionDef
348ECA4AB373D60E,SpawnGroupZone
348F09F00E099E3F,eng_frontend_ui_boot
348F20292A2DCB5F,mp/loot/br/dmz/biolab/lootset_cache_lege.csv
349015ED6558D1E5,VtmQuadTreeHeader
34914C420DBB7538,PoseMatchingData
34985A8B8743B5E9,hud_reticle_hip_circle_semi_tic
3498DAC0BA4D257B,loot/s4_me_axe_camos_ids.csv
349ACCD434E4ED47,mp/operator/s4_ikenna_progression.csv
349B6F073F6709D1,bc_killstreak_incoming_missile_turret
349BB90F9A76146C,ui_widg_arrow_button_backer
349CA9B98C0FBE47,mp/loot/br/ww2_mini/lootset_named_location.csv
34A086451502FD1C,rex_rec_kilo5_ubsh
34A20986EED3F336,rex_razor_wire_mp
34A3D0447E195686,loot/loot_validation_whitelist_ids.csv
34A3F4FE448C4475,SndGlobalVolMod
34A4E111410ED1B7,ui_rex_icon_ks_prog_air_lockdown
34A5B3B20293171C,ui.frontEnd.RejoinManager
34A6CB28503C916F,mp/trial_event_mission_table.csv
34A9034855AA553A,sp_rex_meltdown_entities
34A92B03F0597F32,tab_bg_cap_left
34A94CD7132E5680,ParachuteDataDef
34A9EEAA714A649B,hud_icon_net_collision_stream
34B046098B25FFC7,icon_attachment_ammo_12g_sl
34B054ECDFB740D0,Cinematic_multiply
34B615AD2F32CF4F,BSEQConditionVal
34B8A1239CDF3CA9,ui_cer_menu_battlepass_logo
34BB439A48770D1B,mp/gunsmith/platform_jp14_progression.csv
34C0C9D8D72E6AB7,SndAssetLoad
34C2067BA29CF12B,shadermicrocodeblob
34C221E7CA6EA2A2,hud_matchstart_outer_ring
34C29FA596C816AA,mp/gunsmith/s4_mr_m1golf_progression.csv
34C2FF92415A4411,BehaviorTreeDecorator
34C468D111368136,ks_toma_strike_missile_mp
34C56D847AA3A5FB,loot/attachment_ids.csv
34C8681D46A0ECC1,rex_knifestab_mp
34CA318A47559A0C,SoundSubmixCurve
34CAABAED494430C,hud_reticle_glow_minireddot04
34CC702AFA0A3F3F,button_large_tall_border
34CFA6199CC3B5C0,ui_mp_br_player_status_keycard
34CFE165C617B1B1,tertiary_light_wz
34D2196E6B192724,sndvoxfile
34D9E91FCAA09000,WeaponMotionMountSettings
34DC1AB468E3E855,ui_icon_waypoint_cookie
34DCC954CF2B9238,ui_icon_operators_select_weaver
34DDC5D322016F8A,WeaponMotionShoulderMotion
34DF04DBF027F028,CAS/CLEAR_FILTER
34DF96CCAEEE6584,veh_diagram_cargotruck_mask
34E0F774388375FC,icon_challenge_difficulty_regular
34E1F3F3694096F7,rex_hb_sensor_sp
34E42DFB56FF8336,indirect_purchase
34E4EC8A82A15C1D,hud_icon_fieldupgrade_body_cam_hack
34E59492A167CAA1,specialty_trait_increased_resource_storage
34E6B89E2CF81A04,ParticleModuleInitGeoTrailDef
34E7CE2C9BF90A59,ui_bp_atlas_reward_complete_base
34E86C979E762BDB,attachmentslot
34E8DFF3694693A9,rex_hb_sensor_mp
34E95D0C36AD97AC,ui_icon_generic_lock
34EAF5C11D43CC11,rex_dynamic_null_juliet
34F328EBA2527EEF,mp/camerapositions_grnd.csv
34F87970D5E6BDE2,veh_diagram_mil_cargo_truck_out
34FA46F36C97A8E6,global_background
34FD132EA39529F3,hud_overlay_vignette
34FE5E41DE29E0AD,ui_rex_icon_wpn_prog_la_juliet
3500115574D45A6C,hud_reticle_06_h
3500185574D46651,hud_reticle_06_g
35001B5574D46B6A,hud_reticle_06_b
3500CF38464D49B8,ui.DataSources
3501C475F7193130,rex_ammo_68spc_hv
3501CA75F7193B62,rex_ammo_68spc_hp
35048CBF8E611958,mp/loot/br/gold_war/lootset_extra_plunder.csv
3507537C2C686E05,rex_breach_decho
350AE64B21348F8F,ui_mp_br_player_status_down
350BDC75F721AE7D,rex_ammo_68spc_op
350D9630FB49A663,GfxWorldStaticModels
350F52718534C2F2,ges_movement_mantle_32_over
350F85A47EA55EB4,mp/gunsmith/pi_mike9_variants.csv
35122ADF682AA91F,mp/loot/br/resurgence_mgl/lootset_contract_dom.csv
3517C22A4CF85BA5,loot/consumable_ids.csv
351A427C3D08CDA5,XAnimNodeDef_IKVehicle
351BE05F76412F9E,rex_mp_uctf_1_1
351D6513DFD9EFB3,mp/loot/br/ww2_plunder/lootset_root.csv
3520C075F733DAF3,rex_ammo_68spc_ap
3522AA84F3F8B603,mp/loot/br/plunder/lootset_cache_blacksite.csv
3523C875F7361E62,rex_ammo_68spc_fr
35254CA618FAEEA9,rex_cal_tuning_sm_akilo_545
352BDA5ED0930C05,ping_rh_dogtags
352E99930C617D19,ScriptableEventDefUnion
3537E4D8B093FE0E,influencer_equipment_large
353A6CB9CEDE08DE,p7_box_cardboard_d_open02
353F3AED47FE6591,ping_convoy
354230713F70754C,GfxBrushModel
354546FE54553D20,version.txt
3546666317967134,perk_super_sprint_kill_refresh_rex_mp
35467F4D71108C21,setting_image_shaderquality
35490AC2C2F4137D,light_strobing_cool_slow_01_lm
354A9B278F7ED2F2,weapon/subclass_id_2
354B0FA6843770D6,lua_menu/year
354E3283494E0EF7,xstring
3550EF5F3B2A071A,ClientRegionalSoundDef
35518EAFF21A3AFA,menu_notched_backer
3553AA5F1390ED22,mp/customPrivateDatacenters.csv
35546DCD7B3B6B62,tactician
35567A37EB5B709F,XModelPhysicsUseCategory
35590A40F01A90CD,ncs_atr_level
355B1917B7DA1BFD,meleelocationdamagecommon
3560FAE7E4AF3345,ui_button_kbm_mouseclick4_border
3562546E3B916D0B,AttAmmoType
35640BBBDE23F9E7,hud_tablet_killstreak_tab
35649BC2C281D740,scr_createnavbadplacebyshapeignoreteams
35664336AE8C746B,omnvars/mp/gametypes/br/omnvars_mendota.csv
3569A7C6C66DD4A9,hud_glow
356AD7D169C9BD14,ui.utils.DataSourcesUtils
356B16F860D1E861,bc_fieldupgrade_action_emppulse
356E112147884480,FlaggedEdgeMetadata
356EF04E21565F5A,rex_attachments/rex_ironsdefault_mpapa7_desc
35725DB121414212,brloot_weapon_pkm_epic
3572B7C0DC9775C0,medical_bottle_05
3572BAC0DC977AD9,medical_bottle_06
3572BBC0DC977C8C,medical_bottle_01
3572BDC0DC977FF2,medical_bottle_03
3572BEC0DC9781A5,medical_bottle_02
35756FB178BBA9EA,MaterialShaderProgram
35797D8FB291BFFD,loot/s4_sm_aromeo43_attachment_ids.csv
357AB8B205F70083,equip_semtex_rex
357E3632ECA2E857,mp/gunsmith/s4_sm_aromeo43_progression.csv
3581A996EBFF61F5,xanimdynamicindicestrans
3583612F3A73D799,ParticleModuleInitCameraOffsetDef
3589EDC772F41517,TriggerModel
358A6EE514883C6A,scriptable_door_wooden_panel_03_painted_mp_tint_r_02
358AF7E334B3B92E,rex_pgrip_tango73
358BA94EEF56BB6D,mp/loot/br/shottysniper/lootset_cache_pe_chop.csv
358C16EA71BDA210,onboarding_intel_mission_2
358C17EA71BDA3C3,onboarding_intel_mission_3
358C19EA71BDA729,onboarding_intel_mission_1
358CF641373BF582,sat_ui_wc_tier_icon_5_zone
359146FD8391E62B,loot/s4_ar_fecho_attachment_ids.csv
35929E79FAEAD936,landing_impulsemotion_intensity_sml
3593F39906E252B5,mp/camerapositions_ball.csv
359665664A3305F3,rex_attachments/rex_minireddot03_pstl
3596E674C31972F3,volumetricsmoketype
359C39063AA6F9B9,rex_fe_op_crib_xcam_gunbench_op_xcam
359C94D4A2A90443,omnvars/mp/omnvars_grindtags.csv
359D29DF8C55EDE9,specialty_trait_faster_revive_rex
359F081371229358,ui_rex_icon_perk_bombsquad
359FA19F517E9348,AttNumericFieldType
35A2A79A10A42A17,mp/gunsmith/sm_t9accurate_variants.csv
35A2D4022A25A160,GfxPbgDebugName
35A6F563608F0F99,TextureSemantic
35A7C34DE9265097,ping_exfil_wz
35AD26F68BAAA8A3,mp_rex_lotus
35ADBA2DC4A12C7F,hud_icon_loot_backpack_large
35ADF619E67F69F7,ui.widgets.StickLayoutLogic
35AE7F2DE3C2C57B,mp/loot/br/doubledown/lootset_boat_horn.csv
35B2515B7CD28BB3,icon_mode_mp_hardpoint
35B2F90A5BB8301E,specialty_hunter_tracker_rex
35B3BC2D4D1401D0,rex_mp_countdown_backer
35B48871D493FA1A,specialty_plate_carrier_helmet_rex
35BA5835EBD0C7A2,icon_submerged
35BB577A8AD0499A,bc_equipment_action_lethal_generic
35BDC41E41F3AD55,VehicleTrickStage
35BED804686CB180,executionType
35C042EE9900A4FF,mp/loot/br/gold_war/loot_table_hot_zones.csv
35C2436D2B7E6A9C,circle_peek
35C3734903B29CF5,GfxTerrainPosition
35C46AC84671F9AF,ui.utils.DvarUtils
35C6B94DE940F028,ping_exfil_lz
35C6C66C18E65731,ui_rex_icon_wpn_showcase_sm_xsm1
35C8F725FFF0ACF0,icon_waypoint_enemy_plate_right_control
35CA8FD66DDCBCC0,TriggerWinding
35CB07268805F940,brloot_weapon_m870_epic
35D0B026F95B9B94,iw9_gunless_quickdrop_mp
35D2D00632C38F8E,loot/iw8_pi_papa320_camos_ids.csv
35D5993EF2DBE840,GfxLightSetFrustumLights
35D6AC08188EA2A7,tertiary_semi_bold_rex
35D7FA248AA80EC1,ScriptBundleAnimation
35D98166876ED800,hud_icon_loot_key_02_pristine
35DC1982ACC48A0C,vision/mp_caves_entrance.vision
35DE27EBF5824F25,mp/gunsmith/platform_07_progression.csv
35DE2C774641563A,XAnimDeltaPart
35DFE89CA459D011,HitmarkerType
35E09DEA0D447D9C,brloot_killstreak_uav
35E3AEA74ADB6FB6,brloot_weapon_oden_unco
35E44E6F032BBFFA,pdl_damage
35E5D3D144EC4194,ui_shared_black
35EA9FFF64B1E52D,cp/gametypes/cp_specops.txt
35EB68750D6A8DF3,gametypedefptr
35EB999BCC2F8D28,mp/CameraPositions_%s.csv
35EFB10A610AA2E7,directfire
35F0E634F95EE06E,omnvars/mp/gametypes/omnvars_plunder.csv
35F627AED474EBED,icon_global_notifications_snoozed
35F6C89491FC275D,levels/stolen
35FA02985996F2DA,ping_equipment_decoy
35FF15AF88038E62,ping_objective_return_bomb
360453737BDDFB77,GfxWorldTransientZoneRuntimeData
3606FC860EA2A3DE,sndtritoninterpmode
360A96EFAD441637,WeaponViewKickParams
360CED1FEF6427F0,ambientsfxpackagedefptr
360D6C59ED24AB7D,XAnimsetStateDef
360E51CAC1036B06,cover_lmg
3611685CD1BECE8E,OffhandType
3615C788C0D84EE5,mp/fe_charanimsforweapon.csv
361B54C284AB6667,defaultweapon
36245202EDC60389,mp/gunsmith/platform_021_progression.csv
3624E7523A057190,perk_killchain_rex_mp
362605289162B21B,veh_cop_car_mp
3628DC0641B8F82D,icon_global_globe
3628FB7CDA16C80D,mp/gunsmith/s4_ar_fnovember2000_variants.csv
3629DACC480CE048,XAnimBoneFollowerMappingValue
362A7CF6435CA428,jup_hud_reticle_hybridtherm02_shadow_01
362B266CF0F4A091,ping_inv_have_cash
362BB785BA7EE260,overlay_nightvision_dark_icon
362BFA1CFC0ACFEB,super_deployed_decoy_rex
362C3C8D67F51E0E,bc_fieldupgrade_action_aprounds
362F3535C1773460,specialty_hardline_rex
362FD6DDCE21B3B8,particlemoduletransmittancegraphdef
363A9CB3D087FBF6,rex_recon_drone_offhand_dmz_mission_mp
363BE604F8DBDAB1,button_shape_sonar_gradient
3640803C4ED770E1,ping_samsite_neutral
3642FD4294C62921,AttADSGunBobSettings
3645250AA4DB4DBA,ncs_mat_level
36455006F6ED8039,FxGlassSystem
364BFD671E84BD2C,frontend_extracted_xanims_4_global_stream_mp
364CAD1898FFC50A,WeaponMotionSpreadAimStateMotionDef
3653DE015A42D29E,mp/gunsmith/s4_mg_juniform_variants.csv
36544FC1DB01D4AF,stringtable/sticklayouts.csv
36548C03211B36A1,globaltier2
3654CDEFAE21CF6C,perk_pc_comms_rex_mp
3656C42943E81EA8,GfxSurface
36571C4C3E0AA511,aimresponse_test
3658092322973DE5,ui.utils.QuickPromptUtils
365B38C557586CD0,loot/iw8_sh_t9fullauto_camos_ids.csv
365E454CDD6DDAA1,ui_root
3660A284C70BADD0,rex_attachments/rex_laserads_sml01_off
36610ABBC5908ACD,ui.utils.AEKindsUtils
366118B175615A4A,bc_status_player_selfrevived
3661EC7C66030796,mp/gunsmith/sm_smgolf45_progression.csv
3665C9E861D9B008,wz_outline_rarity_epic
366ADC277897B601,scriptable_ee_door_wooden_entrance_01_mp
366CA1F5C7BD5959,rex_tur_lm_tango73_sp
367185664EAD676D,ui_rex_icon_wpn_pi_kilo5
36724E3A68A8351B,VehicleSimBurnoutDef
367397A109787E76,ee_sign_street_pedestrian_01_lm
367431EEF71CC2D1,loot/s4_mg_juniform_attachment_ids.csv
3676B40B9FFE85EF,rex_bar_sht_decho
367AA5B34728E33E,gscgdbptr
367BE964CFF9DC80,icon_mic_voice_off
367DA88345597C58,cp_daily_challenges.csv
367EA00604A0297B,equipment_whiteboard_marker_black
367EBE05DE43055B,jup_ui_2px_corner_flat_bottom_2px_outline
36818FA477F1850F,ftus_bg_streak_left
368199E87953C05B,mp/gunsmith/lm_mgolf34_variants.csv
36819D6B3447A03D,rex_rec_uxray_apex
3682095AE1EA27F7,Scriptable_ExplosionDamageOwnerOverrideType
36837B14BD409F7A,vision/mp_saba_int.vision
36872F19F9E391C4,lua_menu/season2_desc
36873094E16B02A2,rex_equip_semtex_rec
368ABA1C662187C4,rex_pgrip_akilo_545
368E6AE1C0BA60FC,icon_waypoint_friendly_plate
3693E71EE3EABB9A,omnvars/mp/gametypes/omnvars_rogue.csv
3695149798834A28,loot_mp/operator_execution
36952C9674B8E585,mp/loot/br/titandoubledown/lootset_superstore.csv
369630535EE25204,sndprioritychannel
369815F562327AE4,rex_stock_bmike3
369817C7559BAE1D,loot/iw8_sm_t9nailgun_camos_ids.csv
369AE76EB6B5101E,button_204x204_mask
369CCA9BBD6B38F9,mp/loot/br/default/lootset_fasttravel.csv
369E2C86DC0CCF40,defaultequipmentsfx
36A045A24CA81D95,ui_rex_icon_ammo_firetype_adverse
36A0A858990E1B59,ParticleSystemDefRef
36A38F04DB69190B,mp/loot/br/bodycount/lootset_cache_base.csv
36A4E62A96616DC8,mp/stats_init_cerberus_zm_loadouts.cfg
36A8385180FA6AEF,EdgeAdjacency
36AF0E8AB1A1B227,ui.utils.FenceOwnershipStatus
36B29153C6D3784F,rex_trig_kilo5
36B4BDCA195FA061,jup_ui_vrambar_mask
36B519BA326C8B9F,loot/iw8_ar_t9mobility_camos_ids.csv
36B75E77C9F56512,mp/recipes/mlg_siege.recipe
36BE9692681CDD78,rex_rec_limax
36C15AD76D31270F,ui.utils.MobileHUDUtils
36CC1610604BA219,mp/gunsmith/s4_me_barong_variants.csv
36CC703362B18CF7,cfg/buttons_br_ping_lb.cfg
36CD59F10C297340,ui_rex_icon_wpn_ar_kilo2
36CDF118FB3AD03A,mp/loot/br/titandoubledown/lootset_global.csv
36CF80CA083BE1E0,WaterVisDef
36D13FD235E1CC94,ui_rew_icon_fu_seeker_drone
36D1F3453DDCBE2C,mp/armorycategories.csv
36D3EFE23FA0616D,icon_minimap_vulture_friendly_firing
36D7E6A3287605A1,rex_mag_limax
36D89EC9F060BB88,mp/ffa_last_stand_respawn
36DD87E4235DE45B,VehicleSimTreadsDef
36E684DD0D5E282A,loot/iw8_me_t9sai_attachment_ids.csv
36E89381682BB8D5,hud_icon_equipment_decoy
36ED87AA4353556B,electrical_light_switch_exposed_01
36F05DBE8905BC69,vehicleplayerproxy
36F0CD0C451C77DC,ui.widgets.MouseCursorTooltipLayer
36F1DDB2D5AA232E,ui.utils.HudWidgetCreateConditions
36F65573004A3A28,perk_trait_killing_spree_rex_mp
36F6F7EAE06CABD3,ping_killstreak_remoteturret_hostile
36F790A3180A318E,loot/iw8_me_t9bat_camos_ids.csv
36FB94F368F98E7E,preview_mp_hackney_am_lobby
36FBCB2988EBFADF,ping_prize_machine
37020FF48D1B0227,hud_score_zc_bar_mask
37039A3BC8382658,circle_152_line_outer_5px
3705A5CF4FCAB754,lua_menu_mp/oic_desc
3706F82C5CD36EB7,ui_loot_gesture_crush
37088E66F8118D32,icon_br_mode_wz
370CA370F3272232,vec3_t
370CEE91D456910C,rex_ub_gl_akilo
370F0515F7EE2A5C,ping_killstreak_carepackage_hostile
37106109F409B2FD,landing_impulsemotion_intensity_xlrg
3713B5398B303857,icon_challenge_difficulty_veteran
3714B8917D44E418,primary_black_rex
3717489CF4F58CBE,mp/mapnamePresence.csv
37189C0E10000A34,icon_dmz_faction_crown_bw_748
371979C2B514AFBA,specialty_outline_gameobjects
371ACCADCCC99EBD,mp/recipes/mlg_grind.recipe
371D4C5D7A21943B,com_junktire_dirty
371D9B8720625824,ui.inGame.mp.GunshipOverlay
371DBF02C7B21C9D,mp/loot/br/ww2_plunder/lootset_contract_supply.csv
37200E795F1D84E1,mp/gunsmith/s4_mg_mgolf42_variants.csv
37214492AC9CE52E,vision/nvg_base_mp_gen1.vision
37246CECE223CD7D,mp/gunsmith/lm_mgolf36_variants.csv
372757ED933F38C4,rex_bar_uxray_apex
372768115F8A1F97,ui/stringtable/weapon_attachments_variant_icon_map_anim2.csv
372A09B85089DB37,brloot_weapon_rpg7_comm
372A5FEF01F62458,rex_bar_mpapa7
372E52ED3989C65E,GfxLensFlareComponentData
37327D454CA03A2E,ui_icon_hud_player
37337ADAF6598EBA,loot/s4_ar_chotel41_attachment_ids.csv
3734BA9808294F19,loot/iw8_lm_mgolf34_camos_ids.csv
3737ACDCBE63189F,mp/firemodetable.csv
3738F184871C1535,hit_direction_armor
3739913D917CC671,ping_vehicle_apc_hostile
3739AED3B8FD4311,bc_equipment_incoming_buster
373BB4C5EF77FD91,ui_map_icon_boss_chopper
37433FBDB7925FB7,hud_icon_obit_kill
3747C6C46BDB8D09,cp/cp_layover_objectives.csv
374BE9B16CCAE81C,loot/s4_mg_tyankee11_attachment_ids.csv
374C20500AAF7455,kpop_eastern_a
374D419AA5F53240,shock/flash_grenade_mp.shock
374FB292438B4DA2,ui.ScopeReticleParallaxer
37514D3CB9EAACFF,MaterialTechniqueType
3751DD79F3DCB992,mp/gunsmith/s4_ar_valpha1952_variants.csv
3752CC25DA9EB7BD,ui.ingame.binkskippromptlayer
375559D0B5FAAEED,ui_rex_menu_mode_select_logo
375A13D08C506E97,super_medical_box
375C1C7E0C83A36B,VehicleAIDef
375E54184F4EED34,ping_loot_fieldupgrade_seeker
376129015A596322,GfxReflectionProbeTransientZoneInfo
376187200254CD6C,mp/gunsmith/sn_hdromeo_progression.csv
37638CDEF5E52D2B,MaterialTintAnimationParamsLayer
37656943F645EB1B,rex_me_teammate_drag_revive_shot_mp
37658E4C335C7013,ParticlePhysicsFXData
3768B9FA2CE7AC8A,FxIntRange
376C9A6D6A35F646,ParticleModuleSizeGraphDef
3770B8194082A9EB,ui_rex_icon_wallpaper_0050
377115622DA9DDF0,ScriptableConditionDefUnion
3772BA9106397F07,rex_rec_microgun
3774AF564000563B,GfxLight
377AA819408AE340,ui_rex_icon_wallpaper_0002
377AA919408AE4F3,ui_rex_icon_wallpaper_0003
377AAB19408AE859,ui_rex_icon_wallpaper_0001
377AAE19408AED72,ui_rex_icon_wallpaper_0004
377E2151C6762F9E,mp/loot/br/plunder/lootset_cache_weapon_locker.csv
3780E03CEEFBA797,buttons_menu_sp.cfg
37827238E5E1EB48,icon_challenges_outline_filled
3783430DC3C95F21,widg_gradient_left_to_right_opaque
378445D5A018E5E2,omnvars/mp/gametypes/omnvars_rush.csv
3787933833C91642,button_challenge_category_mask
37879F3CC992D5E9,BCTree
378942A0C0E91E6C,AttLocationDamageScales
378A1C90AEA37FC0,ui_loot_bg_vehicle_horn
37902E15A258A7ED,StreamVolumeCompressedCollection
37931C6A815F2D8A,ncs_rmb_global
3793622B0B3367EA,bc_equipment_action_extractionballoon
379599334F6C9086,lua_menu/leave_match_change_input
3798276CCA83DE4E,rex_rec_pmike63
379BF81CB565B9B5,raw_vec3_t
37A0A44664BF5F10,mp/operator/s4_shigenori_jpn_progression.csv
37A2CC2A7749B381,mp/gunsmith/s4_mr_ptango41_variants.csv
37A3993052058C68,electrical_conduit_set_electrical_box_04
37A39A3052058E1B,electrical_conduit_set_electrical_box_05
37A39E30520594E7,electrical_conduit_set_electrical_box_01
37A39F305205969A,electrical_conduit_set_electrical_box_02
37A3A0305205984D,electrical_conduit_set_electrical_box_03
37A74115D9691BF4,equipment_icon_slot_plasmagrenade
37A82B0A85F9ED4B,mp/loot/br/dmz/lootset_comm_fridge_01.csv
37AAA4DCCE8A1695,mp/gametypePresence.csv
37ABF9B06C15C397,CAS/ATTACH_UNLOCK_LEVEL
37AC4B3806A87631,mp/mttable.csv
37AE36FA5F1777D7,bc_killstreak_incoming_generic
37AE498E2479C0BC,menu_vignette_corner
37AF0E1CC8D65F04,equip_adrenaline_rex
37B565EC11DBEE57,container_water_jug_01_blue
37B58B3532D37E64,hud_reticle_smudge
37BCE178105DAE6C,mp/loot/br/doubledown/lootset_contract_scav3.csv
37BDD8E4B45F346D,ui_vehicle_horn
37C773A2C9597D05,cfg/playtest_mp.cfg
37C7F211C8537E68,hud_reticle_acog_circle
37C86261C022278B,rex_emp_pulse_device_mp
37C87883F1BBEFC0,default_sp_platform_settings_mobile.cfg
37CA8A0EE4AA838C,rex_snscope_hybrid01_reflex_le
37CF9FA267FC4C83,box_gradient_top_light
37D31B2EE7CB22EA,mp/progression/initialitems.csv
37D5ACEDBC6225BE,ui_loot_gesture_chest_beat
37D7FB887EBBDF98,square_border
37D973006E458CC2,rex_smag_svictor98
37DA13CA9972B709,hud_reticle_udot_alt_g
37DA1CCA9972C654,hud_reticle_udot_alt_h
37E07764AB7503D7,ui_font_dagger
37E1C436B6AFADD3,jup_ui_smart_displays_billboard_signage_01
37E23E42E8019019,mp/gunsmith/pi_t9semiauto_variants.csv
37E26E7B004C8A0C,sp_rex_meltdown_mask_fx
37E82741D27B4CAF,omnvars/mp/gametypes/omnvars_front.csv
37E88B7A358E3A2A,xhash
37EDD19240B75CE2,star_on
37F10FE24FC6D64B,loot/iw8_lm_mgolf34_attachment_ids.csv
37F27733140D3467,CurvePlaybackMode
37F513625DAD3CD1,mp/gunsmith/me_t9battleaxe_variants.csv
37F9552C56A212CA,iw9_fe_op_select_hl_east_confirm_idle_out_01
37FB67E8B988E2C1,default_common_iw9.cfg
37FCE69875E7A24E,ping_phone_confirm
37FD363332E757F8,brloot_weapon_mcx_lege
38014C6F8FE47D9C,TopDownMapDataHeader
3802C13C0863D4FC,omnvars/mp/omnvars_mgl.csv
3802CB78CC4E4EF9,ui_menu_missions_tracking_radial_purchases
380D1AD08523F7D6,cfg/buttons_one_hand_right_small.cfg
38105691197CDBFE,ping_objective_defuse_bomb
3813FD56A7429DE5,ui_icon_ranked_play_logo_wide
3815A2041EB5343C,ncs_prk_global
38162F7C3057AEF6,mp/loot/br/default/lootset_blacksite_boss_backpack.csv
3818003DD5F6DEE2,mp/gunsmith/ar_akilo47_variants.csv
381970E093079EED,sp_rex
381B03D168498256,gas_can_mp
381C843CD24DEE29,mp/classtable_br_gulagdbd1.csv
381CFAD48C97D4EF,mp/loot/core/gwai/lootset_root.csv
381DAE0D07562519,rex_grind_bigmap
381DD3697D5A8928,ui_bp_atlas_new_weapon_tag
38204958BF91E57D,brloot_weapon_origin12_epic
38254A539F1FCD5D,mp/gunsmith/la_gromeo_progression.csv
3825EDECD506DA57,brloot_plunder_extract
382A79BF07E2C6D3,menu_activearmory_tag_backing
382A8F1D4968C3A7,ttfdefptr
382B24BC13307743,Cinematic_add
382D6E451E1E6067,hud_reticle_base_holo06
382FF063309BB069,ui_rex_icon_ks_inactive
383365CDE6D256B5,LocationDamageCommon
383553B8829CA2AA,ping_warlord_generic
3835C0941E4ED01F,xanimpayloadraw
3836D631F87993B6,jup_icon_mode_mp_tdm_flat_sm
38370B28331FB13A,iw9_fe_op_select_hl_east_confirm_01
3837A6295891967C,mp/gunsmith/s4_me_leiomano_variants.csv
3838AB1C5ECA1D0D,battlepass_lock
383AE9B47824AD6B,hud_reticle_hdromeo_arrow
3843498753E55ABE,icon_social_plat_switch_lg
38448CE3B4241CAA,light_flicker_fluorescent_small_lm
384681C89D4E8D77,mp/loot/br/dmz/biobunker/lootset_medical_box_wall.csv
3846A5910B0E0AD6,icon_option_arrow_up_down
384913F4AF837C61,ShockViewType
384B7C8698078727,mp/loot/br/olaride/lootset_extra_plunder.csv
384C4B7F75CEF83E,hud_icon_splash_buystation
384C8AF6FA411182,SoundBankListDef
384DBBA512C99647,ui.utils.MPLobbyUtils
384E07A2CB8F0E02,hud_reticle_hdr_vz_reset_SMALL
384E9ACCDA51C834,omnvars/mp/gametypes/omnvars_dom.csv
3850C38E47749451,XAnimTreeDef_LodDistance
3851E20635F76983,mp/loot/br/mini_mgl/5_minutes_mini_br/lootset_cache_lege.csv
3852EB0ABF8FB143,br_name_fx
385368A2BD64F41B,ee_book_office_folder_pile_01
385369A2BD64F5CE,ee_book_office_folder_pile_02
38537BA9FD081910,brloot_weapon_striker_lege
3856D763EDB54CA8,mp/itemsourcetable_ch2.csv
385E218EF020809F,button_dpad_down
38616B8D25B926F2,shock/groundpoundshock_mp.shock
3865AA0FFBCAA110,super_decon_station_rex
38679F40B2FFBFDF,staticmodelcollision
386859BD312B2D23,bc_fieldupgrade_killfirm_ammobox
386D1B75C21827AF,ScriptableStateHealthDef
3874E73C9C458982,jup_ui_2px_corner_1px_outline
387807459FBD7B8D,Scr_CreateNavObstacleByBounds
38794483BB09F080,hud_reticle_fourx04_vday_breakr_g
38795383BB0A09FD,hud_reticle_fourx04_vday_breakr_h
387E36DD749FBC08,StProceduralCustomMesh
3883365F30E021BE,rex_pgrip_aim_kilo2
3883395F30E026D7,rex_pgrip_aim_kilo5
388558355B537FCF,loot/s4_me_leiomano_attachment_ids.csv
388638E84D84042F,mp/recipes/btm.recipe
388819CA59E20CAE,rex_attachments/rex_laserads_pstl_desc
388A9709744C993E,icon_social_game_bo6
388B280AA02D3538,XAnimNodeDef_WeaponMotionVM
388CF872EC1B5EE8,frontend_extracted_xanims_3_global_shared_mp
38916442F4F87336,PRESENCE/KOTH
3891F33C95548507,ping_objective_go_generic
38927F227E431047,ui.utils.mp.CodcasterTeamSettingsUtils
3896963630A45D33,widg_gradient_bottom_to_top_mask_cropped
389A73C337ADFA22,ui_rew_icon_perk_mountaineer
389AEA338613A53A,ObjectStoreGameModeDef
389C3D3F719ACBA2,battlerage_nebulizer
389DE788898ACD00,levels/strike
38A23647CB28C145,BG_PropPackage_PropConfig
38A290EA7910C3F7,ui_mp_br_intel_splash_profile_mask
38A360C993335078,gfxworldvolumetrics
38A397E88312D4E0,ClientMapTriggers
38A3B309659FC498,r_index_t
38A597C6C10E2756,mp_javelin_inner_rectangle_glow
38A80F69C22CF613,vhmdata
38ABCBD393D1B93B,ping_location_regroup
38AD86C6B651E943,rex_attachments/rex_ironsdefault_tango73_desc
38B0B207A694A881,ui_loot_operator_east_lerch_multi
38B5B8895AC615A5,XAnimNotifyParameterType
38B5FEEC8AE5FC58,WeaponEntityNotifyType
38B61934612CA78F,loot/iw8_lm_mgolf36_camos_ids.csv
38BA4BFD2DF0FB61,ui.utils.PlayercardUtils
38BB2827BFDBF7DA,ui_rex_icon_eq_prog_hb_sensor
38BC3A8517EF5DD1,ui/stringtable/weapon_attachments_variant_icon_map.csv
38BD0A24D917B5E5,mp/loot/br/bodycount/lootset_boat_horn.csv
38BF948FD4DB0E3D,rex_deathstalker_akimbo_turret_mp
38C0F05609A78FE0,networkoptions.csv
38C10CFCB6E3FF93,techsets_manifest.csv
38C16E59DBC2D00F,AIEventListDef
38C771D798E4759E,cfg/dev_proto_melee.cfg
38CC73043CA042D2,icon_social_joinable_white
38CE85236311A40C,gunnyattachmentdata
38CF6639510D0601,mp/didyouknow_alien.csv
38D166B3B1D73767,food_trash_container_01
38D167B3B1D7391A,food_trash_container_02
38D168B3B1D73ACD,food_trash_container_03
38D1B8F952B8F7B0,cfg/hardcore_disable.cfg
38D3B3DB24FE88E6,perk_plate_carrier_helmet_rex_mp
38D5E80CE01843FA,mp/loot/br/default/lootset_stronghold_high.csv
38D7BE9608847786,WaveParticleLayer
38D9A017D8D6B8FE,jup_death_perception
38D9D7866897FAAF,rex_comp_bal_hotel45
38DA9A4A32A4F316,gfxdynamiclightset
38DBA3828642C319,defaultobjectstoreddlconfig
38DBEF6A922AD6BD,weaponblueprint
38DC05BA438C7536,hud_icon_weapon_ar_mike4_v6
38DF0E464A241E15,ui.themes.Theme_Z1
38E157CA3BF3D03D,hud_icon_perk_scavenger
38E93A8B0779A22C,MgoEntsSpawn
38EA16177FD4FA62,icon_generic_plus
38EBA39ADAFF4B5F,un_office_computer_monitor_01
38EBA49ADAFF4D12,un_office_computer_monitor_02
38EEF648F51BFBF0,loadout_gunsmith_appearance_camo_category_mask
38F3165810E4AE23,ui_widg_gradient_list_mask
38F5C4C726FB434F,veh_rex_lnd_tank_t72_sp
38FC9C23D0F2152C,un_office_server_rack_large_01_black
3900B791A0B1C3E1,default_online_mp.cfg
3900B8E029E5AA70,brloot_weapon_magnum_comm
3900D85896EB07E2,ParticleSpawnFlags
390412BE468774ED,cfg/thumbstick_legacy.cfg
3904B5D1E1E6F3E3,StClutterTiles
390BE39E8CF8F0DD,mp/loot/br/classic/lootset_contract_dom.csv
390C159209714C92,brloot_weapon_scarh_rare
39112D7B4BB408FA,ui_bp_atlas_purchased_unlocks_hvt
39146A3245FE2A6D,cfg/buttons_nomad_lefty_alt.cfg
3917B7664D62D18C,button_lobby_main_texture_topo_lines
391BF50E50DDF6EB,mp/recipes/mlg_hq_pl.recipe
391DA4961BA34429,sat_molotov_ob
391EAC8B9A891B8C,ping_fieldupgrade_sonarpulse_rex
391FD67F4DD2BB12,scriptable_door_wood_ornate_01_orange_double_r
391FE5E1024F425A,mp/loot/br/ww2_plunder/lootset_extra_plunder.csv
391FE87F4DD2D9A8,scriptable_door_wood_ornate_01_orange_double_l
3921056BFAC4B934,rex_attachments/rex_irons_front_apex_golf28_desc
39213F3424F4A4A3,PRESENCE/DM
3921463424F4B088,PRESENCE/DD
392258CD7BF91062,ping_killstreak_generic_hostile
392552F6DBE0A081,equipment/throwing_knife
3926DEC7958A1496,XAnimNodeDef_Orient
39283130A7E70E1A,mp/camo_reticle_unlocktable.csv
392AEEC6A4C06C2C,cfg/buttons_default.cfg
392D4719739CD9B6,hud_reticle_s5leather
392D7EBDF570C45E,ee_stool_wood_01
392E55A19BCA603E,mp/gunsmith/la_juliet_variants.csv
392EEF8161A9B266,XAnimPartsTelemetryInfo
39348D015B63F19B,equip_frag
393CC0B0BE0A8004,GestureAltAnimSettings
39433EA6AA00DA52,vision/flir_1_white_to_black.vision
39448EE2FE7F5887,physicsbonegraphptr
39451EEE4658A544,ae/ae_battle_map_token_purchase_achievements.csv
3946E1C9E1058B93,mp/loot/br/resurgence_mgl/lootset_buildings.csv
3947C9C8C6E22D9B,ComChangeListInfo
3947E7ECF3D9E29B,icon_waypoint_hq
3948EAC80322118B,hud_splash_dmz_accent_diamond_fill
39497173342B4020,rex_armorup
394AFF287B20F052,jup_gun_unlock_challenges.csv
394BDC7D89B124D0,mp/buyStation/weaponPriceList.csv
394DCFDB3D35CD83,rex_mag_hotel45
394E08D8300AE3D2,electronics_un_office_cellphone_pile_03
39502FC62C887A5F,perk_quick_fix_rew
3952F047502B9120,ping_gulag_escape_hatch
3952FF59D328CC07,PMROctreeNode
395308B3B6B4145E,specialty_apex_drone_rex
39543E23437AF108,ghost_western_a
39555BDFE877AA6F,mp/loot/br/saba/dmz/lootset_bar_cabinet.csv
3956F879D2B78B8C,rex_lm_railgun_mp
395B1D501995867A,ui.utils.actions
395D8506861482C9,TopDownMapData
395E650144718BF4,ui.LUIFeed
395F4B607B11EF19,menu_activearmory_promo_border
39618AD89A8983B3,binding_mouse_click_border
39692CD4437F84B9,stringtableptr
396A91F3C8FB8D34,PenetrateLevel
39703AD58938FE5B,defaultsndmodifier
3970FFACEA841C7E,ui_rex_icon_wpn_prog_br_uxray
3971888030942120,super_personal_redeploy_drone_rex
3974AE189D421C8C,ping_contract_confirm_elimination
39755625BF9C1876,mp/camerapositions_grind.csv
397AA6677EB06886,iw9_oxygenmask_mp
397BD63A1538B158,mp/gunsmith/la_gromeo_variants.csv
39827E9694C92B20,hud_reticle_line_hollow_point_zoom
3986DE2CC8E0BED4,lua_menu/camera
39870A1C79AEF74D,video/levelselectbinks.csv
398763484321E923,hud_reticle_loot_s3ev7a_g
398770484321FF3A,hud_reticle_loot_s3ev7a_h
398E0B95B1438816,SpawnerList
3990696F686CAE19,AIAliasConditionType
39922E3FF5D9223A,icon_gunsmith_warning
3993E48261583653,cp/gametypes/missions.txt
39980CAE40B74475,icon_navbar_enemy_firing
399852E9E7F6E436,global_party_member_mask
399A900378036DDD,ping_loot_confirm_ammo
399D92478130BA22,loot/iw8_sh_oscar12_camos_ids.csv
399E4CAC864B2F23,icon_prestige_unlocktoken
39A1ECB838E62209,hud_reticle_base_sh_scope
39A22AA5C72DAE84,gunship_25mm_mp
39A24CB0C74A9826,ui_rex_menu_radio
39A32D336FE7443F,XAnimTranslationalSpringProperties
39A6A3BF17F13659,hud_reticle_med02mp_h
39A6ACBF17F145A4,hud_reticle_med02mp_g
39A7E1219190D1A4,ping_loot_equipment_tactical_generic
39A827B36B3F003C,rex_rec_akilo_emp
39AA263E19CB3B79,mp/loot/br/dmz/biobunker/lootset_bar_cabinet.csv
39AC155E71F5C39C,XCamCameraSwitchParams
39ACA676E916F4A7,rex_pi_radio_mp
39AD256C9B27AE6D,ui_gunscreen_edge_thick
39ADBF6B89702D4A,luafile
39AFE8616438ADF6,jup_icon_xp_token_weapon_60min
39B06A02FBF7CEA9,mp/gunsmith/sh_romeo870_progression.csv
39B1C30488BD76D5,ae/ae_CREATOR_challenges.csv
39B20F6945F1F32E,brloot_weapon_p320_comm
39B2C378F877D649,rex_trig_hvy_golf28
39B3DD7187C11369,rex_bar_sht_svictor98
39B74DA59B2515C1,dlogenumptr
39B7B274D8582E28,SndAliasVoData
39B87FDB95E24048,sp_rex_meltdown
39BDEB390348856F,telescope/telescopedllvalidationpc.csv
39C4256FC4968E53,mp/loot/br/rumble/lootset_cache_lege.csv
39C97D3EB666A31B,rew_armor_onehanded
39C9A39D3BCF9979,ui_map_icon_elite_crown_white
39CB0DB2C2BCCC5B,animtrees/mp_vehicles_always_loaded.atr
39CB1A92EF2DD3E5,veh_rex_air_cargoplane
39CB4FD761117E2D,hud_reticle_smudge_vday_breakr
39CC1BD725EC6782,mp/loot/br/dmz/biolab/lootset_biolab_lab.csv
39D0C08469B04A30,eng_global_shared_mp
39D486AC8AD43987,ParticleModuleInitMirrorTextureDef
39D98AE3AB344264,loot/s4_sm_stango5_camos_ids.csv
39DB2664C9890DB0,xanimsetaliasdefptr
39DD18A247EEBAA6,gfxdecalvolumemaskptr
39DE122C44E57530,omnvars/mp/gametypes/omnvars_free_run.csv
39DE4CF2470BBCEF,rex_nuke_multi_mp
39E1BBB7BDF4F4DB,bc_combat_killfirm_signal_lure
39E226A3B4509888,ScriptableEventDisableWorldConstraintsDef
39E23C7B6B56DF1F,mp/loot/br/ww2_mini/lootset_contract_dom.csv
39E463E648F02B82,rex_ammo_8blk_ap
39E676B7129BD75A,ui.utils.streamingutils
39E94A792B8E6BE8,GfxWeatherState
39EAEDB6BB0DFA8A,ui.widgets.EditBoxLogic
39EE0DACE834313A,brloot_weapon_mp5_epic
39EE5A9A2B36D49C,codcaster/freecam_preset_toast
39EE73E648F89B37,rex_ammo_8blk_fr
39EED2055E6EA073,mp/loot/br/horizontal/lootset_buildings_abundant.csv
39EF38273E4C7726,mp/loot/br/saba/dmz/lootset_duffel_bag_01.csv
39F25ADD4C6B05CB,mp/loot/br/mini_mgl/5_minutes_mini_br/lootset_root.csv
39F3A786EDE8B140,ConversationDef
39FA5FFDF917BD6C,rex_execution_pistol_knife_ghost
39FB104A619CABF5,mp/buyStation/buyStationItems.csv
39FBAC0EA230EB54,icon_social_plat_mobile_lg
39FF2F87590E8503,t10
3A016531780B088C,onboarding_role_1
3A016731780B0BF2,onboarding_role_3
3A016831780B0DA5,onboarding_role_2
3A0259E649091813,rex_ammo_8blk_hp
3A03208F8B434D81,equip_pocket_pistol_rex
3A03D8F4755C4A44,icon_edit_player_parachute_lg
3A0EFDE86F5F50E1,mp/recipes/war_hyper.recipe
3A0F83C8FF8A5062,brloot_timedrun_tablet
3A0FDF2BC74354BC,br_saw
3A10218D73759EA2,PRESENCE/ARMORUP
3A10CFBEFBD3B7F2,ping_inv_drop_ammo_launcher
3A13009BB021324C,WeaponZoomSettings
3A137A2E2E8A9A29,jup_ui_containment_icon
3A16B248660A5DB7,hud_icon_ammo_resupply
3A183C9389405BC0,WeaponAnimPackageStateTimers
3A18FEF6B71911CC,influencer_player_enemy
3A1ADF8BC92B94D6,specialty_trait_investor_rex
3A1B8124E8116633,rex_dynamic_null_golf94
3A1CDB0C2F97F2DB,rex_dm_moscar_sp
3A1D1C7C9D159BE0,hud_icon_death_spawn
3A1F996DF720CDC0,mp/loot/br/olaride/lootset_root.csv
3A1FA8F98C1D198F,overtime_hurt
3A2031E5CB0A4E37,button_border_default
3A203909F8ABCC39,rex_ammo_5x21_op
3A213F5D49A492E0,brloot_weapon_magnum_rare
3A221E36E15689DA,triggertype
3A23204B2D8FCCFC,AI_Sight_HeadFollowType
3A24BB9EB60310BF,techsets_global
3A26070464EBB05C,cfg/default_online_mp_rex.cfg
3A289896C8DE8D28,ping_radiotower_confirm
3A289D086EA709A4,omnvars/mp/gametypes/omnvars_trial.csv
3A2C8B24E81FEA64,rex_dynamic_null_golf28
3A2DCC079406E1F2,loot/role_ids.csv
3A2F459B35FA6E70,rew_loadouts_1_assault
3A30131742AA0D08,icon_rank_officer_00
3A30376066AEC1F1,FontIconDef
3A313709F8BA3C06,rex_ammo_5x21_hp
3A366EA10DC2B5C9,mp/recipes/mlg_ctf_pl.recipe
3A373F769CC7A8BF,mp/loot/br/bodycount/loot_table_zones.csv
3A374509F8BEBF7E,rex_ammo_5x21_fr
3A386589017AC767,defaultcodcasterdata
3A392FA0A11EE235,ui_menu_cac_perk_tactician_active
3A3B4047764E15BA,attachmentcategorywrapper
3A3C10EEAD5C5CD5,rex_pi_pocketpistol_mp
3A3C6F3C74B23ADC,worldeventdataptr
3A3C9C29F1031227,un_office_pen_pencil_holder_01_empty
3A3F7081C32AB753,defaultdetailmodel
3A400A705FB2CBF0,cameraanchoreddef
3A43F04F68E791B8,GfxFrustumLights
3A4BC2BAB14C9963,rex_bolt_quad_bmike3
3A4C1C7A26E57734,buttons_nomad_lefty_alt.cfg
3A4D7A766951E6D4,mp_javelin_nfov_prompt
3A4F05BB13D4406E,mp/recipes/conf.recipe
3A4F4D09F8D35EF7,rex_ammo_5x21_ap
3A50A64EF80CA280,mp/gunsmith/s4_ar_emike1_progression.csv
3A54EC4B813A527C,icon_conduct_integrity
3A5560670B41A229,jup_icon_xp_token_battlepass_60min
3A562E43040B3BAE,XPakEntryInfo
3A564A5BA88BB667,rex_arms_race
3A586D1A3DE23193,bc_killstreak_killfirm_vtol
3A5970C55E0BF01B,loot/s4_mg_bromeo37_camos_ids.csv
3A5991CC1B4B7540,killstreaks/unavailable
3A5C7F782655B685,ping_equipment_shockstick_hostile
3A5E747A4C0D8590,MapVoxelizedState_PersistentDamage
3A5F2A402D09CD9D,mp/gunsmith/me_t9cane_progression.csv
3A626543FBE79D7A,mp/loot/br/gold_war/lootset_cache_reusable1.csv
3A62F85CA52AD737,loadout_unlock_req_gradient_backing
3A66C3A511F8EC48,defaultambientsfxpackage
3A6B53E317993763,PackedBounds
3A6BFF9D3B553742,GfxUmbraStreamingInfo
3A6C5C50C1C1D13A,rex_selectmelee_fists
3A6DCC229A7770C5,LightGridVolumePackingParams
3A6E078D08FE9289,rex_pi_decho_mp
3A6F1120F8F96890,specialty_huntmaster
3A6F429F6166BB18,scriptable_door_wood_ornate_01_blue_double_r
3A6F509F6166D2E2,scriptable_door_wood_ornate_01_blue_double_l
3A701144F792D12B,ScriptableEventViewmodelChangeImageDef
3A70A81C20866629,rex_ironsdefault_xar1
3A70B386EB500677,omnvars/mp/gametypes/omnvars_siege.csv
3A742380FAE19F33,mp/operator/s4_polina_rus_progression.csv
3A7459C3B6D4CBCC,WeaponBlueprintTacticalBuild
3A7B242D879F93EC,eInfluencerEvaluation
3A7C42AE82A6C860,ui_hud_hit_marker_EQUIPMENT
3A7ED1C48BB1FC61,sound/tables/iw9/dialog/gamedef_ref_table.csv
3A7F3E09F8FC693C,rex_ammo_5x21_ss
3A825FF95CF9E7ED,sp_map_campaign_world_map_west
3A86A07B8F560CA5,mp/loot/br/dmz/biobunker/lootset_agent_backpack.csv
3A8B963D4C355FD9,heatmapradardef
3A8C8C7C4E3868A7,jup_ui_smart_displays_billboard_weather_sunny
3A8D50344ACFDAE4,onboarding_blueprint_store_2
3A8D53344ACFDFFD,onboarding_blueprint_store_1
3A8F0A4BCC168615,ping_case_warlord
3A9A69680D0072F6,mp/loot/br/dmz/biobunker/lootset_military_container.csv
3A9BDCE9F267C976,buttons_br_ping_dpadup_a.cfg
3A9EA3F432BA7663,ui_rew_icon_tac_decoy
3A9F56D55B4B1C1A,LUA_MENU/SORT_OFFICER
3A9FEB1A370EC20B,ping_killstreak_juggernaut_recon_hostile
3AA00F265CE1E897,rex_pgrip_ske_xar1
3AA2048759989D42,tag
3AA7F6497D11C43B,physicsvolumedummy
3AA8468C967518DA,vision/gunship_40mm_crt.vision
3AA892E2B91737BF,ComFastFileModuleType
3AA92B2E70CDCCA7,ui.frontEnd.FrontendScopeReticleManager
3AB1B35D5880FE69,scriptable_door_metal_panel_01_mp_tan
3AB300495731DBF0,cfg/default_common_rex_platform_settings.cfg
3AB30626F3D31255,loot/iw8_ar_t9season6_camos_ids.csv
3AB376E06C805702,InitialTileIndicies
3AB3D393FACC68E6,mp/loot/br/rebirth/lootset_superstore.csv
3AB958983C757504,perk_trait_keysmith_rex_mp
3AB9AF501FAC36F4,hud_icon_objective_elite_BLANK
3ABA91D5126DA0ED,AIWanderPathGroupLookUpTable
3ABDA754F0D8B255,hud_reticle_s6jock
3ABF68B04A487637,text_button_backer
3AC591032910B5DF,super_oxygen_mask
3AC5FCBA219FF730,rex_me_swimfists_mp
3AC60D3ACDDE2444,ping_loot_weapon_sniper
3AC79373B7A75604,ExecutionMultiDirType
3AC7DE796F64E1D6,ui_icon_reactive
3ACA4EC8DDAB2F95,rex_bolt_svictor98
3ACBE29B3E4E5A70,VehicleSimNoiseDef
3ACE9CC10EC1687B,ping_loot_confirm_oxygentank
3AD0D3A1DE781942,rex_sm_pmike63_sp
3AD50A47CF4EF82B,onboarding_tdm_1
3AD50B47CF4EF9DE,onboarding_tdm_2
3AD50C47CF4EFB91,onboarding_tdm_3
3AD711985946D129,mp/recipes/mlg_war.recipe
3ADB010F43E7CDAF,rex_gunfight_bigmap
3ADEB25504C5C88F,hud_reticle_s6record_atlas_g
3ADEEAE8E1546974,mp/loot/br/ww2/lootset_superstore.csv
3ADEFE75E84A9927,bp_a24_shadow
3AE618CD9466BA74,ui_rex_icon_wpn_showcase_ar_kilo437
3AE8570FA401FB59,render_equipment_seeker
3AE89F2DD50FAB4E,default_keys_menu.cfg
3AE8ABA977F45DE5,drill_charge_bomb_rex
3AEAFCAC15BA3E39,mp/progression/elder5_progression.csv
3AEBC11D632A9BAC,onboarding_knockout_1
3AEBC31D632A9F12,onboarding_knockout_3
3AEBC41D632AA0C5,onboarding_knockout_2
3AEC35BCE0F5CB87,remote_robot
3AEF81031D0AC72F,mp/gunsmith/ar_tango21_variants.csv
3AF3A86A6715AEC3,default_sp_gamesettings.cfg
3AF3BA01431ED69D,hitmarker_normal_bold
3AF42ED9D5328B32,HudOutlineDef
3AFEE9732264D070,perk_trait_superimmune_rex_mp
3AFEE9F45195A503,rex_lnchrscope_gromeo
3B01B6BB5DB09B4C,AiInteractionRoleInfo
3B09D71D3A8DDBDB,hud_icon_equipment_stun
3B09D915491C4B44,ui_gradient_center_out
3B0BFD20E5997909,xhashomnvar
3B0D1E58623823E2,ui_playercard_012
3B0DB4A0BFD4502F,omnvars/mp/gametypes/shared/omnvars_loadout_economy_manager.csv
3B109F42B318361E,specialty_apex_emp_rex
3B10A158623B3852,ui_playercard_001
3B10A958623B45EA,ui_playercard_009
3B115ED2F30628F9,mp/recipes/rugby.recipe
3B11909587DACE82,XCompositeSubmodel
3B11C9B01401B075,rex_bar_bmike3
3B130E6D4D50C5AD,hud_icon_equipment_throwstar
3B15B41C35ECC931,perk_trait_ai_loot_rex_mp
3B16872A1652924F,ui_rex_icon_wpn_showcase_sm_psierra41
3B16CE9FF82E5962,mp/gunsmith/lm_t9slowfire_progression.csv
3B17B81D3A99E48A,hud_icon_equipment_stim
3B1846AE348FCEE8,SuitAnimPerWeapClass
3B1ED5BEF6A93C40,specialty_pc_comms_rex
3B1FF81E77FE0AE4,mp/loot/br/shottysniper/lootset_cache_reusable2.csv
3B214CE24BD9EA90,ui_jup_menu_mission_select_button_header_backer
3B218C739237BE7F,brmissions.csv
3B2505178DB4672C,xmodeldetailcollisionptr
3B2547FA1F37DF44,smoke_bomb_rusher_mp
3B25DD982085348E,StProceduralDecalMaterial
3B2791EA09A86A21,loot_icon_weapon_ar_mcbravo_v4
3B28B464FD4E0589,ui.inGame.DriverHudAPCRusContainer
3B2A55908DB9A1B2,omnvars/mp/gametypes/omnvars_hvt.csv
3B2C10BA21F6CC5E,rex_me_swimfists_sp
3B2C9FC6EB91806A,bp_a16_border
3B2CF274D917C147,primary_regular_rex
3B3077ADE012ED5D,ui_bp_atlas_reward_unlock_hvt
3B359324A87D32CF,XAnimFloatMapping
3B37A67363C74227,ui_battlepass_loot_aar_018_alpha
3B3981670116CD30,rex_laserhip_pstl03_kilo5
3B3CE9163475CDE1,sndocclusionsettingdef
3B3E7D946A8AD320,gameskill_easy
3B42E97DD8114E71,rex_playerdata_common
3B44F3822191981C,BSEQValue
3B459DA5C9C27873,rex_mag_findia
3B46A463E3A92810,SocialPlayerProfileDef
3B4ABEB48DCEE944,influencer_killstreak_valkyrie
3B4EFED7DC04315C,rex_ironsdefault_hotel45
3B53C7A6256FA1A9,rex_rec_mike4
3B553496166A5CEA,SndLoadingDataUnion
3B5760F307C5A5AC,mp/operator/s4_kim_progression.csv
3B59319475AC37B2,cp/cp_intel_billets.csv
3B5D3E6CB51312E4,cliententitylinktodefptr
3B653371B25675C1,ScriptableEventRumbleDef
3B659C5ABF783DDD,ww_mp_frontend_rex_01
3B68F26411336916,prestige/contacting_server
3B6BA3CD8BB21986,AiAnimSettingsAimDownOffset
3B6BA3E3EFD1DA55,rex_stockno_bmike3
3B71590C863B3426,ui.utils.CommonItemUtils
3B72A37ACB592ACC,ui_rex_hud_inventory_button_arrow
3B7425BC17D33B6C,mp/menurigpackages.csv
3B7904C8E33E75D3,rex_drill_charge_bomb_proj_mp
3B7E291F8ADF00EC,WaterDynamics_FlowVoxel
3B7FB4F4CB73908C,PhysicsSFXEventAssetHitSoundRuleEntry
3B823EC1072CA237,rex_attack_chopper_turret_mp
3B8372028C10E7B1,mp/loot/br/saba/dmz/lootset_pelican_case_rifle.csv
3B8515EEAD34F04F,unlockfeedconfigdef
3B896628D69E479A,rex_holo02_jugg
3B8A02B09A10C027,io_western_a
3B8A3440748E8EEA,ui_cursor_move_click
3B8BC6CC045FC340,mp/gunsmith/ar_t9fasthandling_progression.csv
3B8C6C7BB4D369D6,influencer_killstreak_rcxd
3B8D0EC8E34F2FDB,rex_drill_charge_bomb_proj_wz
3B8D7A4DBE588760,ScenarioBundle
3B8F30A52EBF11AB,Player_ASM
3B94A81CFCB3ED56,ui.utils.ColorOps
3B96C186A56258AE,outbreak_data
3B96ED6693326B0E,mp/loot/br/mp_sm_island_1/rebirth/lootset_cache_spawns.csv
3B9ADF0BFF451F45,defaultdynentitylist
3B9EB046218563E4,AiMarkupData
3B9EFC80CA9FC3FA,DLogColumn
3BA5759152AB0D5A,perk_trait_combat_mobility_rex_mp
3BA70ABD90F2CB91,mp/gametypes/bounty.txt
3BA71DC9F73946DA,spatialpartition_tree2d_fast
3BA82666B9B29262,specialty_trait_market_contracts
3BA8843D2D31C26E,iw9_icon_perk_pitcher
3BAA473D3522CD40,secondary_black_rex
3BAFF0603A479183,ping_loot_confirm_fieldupgrade
3BB24D9D65E08E0A,bm_tutorial.cfg
3BB30C141108D345,default_sp_platform_settings.cfg
3BB7CC20FD2BA568,mp/gunsmith/ar_kilo433_variants.csv
3BB82BB379AFA9AC,ui.utils.FenceSocialNetworkSharingPrivilege
3BB8FCCFE8D8D9D0,perk_snapshot_lens_rex_mp
3BBAD30F151E8EEB,ui.utils.EXGMUtils
3BBAD906551CFDF0,flower_shop_stand_01_flowerpot
3BC0D2AE0B281236,sat_ui_stroke
3BC174828BCE78D2,veh_hud_line
3BC443B1081635AC,icon_dmz_faction_black_mous_bw_748_stroke
3BC69E369355038C,TacmapVisibility
3BC6B2499EA6F537,ping_loot_killstreak_precisionairstrike
3BC91CC3D8095B19,reloading
3BCB431E619BB72A,ui_bp_selection_unlocks_text
3BD0E8FAF485C0CF,bc_combat_inform_contact_generic
3BD1C322799D05A6,SndFBFilterSlopeType
3BD2A3B599A32B85,arabic_fallback
3BD4D380B7B5062B,LuaXHashPath
3BDA22EF57F898DC,challenges_goal_bg_gradient_h3s
3BDDF1F08F25E519,SndAliasLoopType
3BDDF46E2E68C560,equip_geigercounter_rex
3BDF42AE39E7D538,rex_targetscope_killstreak
3BE1C3760ECA107C,rex_attachments/rex_arscope_rf01
3BE466BAF95CD942,circle_glow
3BE69F3EAB6F94C0,mp/loot/br/dmz/biobunker/lootset_radio_crate.csv
3BED4B4899BD66A6,WeaponOffsetCurveDescription
3BEF345EA911AD8C,ping_buystation_request_revive_confirm
3BEF869AF7EAC6E7,match_defeat
3BF576BDC965B6AF,light_radiotower_lm
3BF5C6318E97BDCF,levels/tower
3BF7BB2555E15651,un_office_queue_post_01
3BF926229434321C,bc_fieldupgrade_action_honeypot
3BFC3C27E3B28501,ui_jup_menu_mission_select_header_backer
3BFCD97569CAF31E,hud_icon_nameplate_agent_enemy
3BFD85A134C091B2,loot/iw8_la_juliet_camos_ids.csv
3C04CDD9EB555E37,ui_hud_common_outline_square
3C092B8F57123DB4,perk_trait_survivor
3C09B8536FA9068A,ping_concat_southwest
3C0A87D2574EFBA9,SndAdsrZoneEntry
3C0C02D1B76FF4B8,ui.inGame.DriverHudPickupTruckContainer
3C0DC4245E30933A,ping_vehicle_bike_hostile
3C0DD730CE9DA36C,defaultunlockfeeditem
3C0EA55B1D2B14E7,AiActionTypedSettings
3C109C1E3E1A4C09,mp/arenapickupmapinfo.csv
3C174EFCF441D917,ping_request_needride
3C18EF39A6F949B0,ping_objective_return_device
3C1B0D2A4E2F7B10,rex_sil_lgt_decho
3C1C99EA8E146844,valkyrie_rocket
3C1F6466BD8C3E7B,ui_rex_icon_ks_prog_crossfire
3C1F87111CA22DE9,ui_rex_icon_fu_supportbox_armor
3C1F98228C2EC6D7,hud_reticle_xmaslights
3C2011E2926A1EC9,bc_equipment_action_butterfly_mine
3C202EF0AC53CA22,mp/operator/s4_wade_usa_progression.csv
3C20926B8F830A64,specialty_trait_lockpicking
3C2845DA7A7395A7,rex_rec_akilo_rex_wz
3C2969BEE1B8FE08,rex_bar_sht_akilo
3C29EEFF15212C37,$white
3C2CD5CDD53A4557,loot/iw8_sh_charlie725_camos_ids.csv
3C2F159F5221DB3E,icon_social_groups_clans
3C2FD3F42AB73A7F,perk_extra_deadly_rex_mp
3C31E3903009C0B6,mp/loot/br/saba/dmz/lootset_fridge_a.csv
3C32220E4A142540,SndFarReverbBehavior
3C32D651C4FED58B,ping_inv_have_weapon_launcher
3C32F88E1301453F,mp/classtable_br_rebirth_dbd.csv
3C353BB394E58DFF,loot/iw8_ar_anovember94_attachment_ids.csv
3C39772B8D7A0698,hud_reticle_notched_meter_05
3C39782B8D7A084B,hud_reticle_notched_meter_04
3C39792B8D7A09FE,hud_reticle_notched_meter_07
3C397A2B8D7A0BB1,hud_reticle_notched_meter_06
3C397E2B8D7A127D,hud_reticle_notched_meter_02
3C3B8DAE8636382F,food_honey_jar_01_filled
3C3DE10FCE7EF0E3,ui_callingcards_largebutton_topo
3C444D11EB47F13B,mp/camerapositions_ctf.csv
3C4BB115CFDB40A8,ui.utils.LFPUtils
3C4D7BB77285D57E,perk_trait_fast_extract_rex_mp
3C4E2E5578949AB3,hud_reticle_05_b
3C4E315578949FCC,hud_reticle_05_g
3C4E38557894ABB1,hud_reticle_05_h
3C4F1431CBC52283,menueventhandlersetptr
3C4FE503718229F7,GfxVoxelTree
3C5024656166FB15,mp/loot/core/gwai/lootset_cache_base.csv
3C568AC7EEAB8A5D,ScriptableEventMaterialReplacementEntryDef
3C5766062A2FCEA0,vision/javelin.vision
3C5B296C38F7B78B,mp/loot/br/mini_mgl/lootset_global.csv
3C5E4D7C8D7F7B12,StVolumeDecalTreeNodePayload
3C6028DDF21918A5,mp/loot/br/mp_sm_island_1/rebirth/lootset_boat_horn.csv
3C61FD65F04BEF66,loot/iw8_me_t9sai_camos_ids.csv
3C6A99540D7DBF24,hud_br_plunder_marker_blur
3C6B4E39AC88CD19,specialty_airburst_rex
3C6C433B68D19B1D,ui_gunscreen_bg_witch_flame
3C6D8567A82765F1,fence_wood_planks_01_128_lm
3C6DAFD941E94AAF,vtmdata
3C71D3CC994A162A,specialty_outline_gameobjects_rex
3C7256EC139489E2,rex_hardcore_control
3C73B601C371E33C,VehicleHealthDamageDef
3C74CF07B6C252FD,ac130_overlay_grain
3C7887277FCA26ED,loot/iw8_sn_t9powersemi_camos_ids.csv
3C7B9D778E183BB2,smaa_area_tex
3C7D8275214A8E30,GfxWorldUmbra
3C7E49C4492DDB8B,rex_bunkerbuster_burrowed_mp
3C7E8C132658201A,aar_contracts_chevron
3C8011037A943FDC,icon_loadout_build_entry_stalker_balanced
3C818786DCBEC673,challenge_topo_cap
3C85DC6870B29E7C,defaultwaterbuoyancy
3C893BCE5D38A159,iw9_la_gromeo_mp
3C8A40E0694E9485,ping_vehicle_husk_danger_generic
3C8CAB22D367D9AC,mp/faction_six_eliminated
3C8CC42DC3B828D6,loot/iw8_sm_t9semiauto_attachment_ids.csv
3C8D4821CBC83EDA,GfxWaterVertex
3C8DC9E91F6BB506,veh_diagram_techo_out
3C8FD3DDF4860BE0,ScriptableDefType
3C906B0AE7FBC452,timelinedefptr
3C911E4B33D63FCE,rex_sil_tac_e_kilo5
3C91982B28B22E20,subcategory
3C977EF2860A7760,ui.utils.FenceBootCheck
3C992961EA2549C8,BSEQState
3C9AF0A847A174FF,bc_status_action_reviving_hostile
3C9B15B427FCB831,vision/flir_3_color_gradient.vision
3C9C776C2FDB9B4B,weatherlayermasktype
3C9D12DA066109F2,ping_loot_engram
3C9D6784C455AC6B,rex_bar_lgt_svictor98
3CA0BA0599C7742E,VFXListEntry
3CA2232A04D89FD4,hud_icon_loot_revive
3CA3C72C0DD9E2AF,zone4_only
3CA42F162451E431,defaultsndfutz
3CA50EFCA49F18D1,ui_loot_operator_east_roze_multi
3CA5805849822B1C,ui_menu_cac_perk_redframe_match
3CA5EA6779898292,bc_equipment_action_tossing_lethal
3CAA1B956BBAE475,levels/prison
3CB433183C7615A1,super_remote_device_mp
3CB47A1BF2426F8F,ui.frontend.imageprogressbar
3CB49550F6F7AC32,ping_target_area
3CB5EBF84E65145C,hud_icon_equipment_at_mine
3CB61A9AE8476DBB,VehicleLeanAnimViewAngleRelativeToSeatForwardCurveSet
3CBCCA2AFA17CE43,ping_tool_drill
3CBDBDB8BEE5373F,rex_ae_autogen_zm_daily_challenges.csv
3CC19176200D2E36,rex_rec_kilo2
3CC19476200D334F,rex_rec_kilo5
3CC1C0DB8D45C0DC,hud_icon_frontline_shield_hvt
3CC21685469E1257,overlaytargetmarkerenemy
3CC2180793A09B2B,shared_hintstrings/laststand_self_revive
3CC34C7D6D60A180,lua_menu/already_active
3CC3A1BCC42973B1,cer_ui_aar_global_progression_fill_mask_lg
3CC3B9C31AACEBA6,#9
3CC3BAC31AACED59,#8
3CC3BFC31AACF5D8,#3
3CC3C0C31AACF78B,#2
3CC3C1C31AACF93E,#1
3CC3C2C31AACFAF1,#0
3CC3C3C31AACFCA4,#7
3CC3C4C31AACFE57,#6
3CC3C5C31AAD000A,#5
3CC3C6C31AAD01BD,#4
3CC5825B8298F985,surfacefxtableptr
3CC7B8FB3999E524,rex_cyber_attack
3CC8F7A2B880E939,VehiclePhysicsSoundGroupSimple2Aliases
3CC9D15A120693DD,specialty_airburst
3CCB47E691319866,ui_rex_gunsmith_gunny_logo
3CCF6FE6832A68FB,ncs_veh_level
3CD03CF57E916AF6,ui.utils.mp.ChallengeUtils
3CD42614DA7162B9,ae/rex_ae_autogen_fp_achievements.csv
3CD484CAEFDA7061,ping_loot_armor
3CD7D86DF3A8110B,maphint_computer
3CD9E43F17E75F6B,ee_machinery_control_reservoir_01
3CDBE54B8FB2B18D,oni_eastern_a
3CDC3ACFB552B61C,mp/loot/br/ww2_plunder/lootset_contract_scav3.csv
3CDF4B36F0902D1A,SndAliasFlags
3CDF87AEDD69F6BE,StringTableValueSOAUnion
3CE0191C6A166D42,gunship_target_location_box
3CE023140CD9D1BB,ges_demeanor_relaxed
3CE0D002FE5B80C7,rex_bunkerbuster_round_mp
3CE15DC29121DFB6,hud_reticle_loot_s3comics_g
3CE168C29121F267,hud_reticle_loot_s3comics_h
3CE4A0E7ABFFA80D,ui.utils.mp.EsportsUtils
3CE711041D260473,rex_selectsemi_xar1
3CE7822A9837756E,loot_card_border_flare_battlepass_00
3CEA72E1A1DBC7D7,MovingPlatformAimAssistSort
3CEE2FB1D7DB33CD,ui.inGame.RemoteTurretOverlay
3CF272E16AC499DB,animselectortables/bomber/bomber_traverse_warp_external.csv
3CF31CDA3A990FA8,hud_reticle_sniper_outer_circle_sharp
3CF36106C401611E,ui.InGamePowerDataSources
3CF3CAA4C312B497,hud_reticle_line_small_pointed
3CFA09D4F0A83D72,vision/killstreak_flash.vision
3CFA932FD92A9C76,dev_vehicle_tweaks.cfg
3CFD17DC12AA97D6,dlogserializerptr
3CFD187CB6505634,mp/gunsmith/platform_08_progression.csv
3CFD511B3B0AFB0B,ping_location_attacking
3CFE804691ADAEF0,ping_gate
3D00F24BCFD105CA,ui.utils.BattleMapUtils
3D030633616BC81D,mp/recipes/front.recipe
3D04D7010D10D51B,operatorvoicepackagedef
3D06A1A11A2E40A7,SndMasterPresetWaveshaperDef
3D07F14E67DB1192,jup_button_xx_small_border
3D0821067C3E5AA7,ee_sign_street_speed_limit_no_parking_lm
3D0FD05EEA0186CA,int8_t
3D0FF77C79F84ED2,tablet_chopper_gunner_center_arrow
3D116060C44BC019,ies_flat
3D15BD0243B88F88,rex_irons_bmike3_vault
3D1A4D5A40A599A9,mp/loot/br/champion_mgl/lootset_contract_scav1.csv
3D1D7FAB2EF47455,CM_ClientModel
3D234F9F025A98F5,superrefDef
3D2658AFFC6212FE,ping_killstreak_airsupport_generic_hostile
3D28335EF4D8D472,GfxWaterTileImages
3D28E3FACA3C8BD6,duration_r_bwjx1e1
3D29729CFEC87ABD,ping_uploadstation_confirm
3D2A5BB48EB62985,legalflow/doc/en_us/tou-uno.cod_v1
3D30B20E8902CFAB,mp/bottemplatetable.csv
3D31E804BAF9BC30,rex_semtex_sp_veh
3D35ECE7C3F7CA2F,PoseMatchingTargetSet
3D368F9656078B13,loot/iw8_ar_t9british_camos_ids.csv
3D376BBDE109FD18,ParticleModuleInitBeamDef
3D37BD8C3DCCFC2C,thumbstick_southpaw.cfg
3D3E4CFF99A69543,ShockWaveZone
3D42F4CCAF171E74,GfxStaticModelCollectionIndex
3D4325494B374832,default_common_platform_settings_mobile.cfg
3D444FED65EA35D7,hud_backpack_weapon_slot_border
3D4645158F720049,spinner_wz
3D46961394763E7F,ui_gesture_chest_beat
3D46FA10965DEBB9,passive_circle_background_small
3D4923DA1D1F391B,ui_icon_options_checkmark
3D4939191D4B530A,hud_br_plunder_backer_hexagon_mask
3D4A263F66BA8A7A,hud_reticle_hdr_vz
3D4C030FF95BD6DB,cfg/thumbstick_default.cfg
3D54C4F2CDBFCBE1,MapVoxelizedStateBlockSize
3D54CA7B55ED50BD,mp/mobilechyron.csv
3D551F5146D6824C,hud_icon_minimap_vehicle_utv
3D560D37BF8F36E2,loot/battlepass_season6.csv
3D57B2EE00FFD8FB,rex_ironsdefault_mike4
3D597C4950739A45,FootstepAnimType
3D5AEC81910CB426,mp/gunsmith/platform_jp13_progression.csv
3D5F45D07C8E523D,MaterialTechniqueSet
3D5F5CBBD46F656D,sndtritonprobeset
3D613FF04C0CD87E,defaultplayerspawninfluencer
3D62560C4C83FB43,dev_proto_thirdperson.cfg
3D6713439CF54D41,ping_loot_weapon_lmg
3D6770D46AE491D1,ScriptableFootstepFlag
3D6850D31CC04292,loadout_dmz_backpack_backing_border
3D6C9B85C5B395EF,cer_store_wishlist_remove_icon
3D6CAA75C732D5FF,rex_pgrip_snp_sierrax
3D6CFC707415E6CF,mp/loot/br/dmz/biolab/lootset_biolab_locker_room.csv
3D6DC65883F3975A,MaterialShaderType
3D6DD1594BF2043C,hud_score_arrow
3D6FEF477359294D,ping_barracks_building
3D708A8AAFD422CC,MapGameplaySlot
3D7124B13CDD3C78,fullscreen_blood_left
3D72389092171010,ping_objective_defend_carrier
3D764305D55DA3F2,ParticleModuleInitMayhemDef
3D78685006CF4277,perk_mercenary_rex_mp
3D7B6FBDFF4CA87E,rex_bar_sht_spier9
3D7E4451BADA7C05,BallisticInfoCalculated
3D7FEC7E5B723137,rex_barsil_findia
3D7FF36C05052043,cfg/dev_proto_slide.cfg
3D814C52456E0DC5,defaultsndbreathsettings
3D8429BD5D950E87,XAnimNodeDef_IKLadderWM
3D84A5F10353C8C3,ui.utils.ShowcaseUtils
3D86241457287451,ui_rex_icon_perk_prog_tracker
3D875D6DEC0A8A1E,hud_reticle_loot_egaux
3D87E0AE11DA9250,icon_social_party
3D8971FEC66331EE,XAnimNodeDef_OrientApply
3D89A02E347198BE,icon_waypoint_risk_team_d
3D89A22E34719C24,icon_waypoint_risk_team_b
3D89A32E34719DD7,icon_waypoint_risk_team_c
3D89A52E3471A13D,icon_waypoint_risk_team_a
3D8B84D9937807A0,mp/loot/br/dmz/biobunker/lootset_biobunker_SQRoomB.csv
3D8C6ABDF201F337,loot/s4_ar_chotel15_camos_ids.csv
3D8EFC32F1D31A1D,rex_bar_dechostock
3D92104135E5567D,jup_ui_keybind_icon
3D92A92747E2FE07,ConversationNodeAssetType
3D92EEB2046123B8,super_smoke_wall
3D9568E520B51E98,loot/iw8_pi_golf21_camos_ids.csv
3D9676C31B5FFEDF,mp
3D978D2E2881644A,mp/loot/br/doubledown/lootset_extra_plunder.csv
3D99AF48227F1761,button_large_tall_mask
3D9BF7FA13FEB0D9,LUA_MENU/THERMAL_NORM
3D9E390ECA51A9EB,rex_infection
3D9EC4FDD8B4BA6F,ping_vehicle_tank_hostile
3DA051C94CD5F98C,attachmentsubcategorytypes
3DA17715321E3AD7,MotionMatchingFeaturesDef
3DA2AB185E5EB8E1,sat_ui_icon_skull
3DA32533BB77F0D4,XCompositeModel_SubmodelInfo
3DA32BF4C62258A1,Scr_CreateNavObstacleByShapeForLayer
3DA36DD700020927,raw_uint64
3DA6957AE08B4C5E,ping_location_onme
3DA6C0E46C9832ED,create_a_class
3DA723322D379BEF,ui_rew_icon_perk_adaptive
3DA784948B9308E5,mp/gunsmith/s4_mr_m1golf_variants.csv
3DA7ABFA99F48C3C,hud_reticle_s4versus
3DA9FBE9D90B7300,mp/introtable.csv
3DAE2E9E4AA3F591,loot/s4_ar_asierra44_attachment_ids.csv
3DAE53791A2C2B46,ui.utils.InventoryDragAndDropUtils
3DB3A757DE07F71E,ui.LUIElementPool
3DB63E00C25F300E,aicombatnetwork
3DB79530326EBA46,mp/loot/br/titandoubledown/lootset_cache_pe_chop.csv
3DB7E7E29DD0923B,setting_image_crosshair
3DB9E3132190D65B,ui.utils.ObjectiveWidgetUtils
3DB9F699223195D5,furniture_plastic_stool_white
3DBC92E55A224B75,mp/loot/br/mini_mgl/newplayer/lootset_contract_dom.csv
3DBCC1F9B9AF1BCB,decor_containers_01_small_blue
3DBCE75B54241461,scriptbundlevaluedataarrayelement
3DBE959BF6573A5C,loot/iw8_ar_scharlie_attachment_ids.csv
3DBEC950826980F0,thumbstick_default.cfg
3DC06523E6AF797C,perk_guerrilla_rex_mp
3DC09A130C85DF4D,ping_objective_gulag_overtime
3DC22FEBA3EDAD44,rex_grip_vert
3DC86DEEE47760AE,AI_ASM_State
3DC8830C7FF74868,buttons_br_ping_lb_tactical_alt.cfg
3DCC285D130F08D3,SupineDef
3DCD391B073CC425,rex_selectsemi_akilo
3DCDA3353FBF369D,menu_button_shape_mask
3DCF778F56A5AEE0,playtest_mp.cfg
3DCF95700AE6FBE6,rex_comp_vert_e_kilo5
3DD5DCBA40305AC4,GfxWorldReflectionProbeData
3DD64475914871D4,soldier
3DD873B6AE96BD90,equip_sonar_pulse
3DDE321AC5F69371,ping_fieldupgrade_armor_drop
3DE1D260734115AE,uinav_graph.json
3DE286ADB3BB9EA9,EquipmentSFXChanceMoveTypes
3DE87A483B4DEC8A,AttIdleSettings
3DED4F0CDB987FF4,hud_icon_cyber_bomb
3DEEBA5C6B12DC9F,ui_rex_ingame_hud_mp_game_state_domination_friendly_mask
3DF37E4D84EA2AE9,objectivedef_flagset
3DF62772E18F5B31,animselectortables/civilian/civilian_traverse_warp_across.csv
3DF85558647EA7C9,enemyselector_default
3DFEF0B9AAED3541,StMegaTexturePage
3E013C8BD2A99A91,move_around
3E02D642A002EFA3,ui_rex_inventory_empty_icon
3E03D5CD0FAB7817,ui_rex_icon_emblem_0500
3E05E9D026E5E386,ee_sign_street_airport_01_lm
3E0605B1529A2F1B,br_chocolate
3E07A4D8F7E37A3B,bunkerbuster_not_burrowed
3E0909A0E8B0F539,mp/loot/br/horizontal/lootset_buildings.csv
3E0B6B34EB2AEB4F,presence/unknown_map
3E0C4E8294C46316,hud_icon_splash_kill
3E0DD588119924FA,mp/gunsmith/sn_sksierra_progression.csv
3E12303B7ABB364B,ASM_LogicGroup
3E14D3C0FA698365,loot/iw8_pi_mike_attachment_ids.csv
3E172309DF08ECE1,mp/gunsmith/s4_me_rindigo_progression.csv
3E174E05ABD74299,ee_sign_street_parking_lm
3E1BA7F547BFA92C,perk_trait_resource_management_rex_mp
3E1C8331DFA847C6,ui_gunscreen_npc_emoji_war_cry
3E1D498E1FE10DAF,specialty_trait_revive_speed
3E1ECA1A4D886F4B,mp/gametypes/btm.txt
3E20021E1D13A9FB,concussion_grenade_tac_mask_mp
3E207AC118BEAE30,SndBusID
3E20A5A310AD27E3,wz_outline_rarity_uncommon
3E23C894CEC8561C,mp/recipes/br_trios.recipe
3E23DDA8C110B779,BehaviorTreeDecoratorType
3E26773BCA29F13F,hud_splash_dmz_accent_chevron_single
3E290D1A6D8FD0D7,GfxMapEntLookupFlags
3E294AC6CB4AA982,icon_waypoint_triangle_backing
3E2AEA55C162E8E7,specialty_trait_field_medic_rex
3E2BEE0CFDB42F17,rex_pgrip_akilo
3E311EC8AAB0AA5F,mp/loot/br/plunder/lootset_contract_intel.csv
3E31B7C5CAD73D13,icon_bundle_free
3E33CE89DF4ADF83,WaterDynamics_PhysicsVoxel
3E37A49C94407637,loadout_blueprint_pro_tuned_entry_tag
3E389547101ACA9E,com_fallback_male_skin
3E3972F9534F2445,unlockfeedlootid
3E3AC2620BF9306C,vision/mp_saba.vision
3E3EAB8F4F0074FB,bp_a24_mask
3E46AA806CC2089A,veh_diagram_sedan_hatchback_mask
3E481FB8FDF9EF17,t10_machinery_elevator_passenger_small_double_door_frnt_close
3E48E6A25E8E5A25,rex_attachments/rex_bar_asierra12_desc
3E4980434BFFF21A,balanced_rex_ar_kilo437
3E4C0A86F9FD8F97,waterdynamics
3E4C198DF2D1B9EE,decor_drying_rack_01_cup_01
3E4D5A41FF51DCCE,loot/s4_sm_ppapa41_camos_ids.csv
3E503F10FF3451BB,mp_killstreak_background
3E50D09D408D5584,super_stimpistol
3E54C6CA34FE4EF8,loot/iw8_ar_scharlie_camos_ids.csv
3E566F2539362687,mp/gunsmith/s4_mr_malpha1916_variants.csv
3E5BDA70F6E941A7,vec4_t
3E5CC4FB3C9999A0,specialty_trait_fast_refuel_rex
3E65A8AC4978C0A3,ui_rex_icon_perk_prog_cold_blooded
3E6677EF3CF898C0,furniture_fan_destroyed_01
3E70EBCEF242D8CB,scriptable_auto_descender
3E7343578232A2E6,ui_icon_xp_token_weapon_30min
3E781376FB62794B,omnvars/cp_mp/omnvars_score_event.csv
3E782F14C76F8804,ping_objective_defend_bomb
3E7E8E276E90728F,mp/loot/br/plunder/lootset_empty.csv
3E7F9725BE6A9C69,specialty_extra_deadly
3E80E941C5629384,ftus_bg_step_blank
3E85955EE85FCA51,ping_killstreak_carepackage
3E890675E39F028E,rex_stock_lgt_kilo437
3E89683884CDA230,MlDeformerDef
3E8A05BE9E88FF88,hud_damage_feedback_marker
3E8ABDE3DBEA356D,ping_commsstation_hero
3E8B278992E391CE,ui_menu_codhq_icon_social_channel
3E8D761832A7B6F5,super_recon_drone_dmz_mission_rex
3E8E241373D36F95,VehicleHandbrakeDef
3E8E5DF770491DDD,mp/loot/br/dmz/lootset_saba_policestation.csv
3E8F293D07C86E38,hud_vds_dmz_mask
3E91C4CE81CF524F,HALF2
3E93A05850DE07C2,AttAltHeat
3E948200420B5FA0,specialty_trait_resupply_rex
3E961D999538E22B,specialty_trait_paratrooper_rex
3E97D6E8FC7ED539,ping_fieldupgrade_sonarpulse_hostile
3E9A0CCF2E325771,mp/powertable.csv
3E9B5232AFA85FD2,esports_codcaster_objectiveicon_filling
3E9BC855624BC8D4,cac_large_attachment_ring
3E9C2D411F2C6DB0,ui_rex_icon_eq_prog_gren_decoy
3E9ECC05C89D5D04,ui_loot_gesture_doubletime
3E9F24BA391E4918,ping_objective_go_flag
3EA3A692885255F4,keyart_standard_edition_thumbnail
3EA505D3F7EEB546,brloot_weapon_kar98_comm
3EA604ED5650D44C,hud_icon_killstreak_wheelson
3EA8E109FCAEE7AC,ui_gunscreen_temperature
3EAA937172E7DC03,mp/progression/clanprogressionitems.csv
3EABA95420054214,hud_icon_equipment_geiger
3EAC3A70F6EA6A30,ReactiveVfxSetDef
3EAE9337C49AB7E1,seasonal_event/event_rewards
3EB1F106691D4911,vision/mp_frontend_iw9_weapons.vision
3EB1F3FCF0104E43,ping_location_landing_confirm
3EB303848C4413F6,omnvars/cp_mp/zombie/omnvars_zombie_mangler_cannon.csv
3EB3533646D7713A,rex_projectsettings
3EB3CB2F420BAFA0,jup_ui_pip_rounded
3EB47EA404881A29,hud_reticle_med_09_mp_g
3EB487A404882974,hud_reticle_med_09_mp_h
3EB4A2E1AB6392BD,ping_killstreak_switchblade_drone
3EB4BE4A705C01DF,hud_reticle_line_small
3EB9A5C1153DD3DB,rex_drum_mike4
3EBA401E7DA58979,worldmodelattachmentdefptr
3EBC0C40A1835388,mp/loot/br/rebirth/loot_table_zones.csv
3EC275DFB640613F,shock/blackout_grenade_mp.shock
3EC3FA6B985CD1F8,ui_hud_layout_scout
3EC53CB9050D592F,specialty_pc_tempered_rex
3EC6A50543C9BBE8,asc_assettype
3EC83AAFFAF39D54,rex_gun_game_bigmap
3ECE4B08469ADC5D,mp/stats/loadouts_public_wz.cfg
3ECFEF98828DA216,mp/gunsmith/s4_la_palpha42_progression.csv
3ED069C0081265F1,rex_la_rpapa8_sp_ai
3ED0BDE2072798DE,hud_splash_gamemode_hexagon
3ED2385837F8BC44,battlepass_lootcard_trim_gold_9slice
3ED4EF4A8079B690,perk_trait_starter_bag_rex_mp
3ED5098DF88DDBC0,ks_toma_strike_marker_mp
3ED5246358989FB8,ScriptableEventAudioPropagationPortalDef
3ED5667B6B8CDF6F,SpawnPointField
3EDAA2AA3D2365D0,WeaponEntityNotify
3EDAEE62F20BC82D,ping_loot_confirm_armorpouch
3EDB2E94BE91CCD1,brloot_weapon_ak47_unco
3EDC89442ADC7C91,XAnimDeltaPartQuat2
3EDD7FDD91B371DD,mp/loot/br/mini_mgl/lootset_empty.csv
3EDDD5AD32A33825,ui_map_icon_prompt_money
3EDF079A95E42DDB,vfx_frontend_mp_store
3EE15C6C4C76270F,perk_drill_instructor_rew
3EE163F99B78DB8E,veh_med_transport_mp
3EE25F328963F9CB,vtmdataptr
3EE48425B140A489,specialty_warhead
3EE7BAE159DBFE8A,rex_equip_claymore_rec
3EEB7F6C0E2D36DC,cfg/default_mp_gamesettings.cfg
3EEBE958D8EE2D41,rex_cyber_attack_bigmap
3EEEA6727836DB09,ui_mp_br_loot_icon_ammo_shells_detail
3EEEB04EB67A61B6,bc_equipment_stuck_tracker
3EF01DD327BED0BE,ui_mp_br_mapmenu_ping_cursor_killstreak
3EF3AEE3E0814237,mp/gunsmith/s4_pi_luniform08_variants.csv
3EF3FB2505E92CF9,ping_inv_drop_valuable
3EFBAA87EB91F324,StTerrainClutterLayer
3EFBB6D45DA1E0BE,mp/loot/br/dmz/biolab/lootset_dmz_crate_wood.csv
3F005736A7DD5A05,Global
3F042DD0FE23830A,tempv_mp
3F049A091AB0E090,loot/s4_me_shovel_camos_ids.csv
3F06DA7F74EE4609,brloot_weapon_m14_comm
3F0A5AB84CDA0750,mp_rex_lithium
3F0E72319D67DF11,maphint_keypad_bunker_11
3F1497F95EE17324,ncs_ges_global_sp
3F14EBB4DFD34EDD,behaviorsequencerptr
3F1B24E743AC4354,hud_backpack_slot_empty_gas_mask
3F1B8ED6847A7826,AmbientSfxPackageDef
3F1E23296B0F370E,rex_attachments/rex_bar_sht_kilo437_desc
3F209F12CDE6204C,defaultgrounddeformationvis
3F2A1BED0E65673F,levels/montage
3F2B1514F462F3DA,loot_s5gberet_black
3F2FF44F255A3811,ping_vehicle_danger_truck
3F302A1C71E03DFA,icon_dmz_faction_white_lotus_bw_748
3F338D2D0D425D20,ui.LUIButtonRepeater
3F34087DF2D6A719,ui.utils.OBPVPLobbyUtils
3F3425FBEF87E486,VehicleBoosterType
3F35DCB83B737F31,killstreakenemytarget
3F379DF6E3229C04,shotobjectintersection
3F382A10813AA025,jupiter_playerdata
3F3E12668ACF1B10,killstreaks/airdrop_escort
3F401C1E54FE6BA2,decor_drying_rack_01_plate_02_static
3F41A05940AEF2A6,hud_reticle_short07_g
3F41AB5940AF0557,hud_reticle_short07_h
3F46EF05494DA039,aar_cross
3F4AD20D3DDD5319,mp/loot/br/ww2_mini/lootset_contract_scav3.csv
3F4BFD799C46D107,ping_social_seeyoulater
3F4F913E7BAB4E97,AIEventDef
3F515B89CCC8EA3C,equipment_toolbox_02_orange
3F524E83FA4599CB,ping_boss_generic_confirm
3F52EDBE1957825A,IndoorExclusionTileDef
3F54C49E76FFF886,ParticleModuleInitSpawnShapeMeshDef
3F550EF9EAC7105B,mp/loot/br/classic/lootset_extra_plunder.csv
3F5A4C22A4F5CC68,rex_laserhip_sml03
3F5A5322A4F5D84D,rex_laserhip_sml04
3F5AE86EC1F2BE34,RETICLE_motionblur
3F5BA701A0155F0A,hud_reticle_loot_occult
3F5D68045F039038,hud_reticle_base_limax
3F61FC272ADFE820,ui_mp_weapon_br_bg
3F64D02D2409F55A,sndmodifierlooptype
3F64F03EE3C2D715,panel_gradient
3F67642AE2D9FC82,ping_social_no
3F6C164DC9CCD352,ping_loot_equipment_redeploydrone_confirm
3F6D1A28BEE9ED77,hud_reticle_dmscopevz02_xhair
3F70CC5684303E1B,rex_lasercant_sml05
3F70CD5684303FCE,rex_lasercant_sml06
3F719A51FA012991,mp/gunsmith/sh_aalpha12_variants.csv
3F72978FDD3A160C,hud_icon_minimap_vehicle_littlebird
3F749AD8C104E38F,icon_social_plat_console
3F75614CC8EBDA6E,mp/loot/br/default/lootset_cache_stronghold.csv
3F785ED22C1A37C2,loot/s4_pi_malpha96_camos_ids.csv
3F794E828D675D76,rex_flash_decho
3F7963916FD0782C,animtrees/multiplayer.atr
3F7DB8DBB99397A1,specialty_apex_pstlubsh_rex
3F7ED3841ADA5D61,ping_loot_key
3F806BCB1D546625,XAnimNodeDef_LookAt
3F86429CD169CB17,mp/brmission_reward_groups_dmz.csv
3F86F1D553D71C09,rex_attachments/rex_bar_hvy_mike4
3F8B70A181C73E56,ping_harddrive
3F8C039B020FD499,gamestats.csv
3F8C8AEF61C0BA18,2
3F8C8BEF61C0BBCB,3
3F8C8CEF61C0BD7E,0
3F8C8DEF61C0BF31,1
3F8C90EF61C0C44A,4
3F8C9CEF61C0D8AE, 
3F8C9D9AD9FCC48A,shockwavedefptr
3F8E42B1A153E30D,waypoint_dogtags
3F90438780E0DCBA,ui_menu_codhq_logo_large_rex
3F9A820372D7C2CE,icon_global_challenges
3F9CA52350666675,equipment_push_broom_01
3F9EF42EDE508C3A,svec4_t
3FA3534EB0058670,loot/s4_mg_mgolf42_camos_ids.csv
3FA412D9D8C3203D,ui_nvg_battery_shell
3FA5FF6CC52E229E,ui.utils.HUDBoundsUtils
3FA88BE2B4F8B071,SCRIPTABLE
3FABA96F90AA304D,flat
3FAEE05A814BCF1A,AttUiTunable
3FAF7DD0E58DCF9D,shock/pain.shock
3FB1D5D008753D3D,EquipmentStanceType_t
3FB3039F518B36E8,rex_stock_lgt_limax
3FB7AC6ADF35E62B,hud_reticle_glow_holo06
3FB7C3CB6EEC08CC,mp/br_cash_placement.csv
3FBC92E4444EBBE7,mp/vehiclevisionsets.csv
3FC06E46B2A1CD3E,rvb_default
3FC4116005BF0821,t10_spycam_sp
3FC6872A9045F094,StTerrainMaterialLayer
3FC98BB8AD1803E2,swm_blend_curve_settle_long
3FCAD9221EF490F4,ScriptableEventMaterialReplacementAllDef
3FCB77FEECACFCB8,ui_global_rounded_corner_mask_16x16
3FCCC71F39E0676E,AttKickScaleTunable
3FCE88110194037B,perk_frangible_rex_mp
3FCF0CA4DAD6FE34,ping_loot_killstreak_airsupport_generic
3FD0C366721DC61E,hud_reticle_gotago_smudge
3FD2C7AC52A52D32,ui.LUIModelRotationArea
3FD781F73F5B8D3A,SndTableDef
3FD7B82CF4761F90,mp/gunsmith/sn_t9crossbow_variants.csv
3FDBCC591A0E250D,rex_air_lockdown_aa_proj_mp
3FDC4783D2CD9665,AttDiveADSSpeedScaleSettings
3FDC66F922ED2E63,ui_rex_icon_operator_variant
3FDCB97A18355E7D,ui_icon_progress_marker
3FDCCF505B54FF34,loot/snipe_ignore_ids.csv
3FE7CFC2BEC7A7BB,electrical_conduit_set_electrical_box_medium
3FE8FEB59826B9A2,mp/loot/br/classic/loot_table_zones.csv
3FEA57513AFABA7C,rex_store_background
3FEAC886F5A18045,equip_trophy_rex
3FEEE86D764580C1,specialty_trait_container_rare_loot_rex
3FEF4FDCA5E8D241,telescope/icudtl.dat
3FEFB9E855587B48,ui.URI
3FF29F15652FEC3F,console_sp.cfg
3FF420D995A116DF,defaultgametypetable
3FF693DE1CF22308,mp/loot/br/rumble/lootset_contract_asn.csv
3FF7A21C4036812F,WeaponVfxReactiveSet
3FF7DEAF4FC2CF6B,mp/loot/br/dmz/lootset_medical_box_wall.csv
3FFC11D8BD847392,loadout_weapon_type_backing
3FFC288408692F25,jup_text_button_border
3FFD2ECF0610CD35,mp/gunsmith/lm_sierrax_variants.csv
3FFDB1029CFBA613,fullscreen_armor_bottom_splash
3FFED79D8DAE5EF2,StreamPointerSpanTypeless
3FFF210D7B40E37A,iw9_radial_2slice_sonar
40011DB006DD2BFF,influencer_killstreak_auto_drone
4001A5421D135DCC,hud_reticle_s55smuggler_shoot
4001E8E69B53AB39,xcamPtr
400233FEDD2F69BD,rex_iodine_pills_mp
4004BCEF0BAB0154,mp/gunsmith/me_t9scythe_progression.csv
40052694F381DAB7,ui_rex_icon_wpn_prog_dm_findia
4005E75A34A1797A,ping_contract_initial_secureintel
400641F4535F3245,rex_comb_amo_bmike3
40091DF2A1501484,defaultcharcollbounds
400C171320349F68,defaultbulletpenetrationset
4010CF9BFC27D527,ping_request_revive_confirm
4012670A81BC861D,ping_loot_SUPPLIES
4015455E3C7FD277,rex_air_crossfire_mp
4017F331615BD217,rex_arscope_rf01
401C128F8CFC4223,square_glow_9s_3s
402420FED2AAE0C3,bc_flavor_player_revenge
402451B011893829,ScriptableEventCollisionModelDef
40246B1D80815853,ui_icon_operator_variant
402545566874290E,radianttelemetrymap
40276F5A227554BB,maptabledefptr
4028A6D68930EE89,ui_rex_icon_fu_trophy_system
4029B3916F4A65E9,MaterialUVAnimationParamsLayer
402CA37DB360EE73,brloot_weapon_oden_rare
402D1BE29D697CDF,ScriptableEventHideShowBoneDef
402F8FE9C150EBEC,areaswapnodedata
403119795DB72481,ClientLightAttachedEffectDef
4031FD05F0AA68F5,ui_loot_gesture_hold
4034BB7C4D5BDC32,ks_airdrop_crate_mp
40359D077A86FCC7,ping_boss_allforone
4037DCA991696B55,ping_loot_fieldupgrade_stimpistol
403A23EF0C382574,mp/loot/br/default/lootset_cache_blacksite.csv
403B13B6F711538B,mp/loot/br/doubledown/lootset_cache_lege.csv
403E33807F44ACDC,omnvars/mp/omnvars_ac130.csv
4040BA22E6D1745B,lua_menu/level_color
40425222163B6DD3,specialty_incognito_rex
40431D3B1ED7BC8E,loot/iw8_la_rpapa7_attachment_ids.csv
4045E178731EA0E8,hud_reticle_spike_02
4045E278731EA29B,hud_reticle_spike_03
4045E478731EA601,hud_reticle_spike_01
4045E778731EAB1A,hud_reticle_spike_04
40471A1EEBE2B6C0,ScriptableEventActiveCamoDef
40496B18A9929CC3,hud_splash_waveform
404AFFDFAC99F692,hud_icon_nemesis_small
404B59A17E385D9A,hud_backpack_slot_regular_stashable
404C64B24CF528BB,particleimpactdirection
404D17FEDD6F25A3,rex_iodine_pills_sp
404DA404993B3C7E,mp/recipes/koth.recipe
4052E21BB631CAA4,rex_dm_findia_v02
40534EB3C6C57F91,spawngroup_type_flags
4054B0A8C5CC6435,ScriptableEventUnitTestsDef
405666EEB33649A0,mp/gametypes/ballmode.txt
4056BA52FCA9418F,GfxShaderLoadDef
405A7948A0F5FC40,rex_attachments/rex_ironsdefault_xar1_desc
405ABB7C4D7CAB6F,ks_airdrop_crate_br
405AF56276D26C37,defaultperk
405CE2A1A5903A28,ping_vehicle_suv_neutral
405DCB89456671F9,shock/mp_radiation_low.shock
405F5E36DCD8F29C,ping_vehicle_husk_jltv
4062620CDCEA506A,ui_mp_br_counter_border_circle
40687EE19C5BA118,ParticleModuleInitOcclusionQueryDef
40710EDF2F5D85D6,clientcharacterPtr
40728B4F4D07D8DF,loot/iw8_ar_t9standard_camos_ids.csv
407303C8B7A54859,default_mp_gamesettings.cfg
40739F2132F0342E,rex_bar_hvylng_decho
40758F66401962CA,GfxClutterCollection
407CFBE96E531891,AttLadderWeapon
4080606DCC8862AF,ping_inv_have_nuclearcomponent
4082F30B706049D9,mp/brtacmap_legend_mendota.csv
40845F190677B83A,mp_br_ingame/airspace_crowded_deployable_kiosk
4087229ECDB0F6DC,rex_trig_decho_auto
408B8F6BD4123BC5,specialty_trait_container_rare_loot
408F3BCF6073D439,operators.csv
4092F28437804E68,equipment_icon_slot_tripmine
40964F39A027334D,presence/infect
40977E812DB1A0DB,specialty_phosphorous_shots
4098E77B126CFCE1,ping_ascender_shack
4098FC66415BC4AD,ui_shared_center_mask
409A13C44220DCF9,rex_possession_inflation
409CE84F7370BEB8,hud_splash_generic_subheader_backer_positive_left
409EB19D3D4FF177,MatImgInstanceGroup
409EE59945A7F804,specialty_trait_superimmune
40A1CA678E0B3162,ncs_ges_global
40A3B4590B4BDC2F,ui.inGame.Hints
40A584C90E57D4F9,mp/recipes/bounty.recipe
40A6ADC786E99546,hud_icon_player_SQUAD
40A7EC033DDB54D3,rex_mp_KILLCAM
40A95AD720B1E760,mp/gametypes/cranked.txt
40A9CC156DD4729D,ee_machinery_wind_turbine_02
40AFACAF82D0B207,mp/loot/core/risk/lootset_contract_dom.csv
40AFC77E25AE3C05,SndFBEQFilterType
40B5778E774F1966,ui.utils.PromptUtils
40B629984230FC53,brloot_weapon_famas_comm
40B9A56041975A48,veh8_mil_air_lbravo_flyable
40BA5230C8EC1BDC,ks_airstrike_marker_mp
40BBCBA1E494FB2F,specialty_tempered_rex
40C28AB7BA5CB412,hud_icon_warning_lines_small
40C2EFF51BFFBF6F,rex_infection_ar
40C3296B9D0CEBA6,rex_sticky_artillery_proj_mp
40C37A694F3C0E4F,perk_trait_increased_stock_size_rex_mp
40C52F01D8CA87B5,hud_vds_wz_particles
40C6AB78B52F7B71,mp/loot/br/clasic/lootset_root.csv
40C811386BBF0F22,ping_social_goodplay
40CAABD0898F5E82,mp/loot/br/dmz/biobunker/lootset_mail_kiosk.csv
40CB557BECA7664B,DualWieldType
40CE4D6C08BED5A2,container_nitrate_bag_flat_01
40CFC48A782D082D,rex_bar_hotel45
40D10C137EB60AEB,super_supply_drop_rex
40D11978203F68EC,rex_stock_lgt_uxray
40D16AC446934712,frontend_dmz_stash_button_background
40D51B7600EF2C94,icon_branding_ranked_play_logo
40D51C0FE77F43AC,mp/classtable_br_rebirth_circle3.csv
40D765E700F42C04,icon_mw2_logo
40DAF6EACFC1B2CC,loot/iw8_knife_attachment_ids.csv
40DC38121D651032,hud_reticle_snoop2_g
40DC3B121D65154B,hud_reticle_snoop2_h
40DCA17A03A20D95,bc_fieldupgrade_action_taccamera
40DD070D7FC4C6D5,rex_laserir_sml
40E0D1589CD843E2,perk_spring_bayonet_apex_rex_mp
40E2D90D31F4C5D5,rex_selectsemi_spier9
40E79950C5499BF0,byte
40E9CA306FCCF65B,fastfile_frontend_rex
40EB5035652C467E,MapEntsTransientZone
40EC4157D72188C8,ui_rex_icon_eq_prog_stim
40ED2ECB0520AB6A,mp/gunsmith/s4_me_icepick_variants.csv
40ED7A3BE535D764,me_sign_office_wf_calendar2
40F232383D9E8D14,DLogRow
40F31A86229ECD21,CameraType
40FD6318BFAC824D,ncs_obj_level_entities
40FD6939F6ED353D,mp/ranktablesas.csv
41043A6970E5F621,mp/gunsmith/ar_valpha_variants.csv
41045FC9A076829B,shared_hintstrings/armor_plate_pickup
410531AFB0A7CAA0,crossbow_arrow
410752F3619F16D3,gas_cough_light_mp
410D082BCABF523F,br_rew
410F62D9DB4C8A70,ui_progression_game_mode_tag_zm
410FD4DF1B148192,icon_xp_reward
410FD7E3DCC16D12,rex_sil_hvy_decho
4110737061DE9EC0,omnvars/mp/gametypes/omnvars_hstg.csv
4111975B370EFCED,rex_bar_hvylng_sierrax
4112E605AA3DCE23,mp/loot/br/classic/lootset_contract_scav3.csv
4114F12823B90CA7,ui_rex_icon_ks_prog_drill_charge
41151250F9404D32,mp/recipes/war.recipe
41186D2098A840F2,clouds_hard_vol
411A3C7ACD66A628,icon_faction_allegiance
411BEC0274EF2822,ContextMountTypeInfo
411F5DEAA31C5FEF,rex_razor_wire_initial_pop_mp
411FF6DE971B3E50,hud_icon_player_circle
4124549D5DF3F60E,footstepvfxptr
4124B71F70B728FC,keybind_backing_black
412536436CFFF7F6,cp/gametypes/cp_survival.txt
412570CC1635E70F,perk_extra_tactical_rex_mp
4127EF1697C67EF3,ui.utils.DebugUtils
412D20EA72F59160,equipment/smoke
412DA07257EDEB52,mp/recipes/infect_supers.recipe
412DD2A5FC8EA71C,loot/iw8_sn_t9precisionsemi_attachment_ids.csv
412E55D9DB6724E8,ui_progression_game_mode_tag_mp
412EFF063374DB42,rex_irons_sierrax_stocksaw
41325150728D15EF,mp/loot/br/rebirth/lootset_cache_spawns_bunker.csv
41343772222D21DF,watersystemdefptr
4138FF645FED8A89,XAnimUpVectorType
4139783C960100E3,GfxNeuralLightGridInternalNode
413A5FFA5B3AD5CE,decor_misc_props_01_jar_big
413AE2ABFE2280EE,cp/gametypes/cp_strike.txt
413AFD9D51BADE71,sp/statstable.csv
413B27ED6A25A31A,ui.utils.FenceNetworking
413DE933D553A0DF,GfxAabbTree
4140F7B970EABB83,jup_seasonal_challenges.csv
414241D7FF2BE1E5,ui.utils.mp.BRUtils
414524AC7A3F74E8,LeaguePlayDataDef
41454620BDAC082F,ui_bp_blackcell_teaser_marker
4146676CA74B8C14,mp/gunsmith/s4_me_rindigo_variants.csv
4147F175693DD200,animselectortables/civilian_traverse_warp_over.csv
414C73A86BEFFC7B,ping_loot_weapon_shotgun
414FD79002C879FD,StringTableType
415716F473CD2422,ping_vehicle_husk_boat
415BDAD5DA00F42A,rex_ui_spray_0050
415D0B8293E92F62,cac_mini_attachment_dots
415D4E8D735588A5,ping_objective_kill_generic
416158F9D86BE2DE,precision
41627493A6927C24,ui_cer_wzftue_mission_lock
4163BBEE665C669B,XAnimDeltaPartQuatDataFrames2
416698629946B801,bp_a11_border
41686B64DE7EF11A,MaterialShader
416B1A45E0D22B90,mp/loot/br/ww2_mini/lootset_cache_base.csv
416BCD912C46D76B,mp/loot/br/horizontal/lootset_cache_spawns.csv
416CD7D5DA0F6244,rex_ui_spray_0001
4171EE69E52D7017,rex_execution_pistol_sledgehammer
41738BC21C710F8B,mp/gunsmith/sm_beta_progression.csv
417756A36ED96CDE,vision/mp_saba_int_large.vision
41791F47BA29DF11,omnvars/mp/gametypes/omnvars_ob.csv
417AF62269FF71DE,mp/classtable_brdbd_prematch.csv
417BDFD7A198B075,options/brightness_desc1
417CCB2F1C0CB32D,shock/door_alarm_mp.shock
417D08AC001C5649,FxGlassInitPieceState
4182124DE48206CA,mp/recipes/zombie.recipe
41864D3B829C1BB1,rex_mp_outofbounds_backer
418B3B3F786EDAC4,mp/loot/br/rumble/lootset_cache_pe_chop.csv
418D92EBDBED41E7,sndglobalwhizbyptr
418DD7B176C8E525,WeaponMotionSwaySettings
418FDB846DCE0909,ScriptablePayloadType
4192D807E811E280,ui.LUIElement
419350D2DF7DDA57,ui_default_reveal_map_glicthes_01
4193F1480004833C,mp/loot/br/respect/lootset_cache_base.csv
4194C4BA904D722D,mp/gunsmith/ar_t9damage_variants.csv
4194F709F5BFF1A6,secondary_medium_wz
4195263ECC89CF17,widg_gradient_bottom_to_top_mask
4195F7F8F9A5B371,ui_sdf_screen
419B3DF26ADD3436,defaultprojectinit
419E51EB7CEB8834,soundeventdefptr
419E5E9E5BBE6B05,WeaponOffsetPatternScale
419F2F769626173D,ui.utils.CODUI
419FC6CC1147D431,TransientAssetReference
41A4EC4096CB7524,ui_cer_wzftue_mission_bg
41A60098622466BF,dz_flare
41A8CC620C2C71FF,bc_gamestatus_obj_cap_finish
41A909F65347D070,rex_me_tacknifea_v02
41A970B0D8157BA1,mp/attachmentcategorytable.csv
41AAB15DC81AF410,ui_mp_br_loot_icon_x1_01
41AAFA153EFC4D85,rex_breach_hotel45
41ACF2A07E49AFF8,hud_icon_uav_tower_objective
41B042C6EC11871B,vision/scope_default.vision
41B86F7635CBF5D8,ui_map_icon_obj_hacker
41B89B76D95193E6,mp/gunsmith/ar_t9mobility_progression.csv
41BCAF7CFC8815B6,handplantsfxtabledefptr
41C0DFBE7D88886C,WaterDynamicsBlendSample
41C3FFC5038CB031,gamepad_swap
41C51E89C3736FFB,rex_stocksaw_kilo437
41C68A7AFF2F5C5C,AI_Sight_Shape
41C9A7B63C90EF8C,mp/camerapositions_dom.csv
41CBB96BF2D0EA8A,omnvars/mp/gametypes/omnvars_counter_operation.csv
41CD2A754F531580,scriptableinstanceflag
41CE75B94E54146C,LUA_MENU/COD_POINTS_CLASS
41CE7B507CF76F81,mp/reinforcement_events_biobunker.csv
41D20D92EB2BEA6D,equip_weapon_drop
41D52CD268E17A77,mp/progression/elder3_progression.csv
41D72E589BE499D3,ui_rex_icon_ks_prog_gunship
41D74FD07054C1CB,AttCharged
41DB244CC6823E57,vision/proto_bradley_mp.vision
41DB6D2690D69582,ui_rex_icon_loadout_prog_CUSTOM
41DCC2DC6FE11807,hud_circle_segment_thiner
41DE3F8523BBF83E,mp/gunsmith/s4_pi_malpha96_progression.csv
41DE7208AE51A641,ParticleModuleTestImpactDef
41DED8C1EAD3A0AF,rex_hud_reticle_guide
41E029F73A8EF438,mp/gunsmith/pi_golf21_variants.csv
41E05569A19858F3,mp/recipes/infect_ar.recipe
41E0CAD4F6237620,perk_packages_quality_text_chevrons_three
41E126FDE068FB03,mp_rex
41E30D830C1D4364,mp/loot/br/tutorial/lootset_suppressor.csv
41E5D3848F55CF32,reactive_camo_stages.csv
41E61C5BDDAD0FB2,mp/gunsmith/ar_t9slowhandling_variants.csv
41E85A086F97A993,activityphone_code
41E904CDFBFDA503,mp/cac/alt_heads.csv
41EA3961C52F05A7,CineDataType
41EB0C214ACBC887,ping_intel_warlord
41ED2F9E4917EC4B,AttFocusAds
41EF1BEE90101BF4,rex_drum_kilo437
41EFC7D487156A6A,icon_code_of_conduct_qr
41F29ABE7E54E3EA,mp/gunsmith/platform_019_progression.csv
41F2F151207F7183,rex_adrenaline_mp
41F3B716E018C3CD,hud_helmet
41F6ABB5F1A95943,brloot_weapon_fal_epic
41F6F579A4DDA647,DDLStruct
41F940B7D7D067F2,ui.InGameMPKillStreakDataSources
41F97B1A3460D985,br_quads.cfg
41FA4BBCCB8515AF,mp/gunsmith/ar_t9fasthandling_variants.csv
41FB08DCA47D5ED7,ui.InGameDataSources
41FD3B5B737F8B57,ImpactVFXTableDef
41FD7A4FE001BDEF,rex_xmaglrg_kilo5
41FF755BE685E18B,ScenarioGroup
41FFB0740E0B531B,test_pitch_numbers_mask
42007938C3DD8351,quest_challenges.csv
420179358F3FAC26,hud_icon_control_bar_mask
4205E74FC67DD13D,ui.widgets.MouseCursorContextualMenuLayer
42060FF9E9E176E7,javelincrosshair
4206BEEE1393C918,PlayerAnimScriptMoveType
4207C3BE9B9031F7,rex_frag_grenade_sp
4208207462D130F0,specialty_overwatch
42087E47B20EAB39,ui_gesture_kill
4208FCFE4E98164A,ping_objective_kill_flag
420B62FD814E59A7,Scriptable_MaterialOverrideType
420E6BF595354BB6,cfg/buttons_nomad_tactical.cfg
420E997F272F1E7B,mp/gunsmith/s4_me_sledgehammer_progression.csv
420EAFBE9B962EA9,rex_frag_grenade_mp
420F5CE339441822,mp/loot/br/dmz/biobunker/lootset_cache_spawns_tier1.csv
4211EE13094A4030,AttIdleMotionScaleTunable
421366C86BC9EE24,rex_addsway_xar1
4216E3ACDF24CA01,DynEntityDef
421721D6980925D7,mp/gunsmith/me_riotshield_variants.csv
421A04ED2496004B,XAssetHeader
421B8588FD5929AB,mp/statstable.csv
421BF2BF759CE304,DiveToProneAnimType
42234C0AB0F893C8,mp/gunsmith/sm_t9burst_progression.csv
4223E839F845E9DE,mp/gunsmith/sn_kilo98_progression.csv
422450272732607A,ui.inGame.DriverHudRHIBContainer
42267FF3BC10CC53,hud/you
422794E002609336,HipSwaySettings
4227A725158FED0A,XAnimNodeDef_RandomLoop
4227EAA054F1A147,spinner_countdown_dotted_line
4229CF66C04FEE10,ScriptableEventDismemberBoneDef
4229FC54A0E69AC7,pathnode_id
4233607E2884B686,bulletcracksfxdef
42347FB634798EF0,mp/loot/br/mini_mgl/lootset_cache_lege.csv
423514D6EE4D0C52,rex_cal_tuning_stocksaw_kilo437
42366D6662DDB8FC,veh8_civ_lnd_walfa_mp_blue
423B786065ADBE6C,loot/iw8_sn_romeo700_attachment_ids.csv
423BEDA9008CC3D5,iw8_gunless_last_stand_enter
4243FC7ECD5C4941,GfxWorldAabbTree
42482F5E11618B21,equipment/snowball
42486BA286498E8C,equip_medical_box
424C63E2A7872187,Ingame
424CBA7E023B32AB,mp/loot/br/respect/lootset_named_location.csv
42500F4449E2DEC8,ui.utils.mp.TournamentUtils
425067B30D04D7E4,DDLFile
42506CB413202CE1,uk_chair_folding_01_open
42527D294AD7BCD0,rex_comb_tac_svictor98
42529721A0B9775A,GfxScaledPlacement
4252EEEFD4913A30,icon_loadout_build_watermark_rusher_phantom
42537147C61DCA76,rex_mp_valeria
4253C904A8A71AC4,saw_ui_icon_tactical_grapple_hook
4253CC65FD9C6E6B,cap_solo_interaction
4253EE09C90BB3CE,vision/mp_caves_lagoon.vision
425575DB3475B373,brloot_killstreak_shieldturret
42570DFE91CD6D10,equip_munitionsbox
425823203FCC3BE9,ping_loot_confirm_nvgs
425832BBA23C524C,ui_jup_menu_mission_checkbox_unselected
425C83D23360A868,ee_sign_commercial_pharmacy_dropoff
425D6AE1CADEBBDC,mp/loot/br/ww2_plunder/lootset_cache_pe_chop.csv
425E5ED4B034F876,rex_stock_hvy_tango73
426020AAFF58B695,SndModifierInputRangeType
42619BE09950011E,sp_sat
4262072D18E5F567,cac_equip_cap
42632C97CCE27D38,decor_plastic_buckets_01_big_blue
42689FA7096D7A92,mp/cinematic_camera/battle_spawn.txt
426A088767ADF11F,ui_gradient_center_in
426B1C875DC1E446,uav
426C619F453EF155,mp/loot/br/dmz/lootset_duffel_bag_02.csv
426CDA10EB10E822,store_info_details_panel_backing
426D7D26EF1FAE83,rex_ub_gl_psierra41
426EC4736CB77B72,hud_vds_wz_mask
427092FA2CC41EF7,rex_dynamic_null_pmike63
427333ADC3C82954,icon_notification_warning
4276C5E2F6460B83,jup_mp_warmode_splash_gradient_mask
42775B3F1D265DC5,cfg/buttons_br_ping_lb_tactical.cfg
427833CBE7D6E13D,button_stick_vertical_r
427835CBE7D6E4A3,button_stick_vertical_l
427B7A56D0B26C52,price_western_a
427BF3442255A750,rex_ammo_5x28_op
42808ABFC1BA62F2,BG_PropPackage_List
4281B4D137C083EC,loot/s4_ar_fnovember2000_camos_ids.csv
4281BFB7CE0C30A3,ParticleModuleVectorFieldRMGraphDef
42881E24C6D11BEF,interfaceoptions.csv
42907BB932B14B64,hud_buttongradient
4292FD442268972F,rex_ammo_5x28_hp
4293E582D30DF7EC,lag_portable_radio
4294140AD3A85E19,rex_stock_lgttac_akilo
429A0744226EC6DB,rex_ammo_5x28_fr
429B2E05BEB23AEA,rex_hijack_bomb_defuse_mp
429C96270BD8B4E9,icon_loadout_build_stalker_anti_armor
429DF6DF824FFB2C,GfxBSPAABB
429E1932956BF73A,mp_javelin_top_prompt
42A0CEBED6754C6D,Scriptable_OffsetSpace
42A22968DCCC0EE3,hud_reticle_palm_g
42A23668DCCC24FA,hud_reticle_palm_h
42A2E9AE8E9AABA3,mp/gunsmith/platform_038_progression.csv
42A36A366686150D,mp/gunsmith/s4_ar_voscar_variants.csv
42A3A1333805948A,MPUI/HASHTAG
42A67E2A63540194,ncs_xac_level
42A785A226264AF4,ui_generic_glow_square
42A7E4FD0D75481E,StNodeBitsQuadTree
42A8110DB166C3C4,mp/worldMap.csv
42A91C40146C3E56,ui_mp_br_player_status_shooting_tick
42A980D3704D41A8,scriptable_zombie_entity_lightning_charge
42AB0744227D3A0E,rex_ammo_5x28_ap
42ABFEF35617BCD0,hud_icon_zombie
42B011A538285A11,ui.AchievementsManager
42B432C82A774147,mp/gunsmith/sm_mpapa5_progression.csv
42B637D82AFFFC42,hud_reticle_med08mp_g
42B63AD82B00015B,hud_reticle_med08mp_h
42B87776F7E23399,GameTypeStatDataDef
42BC8AF31E04DC9E,ui_jup_menu_prematch_radial_backer
42BD69B032E95854,ping_contract_initial_geigersearch
42BDE37859919357,loot/iw8_sn_xmike109_attachment_ids.csv
42BE36DC8BEB1060,cer_ui_spray_002
42BE37DC8BEB1213,cer_ui_spray_003
42BE39DC8BEB1579,cer_ui_spray_001
42BE3CDC8BEB1A92,cer_ui_spray_004
42BE3DDC8BEB1C45,cer_ui_spray_005
42C47D32ECADA12C,start_up_core_mp.cfg
42C4DA7FB6D9E469,menu_beta_preorder_banner
42C78BDC07ABBEBC,specialty_trait_air_superiority
42CC4F2E57033A6B,icon_global_chat_disabled
42CC603843BECB24,fontcache_screen
42CF96BFB5E78F88,omnvars/mp/gametypes/omnvars_cmd.csv
42D3BDD1DDDF329E,compass_tickertape_mask
42D4099A6A69CD2A,ui_map_icon_cp_mp_exfil
42D5E722B5EBD9B2,super_razor_wire_rex
42D700BEC8F71E02,electronics_fire_alarm_bell_01
42D97B8107CFFE5E,ScriptableStateBaseDef
42DB9F225DBDDAC1,XAnimCollisionShapeUnion
42DDA679CB3BA14B,SpatialPartition_Population_TransientMap
42E1420D17114421,mp/gunsmith/s4_pi_malpha96_variants.csv
42E2DA9637CEBF0B,GfxProbeIndex
42E3D05C926740D6,ui.utils.CurrencyPackUtils
42E3DBC25B3DF783,mp/loot/br/default/lootset_cache_spawns_stronghold.csv
42E88EBBC10316D8,loot/iw8_ar_t9fastburst_camos_ids.csv
42E9BD2ECDF73A29,scr_smoke_grenade
42EA317D8DA56D25,ui_rex_icon_ks_auav
42EA7AF6DC2D31E4,equipment/at_mine
42EABF6E21BEF759,ping_loot_equipment_tracker
42EDA3314344FEF9,mp/loot/br/respect/lootset_cache_spawns_reddoor.csv
42EF1BE602D6B7BC,rex_dynamic_null_akilo
42F08ADA0E458E4D,clantag_hms
42F3DA9E984EEBAB,mp/gunsmith/platform_jp07_progression.csv
42F7D409F3AE642B,weaponprogression_tracksmap_focusedarrow
42F83B74909FEE6C,byte8192
42F9308FA4C935F8,rect_corner_radius_4
42F9FE80AD42BD9B,GameProps_BRCircle
42FC31F57A1042A6,mp/loot/br/saba/dmz/lootset_safe.csv
42FE742998F49835,AttWeaponMotionMoveOffsetScale
42FF8D0F8DA82F57,rex_flash_grenade_mp
43015AFEA58DF441,equipment_tv_01
43032E23CAFDA979,ping_location_defend
4306790F8DAE2C09,rex_flash_grenade_sp
430899692EC6500D,mp/phoenix_loot_spawns.csv
430C985196705316,rex_fe_op_crib_xcam_gunbench_um_xcam
43118FD2D037D601,ui_menu_codhq_icon_social_party
4314091A8C613CE2,icn_mouse_leftclick_full_rotate
43146741DCBB1331,hud_icon_killstreak_supply_sweep
43147F09154C0776,PhysicsFXPipelineIntegratorType
431518338F604514,jup_ui_2px_corner_flat_bottom_mask
43157C0D7E07B171,rex_gunfight_actionpark
4319D4AA6FECF0F3,iw9_ui_widg_gradient_bottom_to_top_grey
4319E985ADB484CF,VehicleSeatDoorsDef
431F800AE0AE2F55,bc_status_player_revived_hostile
431F96BD743D9C6A,aiobstacledefptr
431FC9C2BE65E33A,specialty_equipment_ping_rex
4322ED46F60E7A4C,customizations
4323885D13AAB660,ping_vehicle_husk_jetski
432468541F97D4C2,rex_cal_tuning_xar1_hyperburst
4324F604E370FDE8,ping_inv_need_fieldupgrade
4325ACFD3CF34B6C,vfx_frontend_mp_faction_west
43288E4EFFB13EF6,lpf_default
43296AF079922DBB,Raw_byte
432A1FB5612ECD2B,esports_codcaster_objectiveicon_background
432A5F5FBFAF3479,netconststringlist
432EEE3F3D797365,rex_rec_xar1_rex_wz
432FE7A7CEF84A0E,ui_loot_bg_execution
4330220BB9B7C329,rex_gas_grenade_heavy_shock_mp
4331912554B3D18D,jup_ui_floor_widget_alert_icon
43331F40D138DE70,rex_overlay_tablet_killstreak_ui_elements_flicker
43390BC6BF07B1D3,primarylightgroup
433A1865702611E8,ping_exfil_hatch
433A80B517FFDC9E,impulsemotionDef
433C1BB0ACC6508A,aisquadtype
433CA00B49D4C590,RagdollPoseControllerSettingType
433D11F05B1A0E2A,ui.utils.PlaylistUtils
433D5EA52DB82E11,reticle_spike_fill
433E1518A5189724,PlayerLookAtTargetField
433E5DC0201B64D2,hud_icon_objective_elite_gradient
4341668E84D9893A,mp/loot/br/mini/lootset_cache_spawns_bunker.csv
4341DF3C88B47D92,cinematicsceneobject
43422F0FD7CEC8DF,hud_reticle_shine_anime_1
4342300FD7CECA92,hud_reticle_shine_anime_2
43429C970B7AF4D0,ScriptableDataUnionType
434318C41ABF4AC6,rex_stock_lgt_xsm1
4345BAA127C924F8,specialty_trait_safe_tracker
4345CA4FA3EE4EC4,rex_dynamic_underwater_rpapa8
4347DB5BDE46FAE2,ui_rew_icon_tac_smoke
434B2F3945CEAAF2,vision/mp_frontend_iw9_firingrange.vision
434D8E92BB7E1403,rex_possession_counter
434DF5756BFD60DD,mp/recipes/dom_mgl.recipe
434E241858AB830A,mp/gunsmith/platform_jp04_progression.csv
434FCE3858C56A4A,mp/classtable_br_rebirth_circle2_dbd.csv
4351D14472833CCE,mp/loot/br/bodycount/lootset_cache_spawns_bunker.csv
4351D37E7797FAC2,impactsfxtabledefptr
4354CB7518A23B32,SndModifierCustomOutput
435DC0EDCB73C68D,ui_default_radial_mask
4361A49A421C4A1A,ScriptableLinkStateChangeInfo
43671F259D0E35D1,volumetricheightmapptr
4368394FE8F74A07,bp_a22_border
436AD6A7E7A35076,cp/gametypes/zombie.txt
436EF17259AE0F6E,military_target_firingrange_metal_01
437003471B248911,gfxworldtransientzoneinfo
4375533101B3304C,rex_bar_hvy_golf28
437558A0ABF41CC6,veh_diagram_atv_mask
437573243F0989A8,mp/progression/elder2_progression.csv
43784FD66ECC4272,EdgeAdjacencyMetadata
4378857210157E39,ncs_tre_level
4378D75EBC49E0F7,mp/loot/br/respect/lootset_cache_spawns_bunker.csv
437B6F4DDE8C80D5,loot/iw8_me_t9scythe_camos_ids.csv
437B830066486742,AttachmentRequirement
437D9F5D9052595C,hitlocation
4382C1558898B09B,scriptable_door_wooden_hollow_mp_01
43850CD0171B4579,worldevententitytype
4385E43E7776376F,mp/challengecategories.csv
438C760906D1B2C6,ui.utils.CodcasterAnalyticsUtils
438D8108EFC21880,MaterialStreamTreeDummyStruct
4391BBD93004776E,ping_equipment_buster_hostile
4392B9A351A75CC2,mp/gunsmith/sm_t9flechette_progression.csv
4395DE898C0CB967,bc_equipment_incoming_seeker
439798A7184A9953,iw9_icon_perk_overcharge
4397DA8200E6F264,ping_stash_medical
4398E395317D7C5C,p7_box_cardboard_c_open01
4399647339381174,mp/recipes/gwai.recipe
4399E8EA92D94CD7,mp/loot/br/respect/lootset_empty.csv
439B918FF6B5F832,specialty_trait_market_contracts_rex
439DA5D313CD2B26,rex_thermite_sp
439E3A6F4B20F0A3,animtrees/mp_frontend_loot.atr
43A074110431B522,ui_rex_icon_global_settings
43A4ACD1E4533FB8,mp/loot/br/default/lootset_saba_gasstation.csv
43A6EF394901E543,ScriptableNamedRef
43A7FBBC8BA4D98A,footstepsfxtabledefptr
43AA58B930148CCA,rex_rec_decho
43ABD16A03BEF296,defaultrumble
43AD3BBA00F7B11C,mp_rex_tumen/callout_shorelinetrainstation
43B845408DF12FB5,RumbleGraph
43B936033DBC604D,debug
43BCD32F3745A3F7,cp/cp_quarry2_objectives.csv
43BE0CF432840A51,gamemode_generic
43BFA0BDA0A51B7A,defaultparachutedata
43BFB20708A463AF,mp/gunsmith/platform_016_progression.csv
43BFF8264CAF0B97,deatheffectentry
43C0CA49295CDEDA,perk_apex_emp_rex_mp
43C20EE0B541EA60,mp/loot/br/dmz/biobunker/lootset_cache_spawns_tier3_1.csv
43C2818E22F425DD,rex_at_mine_mp
43C791C25CF85625,xquat
43C80353D3F570E5,ui.LoadingScreenManager
43CCE95490849B61,WeaponMotionPoseOffsetStrafeOverride
43CE244B192AC697,mp/gunsmith/la_juliet_progression.csv
43CF5053FFD50BAF,equip_wounding_grenade_rex
43D026BC096DC0B2,rex_trig_hair_kilo5
43D361951D41B1F7,SoundSpeakerMapPanVectorMode
43D815A7939C340E,TracerDef
43D8CCF27F77837F,MapVoxelizedState_Footsteps
43DAB1D31400EDA8,rex_thermite_mp
43DCFE2E79884561,ScriptableEventMaterialOverrideDef
43DF9FAE63B7CB31,mp/loot/br/clash_mgl/lootset_contract_scav3.csv
43DFDBE23348857D,trial_event_logo
43E2FCFD3BEF6311,LWAgentAnimMappingType
43E811328039CFCC,short
43E833C1424FDBB7,rex_attachments/rex_bar_kilo5_desc
43E8D7B1EDE1FF99,hud_reticle_loot_cyberunicorn_g
43E8E0B1EDE20EE4,hud_reticle_loot_cyberunicorn_h
43E997DEF8AD949F,leagueplay_control
43F11B42A7BC20EB,ui.LUIRepeatedImage
43F221286CAF7406,ui_rew_icon_fu_razor_wire
43F3F18CDF2B2878,mp/t9_weaponranktable.csv
43F8E24EED926A52,ui.utils.ScriptedWidgetUtils
43FA3B26263F40C6,jup_tablet_hacking_laser
43FB88C7DC787DC6,ui.utils.ScriptedListWidgetUtils
43FBEBF6C2918B43,sightconfigtemplate
440238A7E8BDE33A,brloot_offhand_flash
4404138C626111E1,ui_bp_button_mask
4406375370CA2662,settingcontextdefptr
44085B21DFCD245E,ReticleType
440B9FABA7EB1616,ParticleModuleInitVectorFieldDef
440F66A888DDBC5C,ClientTriggerModel
44107AB1BCA64A43,cop_marker
4411649A75CC5872,ping_vehicle_heli_neutral
4412A40F4A0E801C,mp/teamlogotable.csv
441902EB59708C9E,bc_killstreak_action_emp
4419F2D210C6552C,icon_attachment_grip_angled01_v0
441AF9F7814A9505,icon_playlist_trophy
441DD3FBEB9AF6A0,reticle_range_vert_meter_1
441F08F943FA384A,mp/gunsmith/platform_042_progression.csv
4420B12CFBD2800E,ping_inv_have_weapon_dmr
4423BEF843F9C1FC,rex_xsmag_psierra41_broken
4423DC263EC25745,luadebugfile
4425B575DA9AC11B,eng_sp_rex_meltdown_entities
442723B4CF49B4CD,icon_conduct_respect
4428DF82BF99782A,ping_inv_have_player_dogtag
442EF13CBFA9FB20,deployableweaponconfigdefptr
4431E75D8B42DA1D,mp/loot/br/default/lootset_saba_ship.csv
443236CA0EDE1B3E,mp/superpointstable.csv
44349AB9E0409879,perk_trait_higher_value_resources_rex
4435080CEB2092C7,tacgraph_compression_mode
4435CFFB0F02A3F8,onboarding_mission_3
4435D0FB0F02A5AB,onboarding_mission_2
4435D1FB0F02A75E,onboarding_mission_1
44382555620C5CEA,ScriptableExternalSpawnRange
443C72F67D808170,ping_equipment_proxmine
443EAE7771D39C98,setting_image_playernames
444015CD14BA1C8B,mp/loot/br/mmp/lootset_named_location.csv
4440DC99A0F93F53,DismembermentDef
4442AB473540EC80,MaterialCamoAnimationParamsDef
4444A6DD7C29DC4B,sat_ui_icon_minimap_grenade_semtex
44460B56A757A415,mp/recipes/benchmark.recipe
4449EC30559CC7FE,brloot_weapon_mp5_unco
444BD1FB3563FEBF,brloot_weapon_g21_rare
444E80552117D889,bc_fieldupgrade_action_scrambler
444EFB8B083ADC12,hud_icon_net_packet_drop
444F75901418EE5F,ui.utils.SeasonUtils
44508043EBFE7B73,ui_prestige_infopanel_header
44519E7D98CEBEB1,radial_expanded_fill
44522CB5DB4DC620,VehicleBlueprintDef
44529187A7541E5D,dmz
4453AE13FFE85797,hud_icon_armor_pip
4459BEB8F719C870,jup_tech_overlay_grid_topo_alpha_center
445B88C3833E837D,ui_mp_br_scull_anim
445BB4E5002FA8FC,menu/wlratio
445C9508991F929F,overlay_gunship_zoomguide
445CF7B75783C1F6,BSEQParameterType
445E849CFA4F1A67,MGL_ui_gradient_right_to_left
4460A0842BE75936,vision/cheat_bw.vision
446B67CEB41F349C,cfg/default_online_mp_jup.cfg
446C3446FCF1A4D4,loot/s4_mg_mgolf42_attachment_ids.csv
446D9587A76AECE1,Dev
446DC2D8F4376836,vision/damage_deathsdoor.vision
44701AF8CA75ED81,shock/melee_mp.shock
4470260250AE6E73,SndFoleyTraceContextType_t
447195BD2BD44D47,sndaliaslistptr
4471A4FB255DD623,mp/gunsmith/ar_t9slowhandling_progression.csv
4473081B9074C6F6,chili_western_a
447BB9D52A2737D7,XAnimNodeDef_Toggle
448AE5BFB59BD7AF,GfxPbgPostFxBundleTimelineStage
448C4EF97963D9C0,icon_loadout_build_watermark_sentinel_tank
448CC5B344F2FD40,rex_breach_h
448CC6B344F2FEF3,rex_breach_i
448CCEB344F30C8B,rex_breach_a
448CCFB344F30E3E,rex_breach_b
448CD0B344F30FF1,rex_breach_c
448CD1B344F311A4,rex_breach_d
448CD3B344F3150A,rex_breach_f
448CD4B344F316BD,rex_breach_g
4492C6A026442C73,mp/loot/br/dmz/biobunker/lootset_metal_briefcase.csv
4496A8B1F3CE8699,ping_loot_weapon_battlerifle
4496C220C10FEA94,EcsAssetDef
449717FFF5BD75ED,attachment_filled_default_border
44975FACBA164C9B,jup_tablet_hacking_stripes
449CFBA4C4C07E60,loot/equipment_ids.csv
449D368AEC8F7283,aibehaviortokeninfo
449D87C796428292,rex_attachments/rex_xmag_limax
449F2AF28310017A,SndModifierCustomOutputEntry
44A2F6064727A4E8,security_monitor_02
44A2F9064727AA01,security_monitor_01
44A43C6DDAD70C3A,mp/potg_event_table.csv
44A459EF86BD5B7B,loot/iw8_sh_mike26_camos_ids.csv
44A74B0FD5BCF824,rex_ub_sh_akilo
44A8996A0C0F4D36,hud_reticle_airburst_active
44A8A3CAC8839185,cover_rpg
44A8EE33A9EA45B1,cfg/buttons_bumper_jumper_tac.cfg
44ACE161B1D7D3E6,rex_headquarters_bigmap
44AD69C61E1AA9E1,ping_fieldupgrade_armorbox_hostile
44AE077E6E8188A2,mp/gametypes/cmd.txt
44B16F7796156CA0,mp/classtable_cdl.csv
44B1EB94A62D16B3,icon_generic_copy
44B30402FA328CE3,ui_hud_icon_circle_merging
44B3DFE38111737B,cfg/buttons_br_ping_lb_alt.cfg
44B714A088BF2FED,mp/loot/br/default/lootset_cache_reusable2.csv
44BA1DF629D8A692,ui_menu_benchmark_glow
44BC1BD36292F105,mp/recipes/grnd.recipe
44BEC714A8A1854E,rew_loadouts_4_shotgun
44C18A59B588B925,FxParticleSimAnimation
44C2E857C7F1B58E,ui_button_kbm_mouse
44C490B6D2C0D246,perk_trait_exfil_rex_mp
44C6B6295D9F38D5,ping_loot_equipment_thermobaric
44CF025DB609C0A5,icon_loadout_fieldupgrade
44D2D62025246F8E,crossfire_rex
44D4A1CAAF431065,ui_bp_button_outline
44D4D8584E3EACA0,hud_feedback_scavenger
44D6CDDE8F5586A5,loot/iw8_sm_papa90_camos_ids.csv
44D89B43A6BFDD3C,icon_wz2_logo_med
44D9DF3C04509E8A,ping_vehicle_husk_car
44E1F397E6FF486C,ui_cer_wzftue_mission_lock_icon
44E52DCD6221FD57,mission_bestofthebest
44EF38CD5FFFF09D,pathnode_kvp
44F0121C2723C44B,t10_ges_plyr_spray
44F4F38C179A869B,StClutterSamplePoints
44F610E376085E87,scriptable_door_tvstation
44F837F634F3C139,ui_bp_inspect_header_gradient_01
44FB0A0A5B456859,ui.utils.GridMovableObjectUtils
450356468E2B8B9C,rex_choke_g
4504A3EE56D39A6A,center_gradient_clear
4504EED360096238,visualscriptcolor
45066B52070C47FA,tertiary_medium
4508071CA9863BD8,rex_rec_findia
450AFCD59561B251,ui.utils.GridAndListUtils
450C547D9478BC72,hwconfigdefptr
451190B06442A82E,defaultblendspace2d
4512322E93D0F3E4,ping_vehicle_pilot
451245853C2440BE,rex_volumetric_smoke_wall_settings_inward_disp
45125E2B8A249F7C,decor_misc_props_01_bucket_metal
4513D5A39588CD13,bc_vehicle_killfirm_truck
4514769B2AD3BC59,equip_trophy
45156247A236C9B6,gunsmith_focus_bar
451B436A6C448B42,reactiveoperatordefptr
451C267EE10B21EF,rex_capture_the_flag
451E0593B3794AA9,mp/gunsmith/s4_mg_sindia510_progression.csv
4520321512D86EE8,loot/battlepass_season17.csv
4520F3CE02238107,mp/loot/br/plunder/lootset_contract_safe1.csv
45267B41F72FE7CA,hud_reticle_mike32
452F22C7B2E72D48,defaultfootstepsfxtable
452F5BFFAF52F95B,ui_bp_sector_dot_pattern
453032F4458852D2,rex_trig_lgt_decho
4532B8A6CA687C21,materialtintanimationparamsdefptr
4534B4507E2EA1F8,ping_social_goodbye
4535A705B1B08035,GfxSModelSurfMatIndirection
454045B6BE4ECB1F,ui_menu_cac_perk_slayer_active
4540DA714511EAF2,GfxCompressedSunShadowGlobalVariant
4541A10670B7DCFB,brloot_weapon_mp5_rare
4542A7E5E4038457,omnvars/omnvars_shared_mp_cp.csv
45438A1986E76884,EncounterVolumeBounds
4545AF1F40E1B707,sndassetdata
454C8003077B5426,FxParticleSimAnimationFrame
454E6DFEDD123028,weapondamageprofile
4551E2299369FDAE,ui_rex_icon_perk_combatgrid
45537013B1216192,posematchingtransitionsetdefptr
4553B3E90997CC17,XModelStreamTreeNode
4555AE30D4460A98,AI_Sight_Shape_Sphere_Section
455736291BA3782E,mp/loot/br/ww2/loot_table_zones.csv
4557ABB9A58AC66A,scriptableeventtypeflags
45583E52F9487AAE,mp/loot/br/mini_mgl/5_minutes_mini_br/lootset_contract_scav1.csv
4558AB2210B626D4,ui_mp_br_arrows_anim
4558F7BDC82B4D9C,camo_a_01
455B4C94FA250FA0,balanced_rex_sm_mpapa7
455C04A0F1F094FC,SND_EQTYPE
455C345201C7E389,loot/s4_ar_chotel15_attachment_ids.csv
455D663BB1BFE51F,icon_dmz_faction_white_lotus_bw_748_stroke
455F2DD567F89270,mp_dmz_missions/hostage_heli_msg
455F3A0886262385,rex_arscope_hybrid01
455FE593C7B5E95A,rex_findia_vault_offset
4561B5094F7E6C9F,vision/mp_frontend_iw9_weapon_preview.vision
45625183CC040461,ping_stash_hero
45643A5017E5972A,wz_outline_rarity_legendary
4564FF52BE7BAD33,balanced_rex_br_uxray
4567BE61F89655DA,campaign_world_map
456B6546D254F8B4,mtl_default_vol_decal_mask
456E7327C6EF4D50,savegame_file
456ED601406A7FCF,omnvars/mp/gametypes/omnvars_sd.csv
456F52774A0CA034,cp/cp_so_mission_table.csv
457148006253CB03,behaviortreedecoratorutility
4571CC01A35A2757,ping_locker
4572027208A55A7C,ui.inGame.mp.MPOverlayHUD
45732CD96B2DB88D,radial_feathered_mask
4575DEADEECBF2FC,rex_pgrip_ass_limax
4576F3892FC116E4,turretshootstyle
457C4D312D968580,ui_rex_icon_fu_prog_sam_turret
457D3C90E3B2101D,physicsasset
457D93C4BE11D0B0,watersheeting
457E7FFDEFF9DCC1,BSEQFilter
45842BB8120EADEF,loot/parachute_ids.csv
4584F654EBDD5B77,ui_rex_icon_wpn_prog_la_golf94
45850AE9B93250EE,rex_attachments/rex_bolt_bmike3
4585EEA132EE4CCF,onboarding_mp_trials_1
4585EFA132EE4E82,onboarding_mp_trials_2
4585F0A132EE5035,onboarding_mp_trials_3
458A48208CEA3870,ui_loot_operator_east_nova_4_1
458CC615BA36099B,hud_reticle_static
458E7262DFE5ED5E,loot_card_border_flare_battlepass_
458EF03DA1E683BE,mp/menurigperks.csv
4590F236C594D23D,icon_social_plat_pc_lg
4593768B4DA98B82,iw9_me_diveknife_sp
45972FECD318AF3C,onboarding_loadout_1
459731ECD318B2A2,onboarding_loadout_3
459732ECD318B455,onboarding_loadout_2
4597D538AE9FFE2F,brloot_weapon_marlin_epic
459B272C6DBA54B4,LeaguePlaySeasonsDef
459B5D60642D8DCD,Scriptable_MayhemAction
459BA9CB30461AC4,rex_pgrip_aim_bmike3
459F3107C6C6FBFC,ui_rex_icon_reticle_snscope01
459F3407C6C70115,ui_rex_icon_reticle_snscope02
45A0E303B3AF02C0,rex_rec_uxray_rex_wz
45A4CFE032951B0D,vehicletunablesdefptr
45A5EE4B630D0A60,hud_backpack_slot_empty_ammo_small
45A7DAFB37924FDA,ui_vehicle_battle_track
45AC95891B4B446C,rex_xmag_akilo
45AD7EB001E1A562,clantag_code
45AF17F5E1EA0D56,raw_ushort4
45AF2A55C299DC2B,tool_pipe_wrench_01
45B9536C7EA2C135,cfg/default_statversion_mp_jup.cfg
45BC45300B25E59C,ping_enemy_tier2
45BC46300B25E74F,ping_enemy_tier3
45BC48300B25EAB5,ping_enemy_tier1
45C36EE784B2DDB5,vision/mp_frontend_iw9_loadouts.vision
45C467A1A74FA442,cfg/buttons_tactical_alt.cfg
45C7AAA41CCF7E3A,mp/recipes/cranked.recipe
45CE47BCF1F0E0E6,rex_execution_pi
45CF02CA48DF582E,gus_western_a
45D268BCF1F501D0,rex_execution_sn
45D26BBCF1F506E9,rex_execution_sm
45D26EBCF1F50C02,rex_execution_sh
45D2797272827B93,mp/loot/br/plunder/lootset_cache_static.csv
45D2EB54AB6F854B,mp/loot/br/mp_sm_island_1/rebirth/lootset_cache_reusable2.csv
45D80325218135DF,ping_uavtower_hostile
45D9B07EA2A0882C,brloot_weapon_mp7_unco
45DCB00363BE3112,mp/loot/br/dmz/lootset_saba_gasstation.csv
45DF53D00B45FC22,ae/rex_ae_autogen_sticker_book_challenges.csv
45E1C6164C420ABE,perk_poisondart_rex_mp
45E1E743E663D18C,brloot_weapon_m4_rare
45E2FBCE9CFC41EB,ui_icon_weapon_aking74_white
45E95303ECBCCC5A,ui.utils.mp.FencePlatform
45EC6033D16566BF,mp/recipes/mlg_tdef_pl.recipe
45F1E9EC11A06368,ping_fieldupgrade_tacinsert_hostile
45F223CF71273005,light_tv_flicker_02
45F30708467F8334,mp/operator/s4_seraph_progression.csv
45F5833D6B381472,influencer_equipment_small
45F73DF35CCC69FC,rex_tur_bravo_sp
45F74BBCF213ECC6,rex_execution_lm
45F9C144BF66A8EF,ui.utils.LUI
45F9EB7836B87453,triggereffectptr
45FB9D61A6AE0FE4,default_cp_platform_settings_gen8.cfg
45FE09EB37930BD8,rex_tur_acv_mike44_meltdown_sp
45FF1055C726814A,bc_equipment_incoming_IMPACT
4600A74C952604A8,icon_mode_cp_raid
4600C1DCABC9C3E1,mp_wheelson_icon_battery
46015CBCF21C5E2E,rex_execution_ar
46029A1BC462ACCA,briefcase_code
460418D555B28D50,radial_base_mask
4605F837B55E0631,fxglassdefhandle
4606F8EE3B02F7EC,bc_equipment_incoming_decoy
46096939DAFCB207,ks_manual_turret_marker_mp
460B0FC73ADC7201,ui_rex_icon_global_party
460B28C8F76FD252,rex_ammo_box_mp
460C7A6C3D9E07BE,ui.utils.FenceDailyLineup
460FA2B4D9262ADF,bc_combat_sleeper_damage
460FE6701BEF4CC7,rex_irons_bar_sht_findia
461003B945734993,icon_rank_sm_01
46110B1FE39FCC80,rex_attachments/rex_dmscope02
4611482BDCB98967,icon_fieldrep_support
461218A2CDC95978,rex_me_fists_mp_ls
46124BBCF22AB47E,rex_execution_dm
46138F68B40F36CC,gfxpbgeffectsptr
46167A60B453F0CE,ui_icon_dmz_loot_armor_medic
4616BAB8628D003C,hud_reticle_s3bdog_h
4616C1B8628D0C21,hud_reticle_s3bdog_g
461962550742DA36,raw_uint128
461BDFE33CFAE34E,perk_outline_gameobjects_rex_mp
461C814D2FE1FA08,hud_icon_equipment_c4
461D57586EB35305,scriptable_fence_gate_01_mp
461E31B5FAC0E536,ui_rex_icon_wpn_me_knife_tac_a
4620429101C5B734,rex_grip_vert_broken
46211FB94581EC5A,icon_rank_sm_51
462192EE7AD73D16,SndFBChopMode
46225EE85A248E54,perk_trait_extra_tactical_rex_mp
462640849A29A3ED,mp/s4_seasonal_challenges.csv
4627CF82C52BC115,cfg/dev_proto_mantle.cfg
462820C9E0BC6DBA,ee_road_sign_road_end_01_lm
46283167BC76845C,sat_bundle_logo_rex_standard_edition
46294D4D749C45EE,rex_barbip_findia
46303F3575225AD3,hud_reticle_loot_cyberunicorn
4633E0D5BA8EE4B6,rex_bar_akilo
46341CE19A563CCA,ui_icon_utility_loop
4641175864BF8E44,loot/s4_pi_luniform08_camos_ids.csv
464159CA966965B5,rex_tur_minigun_sp
4644C5851754C771,GfxStaticModelExpansion
464744893B62C051,XAnimNodeDef_CG_Gesture_DirectionalBlendNode
4647AADAFB8B46C6,ui.utils.ItemDataSourceUtils
4647C754239D237C,EcsComponentDefUnion
464899583A54D78E,ui_rex_icon_wpn_me_fist
4648AB69D9525ED2,mp/gunsmith/la_t9standard_progression.csv
464B17EC0AF703D9,ScriptableEventMoveDef
464EDB11CE7CE500,specialty_stamina_refresh
464EF5B489057EA6,ac130.cfg
4650B89684EEE4AE,mp/loot/br/mmp/lootset_superstore.csv
46564160B1843E3B,frontend_extracted_xanims_16_global_stream_mp
46566ED627134F93,cfg/default_statversion_sp_rex.cfg
4658AF2F63F8092E,mp/camerapositions_gun.csv
465972AE4432917A,icon_edit_player_clan_tag
465A9155E43BE49D,ClientOneshotEffectDef
465C0814E5CCF91D,ingame_mp
465E3228EFD59CA6,materialuvdistortionparamsdefptr
465FF0416DB8467F,splashes/br_enemy_downed
4660A3890FF108F3,bc_combat_inform_vic2_combat_almost
466376B2AAA38D81,spplayerrigscriptable
4666FA62D0C3BD29,icon_mission_checkbox_unselected
46695EE49D51DBEE,ui_rex_icon_fu_prog_razor_wire
4669A506FFFF0106,ui_font_arrow_left
466B0345BE61FA1A,t9_challenges.csv
466B17E39D483796,EventData
467222ACA93F8967,rex_pgrip_mike4
467334CAB14583A5,mp/loot/br/mp_sm_island_1/rebirth/lootset_root.csv
4674633DF6190375,cfg/default_splitscreen.cfg
46769531C785F7C9,ee_utility_pole_sign_pedestrian_02_lm
46799947F9E20203,icon_faction_coalition
467E13136BB32AE8,icon_section_favorite_large
468063FC6E4BCA4D,objective
46813F3B8E9A916B,specialty_trait_backpack_extra_secure_rex
46890C1F9CB84F73,hyperposeactiontype
468CEF7C7DC46EF0,mp/loot/br/gold_war/lootset_contract_dom.csv
468D622D0AB273ED,XAnimBoxCollisionShape
468FF259446F8CFC,hud_reticle_short06_h
468FF959446F98E1,hud_reticle_short06_g
4692B49F02624D08,ping_loot_killstreak_vtol
46932BD9D1A3FCCB,executiondefptr
4693A7859563C96A,specialty_taser_rex
46942787DD6FB20E,cfg/dev_proto_jump.cfg
46965C5BD46E0938,mp/gunsmith/pi_t9revolver_progression.csv
46971E4909EDABD4,white_cull
46987D43D096CD41,stealth
469F2A227D6B1BE7,ping_hostage_confirm
46A0819010804F5E,ui.utils.CommandsUtils
46A439A65666D1C5,ui.utils.FadeManagerUtils
46A62ECC312E9726,rex_laserhip_sml03_sp
46A6EC14E60CB503,ingame_sp
46A712FB6D0FCF43,ee_fence_lace_02_lm
46A9BC24BBF62CD2,rex_attachments/rex_bar_tango73_desc
46AB3903C65B6F1C,weaponwearableattachtype
46ABA0CD44D21FC1,icon_social_plat_xbox_lg
46ABA64337534F4B,mp_rex_tumen/callout_northkorea_wildernessone
46B17FABBC682CEC,perk_stamina_refresh_rex_mp
46B232CBDA5217CE,precision_rex_sn_limax
46B74DF12BC2CBB4,rex_stock_hvy_kilo2
46BC321CC6EB3BEF,equip_advanced_supply_drop
46BF36A3CF387C05,MapInfoPlayerSpawnSettingsOverride
46C13AA7B2C277AC,icon_reticle_cougar
46C3D61825A726D5,rex_ks_gesture_phone_mp
46C487671C0DF2C5,ping_uavtower_confirm
46C7F1E1671E6A50,ParticleStateDef
46C8061F8447ACF9,hud_icon_objective_elite_connector
46C8E8D4B4B6AF09,$black_3d
46C9B205660798DF,ui.utils.MicUtils
46CAB8A1B3F26633,GfxVertex
46CB7F000D02B3A9,tempString
46D34A4BCFE80454,ee_sign_street_caution_01_lm
46D34DD81F03265D,equip_grappling_hook_rex
46D509275999D240,loot/iw8_ar_galima_attachment_ids.csv
46D6BC1D03DB5BE2,ee_sign_street_bus_stop_lm
46D6F31F3298914A,brloot_weapon_mg34_comm
46D79C69844B60E5,bc_equipment_incoming_foam
46D891E8BF419A50,specialty_trait_ops_cash_rex
46D8DCFC7E6EA2D2,ui.inGame.ScriptedWidgetLayer
46D91280DEB0C1A9,ui_menu_store_background
46DA3032D42EE7F5,hud_icon_splash_jailkey
46DBD79D2458FCEE,SndDynamicOffsetShape
46E185C3F121D659,sndglobalcontextptr
46E37810ACFB3432,vision/missilecam.vision
46E730425A34E4CC,sndmodifierlist
46EA39723E61D2B6,vision/nvg_blind.vision
46EC3B3234A12A10,loot/iw8_sn_mike14_camos_ids.csv
46EE155BFEF1FB33,active_bar_slice
46EEF6D9EAC636E1,codcastergameplaystatdef
46EF4E98279312C6,MaterialFlipbookParamsDef
46EFEC1F8759F763,XAnimProceduralBones
46F2C97E8B0E7FD2,StreamSerialize_TestNested
46F3215784BF3D90,mp/player_data_path_mappings.csv
46F534F9A3D7597B,mp/loot/br/titandoubledown/lootset_cache_base.csv
46F618E1F3002DE9,clantag_qa_rex
46F7F559B35C7C5A,specialty_sonar_rex
46F95273FE1F61EC,GfxWaterDynamicsCpu
46FC5CBAC7B3FD40,vision/proto_toma_strike_mp.vision
46FD4F816AD8A4C2,mp/loot/br/gold_war/lootset_contract_asn.csv
47006EB2516240DD,ping_loot_selfrevive
47034C6A71F97BC0,playmenumodebutton
47037F557F3A0F56,hud_reticle_04_h
470385557F3A1988,hud_reticle_04_b
47038A557F3A2207,hud_reticle_04_g
470430E929A6175E,VehicleWheelSide
4705D5DF3E55D04E,mp/camerapositions_koth.csv
470A708A0DE298DF,ui_menu_icon_unlock
470E6CACCDFF76BA,rex_dynamic_lightweight_dm
47109A572DE66C34,ui_bp_token_outline
47124F8D022A241A,vision/cruise_color_mp.vision
471328784346B04F,WorldAreaSwapInstance
4713C72FCBA10CFA,bc_killstreak_killfirm_escort
47161C90E7B1DBF5,icon_social_friend_atvi
4717DADCEB15D589,rex_selectauto_sierrax_adversefire
471865ACCE07BF5A,rex_dynamic_lightweight_ar
471C8676BC6AA84B,icon_dmz_large_checkmark_glow
472257ACCE0FFC15,rex_dynamic_lightweight_br
47232E20A48D6767,ParticleModuleAttractorGraphDef
4723A9C681377E12,WeaponMotionPoseOffset
472670ACCE140F67,rex_dynamic_lightweight_me
4726B6D39CFD8C1B,specialty_trait_thermal_padding_rex
4728988F9FB6B68A,ping_ai_rocket
47294CACCE160812,rex_dynamic_lightweight_lm
472B92D734513106,ping_loot_equipment_nuclearcomponent
472F2FFF1A42454A,ui_mp_br_inventory_quick_icon_equipped
47328B77F462B805,ping_enemy_sniper
4733E5F409700B30,rex_hotel45_defaultlasertag
4736F49CB8F6364E,icn_mouse_leftclick_rotate
47380A5A5443758F,mp/weaponcharmtable.csv
473AAAB03C919FFC,ping_boss_maestro
473D42E6B11E497D,ui_rex_menu_mode_select_logo_sp
473D6E13323E153B,clantag_coduk
473D782C0F639F15,weapontriggerdefptr
473DE44F34406A7B,vision/proto_scrambler_stage5_mp.vision
47405758B027669D,mp/loot/core/risk/lootset_extra_plunder.csv
4741D49BC2F22858,ae/ae_player_progression_achievements.csv
4743358A9A74C5A8,ping_response_copy
4746A36269FD2C33,icon_blueprint
474855806AE5E02F,dev_proto_flinch.cfg
474D842A61508093,debugoptions.csv
475250ACCE3913F2,rex_dynamic_lightweight_pi
4752BFB4D70681F4,reactiveaudioparamsdefptr
4753020BCDC91857,traversalpathpoint
4753DD7CB4A774FC,icon_edit_player_levelcolor
475547ACCE3B3A7E,rex_dynamic_lightweight_sh
475549ACCE3B3DE4,rex_dynamic_lightweight_sn
47554CACCE3B42FD,rex_dynamic_lightweight_sm
47574A437BDD40F7,LWAgentAnimMappingEntry
475DBE86B9A333A6,rex_stock_lgt_kilo2
475FEEDB8D8C66F8,ping_objective_kill_bomb
4760CE91A8574573,specialty_trait_ai_ammo
476377D457F94750,hud_splash_bp_backing
47639A63C689C670,hud_splash_bp_diamond_intro
476511DA68970E50,rex_attachments/rex_bar_kilo2_broken
4767E87E7C2655EE,OperatorSkinDef
4771A83DA48E1E02,rex_game_chat_active
47735235AECCAAF5,global_sp
47747E11FC003DFE,animselectortables/civilian/civilian_traverse_warp_over.csv
477B9F3D99A0C5FD,bc_killstreak_killfirm_JUGG
477D1571EA0F8696,setting_image_crosshairdot
4780078DF21B5981,vision/default_night.vision
47801FEB34894828,loot/playercards_ids.csv
478487D73A74D614,particlemoduleinitgeotrailflags
4785C704C7E4759E,brloot_weapon_deagle_unco
47870E89DCBDC8BF,equip_molotov
478826E6B15E0563,ui_rex_menu_mode_select_logo_mp
47884FDE6179E019,ae/ae_achievement_challenge_types.csv
47889893143719F3,presence/headquarters
478B0A80ACF7623A,computeshader
478C98B0950402E6,rex_selectsemi_kilo2
478E06BBEC4AB2F1,iw7_axe_mpr_melee
478ED230CECBD309,mp/loot/br/default/loot_table_hot_zones.csv
479386B407A2BC70,rex_reflex04
47938BB407A2C4EF,rex_reflex01
47938CB407A2C6A2,rex_reflex02
47938DB407A2C855,rex_reflex03
4798129148D17FF3,hud_reticle_loot_90splaid_h
47981F9148D1960A,hud_reticle_loot_90splaid_g
4798FCA99DFA7D47,orientation_t
479C6E3AB8F6CB37,og_verdansk_stats
479F5BA8ECAD4314,ping_boss_trap
47A19C70C522406E,SoundOverrideTypes
47A2674424ABA1D1,rex_stock_sierrax
47A37DCE455B0111,rex_bar_lng_hotel45
47A8966EBBF6BDF8,clantag_king
47B071F218FB28B5,loot_master.csv
47B3A35F571B20D2,VehicleAssetsDef
47B5A33A4849BD11,mp_javelin_bcu_prompt
47B78BB7016519B5,ui_rew_icon_perk_incognito
47B9687FB42509E8,loot/iw8_lm_kilo121_camos_ids.csv
47BE331F4AB2D176,tournament_trophy_participation
47BEDF919AE0E57E,ui_rex_icon_perk_scavenger
47C1D661422C2C1D,ui_rex_icon_eq_prog_claymore
47C76AC16A8AABCB,ui_menu_codhq_tile_main_bo6
47CBFEE1A145D1C3,mp/gametypes/sr.txt
47CD2E8203F7BB34,specialty_trait_stealthy
47CF200993549875,nuke_multi
47D7E204F96802E5,rex_store_purchased_bundle_regular
47D93C325C78C76A,ui_rex_icon_wpn_sm_mpapa7
47DA1C9E466505ED,button_small_border
47DAF30C6369623A,vision/frontend_emergency_2.vision
47DB798C35C53E98,ui_battlepass_loot_override_cp
47DD055FA84556BC,mp/ranktabledemondogs.csv
47DE1A8EA8AB73F1,mp/loot/br/mp_sm_island_1/rebirth/lootset_contract_scav2.csv
47E078461A2F5D01,ui_rex_gunsmith_backer
47E182BCB99CBD26,grounddeformationvisdefptr
47E1905FEE39FD12,default_mp_platform_settings_gen8.cfg
47E1EE1971D7B5EE,builtin method
47E45F1E15A6C24D,mp/passivetable.csv
47E86387AE19DD1D,BlendSpace2DAnimEntryUnion
47EC0ECC582E6D33,decor_rope_thick_pile_01
47F0DD383E63E583,ui_rex_icon_perk_birdseye
47F0E544E28526EC,budgets/contentmem_neo_debug.csv
47F2B8E2D12FFAB0,weaponaccuracydefptr
47F71D201355E497,mp/recipes/cp_specops.recipe
47F7DEB7339A89D8,rex_sm_xsm1_mp
47F8B902F73B6368,ping_killstreak_sentrygun_hostile
47F8F5868619C7BF,mp/gunsmith/sh_dpapa12_progression.csv
47F9BAA2447D6208,bc_combat_inform_vic2_exfil
47FAB1344066F280,ui_bp_inspect_header_backer_02
47FF85A6CE095D59,mp/gunsmith/platform_018_progression.csv
480057EFEAEC5F68,loot/iw8_me_t9cane_camos_ids.csv
4800A12E22E31FE9,ping_concat_south
4801364DF11AF44A,specialty_plate_carrier_helmet
48021D5B53C35026,veh_pickup_truck_mp
4802615A188E3DD3,brloot_weapon_riotshield_epic
4802A56FA174B156,mp/loot/br/clash_mgl/lootset_cache_reusable2.csv
4802DE10EDDEAE56,uav_rex
480679924038773F,material
48069A28AD64CFEA,gfxshaderdebugdatadef
4809C10482020363,ScriptableEventEnableWorldConstraintsDef
480C1BB9A6BF290C,ui_firetype_burst
480E3FC702E8264B,defaultikparameters
480EB24AC4C5C651,vision/proto_scrambler_stage3_mp.vision
481462AD27DA56FD,rex_dynamic_null_tango73
4814D31091192D0E,kilgore_eastern_a
4815EEEC59A65A52,LONG_RANGE_rex_ar_kilo2
48163E1F77775CB7,vision/mp_frontend_iw9_lobby_s3.vision
48188355214F2A9A,rex_dual_minigun_heli_left_turret
4818CC3659ABA31E,specialty_trait_objective_oriented
481AA5EBB3FCAAED,cinematicsceneshot
481AD768BD9EBAA7,clantag_atvi_rex
4822E808A0F4B57D,rex_dechominijugg_broken
48233C9A6F5CF7B2,MPUI/DLC_INSTALLED
48279868F3C69924,rex_mp_reece_1_1
4827D2B733C39936,rex_sm_xsm1_sp
482A4C2568705FD3,loot/iw8_lm_t9slowfire_camos_ids.csv
482E7F688A4A5E91,SndMasterPresetEqDef
482F988250AB2736,omnvars/feature/omnvars_combat_report.csv
48304A326EC99C4D,ui.utils.ContentGridUtils
48334FA659F2DAD7,rex_ub_gl_kilo437
4839C1D1A0FD95FC,facial_talk_2
4839C2D1A0FD97AF,facial_talk_3
4839C4D1A0FD9B15,facial_talk_1
483EA7283C2878B8,defaultwatervis
483EFD7A9980E72B,mp/loot/br/mini_mgl/newplayer/lootset_buildings_abundant.csv
4846BE11F56FD116,budgets/membudgets.csv
4848427A15434E11,rex_pgrip_ske_akilo
484A75A40AAA5FB4,defaultxcam
484A9D82789909CC,br_mini_trios.cfg
484AEA5E4A57B0DE,ping_rusher
484B8A6289BC6650,damage_impulsemotion_intensity_4
484B8B6289BC6803,damage_impulsemotion_intensity_5
484B8C6289BC69B6,damage_impulsemotion_intensity_6
484B8D6289BC6B69,damage_impulsemotion_intensity_7
484B8F6289BC6ECF,damage_impulsemotion_intensity_1
484B906289BC7082,damage_impulsemotion_intensity_2
484B916289BC7235,damage_impulsemotion_intensity_3
484B966289BC7AB4,damage_impulsemotion_intensity_8
484B976289BC7C67,damage_impulsemotion_intensity_9
484F536F29F5E46E,SoundSpeakerMapDefUnion
484FC8B3A6A39213,ScriptBrushModelDef
4850B1A10669ABBB,ncs_lui_global_sp
48534B7C167B32C0,rex_pgrip_aim_limax
48541B4D8450D6D7,AdvancedIdleSettings
48573309216B9436,mp/loot/br/mp_sm_island_1/rebirth/lootset_cache_pe_chop.csv
485817E0B332D0DC,ScriptableEventLightDef
485B48DE47A881AF,rex_dynamic_null_pocketpistol
485C281A89488C90,super_recon_drone
485E21D0ED57ACF1,equip_shockstick
485FE5376A1ED56B,frontend_extracted_xanims_0_global_shared_mp
48624745F147439C,defaultvehicletrick
4866DD75AA9EE462,hud_reticle_plus_h
4866E075AA9EE97B,hud_reticle_plus_g
48674F03385CAA0D,LanguageRemap
4867B0DBAA1CC37F,rex_attachments/rex_laserads_pstl02_kilo5
486C036296881219,loot/iw8_ar_tango21_camos_ids.csv
486C792608BD012A,loot/iw8_pi_t9burst_attachment_ids.csv
486CB139CFC46A1A,mp/loot/br/champion_mgl/lootset_cache_base.csv
486DCD92C66B6068,float
486E504D4F89C614,ui_rex_icon_wpn_showcase_br_asierra12
48730085EA34FB31,frontend_extracted_xanims_5_global_stream_mp
4873BD8711C8CF5D,mp/gunsmith/platform_014_progression.csv
48742D3D4CF574CA,cod_points_500
4876B0316EA0551A,loadout_armory_tag
4876F0161CFDFA97,clantag_ms_rex
487CED080B601E8F,ee_sign_street_right_turn_lm
487CF9EDCFF0763C,killstreaklist
487D7BDAE2FF8A9B,brloot_weapon_deagle_rare
48808C23738765CD,ui_mp_br_mapmenu_legend_tablet_fortress
488437CFD8445CC8,ping_loot_equipment_gas
488695CB7810C201,bunkerbuster_burrowed
488733CEF27B9EC8,mp/intelchallenges.csv
4887FC0DEC36094A,stringtable/weekly_challenges.csv
488BCB965D50984E,sndprojectsettingsdef
488CDF9C6679DD10,ui_menu_codhq_icon_settings
488E1285E2AF8B2A,ParticleLinkedAssetDef
48912AE99CCA0CEF,brloot_weapon_dp12_epic
489282E756912B7E,s4_challenges.csv
48939E57B6BF5AE1,scriptable_lm_door_glass_metal_frame_l_brkn_plank_mp
489A2F2D245FB9CC,veh_rex_lnd_ifv
489BF124599D55DF,hud_splash_daily_challenge_chevron
489ED45DA82461A7,ee_electronics_television_wall_mounted_large_mp
48A0CDFF63B24D4A,rex_minireddot01_pstl_decho
48A115144BCA04BA,rex_sm_spier9_v04
48A23599AF278CF0,ui/stringtable/weapon_attachments_magazine_animation.csv
48A36D0B1C3D4633,XAnimParts
48A407B4064A7AE7,balanced_rex_ar_xar1
48A647CAAE763DB2,mp/loot/br/resurgence_mgl/lootset_contract_scav2.csv
48A681FD798D8276,mp/loot/br/dmz/biobunker/lootset_weapon_locker.csv
48A89AF37208D6AB,farah_western_a
48A99F0FAD9E4E6D,ui_rex_icon_wpn_showcase_br_uxray
48AB838D61EA4A20,mp/gunsmith/me_t9wakizashi_variants.csv
48AF36FE03DAAF03,ui_gunscreen_nuke_tracker_st_paddy_pot
48B05497E3B76C00,ui_icon_menu_timer
48B08763AC145B08,specialty_trait_keysmith_rex
48B08AEE68EE3765,ui_keybind_hold_radial
48B27E2B717F73C2,jup_icon_operator_select_side_east_logo_med
48B405072D88B09D,mp/loot/br/plunder/lootset_saba_store.csv
48B71AFFEEA37D58,ScriptableEventDisableEnableDynamicBoneDef
48BB0F3787544557,rex_mp_dunn
48C0C56F3A5DAFD4,ui.utils.BootUtils
48C5D645D3F2C099,loot/s4_mr_moscar_camos_ids.csv
48C88D9BB87B0108,rex_icon_perk_equipment_ping
48CBF511D5BAAC49,rex_mp_zimo_1_1
48CCE4CD726124F4,mp/gunsmith/sn_mike14_variants.csv
48CF5F86391E99F2,mp/loot/br/mp_sm_island_1/rebirth/lootset_empty.csv
48D551CD16D0071E,specialty_trait_combat_mobility
48D9049496C031BD,IKParametersDef
48D912F996D820F3,SndAliasVoFlags
48DA84D6AFAC3079,veh_large_transport_mp
48DD8DF902741A92,LightStateDef
48DE59FDE3E50984,mp_sat
48DFAE9955EB4694,icon_blueprint_bundle
48E5967091EBAB9E,ping_contract_initial_hunt
48ECD11350D57441,mp/loot/br/dmz/biobunker/lootset_biobunker_trapRoom.csv
48EE09E555CF7933,mp/subarea_tuning_mp_saba.csv
48EE5742867B84AB,ui_jup_menu_gear_select_brackets
48EEDEEAABB96CD0,mp/loot/br/truckwar/lootset_extra_plunder.csv
48F46F1CAF84BBDE,rex_stock_kilo2
48F4AF0F732011D5,rex_dynamic_null_limax
48F4E3A1F352FB53,fastfile_frontend_sp
48F63940ED933650,hud_reticle_loot_s4bnoir_h
48F64840ED934FCD,hud_reticle_loot_s4bnoir_g
48F6780656904536,WeaponMotionRotation
48F790F6EB7280F5,esports_codcaster_objectiveicon_innercircle
48FB43B7D2FB4E28,bp_a14_border
48FB90FB2F0548A1,veh8_mil_air_mindia8_plunder
48FE234A30A2F860,mp/loot/br/ww2/lootset_root.csv
48FF5A13D045BAD8,hud_reticle_glow_center_limax
48FF907B51EBB601,ParticleStringHash
4901347B0375CC8B,sp_menu_radar_Circle
49077A701186F478,rex_pgrip_ass_bmike3
490885AD50DCDBF2,ping_objective_destroy_device
490BA2441ED6A784,Cinematic_screen
490ED1395FAA1C5D,defaultemote
49113FA69F17A8E4,electronics_game_console_01
49145B136B8DE2E9,mp/recipes/cp_wave_sv.recipe
49189ADC51765410,perk_trait_commander_rex_mp
491AAED8417C3B17,gfxumbratomeassetptr
491B36DB6F08A994,bc_equipment_action_grenade
491CF1FD1D5924B4,rex_stock_svictor98
491FE00D122106EF,XModelStreamTreeTransientCell
49209074DEF5A63A,ping_inv_drop_ammo_highcal
4921AC667676E1BC,vehleanoutanimcurvesetdefptr
49237EB024817C66,sound_veil_mp
4925A5ADC0839AEA,cfg/buttons_tactical.cfg
492627E1545A06D6,telescope/manifestkeys.json
4929FB436378E1FA,cp/zombies/ranktable.csv
492AB03AEAF7A2B5,mp/gunsmith/lm_pkilo_progression.csv
492ABEFC4588E1B3,ui_icon_blackcell_xp_boost_ten_percent
492F97A6841A97D9,mp/loot/core/risk/lootset_contract_asn.csv
493342544159A55C,gamemodeinitdef
49334EF70861EF73,mp/loot/br/gold_war/lootset_cache_spawns_flashpoint.csv
4938903677B2796F,ping_objective_return_generic
493AB54CF138D257,mp/classtable_br_gulagdbd3.csv
493E9D90BDC59935,bc_equipment_incoming_tactical
493EE47AA3D56864,VehicleSimTricksDef
493F5D87611B057D,jup
4942619B485581C6,mp/loot/br/default/lootset_gulag_cash_circle4.csv
49433DEA3399B580,equip_geigercounter
4943F1D96F909DA3,wheel_tire_rim_01
49478AA759F1B89E,SeExprExportableDataDef
49481B58D1AD4E39,BSEQStateFunctionCalls
4948EB603D7740D8,jup_ui_2px_corner_2px_outline_gradient
494B0E85F8199917,impacttypes.txt
494B2897C343AFCF,ObjectStoreTitleIdGroupDef
494BF9BA456877F7,onboarding_killstreaks_1
494BFABA456879AA,onboarding_killstreaks_2
494BFBBA45687B5D,onboarding_killstreaks_3
494CFA53413C95E6,hud_icon_stand
494F09F0DCAD983F,WeaponMotionPoseOffsetMoveOverride
495227D3FFE5906B,loot/iw8_sm_t9cqb_attachment_ids.csv
4953B05712B71D83,hud_reticle_loot_s3over_h
4953BD5712B7339A,hud_reticle_loot_s3over_g
4954BEC2EF2AB4DF,gfxpbgcolorptr
49558B113FCD2D38,mp/itemsourcetable.csv
49598E6C490FE290,omnvars/sp/omnvars_backpack.csv
4959A1D0F0F7416E,eng_ingame_mp
495D63271AFE6053,me_pottery_vase_ornate_02
495F34BE388564EC,rex_rec_fists
495FFDE504242D30,specialty_super_sprint_kill_refresh
49608DD0F0FD3E20,eng_ingame_sp
4969649E18388B02,cfg/buttons_nomad.cfg
496C91341D1FA81A,weaponprogression_pip_diamond_back
496E23FF0047380A,ww_global_shared_mp
496F677D862F44D6,splashes/
4970B8092649319B,loot/iw8_ar_valpha_camos_ids.csv
4975BD828C186CBB,defaultcontraildata
4976D4A793CFCC73,cp/cp_powertable.csv
4977E7F695111D2C,ae/rex_zm_augments_achievements.csv
49781A16CF04432D,cfg/buttons_br_ping_dpadup_a.cfg
49799F3F7CD1F5CC,loot/iw8_ar_t9accurate_attachment_ids.csv
497C2244B82D06F1,cer_ui_image_equipment_br_pop_candy
497CB5F98BB7C6BB,rex_attachments/rex_rec_decho_auto
497EA40E47D5819D,icon_minimap_player
497F9CBE3A338E5A,ui_whizby_side
4981549ADD7CC489,equipment_hand_dolly_01
49818584E7C5B9E8,budgets/contentmem_scorpio_test.csv
4981AE8FA44BAADC,mp/loot_set_airdrop_contents_dmz.csv
49826599B463DAE9,loot_card_border_flare_rare_20
4983082AC6699D76,ui_generic_glow
49842CF0563DB6B6,bottargettype
49855AB0689398C8,ui_rex_icon_perk_overkill
49862C3BF4E4335E,objectivedatadefptr
4988531257E82FED,icon_mode_mp_tdm
4989203AFAB3ADAC,ping_stronghold_low
498D0FFE06715B2D,hud_reticle_loot_s3ev7a
499563DDF5B01A08,attachment_empty_tag_default
4995AFD6147C909B,jup_monitor_secure_windows_background
49961A882BC477DA,default_keys_global.cfg
4999779B60831286,hud_icon_obit_ricochet_anticheat
499D94893C8A89EF,rex_ub_sh_kilo437
499FDFF52072E47B,vision/ks_gunship_interior_outro.vision
49ABE080CA908DEC,ui_loot_special_mw2r
49ACC142BE02A957,ddos_device_meter_fill
49AD2468F51591E9,defaultscriptablevariant
49AD592F6A59A95F,secret_challenges.csv
49AEAF26552D0DF3,mp/gunsmith/sm_t9fastfire_variants.csv
49B07C5AD194E892,mp/dmz_spawnpoints.csv
49B2F58193875429,legalflow/doc/en_us/privacy-uno.cod_v1
49B4EF5407CA91EC,AttDamage
49B8019BAB546B79,AttIdleSettingsTunable
49B9F5711A1A5192,perk_rugged_equipment_rex_mp
49BB2D5ED704884D,SndAmbientEvent
49C38D09D7332824,scriptable_door_metal_panel_03_right_mp_tan
49C6746EECBC6A97,compass_center_mask
49CD54F03CE77648,perk_hustle_rex_mp
49CE9A0AF22D05A3,specialty_trait_combat_alert
49CEE9E72A786B13,ping_fieldupgrade_soundveil
49CF2A0D4F4DB4AE,ui_rex_icon_wpn_showcase_dm_moscar
49CFE37702101529,ui.frontEnd.mp.LobbyStatus
49D218FA645E741D,scriptable_door_wooden_panel_03_painted_left_mp_tint_02
49D3290A1158E1D0,onboarding_operator_mission_2
49D32A0A1158E383,onboarding_operator_mission_3
49D32C0A1158E6E9,onboarding_operator_mission_1
49D406E7E5F9300D,mp/gunsmith/sm_t9flechette_variants.csv
49D5B6330776DE00,sat_ui_wc_tier_icon_3_zone
49D5DB518F833B9B,GfxWaveParticleSystem
49D8889AF69D0815,loot/iw8_me_riotshield_camos_ids.csv
49DA3A285C716F81,vision/killstreak_weapon_change_shutter.vision
49DA940A3EAEED9A,defaultmaterialanimationparams
49DABADB6285B550,XModelSkeletonInfo
49DBC835ACFED4AB,uk_industrial_light_01
49DBDA710DAC7DFE,jup_benchmark_background
49DC86DA76125ACE,mp_rex_tumen/callout_rozes_overlook
49DD174B33DA171D,defaultlensflare
49E0841C55A65CBD,gesture
49E234012B3BF1C2,self_revive_syringe
49E2507469C6BD7A,CompassMinimapGutterType
49E38163DF9727C9,menu_title_hatch
49E75EBEBDE94500,vision/recon_drone_flash.vision
49E8787A476DEA3F,perk_icon_bling
49EB715176D99CA5,overlay_cruise_vignette_segment
49EC22988D7CB745,GfxImageAtlasInfo
49ED0804902F3D40,ui.inGame.mp.TrinityOverlayContainer
49EFC470FB43C7A3,ztron
49F2F1FE23D14656,mp/loot/br/dmz/lootset_saba_industrial.csv
49F43C5801D31673,PlayerAnimScriptEventType
49F8888157615488,mp/loot/core/risk/lootset_bunkers.csv
49FB2058BC9DE87C,ui.utils.MPCommonUtils
49FC3017BE91C210,BSEQStateFunctionCall
49FE9EAFF60297D4,mp/loot/br/mmp/lootset_bunkers.csv
49FEDBB747F7C695,challenges_reward_bg_h3s
4A0346A8F928438A,mp/loot/br/clash_mgl/lootset_contract_scav2.csv
4A080DDE4708C937,turretburstsettings
4A084C51F302D2F5,mp/loot/br/mini_mgl/lootset_cache_spawns_abundant.csv
4A09211CD56D8D83,ScriptableLightData
4A096A5884F22FAA,loot/s4_ar_stango44_attachment_ids.csv
4A0B1EF8ED0CC8E0,loot/s4_la_m1bravo_camos_ids.csv
4A14C511AA1DD76D,ui_battlepass_tag_bg
4A1511AD9B39A7BA,brloot_quest_tablet
4A1D5A60B77A0B47,iw9_me_sword01_mp
4A1EF7EDF0F4DE35,BehaviorTreeResult
4A223843D7215BBE,AttAmmoTracer
4A22FCA4C6417649,mp/gunsmith/s4_la_palpha42_variants.csv
4A23382723F9FE9D,perk_wingman_rew
4A264C478EB0225D,animtrees/client_character.atr
4A275E8E171C4880,rex_cal_tuning_pistock_decho
4A27B495D4128E46,topbottomgradient
4A282DB9D69F8C27,equipment_icon_showcase_splitgren
4A2959B4B9F97B9C,AiMarkupInteraction
4A2AC2FB248FA6A5,weaponanimpackageptr
4A2B1173E852F7AB,ui.ingame.mp.navbarhud
4A2DFDBC3C7CED50,soundbankpackagedef
4A30229EAB558B17,rex_timed_course
4A3824AD473CB6CB,omnvars/mp/gametypes/omnvars_benchmark.csv
4A38B5490E07F7EF,playtest_mp_qa.cfg
4A3DDCE48ABA5DE9,xanimsetparametersoverride
4A3E7FCD043EFAFA,vision/mp_frontend_iw9_bundle_warm_a.vision
4A40CD726EF8113E,rgk_zul
4A411FF1FA1B0390,ping_objective_go_hvt
4A4713A2DD92012C,XAnimPartsTelemetryMapInfo
4A4A4EA47A1280CC,visualscriptdef
4A4B7EABAB574E91,mp/loot/br/champion_mgl/lootset_contract_dom.csv
4A4F3DB8D25C42E7,ui_gesture_thank_you
4A540B2EE4F59E4F,svec3_t
4A54CA4D92E4C287,rex_mp_ctsfo
4A580453D5ACD124,computeshaderptr
4A60F9BEFC997037,mp/gunsmith/platform_jp03_progression.csv
4A625A19C6C13846,mp/callingcardframes.csv
4A671021D38DA4E2,hud_splash_accent_warning_reticle
4A6B68644D37807E,jup_ui_aar_challenges_glitch
4A6BFEF710A67FCB,accessibilitygamepadoptions.csv
4A6C3E1FCEBE63E3,perk_trait_thermal_padding
4A74378AFB4B1991,ui_rex_ingame_hud_mp_game_state_objective_friendly_frame
4A7477760634A182,ping_objective_kill_hvt
4A762AD422C5D398,rex_drum_decho
4A77107B372C6BD9,NameplateSettingsDef
4A78CA1C37EADD3C,rex_grip_ang_short
4A7D745A82C714FA,ping_vehicle_husk_bigheli
4A7DA286901B1FF1,mp/loot/br/mini/lootset_superstore.csv
4A8174D7C58037AA,loadout_gunsmith_button_dot_pattern
4A8724180F1C30AB,mp/loot/br/dmz/biolab/lootset_biolab_office.csv
4A882744BC523875,$black
4A888A4E0FBD0AF3,default_online_mp_cdl.cfg
4A898F038CD3FAF0,mp/gunsmith/sm_t9cqb_progression.csv
4A8BE22D5CEC067D,mp/spraytable.csv
4A8CF7DC8634DC9D,mp/gunsmith/ar_t9british_variants.csv
4A8F86DD0E440D91,rex_attachments/rex_bipod_limax_desc
4A909C8DCEAB3438,hud_icon_objective_elite_time_spin
4A91284E18D20030,ui_icon_weapon_coslo723_white
4A945FF5562758C7,uk_fire_extinguisher_small_01
4A9469036845DC61,gameskill_hardened
4A94BC9C5583A4F1,hud_reticle_long_05_wz
4A9A57FC27D571EF,mp/loot/br/ww2/lootset_cache_spawns.csv
4A9C17FB61132015,dev_proto_swim.cfg
4AA1A510B7B30E9B,ui_mp_br_loot_icon_plunder_extract
4AA2DFE80E8F4EBD,ui_add_effects
4AA350CB71F1FEAC,omnvars/mp/omnvars_team_status_lives.csv
4AA3D395AECB2830,hud_icon_new_owner
4AA446ACB322A80D,ae/ae_seasonal_challenges.csv
4AA573774984B936,ui.utils.sp.FenceGamerProfile
4AAD39C51464F317,ASM_State_Union
4AAF78798E70CBA6,GfxSpriteVertex
4AB5EC3901D80864,hud_reticle_loot_tactvamp
4AB829671F11FF86,cfg/default_mp.cfg
4ABFA48516D000A3,attachstructref
4ABFE3C4307EC732,loot/intro_ids.csv
4AC5C92B4BA174BF,XAnimNodeDef_AnalogClock
4ACD35B7C42B8067,ui.utils.ElementAndButtonUtils
4ACD5C3F3BCDDE73,gfxworldsurfaces
4ACDBE4ED25EFB1E,uk_tv_vcr_player_01_remote
4ACE11F0550674B5,overlay_gunship_selectionbox
4AD492F1931FAAF6,ParticleMarkVisuals
4AD56275DE668C3B,rex_ammo_43x30_he
4AD64280954F4A20,battlepass_celebration_tier_circle
4AD74EE43BAB7E4A,gfxneurallightgridzoneptr
4AD90E6886B71471,mp/loot/br/default/lootset_stronghold_bomb_defuse_reward.csv
4ADD2C1255D2C282,jup_mp_splash_base_ribbon_left
4ADD3C6891CB1855,ui_map_icon_extraction
4ADE0A60F7661C51,rex_bar_kilo437
4AE36B4824519DE8,onboarding_cdlrestriction_2
4AE36C4824519F9B,onboarding_cdlrestriction_3
4AE36E482451A301,onboarding_cdlrestriction_1
4AE48D18667C8446,loot/s4_sm_mpapa40_attachment_ids.csv
4AE503E0D7863692,perk_trait_popcorn_tacticals_rex_mp
4AE50C810B34A6B3,sticklayouts.csv
4AE6C0EA0A09DF68,mp/arenaggweapons_alt.csv
4AE7F82CB489E0FA,ui.utils.ProjectThemeUtils
4AE9C6E0329BACE7,button_medium_border
4AEBFC97D483862F,rex_mp_blackwell_1_1
4AEC69BF66016341,jup_button_gradient_rounded
4AED43266081F42F,bc_combat_killfirm_friendly
4AEFF29BE03C94A2,ReloadCheckpointBaseAnims
4AF102436D9B3247,SpawnPointEntityRecord
4AF60083288B45CE,sp_menu_radar
4AF6BE8BDB4D5D75,customdamagepatterndef
4AFB0E3C97089471,mgl_ui_mask_440x400
4AFB19A50972B3A0,specialty_trait_extra_tactical
4AFBCCB76CE960B2,mgl_loadouts
4AFC514C393E6450,lua_menu/plus_x
4AFE527975D99BA1,landing_impulsemotion_intensity_lrg
4AFFA0C1966787A8,zone3_only
4B002E0693E5AE9B,clantag_mlg_rex
4B031FA0D49DABDA,ui_icon_xp_token_weapon_45min
4B05C5EA5262B23D,icon_currency_codpoints_large
4B083113EEDC96D9,rex_ironsdefault_kilo437_stocksaw_og
4B08C4C6DE6E0E5D,StreamSerialize_Test
4B092553763F7FD8,rex_pgrip_snp_kilo437
4B098D77D3B7F835,frontend_header_vignette
4B0B8044C8388A07,XAnimNodeDef_IkNodeData
4B10D66255C1A0AE,ping_tool_crowbar
4B12CBDA2C15F4A9,rex_smoke_wall_offhand_mp
4B13B25F858FF0BF,Com_UUID
4B1456D4E970194D,rex_sn_svictor98_mp
4B1607536954F068,GfxBSPAABBNode
4B1665A03F268C46,rex_dynamic_quickdraw_pi_kilo5
4B1B9FEACB3E1FA8,ui.utils.FenceCanCreateEmblem
4B1BF5BCEDF80690,rew_flash_grenade
4B1D354D29249E67,emptyaiinteraction
4B1E3303C085ACA4,calisto_eastern_a
4B1EC919B690E156,HandbrakeDriftMode
4B1FCEE27AEF08B2,rex_bipod_svictor98
4B20ADDA78E59FDE,ping_vehicle_generic_hostile
4B215D19C2EE69AD,rex_selectsemi_asierra12
4B27A687AAAEA7D0,emp
4B28B204A8073972,TRIALEVENT/LEADERBOARD_COL_TOTAL
4B2D06E1D0A8F5F7,ping_inv_have_ammo_highcal
4B2D37A74AAF9D77,iw9_gunless_mp
4B2D83C448D7E71E,ping_loot_player_dogtag
4B31C6FF32ADFE58,GfxStaticModelCollection
4B33C4527395022B,elder_challenges.csv
4B35FE0FC30F60F3,ui_jup_hud_splashes_contracts_jup_default_mask
4B384593DAE4C84B,rex_attachments/rex_bar_akilo_broken_desc
4B39903F67024670,zombie_shield
4B3C9985AEA60845,cb_compass_objpoint_enemy_target
4B3DB6699E51FEBC,ParticleModuleRotationGraph3DDef
4B3E3184CDEFF728,loot/iw8_sn_t9crossbow_camos_ids.csv
4B3F7BC3A96E9C0C,bc_vehicle_killfirm_rover
4B416F75D2046CDC,icon_section_favorite
4B459698D13785E4,iw9_icon_perk_surveillance
4B4A2EE4D2F125AE,hud_reticle_paranormal_static_teal
4B4FA74787861CE0,omnvars/cp_mp/omnvars_uav_tower.csv
4B5500783731803E,ScriptableMapInstanceLocalOffset
4B58E1013E245A2E,equip_gas_cloud_mp
4B592D06D257106E,rex_screamer_mine_mp
4B5B4E34604D9462,mp/loot/br/dmz/lootset_global.csv
4B5BF3881F5DB7CF,ret_cer_long_05_mp_center
4B5CB5D2E7003079,defaultgameprops
4B5D727BCFEAD09B,omnvars/mp/omnvars_overtime.csv
4B681B379685C18D,perk_trait_killstreaks
4B69C096E10453C4,DLogChannelRef
4B69EB7209D2A698,super_smoke_wall_rex
4B6E01D62BB66FAA,ui.inGame.ScoreboardLayer
4B7A4DF5CD669139,decor_shoes_01_sandals_male_brown_right
4B7D88CD2AC1BA88,icon_social_game_cortez
4B7E1A12ABB8AC3E,ScriptableEventCollisionCollmapDef
4B7FF96AA5FEFB71,GfxDataExposureLvi
4B803EC1C147A79A,ui_bp_unlocks_hex_outline
4B84A913ECE19370,rex_flash_a
4B84AB13ECE196D6,rex_flash_c
4B84AC13ECE19889,rex_flash_b
4B84AD13ECE19A3C,rex_flash_e
4B84AE13ECE19BEF,rex_flash_d
4B84AF13ECE19DA2,rex_flash_g
4B84B013ECE19F55,rex_flash_f
4B84B113ECE1A108,rex_flash_i
4B84B213ECE1A2BB,rex_flash_h
4B868E196FBB6763,bc_killstreak_action_switchblade_drone
4B8818EE8DCF1D92,telescope/ManifestEntries.json
4B882ED69462015B,brloot_weapon_aug_epic
4B8A5877B53F39D7,pathnode_tree_ptr
4B8B1ECAD37C9ECF,loot/iw8_pi_t9revolver_attachment_ids.csv
4B8BA56E28F5BDBD,mp/loot/br/dmz/biobunker/lootset_cache_lege.csv
4B8BE801A60270BC,mp/gunsmith/lm_t9light_variants.csv
4B8CF9A4D6305FE7,sndentchannelindex
4B8D700B704DFF7E,menu_cod_logo_lg
4B90F2400FD5417C,defaultfootstepsfxoverride
4B91EE5F9B0FE5BD,specialty_trait_free_tourniquet_rex
4B9292089A3F79D2,juggernaut
4B985F93BF76FDCC,ui_rex_icon_ammo_firetype_explosive
4B995403E47CE712,objectivedef_state
4B9979FA262D916B,mapvoxelizedstateformatdefptr
4B9A51588E68326C,electronics_headphones_02
4B9DCEE399EC480E,XAnimNodeDef_MayhemLink
4BA079F549864858,ui_rex_icon_wpn_pi_decho
4BA4AE2A73B17C23,experimental_default_keys.cfg
4BA652FE07F12396,maphint_phone
4BA725D775A53D30,vision/mp_frontend_iw9_loadouts_2nd.vision
4BA9A3759A7A871B,hud_reticle_line_long_SHADOW
4BAE67D556BCA07D,cfg/clear_num.cfg
4BAE92AF1D0646A9,clantag_hms_rex
4BB013CB94E206A5,rex_xmag_xsm1
4BB148B28B9321E5,rex_xmag_limax
4BB275538C5D61AD,mp/loot/br/champion_mgl/lootset_cache_reusable1.csv
4BB6F30553A8FC2D,ping_vehicle_car_hostile
4BB958F678C0C24B,ping_equipment_frag_hostile
4BBA94DFAB5E6108,BehaviorTreeNode
4BBBCA6DE1048E68,mp/loot/br/olaride/lootset_cache_lege.csv
4BBBFA6535F02010,jup_ui_2px_opposite_corners_bg
4BBECA1EA37C7CE5,cfg/dev_proto_viewkick.cfg
4BC067634D8C48BB,vision/killstreak_color_heavy_damage.vision
4BD293973EE38C9D,hud_icon_objective_trial_enemy
4BD3734ADCB9A6D0,bc_status_player_revived
4BD72C86FB694F97,mp/gunsmith/ar_anovember94_variants.csv
4BDACE6A7583BCE8,sndacousticsdefptr
4BDB5852084B05CA,specialty_stocked_rex
4BDD08173418671C,voice
4BDE274FC08875AF,codeperklist
4BDFA3C633B9DBAE,mp/gunsmith/s4_ar_stango44_progression.csv
4BE2D97D0F271245,VectorFieldUniform
4BE99909F139F3A4,overlay_tank_missile_icon
4BEDA0337A98F950,hud_reticle_xmaslights_h
4BEDAF337A9912CD,hud_reticle_xmaslights_g
4BF01096258CDDFE,mp_rex_silkworm
4BF02061A04179EE,rex_dynamic_null_mpapa7
4BF02CC0BF27FEAB,hud_icon_case_bomb
4BF2360FDC6D115C,rex_ub_sh_mike4
4BF3ACD283E207D8,s4_event_logo
4BF6B11E36CC7480,mp/loot/br/gold_war/lootset_cache_reusable3.csv
4BF72F8F7FD7EB9A,codcastermap_base
4BF7F14ABDE49AC2,bc_killstreak_killfirm_heli
4BF9EC19DB54F114,unlockfeeditemdef
4BFA65171EB409E7,rex_attachments/rex_irons_bar_hvylng_kilo2_desc
4C003046069E9347,equipment_icon_slot_blinkknife
4C03CC73EB5B7492,hud_reticle_loot_tactvamp_g
4C03CF73EB5B79AB,hud_reticle_loot_tactvamp_h
4C0484DA9CD587C0,hud_splash_accent_chevrons_single_small
4C049BD3A8552DD8,fullscreen_armor_right_splash
4C05B93878A936A3,GfxSHCompressedProbeDataSH3LumL2
4C08F5C4E998E2F0,onboarding_armory_3_wz
4C0C0EBDC97E8D02,mp/loot/br/kingslayer/lootset_contract_scav1.csv
4C0CD2DA842B737D,cfg/buttons_nomad_lefty.cfg
4C0ED0BECA7B484A,equipment_box_fan
4C0FAF0429DAB109,rex_pgrip_tac_tango73
4C12F7276FF3CC0A,icon_operator_select_side_east_head
4C132E6DE0A1C962,specialty_trait_mini_tracker
4C13694C71EF46A4,ping_loot_confirm_selfrevive
4C14644470ED0796,rex_ks_remote_map_mp
4C150C0EFF7770C0,icon_operator_select_side_west_head
4C155431AB889639,mp/recipes/escape.recipe
4C17C771EF888D89,gamepropsdefptr
4C1918A35B9D1C96,DeployableWeaponConfigDef
4C19EC999578ACE0,specialty_stamina_refresh_rex
4C208178358D1C7D,VehicleSimJumperDef
4C21878EC6FFEBF7,ai_shoot_styles
4C21931E5F7EB41F,mp/loot/br/mini_mgl/lootset_contract_asn.csv
4C22ED88C223745A,AttSupineSettings
4C2472010415DBEB,physicsbonegraph
4C2B6B69CC2EEEC2,DownloadBundle
4C2D25E0E72244D8,sp_cer
4C2D3A3BC8231E84,rex_attachments/rex_rec_microgun_desc
4C2D3E75CC1B4DE6,mp/loot/br/dmz/biobunker/lootset_biobunker_global.csv
4C2DC8089BA8F2BD,specialty_flashlight_rex
4C2E12DEED25542A,mp/loot/br/ww2/lootset_cache_base.csv
4C3145B29C38994D,br_default_map.cfg
4C358F15405172AE,TopDownMapDataContent
4C3A1CDE9A0DA127,ncs_hwc_global
4C3E2805AF4560BA,visionset
4C3E9BE5CE79923E,iw9_bundle_title_gift_pack
4C3EB898144697A6,GraphKeyValue
4C42DB7A3B908B5A,WeaponMotionReadySettings
4C44D32F3C790D31,sndvolmoddef
4C4605F3181454B6,StDecalTreeNode
4C4978FA8F32FDB4,hud_radial_overlay
4C4A2396665A0EE8,bc_flavor_player_positive
4C4EFDC0549EC439,aerial_scanner
4C50EAD2053DE9CD,me_appliance_vending_machine_snack_a
4C56B886DC10547A,ui_rex_icon_wpn_showcase_la_gromeo
4C587BCDD1A9AB85,GfxDecalVolumeMaterial
4C593CD10C0205F3,menu_keyart_sp_mission_select_button
4C59674008255796,cfg/br_solos.cfg
4C59CA78C4685A93,ui_icon_mastercraft
4C5CE1603BDD47C3,XAnimFloatTrackDriverUnion
4C5E63F3F24EBDE9,mp/gunsmith/s4_sm_fromeo57_progression.csv
4C5F1501F67C0A8C,rex_barsil_akilo
4C6042888AC392CD,characterdamagepart
4C611F658E17F7B3,loot/iw8_sm_t9accurate_attachment_ids.csv
4C6204A099D7670D,omnvars/mp/gametypes/omnvars_havoc.csv
4C6513953DBD6D10,hud_icon_fieldupgrade_armor_box
4C690E1A35B303DB,cfg/shared_qa_automation.cfg
4C6B376D15F7D11E,scriptable_construction_doors_metal_b_02_mp_blue
4C6BAFBB49FDBA48,ElevationIndicatorPositionSettings
4C6E4A3575746DDD,veh8_civ_lnd_palfa_infil
4C711CDD7966438D,whizbysfxdef
4C728798A5D9E829,VehiclePositionType
4C748DDCBF0EFE7D,mp/loot/br/champion_mgl/lootset_cache_spawns_buildings.csv
4C7573AEA5ED66AF,spatialcinematicsinstancedata
4C7F4C115FF0BDDB,brloot_weapon_ram7_lege
4C7FDAA4FD095BBB,cfg/buttons_charlie.cfg
4C841936A3BD9186,loading_mp_spear_bg
4C8FCE46C1566046,jup_ui_radial_glow
4C932BD7C832DDD8,ping_inv_have_valuable
4C966AF1C6B728AE,mp/gunsmith/sh_aalpha12_progression.csv
4C9A12CCF48A520F,icon_waypoint_base_frame
4C9E3DDA3297A4C2,icon_global_challenges_small
4C9FB9518FC9E7A0,tablet_mgb_boxes_outline
4CA09BC25F359E5B,floatz_display
4CA1183A748FE9F4,ping_vehicle_truck_hostile
4CA30FF82931CECF,mp/loot/br/default/lootset_cache_duffel_bag.csv
4CA42E0AE31DA15D,reticle_pgolf_line_shadow
4CA51624113B09B6,mp/progression/elder0_progression.csv
4CA54090EDD5AB76,VehiclePhysicsVfxGroupSimple
4CA8914C1557D2C5,mp/operator/s4_thomas_progression.csv
4CAA2399D4247937,hitLocation_t
4CAC4428DBA2236E,sndassetloadflags
4CADFFC151291C42,loot_mp/item_type_plunder
4CAEDB120A1AB956,mp/loot/br/titandoubledown/lootset_contract_asn.csv
4CB03C9CB1714124,btn_arrow_black
4CB07889E82B7D0C,ping_loot_confirm_keycard
4CB0AF8917B620C7,ui.codcaster.CoDCasterActions
4CB165F4AFAD2ACB,mp/loot/br/mp_sm_island_1/rebirth/lootset_cache_base.csv
4CB18442973092D7,ui.ingame.nvgoverlaycontainer
4CB2664B4F6969BA,mp/loot/br/dmz/biobunker/lootset_medicine_cabinet.csv
4CB4FDF75CDC5DE4,frontendui
4CBBBBB21F53B6D1,loot/iw8_ar_t9mobility_attachment_ids.csv
4CBDE84D73C39827,TriggerEffect
4CC04F132D24721F,rex_arscope_vz01
4CC1BB8E21A810DE,equip_rock_rex
4CC4BF2D2664DC34,ui_sat_camo_incentive_evergreen_01
4CC4C22D2664E14D,ui_sat_camo_incentive_evergreen_02
4CCB5E475FEDEC30,zone4
4CCB5F475FEDEDE3,zone5
4CCB62475FEDF2FC,zone0
4CCB63475FEDF4AF,zone1
4CCB64475FEDF662,zone2
4CCB65475FEDF815,zone3
4CCEC7D363C09BEF,SHOW
4CCF844FE119EB8F,ncs_cam_level_entities
4CD5478A3F489519,desktop_fan_fn_01
4CD81EF19A28A25B,ui_rex_icon_wpn_prog_pi_decho
4CD88EE4BFF7C264,mp/loot/br/plunder/lootset_cache_base.csv
4CDA35F1CAB7B04B,GfxPackedPowerlineDef
4CDFD93D0467F374,cfg/standard_mp_shared.cfg
4CE09DD0CD8476AD,mp/loot/br/saba/dmz/lootset_comm_fridge_01.csv
4CE25BE5937CA8EE,xanimparammodifierdefptr
4CE3C324CF429208,rex_domination_lockout
4CE5A8884C877F6C,influencer_equipment_medium
4CE95AA355E661E2,loot/iw8_sm_t9powerburst_attachment_ids.csv
4CEB7BEC4D6849F4,XAnimParamModifierDef
4CEDD6E8F83D764A,mp/loot/br/mp_sm_island_1/rebirth/lootset_global.csv
4CEE559DB4D41757,activeReticleType_t
4CEFBED82A45CA7B,rex_ub_gl_kilo2
4CF2324D532D8C74,ScriptStringList
4CF31E16C6F9553F,XAnimPartsStreamInfo
4CF3C2C0FE1A482A,laserdefptr
4CF42D8D5AEFED84,ui.utils.mp.FenceJumpscareOptOut
4CFC7CCF8CECE86C,DLogSerializer
4CFFBC412683361E,XAnimJointConstraint_Ragdoll
4D0216C4BE229782,ui_icon_xp_token_battlepass_15min
4D0AA226081A3FE4,ping_friendly
4D0BFA2199D8C06D,onboarding_classified_challenge
4D0FD7B92853D5E0,BSEQCondition
4D1022959E3C7250,XAnimLODLevel
4D113F3600DE4D2D,ui_bp_token_auto_spend_toggle_on
4D116A2C489CC305,omnvars/mp/gametypes/omnvars_infect.csv
4D12E861F0CCD8F7,menu/duplicate
4D1E6DA3EE01D5CB,rex_pgrip_tac_hotel45
4D1F0264DACE2D2E,brloot_weapon_rpg7_unco
4D1FED06B4503850,ParticleModuleInitFXComputeDef
4D21FB98EE996C84,objectiveDef
4D224A17A9E7EF43,defaultsndmasterpreset
4D276B68466F19E1,dev_proto_motion_blur.cfg
4D28FC34DF82A666,brloot_weapon_pkm_unco
4D2965FDCCA331F7,destructible_toy
4D2C00DD2F496F04,mp/gametypes/lava.txt
4D30F953D33E4790,mp/loot/br/mmp/loot_table_zones.csv
4D3116B33433CC63,loot/s4_sh_becho_attachment_ids.csv
4D35707DEE4D9B8F,mp/loot/br/champion_mgl/lootset_supply_drop_boss.csv
4D3A0FB1BFAB4BDF,hud_reticle_s5sensei_h
4D3A14B1BFAB545E,hud_reticle_s5sensei_g
4D3B13ED5BE6513F,vision/damage_severe.vision
4D3EFF65F02E7967,mp/loot/br/dmz/biobunker/lootset_pelican_case_rifle.csv
4D3FBD3C3971537B,ui_mp_br_mission_reward_xp
4D41A63E646F2E33,perk_trait_rampage_rex_mp
4D4B40445D2D5CEE,mp/gunsmith/ar_mcharlie_variants.csv
4D4F47768810A41E,mp/faction_one_forfeited
4D502B60682387E4,ww_mp_rex_mobility_trials
4D52C6695075C373,mp/gunsmith/sn_t9explosivebow_variants.csv
4D53B53197F74301,vision/avicougargunner.vision
4D5434FAEC0A38CD,mp/loot/br/titandoubledown/lootset_bunkers.csv
4D55413C919D80AE,KeyValuePair
4D5991B975DC7A30,rex_laser_large_ir_dog_pack_mp
4D5A38E92E981EB4,mp/classtable_br_gulag101.csv
4D5AD22E826B6698,mp/petwatchgotable.csv
4D5D9488EEADC71F,rex_ammo_12g
4D61B72C24A9C5B2,phone_thermal
4D622792926E8AE8,omnvars/feature/omnvars_mission_tracker.csv
4D6316530292E3CE,hud_reticle_s4dadler_atlas
4D6735003B623DD5,specialty_trait_larger_plate_carrier
4D676E273AED4713,action2_infowidget_11264686490394778192
4D6970EAFC12FBC7,war_machine_launcher_rex
4D6D865823664494,rex_comb_erg_bmike3
4D70002C1AD2207B,rex_mag_pmike63
4D79C964733639C4,EquipmentSFXSoundSet
4D7A5DE8DC828E67,rex_rec_tacknifea
4D7C3D5B901A06A7,jup_ui_tex_map_lines_large
4D7D09C0EA063999,ui_bp_button_mask_alt
4D7F7A508320C76C,blas
4D84BD9365044512,ui.utils.MathUtils
4D8652F9CD392E6D,ui.utils.mp.OBSpawns
4D8861470AFDF0B9,hud_backpack_slot_empty_perk_package
4D8A70D2223EAE47,ping_vehicle_jetski_hostile
4D8B7D54B10E9F7A,ping_fishgate
4D8DDE2A77DD2E1A,icon_generic_blocked
4D90B15A78B4C933,XAnimNodeDef_ProcNodeData
4D91E93A817394E7,cos_iw9_465
4D92353669CC70C8,specialty_trait_keysmith
4D94555447E9C06C,nav_debug_tri_mesh_t
4D986A3A8178DBC8,cos_iw9_446
4D986D3A8178E0E1,cos_iw9_445
4D9CFCC105F7C8E1,specialty_plate_carrier_gel
4D9D1AA01DE08247,specialty_trait_popcorn_lethals
4D9EF96659E701FA,bp_a05_border
4DA0B40A8EC441F7,jup_ui_pip_marked
4DA7EAEC7D36F1B5,mp/gunsmith/lm_t9fastfire_progression.csv
4DAAB5C5FD4C1AF0,ks_auav_mp
4DAB32EE94D59013,MaterialStreamTreeTransientCell
4DADFC96D8CC5127,ByteColor
4DAF61C35816669E,perk_heavy_metal_rex_mp
4DB08A3C0B6B45B9,GraphKeyInterpolation
4DB091E2461F2211,specialty_trait_fuel_economy
4DB0DD965CC0ECD9,ping_loot_parachute
4DB1CD83E58FF684,food_trash_burger_box_01_open
4DB4D2AB540E4CE2,cfg/dev_proto_focus.cfg
4DB4D6363A063E8E,sp/cinematics.csv
4DB765C131846CC3,mp/gunsmith/sn_t9cannon_variants.csv
4DBBECBE9FFEE6FE,ui_rex_lobby_playlist_map_silkworm_lg
4DBCB5FD909CAA25,ParticleModuleTemperatureGraphDef
4DBD5EA78A7E582A,specialty_null_rex
4DCA4AB29999E748,mp/recipes/cmd.recipe
4DCCAAE1DB6D2A67,rex_drop_zone_bigmap
4DCF14BABBF74661,ping_loot_equipment_redeploydrone
4DD14A1E0BEECA8C,p7_diner_table_salt
4DD2A643F6FE5FF9,console_mp.cfg
4DD436CCBF6CDB0A,ae/ae_daily_challenges.csv
4DD6E425E211C557,ui_rex_icon_eq_prog_drill_charge
4DDD24510DF4D6F0,onboarding_vehicle_camos_3
4DDD25510DF4D8A3,onboarding_vehicle_camos_2
4DDD26510DF4DA56,onboarding_vehicle_camos_1
4DDFF09BE7A08DC6,hitmarker_text_regular
4DE67FF5BD6A5A2C,ui.ingame.radialmenulayer
4DE86E0ADD13AE4B,secondary_light
4DF537CF91D8D016,hud_splash_generic_header_backer_champion
4DF558601D42C828,decor_plastic_buckets_01_small_white
4DF67A1536810EF8,ee_tool_wood_scrub_brush_01
4DF98F8FE29243BC,mp/loot/br/mini_mgl/newplayer/lootset_cache_lege.csv
4E02C9664F47F96A,tertiary_medium_rex
4E082A80883139F5,overlay_static
4E0FB9949D567917,mp/gunsmith/sm_papa90_variants.csv
4E105849FFBA9805,ParticleModifier
4E12373D9E4F0D85,cp/meritcategories.csv
4E1B49FF7D1C881C,rex_pgrip_ass_tango73
4E1B9E638143F58B,mp/gunsmith/lm_lima86_progression.csv
4E1F754B560FAC75,mp/havoc_mods.csv
4E21DAB8AF0F8D75,ui_button_kbm_mouse_border
4E22EC41C14CC6A0,ui_rex_icon_perk_highalert
4E2304BAE1710383,ae/s4_ae_activation_tokens.csv
4E26858CFC72BD06,stterrain
4E274278337DC025,mp/placeholder
4E2A7A921F09EEE1,PathDynamicNodeGroup
4E2C8644452D69FD,mp_vehicles_always_loaded
4E30A08F30990E7C,specialty_sonar_bullets
4E319F0CDC29B8B9,SpawnGroupBounds
4E348DE9156C1343,loadout_gunsmith_button_back
4E387E6A5F907DD7,mp/loot/br/champion_mgl/lootset_contract_scav3.csv
4E3CAD6E6634F00B,bc_combat_inform_taking_fire_long
4E4392813A7A115A,mp/gunsmith/platform_020_progression.csv
4E458A7FE773A6D5,hud_reticle_loot_80sarsenal
4E461EEE4EE09B27,mp/recipes/mlg_control_pl.recipe
4E46C3C56ED295E9,AttOverheat
4E46F76118064FFA,ui.utils.FilterUtils
4E4870BA6B279070,ping_objective_capture_package
4E4BFF3FECB5A0C9,mp/cinematic_camera/final_kc_part2.txt
4E5178639A18C84E,ping_loot_fieldupgrade_armor_drop
4E547183ABE31196,defaultxanimpayload
4E5613914CAB2AE9,icon_fieldrep_featuredop
4E56B053A4FD8408,icon_dmz_faction_shadow_company_bw_748_stroke
4E59F0421D843D06,hud_vds_wz_stroke
4E5A9E518C3597DD,LUA_MENU/SECURING_A
4E6022848E51E9F9,tablet_chopper_gunner_center_background
4E60F3C4720832AA,veh_rex_lnd_sedan2020_sp
4E622F086F2DD38D,balanced_rex_ar_mike4
4E632B25554ACFF4,rex_bar_hvy_xar1
4E64D77219909277,grey_wave
4E65675412C89E2C,gfxfogsplineptr
4E6596CC4C7BB95B,SndBank
4E665D93CA905DB8,hud_reticle_base_minireddot04
4E6A218F5E60B6A5,AiInteractionScriptModelAnim
4E6B9EAD9C56B84A,SndLimitBehavior
4E6C12C735331558,ping_fieldupgrade_inflatabledecoy
4E6D2689DA4C733F,aiquadtreenodeptr
4E6D9AE2BAF1C8A6,ping_killstreak_recon_generic_hostile
4E7023DBFB615E05,mp/allChallengesTable.csv
4E71D4626ACCBDEE,mp/factiontable.csv
4E74057958D5C351,mp/gunsmith/ar_asierra12_variants.csv
4E76405989F18D02,rex_semtex_mp
4E78DDE1F455FF54,default_splitscreen.cfg
4E798598C5E6FEA4,bp_a18_border
4E7FB27916725B89,mp/gunsmith/sm_uzulu_variants.csv
4E8465209D9DF142,hud_splash_notched_background_circle_mask
4E848B0F0CD8E967,ui_gunscreen_emblem_envy
4E8752D5311A8989,XAnimDynamicBoneNoiseProperties
4E8C016C22079A4C,ping_extractionballoon_deployed
4E8F6BE4A9E464F0,specialty_tac_resist
4E918492BCFBAC3B,ping_loot_equipment_iodinepills
4E94F4CAE8B9F0CB,ui_prestige_infopanel_header_gray
4E96D33574DDDB0A,netconststrings
4E98DC7BB17050E4,CurveChannelExpandedDef
4E9AFA111EF8BD81,ddos_device_icon
4E9E7E3F4CF9B489,button_header_protection_gradient
4E9F90FEF2C93969,iw9_gunless
4EA600BCBA56B17C,vision/mp_frontend_crib.vision
4EA74A0841A1E770,animselectortables/soldier_traverse_warp_external.csv
4EA7F8E59AC11162,primary_bold_rex
4EA837DAC7EC67FC,SndFoleyPlacementType_t
4EA9801E2CDAB972,codeperk_defaults_rex
4EA9831E2CDABE8B,codeperk_defaults_rew
4EAAA0310504762E,specialty_apex_drone
4EAAE943B9AFD27A,ping_objective_attack_hvt
4EAB6238B26A551E,mp/loot/br/horizontal/lootset_cache_base.csv
4EACCA018D17B6B5,TrackerFootstepFxDef
4EADCC4B90C40A45,bc_killstreak_action_drone_swarm
4EB02E5D613B2070,rex_trigger_hotel45
4EB15C3021F022DE,icon_tracked
4EB1E3B7CB522826,ee_decor_wood_oar_02
4EB58611F304A48D,ui.utils.StoreUtils
4EB61440A92BADD4,ee_clothing_price_boots_01_right
4EB65C299DD3FFC2,DismembermentTypeConfig
4EB6CB5B37EF14E9,ui_mp_br_mapmenu_icon_poi_plunder_box_buyback
4EB7B03918106D20,faction_smith_proxy_head
4EB7B89F4B4F53BE,mp/loot/br/truckwar/lootset_contract_scav3.csv
4EB7BA5813B4356C,BSEQCondition_RndTimer
4EB9125948EB291C,hud_reticle_short05_g
4EB9195948EB3501,hud_reticle_short05_h
4EB9DD9D81EFD524,StreamedGPUBufferDesc
4EBBC889DB392A99,weaponoffsetpatterndescriptionptr
4EBD1A83DE895555,SuitInplaceMoveDef
4EBD222554B18820,MaterialAnimationParamsLowerLayerCombine
4EBF8448D5E9A627,ParticleSelectionMethod
4EBFB187BA348CB9,fence_wood_planks_01_128_damaged_lm
4EC0779E8602DEA2,GfxCompressedSunShadowGenParams
4EC260C7B81D333C,rgblogitechprofiledef
4EC3DD5BAFB378DE,perk_trait_rescue_mission_rex_mp
4EC6633869E3ACF3,hud_icon_minimap_player_squad_circle
4EC7C75911D08127,mp/jup_gunGameWeapons.csv
4EC8E23469151F91,ui.PostGameManager
4ECACA997764DD10,ScenarioEntitlementState
4ECB7F44DB9DD114,ui_loot_special_cod_points
4ECD7822C3176F10,overlay_gunship_inactive_reticle
4ECE3C598A3BFC0C,rex_semtex_sp
4ECE54A9F3DCEC00,ping_boss_chemist2
4ECEF0789D6B9F0B,rex_arscope_vz01_zoom2
4ECEF0C2FB8A96D5,clantag_pmg_rex
4ECF96CB79F8981E,saw_ui_icon_splash_classified
4ED04EFF1A88B9B4,gamemodedefptr
4ED0646A349BAB06,scripts/sp/maps
4ED225802BC18B97,rex_bar_lgt_limax
4ED4C38BB2FD209E,ui_rex_icon_wpn_sh_bmike3
4ED74A8AB4DCAD07,operator_list_rex_sp
4ED80DF4E489C4C9,equip_gas_grenade_rex
4EDA9A94553A592B,mp/loot/br/dmz/lootset_secret_stash.csv
4EDF3E451D3B18B3,mp/brmission_reward_groups.csv
4EE0AD851988C3DF,icon_mode_dmz
4EE14EC0ED6D5D2C,talkinggunscreen_lines.csv
4EE1CF8A0F99C55A,mp/loot/core/risk/lootset_superstore.csv
4EE2AE244B065CAE,mp/gunsmith/sh_oscar12_variants.csv
4EE5D9A640719699,ui.utils.StoreCollectionUtils
4EE7727824111CF0,AISpawnDirectorSpawnFilter
4EEF10D2C011B309,hud_reticle_sniper_04_center
4EF328481BC70E7D,icon_generic_cross_w_shadow
4EF3D5066AEE4D19,brloot_weapon_mg34_lege
4EF7BFDCE3DA23B1,brloot_offhand_throwingknife
4EF829C9D090EEE2,XModelHitLocOverrideInfo
4EF82C00C9D67EE8,cfg/dev_proto_edge_hang.cfg
4EF9826C044E4512,maphint_phone_code
4EFEEEB3D4BC3C05,ui_loadout_death_fx_preview_fluff_right
4EFF02C4740067DB,codcaster_flare
4F005E9D06AE1638,hud_reticle_airburst_bracket
4F028E75A0C52472,GfxImageList
4F036C92EC39BFF4,mp/loot/br/dmz/biolab/lootset_weapon_locker.csv
4F045FF9B3A52F69,genericblueprintdefptr
4F0C052F79F805B8,sp/weaponclasstable.csv
4F0DEDBB94099460,sat_ui_cer_menu_battlepass_bc_logo
4F0F0A67E63DF210,ui_menu_icon_lock
4F0F3DC001F44456,animselectortables/bomber/bomber_traverse_warp_over.csv
4F111BF2F8F1ADF7,perk_tempered_rex_dmz
4F11B0DC24993AC0,volumetricclouddefptr
4F11BD553A6B49C1,ui_rew_icon_perk_tempered
4F13224137B8C45C,hud_workbench_attachment_focus_top
4F145193D9B2429D,tablet_chopper_gunner_left_background
4F1954735FFFEBD2,VectorFieldBuiltinType
4F1ADC2BE0C5A391,XAnimBoneFollowerDimension
4F1B36868C823EFA,MaterialPipelineState
4F1B5EC3830D59F1,mp/loot/br/default/lootset_cache_weapon_locker.csv
4F1C122266F82405,ee_clock_wall_mounted_modern_dirty_glass
4F1CC3E2FC0E3993,omnvars/cp_mp/omnvars_winners_circle.csv
4F1D939B78B49967,VehicleRotatorType
4F22013BE03AE76B,primary_bold_italic
4F23CC84CC835C7A,setting_image_minimaprotation
4F2583147257D202,specialty_apex_incendiary
4F25E265BFB0EC1E,rex_pgrip_ass_hotel45
4F2880F25066F1C5,lua_menu/preview
4F28D125A1D378DF,mutation_shield_bubble_arcade
4F2BA05583B3FA29,hud_reticle_03_b
4F2BA35583B3FF42,hud_reticle_03_g
4F2BD8358822027D,com_computer_mouse
4F2DC6FC82A3508B,sat_ui_icon_telemetry_battery_eco
4F2DE02719DF73F2,start_up_core_cp.cfg
4F2E02880F2D1F0C,sticky_artillery_rex
4F2F8FE95961386D,stringtable/teamcolors.csv
4F30EF5E1B73E7CF,ai_focus_behaviors
4F36E8628C7D56BA,aisplinedefptr
4F36F37BA292038F,me_kitchen_coffee_cup_01
4F3A8B5B7E1BC2F3,XAnimCurveID
4F42359F61E70B0C,icon_close
4F449BAD1ADDD2EE,xanimnodedef_hyperpose
4F45B09B14BAB6F4,mp/loot/br/rebirth/lootset_fasttravel.csv
4F471F12EE41A1E9,ImpactEffectType
4F474E5571BB467B,weapon_missing_image
4F48EAB66463B62D,mp/loot/br/dmz/lootset_root.csv
4F4D60E1151A21DA,hud_reticle_carot
4F4EA2DBD33FE780,sp/camotable.csv
4F51339657648C08,vision/arscope_therm01.vision
4F54CFDAC54BFD47,CalloutMarkerPingDef
4F5A6CC6B6CD961D,rex_ironsdefault_golf28
4F5B0012FE0DA2C6,specialty_trait_investor
4F5B2F2DDB0E6F58,jup_ui_icon_attachment
4F5B3ED5206C1885,mp/friendly_fire_punish_switch
4F5C385F56425B39,mp/gunsmith/platform_043_progression.csv
4F60DCCACF2B1337,cover_smg
4F62999275A6E625,mp/loot/br/dmz/biolab/lootset_biolab_armory_room.csv
4F63D845BE5B9DCA,ping_fieldupgrade_deployablecover
4F63D853CFB85FD3,byte4096
4F6466E9CF11136A,mp/loot/br/dmz/lootset_locked_space_tier1.csv
4F671A28851055E2,cfg/dev_proto_render.cfg
4F6CF1E50457D5E2,SndAliasListFlags
4F6EBB80C9C62B9B,hud_reticle_trapezoid
4F6FDD116BA341FD,vision/scope_fourxtherm03.vision
4F71C1128CAA678B,rex_attachments/rex_laserads_sml02
4F7201CEE1D965FB,hit_direction_ricochet
4F75C0DF48DE10BD,XAnimNodeDef_BoneRestoreNode
4F760B5E0169197E,vfxlight
4F76166D95E4817B,jup_tablet_hacking_percentage
4F776F807BDE421C,keyNum_t
4F7793DC1CA6B0E2,hud_reticle_s6jock_h
4F7796DC1CA6B5FB,hud_reticle_s6jock_g
4F7B5191CE0E3CE3,rex_rec_sierrax_rex_wz
4F7EB7C14A2030A2,bp_a23_border
4F8132C93C32FE97,loot/s4_sm_guniform45_attachment_ids.csv
4F82B08100AADA9B,ui_emblem_001
4F82FA0AABCA300A,icon_loadout_armory_blueprint_dismemberment
4F868127B29200EE,iw9_bundle_billboard_free_love
4F87A011BD82B9EC,locdmgtable
4F8F958AA764F37C,levels/marina
4F91C99F9C59954E,rex_deploy_juggernaut_mp
4F91EB670F9C173A,rex_stock_lgt_psierra41
4F957D23468FA3AC,mp/gunsmith/sh_romeo870_variants.csv
4F963F525AC8C4DB,mp/buyStation/attachmentPriceList.csv
4F9640BBE9CBE44F,rex_hardpoint
4F97319CE90DA515,ui_icon_infinity
4F9BC9CD94248FA1,rex_shock_stick_mp
4F9F8CADFC45C66E,icon_weapon_pi_mike_1911
4FA336BF05C5056C,hud_splash_notched_highlight
4FA551103A334FF7,rex_handcuffed_ak
4FA63AEE3F72D461,rex_attachments/rex_xmag_mike4_desc
4FA65A19AE46AF07,equipment_icon_showcase_explodingdrone
4FB013C2E9FF9859,mp_javelin_top_prompt_light
4FB104CA8B9ACCFC,ui_icon_bonus_effect
4FB20AFE842ABC83,ping_loot_killstreak_fuelstrike
4FB38CCA5A2BBD6F,equipment/flash
4FB4CD546309A180,ping_inv_drop_weapon_launcher
4FB716286239C9D9,aipathfindnodes
4FB7868690162141,ui.LUIMouseCursor
4FB830CED90654D2,mp/recipes/arm.recipe
4FBB255A7BE8A118,rex_counter_operation
4FC00F8B6E2D4A12,icon_platform_playstation
4FC0F0B5BF0E2783,rex_sm_mpapa7_sp
4FC161E89251B292,mp/loot/br/dmz/saba_b21_early/lootset_safe.csv
4FC38F233E5DD3D5,dom_flag
4FC67ECDE742E822,dot_grid
4FC68B506F9B715A,sat_emp_grenade_ob
4FC81BD3D46EB172,specialty_reduce_regen_delay_on_kill_rex
4FC8E0313B6D4483,PlayerAnimsetStreamAnimList
4FC8F196645F01B3,mp_javelin_corner_glow
4FCE2FDC0E87C10F,bc_fieldupgrade_killfirm_scrambler
4FD15C27548171E6,hud_reticle_loot_zombiex
4FD2015D12BB6A99,tool_bow_rake_01
4FD384D1A9B545B8,food_cans_bottles_and_jars_jar_02
4FD385D1A9B5476B,food_cans_bottles_and_jars_jar_03
4FD387D1A9B54AD1,food_cans_bottles_and_jars_jar_01
4FD4FD081C710BDB,mp/gunsmith/s4_mg_aalpha52_progression.csv
4FD8843C863EF167,hud_icon_equipment_molotov
4FDE85C999CFB57E,ui_mp_br_timer_event_firesale
4FE10AFABBEA82F7,mp/gunsmith/ar_t9season6_variants.csv
4FE2337D6A571EB4,hud_risk_score_bar
4FE27054FD3709B4,eng_code_pre_gfx
4FE4BC7DB7483602,ui_rex_icon_xp_premium_boost_active
4FE6281DB7D2B8A2,mp/stats_init_coop.cfg
4FE6E60D18304862,ui.utils.WebViewFullScreenConfigs
4FE79E75A38DC2C2,ui_loot_gesture_thumbs_down
4FE9C11A81EBE88C,hud_reticle_spider_glow
4FEB0A8C5E16EE96,rex_overlay_tablet_killstreak_ui_elements_right
4FEC3B7C002E5949,mp/gunsmith/sn_t9precisionsemi_progression.csv
4FF08D7999D9EA83,loot_card_border_flare_rare_
4FF5C2FB8FB41C48,loot/s4_ar_fnovember2000_attachment_ids.csv
4FF6C0FD2D29E6E9,ping_loot_fieldupgrade_defib
4FF6DD684435920D,mp/gunsmith/knife_progression.csv
4FF9E3A046DB7AD2,mp_javelin_day_prompt_light
4FFA812B301AB23B,GfxWorldDrawOffsets
4FFAC76DC50F5D7F,mp/loot/br/dmz/lootset_metal_briefcase.csv
4FFBB5F2B151D3B9,specialty_trait_uav_upgrade_rex
4FFF3A5787224AFC,VectorFieldVariant
4FFF83A27A7E5D9A,un_office_binder_set_01
4FFFD4542A0461FF,rex_cal_tuning_dechoauto
5004F7AEDBDC1936,rex_dynamic_quickdraw_mpapa7
500AD27E0B2F3DF4,LaserSettings
500AD5E9A8A534F9,ui_dmz_missions_objectives_button_mask
500AFDBF4E714D11,ee_sign_street_bus_lane_02_lm
500CFB4237D070F7,VehiclePhysicsNetcodeType
500D20080F6AD1FA,AISpawnDirectorTeam
500FDF999C11D6F2,minimap_mask
5010D73DFABCDF5F,ClientEntAnchor
501362A6436C983F,ping_loot_equipment_molotov
5013B26C948BD5B6,rex_stock_tac_xar1
50176DD22A4CE6D6,rex_gunfight_killteam
5017C1C0E900390B,WaterDynamicsLink
50190563E438FDD5,weatherenvironmentsfxpackagedefptr
501A83F98BAA55FC,XAnimTreeParseCullLevel
501C3DAD5E2A2CA4,scriptedAnimEvent_t
501D2C4FB60C1EAD,ping_fieldupgrade_inflatabledecoy_hostile
501ED59E92DDEF64,omnvars/mp/gametypes/br/omnvars_rumble_invasion.csv
501FF9C1C9D0F001,iw9_me_climbfists
5022AB6521AAA99C,perk_grenade_expert_rex_mp
5023048298F45EB9,defaultbotprofile
5023393746E098A3,rex_mp_ghost_1_1
50247787B510A807,rex_tur_jltv_mg_sp
502536894E2B67B1,rex_spotterscope_offhand_vz
50261004999C237E,rex_execution_karambit
502AF4638AAE5713,ParticleModuleInitScreenSpaceDef
50311ACEBB1D3999,buttons_tactical_alt.cfg
5032A1245525149C,hud_risk_end_screen_your_team
5033491C2256C5A7,mp/loot/br/olaride/lootset_contract_scav3.csv
5033B78C04520B12,mp/gunsmith/s4_ar_hyankee44_variants.csv
503766BAFA659278,mp/arenaggweapons.csv
5038B5C8ECBEE9B4,equip_adrenaline
503CB367D8621F74,hud_icon_ammo
503F5B6EC8838D09,tacticalgraphdataptr
50439F6D9F35B371,ui_rew_icon_perk_quick_hands
5043E35A867F37CB,hud_splash_parallelogram
50441A7849B55A97,ping_vehicle_jltv_hostile
5047ADEB4FE2E96E,brloot_weapon_m870_lege
50486C90A46E34EF,codhq26
504887137150FC2C,rex_laserads_sml02
50488A1371510145,rex_laserads_sml01
5050087322F65155,ui.utils.MenuUtils
50507AF5C33BD966,weatherlayerdef
5051E2D9EAF84320,mp/loot/br/mini_mgl/5_minutes_mini_br/lootset_buildings_abundant.csv
5052C8858F3927AA,hud_reticle_s55smuggler_shoot_g
50556BFCAD0A90F8,foliagevfxtabledef
505848F0EA6542B2,ping_loadout_confirm
505854BD0E2C5878,SpawnGroup
505AB24C198B5800,rex_irons_psierra41_apex
505ED918E622AB5E,mp/loot/br/titandoubledown/lootset_cache_spawns.csv
50627DC43795D83E,WeaponSlot
5064C8D6E47E61A5,perk_traceback_rex_mp
5064E0F0A70C9444,equip_emppulse_rex
5066AC58E2303D93,ping_loot_killstreak_airstrike_generic
50679B1C8B940A67,mp/loot/br/olaride/lootset_contract_asn.csv
5067E4BA3392AAF9,ASM_Transition
5068BD5ADDD8559C,onboarding_gunsmith_2
5068BE5ADDD8574F,onboarding_gunsmith_3
5068C05ADDD85AB5,onboarding_gunsmith_1
5069E575D2D44E07,mp/gunsmith/ar_mcharlie_progression.csv
506AA02897FCD29D,techsets_ingame_sp
506CB0333D2A601B,ping_loot_equipment_frag
506DEA88804800E4,veh_rex_air_heli_blima_fast_unload_mp
506E6BF7CB9D4E53,sndmasterpresetdefptr
506EBF2204820559,soundconedefptr
507A4529D4964239,veh_rex_air_heli_blima_mp
507B60411E230DA8,m202_launcher
507B74F54952B2CF,ui_widg_social_ring_lg
507C357A049C4A6E,XAnimJointConstraintType
507C5F3F8919AC9D,jup_mp_splash_message_diamond_outline
507E2B0F4A1993E5,ae/rex_ae_autogen_field_rep_challenges.csv
5081171ADC2BD179,gestureList
5086E79F8EFEB772,widg_gradient_left_to_right_mask
50888F204CDC990F,sat_smoke_grenade_ob
5088A9E0AFBD5AC9,rex_fe_sierra100
508D6F5517993DF8,icon_tune_prefilled_tick
508DC7C8A0849593,rex_trig_lgt_golf28
508E45E49BE5293E,ping_vehicle_danger_jeep
508F5BB5AB463D9B,mp/operator/s4_callum_progression.csv
5090CF6BC2179F93,ui.utils.TextChatUtils
509270FE653DC791,social
509320AF96077866,MaterialAnimationDef
50933F5BFF313F8C,LUA_MENU_MP/PARTYSIZE
50942F0067A01849,equip_fulton_mp
509568202EF20953,vision/wp_smoke_night.vision
5095C7B0520065E5,scriptable_door_prison_cell_metal_lm
5097119BAD209EFD,FxGlassPiecePlace
50986D24C77AB3C3,metabone_Metadata
50993F8E053CAF97,decor_misc_props_01_jar_small
50994B7D44BC83D0,ui_bp_topo_landscape_premium
509975936FD70C38,icon_minimap_vulture_enemy_firing
509C014A647E0E1A,rex_hardcore_infection
50A3600E29424974,raygun
50A3693F902784C4,brloot_rock
50A5352EF92D291C,mp/loot/br/mmp/lootset_cache_base.csv
50A8644162A6FDD0,perk_trait_plate_organization
50AA2F973F4C6F28,rex_ammo_12g_sl_bmike3_semi
50ABF5CED0F00F50,blank
50ACDF603A59C1B3,nav_raw_volume_s
50AE486BADE7B6F4,ping_loot_killstreak_wheelson
50B4135E666ECF54,vision/dmscope_therm01.vision
50B553DE4BC52695,mp_wheelson_speed_bar_arrow
50B58428983C8E83,techsets_ingame_mp
50B6463AFE58C9D8,ping_stronghold_med
50B7D4A195BED757,WeaponUiStats
50B7F0EC59DA679C,railgun
50B83AA558FBB5B2,weathersurfacetypemappingdefptr
50BB39087FD87918,seexprexportabledatadefptr
50BCB570D99F7AE6,door_id
50BD59576BAB03F0,hitmarker_condensed_regular
50BF0438823283F6,hud_reticle_arrow_glow
50C31AD6B256F10C,SeExprGetVarData
50C39D6FDB32EE60,frontend_field_upgrade_support_box
50C8BE29F19EFDBB,mp/loot/br/default/lootset_agent_milestone_kills2.csv
50C8BEF58B7317D6,hud_reticle_paranormal_mask_directional
50C9422EE7FE1A04,svec2_t
50CD2664F5BE1ADB,AIAnimset
50CDB1931F143F2E,rew_decoy_grenade
50CE0D9005C9AD9A,perk_trait_combat_resistance_rex_mp
50CE312A62358C9C,options/show_map_options_desc
50CFC0466E6615BE,XModelDecalVolume
50D0958ECE6F3FAD,defaultvehicle
50D42866D4B4DF4D,ui_bp_blackcell_teaser_details
50D550BC71D2D249,foliage_pot_plant_decorative_01_med
50D63BBEB37A56C6,mp/gunsmith/sh_mike26_progression.csv
50D76A66D645A9D0,loot/iw8_sh_romeo870_camos_ids.csv
50D793CED19E7914,ui.inGame.mp.HellstormOverlay
50DA410B7D581347,mp/loot/br/ww2_mini/lootset_contract_scav1.csv
50DC3F0A03603E1A,mp/loot/br/truckwar/lootset_cache_pe_chop.csv
50DD891221957386,hud_reticle_fourx04_horz_vday
50DDBEB7D246C6C2,mp_rex_tumen/callout_park_towers
50E05929D4ED1767,veh_rex_air_heli_blima_sp
50E36F8ABB975920,ui_add
50E5A144CE3D497F,match_countdown
50EAF609E6C33CF5,omnvars/mp/omnvars_scorestreaks.csv
50EB756DD239E369,hud_fofbox_hostile
50ECA7BF219A0865,equipment_whiteboard_eraser
50EDD4895C479761,rex_dmscope_hybrid01
50EE186A9C48FFC3,perk_incendiary_rex_mp
50EE942319321CC6,rex_stock_pmike63
50F034F5A0FDA696,XCamFrame
50F1161ACA218161,xlensdef
50F3F75206214EE1,shock/super_trophy_mp.shock
50F50C60D29BFC53,ee_sign_street_keep_right_lm
50F5DA8EEDE753AB,ui.utils.mp.FenceCODTV
50F7A4EE472D89DC,rex_ammo_12x55
50FBEB774591C5D7,jup_ui_2px_corner_1px_outline_gradient_opaque
50FBF8DD5F072F10,rex_mp_milsim_sk_sf_1_1
50FC95BB6704CD40,brloot_weapon_p90_rare
50FD114773112A98,bc_equipment_incoming_semtex
50FEE4BFFC51D324,budgets/contentmem_gemini_ship.csv
50FF909F3C9EB3DA,loot/vehicle_horn_ids.csv
5100EBB28F079434,battlepass_sparks
51036F6B080CD92E,equip_armorplate_rex
51041C3566456F0A,mp/cinematic_camera/final_kc_part3.txt
5104886269081870,omnvars/mp/gametypes/omnvars_escort.csv
510815A83C3426AE,defaultachievementlist
510D3996754E321D,mp/gunsmith/la_t9standard_variants.csv
5116922DFF425768,hud_backpack_empty_slot_loadout_bg_baked
5116D10CE25330A6,mp/loot/br/mini/lootset_empty.csv
51181E43CD354054,mp/loot/br/plunder/lootset_boat_horn.csv
511997E94DE2E757,ub_golf25
5119B1F1906C81BE,ui_widg_generic_center_out_gradient
511C52FEAD13487B,container_paint_can_01
511C82B7AAA9A2EF,ui_rew_icon_lethal_zip_gun
511F6ABCEEBC2E4F,AttCombatFog
5126BC7FDB3A31F4,$lgv_set
512748228E9071B6,loot/s4_pi_mike1911_attachment_ids.csv
512C87E540CE128B,mp/operator/s4_lion_progression.csv
512C908F3D53A349,GfxWorldTransientZone
512D5E1A73EA37A4,mayhemModel
512EF72614E6EBD6,cfg/dev_proto_viewbob.cfg
5134DBAF92BC9951,vehicledefptr
51366DF4F1E0155F,mp/loot/br/shottysniper/lootset_contract_scav3.csv
513825BBCD717E6A,keybind
5138F8D101E6EF28,rex_rec_sierrax_adversefire
513D6E4614B6BC8C,VehicleSimGroundWheelDef
513FD397A8851526,sat_ui_icon_scorestreak_drone_skybreak
5140051AC60BDDC6,rex_poison_mp
5140A5668AD87B77,specialty_trait_breathe
51414F2DBE65D3A4,AchievementlistDef
51436413AEE43C2D,ui_bonus_effect_info_panel_backer
51437B21B3F049F8,loot/s4_mr_malpha1916_attachment_ids.csv
514632EA917AAA07,super_supply_drop
514C36D2CE7332C5,defaultsndtagmanager
51551A13662F7DA3,ui_rex_icon_perk_battlehardened
515ABEAF06C60147,loot/iw8_sn_hdromeo_attachment_ids.csv
515D36E44C8E40E5,mp/loot/br/doubledown/loot_table_zones.csv
515E07A137027BBF,loot/s4_me_rindigo_camos_ids.csv
515F41DCB10F98C7,ScriptablePartWorldOffset
5163439F0449B3A9,hutch_western_a
51689C9DF634AE13,equip_decoy_mp
5169A0CE8F26BEAD,AttHipSpreadScalarsTunable
516A126FCFA2CB71,hud_reticle_thermal01_base
516A1AF69C66AF4C,mp/cinematic_camera/final_kc_part2_dog.txt
516D50C68CD66D86,ui_menu_codhq_icon_social_party_join
516D86D96D9FA6AB,ui_gunscreen_emblem_sloth
516F0950F316AA15,hud_icon_loot_armor_plates_triple
5172F47B487E7C54,weatherFilter
5172FBB0FDE3F94F,PileUpPoint
51779A5FA455D8B0,rex_attachments/rex_laserads_sml01_sp
5177EB542A91F88C,super_trophy
51790F2A13EA60FC,sticky_artillery
517A6764EE82D4F9,ScenarioSubscriptionLevel
517F98B3CCAB6B20,mp/clanranktable.csv
51871516F9BFA2E5,rex_comp_hoz_hotel45
5187439FCDB05DB8,bc_killstreak_killfirm_bombdrone
5187F5A03E30BF2E,ftus_beta_account_gate_atvi_logo
518B8547D9085A39,mp/loot/br/default/lootset_cache_cash_register.csv
518DDF25BF0B4073,t10_test_nuke_death_end
518E81CD96C58F1B,DynEntityListId
518E9853B49D5E7A,ui_bp_selection
5192529FBAA9F7D6,ui_prestige_button_shadow
5193FFFDA0FC3ED4,ScriptableEventDisableEnableConstraintDef
519FFCA1AD32F3A1,ncs_ges_level
51A2675171CB987E,sniper_briefcase
51A5CFFE81E9E8DC,SndFBSimType
51A9B853C4C176AB,KillstreakDeployCategory
51AC62C32CB05C80,loot/iw8_me_t9etool_attachment_ids.csv
51AC9D141F883AA2,dot_grid_large
51AF50C34D13E0F7,brloot_weapon_ak47_lege
51B053C9990D8BB5,Cinematic_multi
51B17E25548B2B69,buttons_default_alt.cfg
51B2D65416865F3D,stringtable/fencecodes.csv
51B6C74A319059FA,ping_loot_killstreak_drone_swarm
51B910E715E54F10,materialflipbookparamsdefptr
51B9A2350337DA61,SeExprCurveCV
51BA2B32DCBB405E,button_x_tall_mask
51BDB5E2C410CFA6,vision/killstreak_slamzoom.vision
51C0F5FCDF44A24F,objectivelockstatus_t
51C1994BA88CD66D,loot/s4_mg_sindia510_attachment_ids.csv
51C1D76082EC1A6A,mp/gametypes/fr.txt
51CA6B7D1903B623,mp/braccess_card.csv
51CB93F9AE2942CC,ui_bp_atlas_purchased_unlocks_single
51D3E7806826812C,iw9_radial_select_arrow
51D4585669699837,ScriptableEventReactiveSlotDef
51D4C2DDD0829612,DismembermentPointType
51D6A4320E8E3FFA,veh_diagram_techo_mask
51DFD34F0F8ABE49,ping_location_looting
51E07EF0F38C9BC7,rex_dynamic_quickdraw_throwingknife
51E42455EACB7FE8,circle_gas_damage
51EB956162FD28DB,br_rangeext_snpr
51EBB3A89A40C7E5,hud_icon_new_open
51ECFD9C237E092C,killstreaks/hover_jet
51F3B907873A7198,WeaponMotionStrideSettings
51F7EDFC5E486884,hud_br_plunder_backer_slash
51FB51F56FA70FA9,VehiclePhysicsBoostDef
51FB86F9C8966363,rex_comb_svictor98
51FD479ADC05A186,tablet_mgb_nukes_icon
51FDE51265871A63,spatialpartition_tree2d_small
51FE2CDBF29D6FE7,mp/loot/br/dmz/lootset_saba_ship.csv
51FFE317FB594860,rex_armor_plate_deploy
5200696084DA5773,loot/s4_ar_kgolf40_camos_ids.csv
52025BFACA9A2FED,arena_winner_flare_temp
520541D610AF6936,libshaderptr
5205A5E7A9583D5E,loot/feature_ids.csv
520A5BBD5E713D1C,LeaguePlaySeason
520BAD8AC2DE4B89,ui_mp_br_squad_lead_main
520F3615574262A6,hud_icon_equipment_ascender
520F9BE5FF340C73,rex_ub_sh_kilo2
520FA0E5FF3414F2,rex_ub_sh_kilo5
52101F6B6F2110DF,mp/cinematic_camera/over_shoulder.txt
521124DF44EC4779,defaultunlockfeedconfig
52126C39E316471D,ScriptableEventHudOutlineDef
52136CD120F679A0,loot/s4_sm_wecho43_camos_ids.csv
5213C49B4A7C6029,turret_root
5215005A55FA0CC1,mp/loot/br/rebirth/lootset_cache_spawns.csv
52156AB32101C68B,TTFDef
52172072FBBCC761,mp/mlgsettings.txt
5217A38CA095A247,bceventptr
52200ADC53498E4D,loot/iw8_sn_hdromeo_camos_ids.csv
5222B85B9E9E936C,hud_br_resurgence_effect
522684924BC650FE,ui_menu_codhq_game_icon_bo7
522685924BC652B1,ui_menu_codhq_game_icon_bo6
522F3D7952915C01,ReactiveStage
5232EF94C3EFE0F4,ScriptableEventGravityArcDef
523651BD8DA5932E,bc_status_action_reviving
52373A2B87C8AFE7,ObjectiveStack
5238060758800255,ping_inv_have_ammo_shotgun
52390DB04B3F1C3A,SpawnGroupCluster
523962CB527E8708,defaultplayerspawnsettings
523AE924F221CB53,mp/gametypes/cyber.txt
523C3089E93B7575,mp/progression/chimera_progressionitems.csv
5242B8495923019E,WeaponMotionAdsIdleSwayDelaySettings
5243320188DB5403,cfg/dev_proto_damage_feedback.cfg
5243B19EBFFEEBE0,rex_laser_guard_tac_bmike3
524778BC9F9EA294,mp/loot/br/plunder/lootset_fasttravel.csv
5249E65337C895B8,mp/gamebattleswhitelist.csv
524A44F3E4598848,physicsfxshapeptr
524C32AD47B8C9BC,rex_grind
5250F546E71E2BC1,rex_mp_price_1_1
5255779EF700FE97,hud_icon_killstreak_reinforcements
5256805611390645,ADSRCurve
52573A8DBCA8C4DC,ping_killstreak_autodrone_hostile
52588C7413ED996A,mp/gunsmith/lm_mkilo3_variants.csv
5259EA7214685809,perk_trait_combat_alert_rex_mp
525DBA3A2A546310,navmeshdataptr
525E8872C55B541B,hud_reticle_s45pday
5262D597444AA4F9,breacher_drone
526B091C55C58549,cer_ui_bp_tokens
526B3D2F207269CC,defaultreactivevfxpackage
526B6D82FFA7BAB6,vision/mp_frontend_iw9_bundle.vision
526E8770E7652546,shock/scrambler_05_mp.shock
52741D5F81E44F87,hud_theme_hue_shift
527589AFA03DE89F,overlay_cruise_reticle
52793FEB1052F7FA,mp_cp/vehiclecollisiontable.csv
527AC1362247B5D6,ui.utils.VehicleUtils
527AF9403886BB31,ui_rex_icon_wpn_showcase_la_rpapa8
527E381870F1FB0E,overlay_tac_camera_icon_health
52890F5D001C3610,rex_spotterscope_offhand
528D970981C799BB,radianttelemetrydefptr
528EFB42C9E5BE0A,DynEntityType
5292564BE7DFD625,me_hardware_harddrive_01
5296752275828DD6,ui_menu_codhq_arrow
529740A372FF1728,telescope/phonycontext.json
5297C402D01F8EB3,blueprintButton_detail
52988B9AF2C7783B,hud_reticle_paranormal_mask_forward
529DDE7DB10A9E07,mp/gunsmith/s4_ar_fecho_progression.csv
529E41A2EC99076A,cp_reward_ids.csv
529F24F325006183,uk_tool_box_small_01
529F38BCEE20C50F,WeaponMovementAnimPhaseOffsets
52A0048B6C0FBB9E,StLayerMaskOMPVRaw
52A3D55AB04BD42B,hud_reticle_hybrid03_vday
52A5692EE8C0657C,specialty_wingman
52A626762A7778E4,jup_ui_br_biometric_scanner_keycard_bronze
52A8687979E82EB0,landing_impulsemotion_intensity_med
52AA8F72B2F08C36,eng_mp_rex_mobility_trials
52ADC9F6016C5633,ui.utils.NavBarHudObjectivesUtils
52B0F8C9F744CCB3,overlay_tablet_killstreak_launch_initiated_grid
52B2450C9B65965C,mp/loot/br/default/lootset_cache_gulag.csv
52B2906F54AEAC03,popup_border
52BC6E1F5695FBA4,ui_rex_icon_ks_crossfire
52BCB6738F517F60,FxParticleSimAnimationHeader
52BD7911FDB43F28,loot/battlepass_season4.csv
52C236A5BFE6F123,rect_slanted_caps_h3s
52C26B326FEBEC3B,VehiclePhysicsSoundGroupSimple
52C4ED383F463075,ui.utils.PlatformUtils
52C89A83FE2A8F21,icon_loadout_build_watermark_rusher_commando
52CDB3EB09D64872,cruise_package_rex
52D0D14445347B60,Caliburn
52D43CB39796DAF4,buyStationDefs.csv
52D7C0839A9824B2,mp/gunsmith/s4_ar_chotel15_variants.csv
52D96A365D12AE03,ui_rew_icon_lethal_frag
52DD2FA98D3F30FC,ui_menu_cac_playerprogression_bck
52DDD771D8B2DD6E,specialty_trait_combat_mobility_rex
52E02F3D00CBC2A9,ping_loot_equipment_battlerifle
52E1D457597ECBB4,AishootstyleslistDef
52E39BEBC0913122,default_mp_modesettings_t10.cfg
52E7111EFA694F88,loot/iw8_lm_t9fastfire_camos_ids.csv
52ECDED13B10777F,grind_flag
52EE963720EA64F6,loadout_preview_terminal
52F14A6871873351,volumetricsmokesettingsdefptr
52F26B1935EB9C06,BATTLEPASS/TIERS_UNLOCKED_CELEBRATION
52F76E59B3B9CFB0,ui.utils.InGameStoreUtils
52FA92193ABA8553,localizeentryptr
52FAC03575894B4C,tutorial_br_plunder_1
52FAC23575894EB2,tutorial_br_plunder_3
52FAC33575895065,tutorial_br_plunder_2
52FEF49D1F548CA2,br_duos.cfg
53008063A93432CA,AttTacticalADS
53048CF02752FD66,defaultfoliagevfxtable
5304EC0CA12B2848,mp/loot/br/saba/dmz/lootset_cash_register.csv
5305AD5F78897EE5,rex_attachments/rex_pgrip_ass_limax
5305C773124EA245,sat_ui_icon_prestige_permanent_unlock
530ABCFDEA155025,mp_t10
530B93B07F0B8FEB,SndAliasData
53117CFD109FAD9D,ScenarioDownloadState
5312F2860AC41164,body_mp_default
531576DBAD906899,rex_attachments/rex_ironsdefault_psierra41_desc
531669DC3103E547,mp/loot/br/dmz/lootset_train_safe.csv
53183023A447B87B,rex_mag_tango73_topload_std
531851EE2F4D63A3,mp/gunsmith/s4_sm_thotel_progression.csv
5319F9503321AB21,dual_minigun_heli_rex
531F830C5FB1B8F5,veh8_civ_lnd_mindia_burn_static
53211681C6461BFE,mp/gunsmith/sm_t9semiauto_variants.csv
53272E30B53026EB,rex_payback
532A195750E24E71,ui.inGame.DriverHudHooptyTruckContainer
532F68CDD9184B83,ui_bp_aar_tag
53312474ECBE9F86,mp/loot/br/default/longrange/lootset_named_Location.csv
533125DD1B6350D4,icon_global_notifications
53315E232A79EF0D,ivec3_t
5336B99A7EA002BE,ParticleCurveDef
5338437D3B0256B1,pathnode_constant_t
5338C0E2A5F3324D,defaultperlinnoise
533B6CBC8F62ECB6,ParticleModuleInitSpawnShapeEllipsoidDef
533E9A8BEE8C2D39,xanimpayloadentry
5341AA027F0086C4,mp/gunsmith/s4_mg_dpapa27_progression.csv
5341D0FFBEE40F4D,iw9_pi_swhiskey_mp
5344E5F3ED59231C,ReverbPresetDef
534594C7EB6FAE37,iw9_fe_op_select_sl_west_confirm_01
5346836B9233E777,ui_rex_loadout_killstreak_backer
53481B183E6E7C36,empty_ring_fill
5348752E92379984,mp/loot/br/ww2_plunder/lootset_cache_spawns_bunker.csv
534A03E72916C7BC,ui.utils.OptionsUtils
534A0D4541A12F70,frontend_options_background
534A3138EFC2A705,omnvars/cp_mp/omnvars_team_pose.csv
534AE9E8CB38F99A,lua_menu_mp/infect_hc
535261CB7C8478A8,SndMusicAsset
5353B3DF9AA0904F,aar_progress_bar_gradient
53543B330EA2032A,grenadeweapon_bomb_defuse_search_and_destroy_rex_mp
535627C1B6B4A83E,hud_reticle_highlight_holo06
5356A6B901E6E510,TraverseData
53586AA35CF59CCC,FxWorldTransientZoneRuntimeData
5358F048F9CF39BC,icon_waypoint_groundwar_tac_insert
535952DF14398F02,ee_sign_commercial_pharmacy_pickup
535B0C2FE46C8AA2,vision/damage_radial.vision
535BDA37FB41A0BA,sndreverbdefptr
535D85E784A00DCF,ParticleModuleFlags
53621BB9C1905186,ScriptBundleValueType
5363095C05F2E2C8,loot_card_border_flare_common_
5367D40C703F3F59,mw_store_title_british_metal
5369305048CB7FBD,rex_pgrip_ske_sierrax
536F1B43EC5FB001,rex_bipod_golf28
536F44451C6FA625,BSEQFilter_FarthestFrom
53700E25C6617EE6,loot/s4_pi_wecho_camos_ids.csv
537566AB96C09CBF,scriptbrushmodelflags
5378263CC055BFA9,ui_group_main_emblem_lg_01
537AB62777BEAE81,options/gr_veh_turn_right_desc
537B9B4FB6F62C7A,fence_wood_planks_01_128_paint_white_lm
5381207656AC3633,MaterialAnimationParamsTrigger
538176FB4DD1422C,ping_objective_defend_package
5381825F6F7E23F0,hud_icon_minimap_vehicle_jltv_mg
538709D425A9C88D,attmeleeimpact
53871ECC9E7FD47B,jup_loadout_armory_entry_main_gradient
538819EF3660D223,mp/loot/br/doubledown/lootset_root.csv
538C3A7C68629559,sndglobalvolmodptr
538E50CD185FE314,rex_loadouts_order
5391B79E546862BC,veil_upsample
5394770E240B8D76,scope_composite
539707473D127D9D,widg_gradient_left_to_right_strong
539746E60D4D5220,hud_br_plunder_chevron_ultra_slim
53994F71030A1CC8,ui.utils.mp.GroupUtils
539997C70A68F1F5,rex_guard_bmike3
539C6DB5F5D8DB70,hudwarnings.csv
53A12DCEBAD2AF21,buttons_menu_mp.cfg
53A455FEA72A28D4,bc_gamestatus_boostwin
53A69F01A38B1D2B,XAnimNodeDef_ServerRagdoll
53A6E8D3671D6F9D,solo
53A7C369BDA49AF7,hud_reticle_shining_dot
53A86C1ED804887F,mp/loot/br/mp_sm_island_1/rebirth/loot_table_zones.csv
53ABD36E96C4537A,mp/gunsmith/sh_t9leveraction_variants.csv
53AC55B0C6291373,rex_ks_gesture_minijugg_mp
53AD9E69FFD35783,ctdm_heat_icon
53AEDD782E793AF2,XAnimNodeDef_ToggleAll
53B1FF4DD6182BD2,icon_global_navigation
53B9FAE4CA3F103A,FootstepNoteTrackCycleTime
53BA137DD581CFCC,loot/jup_loot_master.csv
53BA8987678EC2FA,kbm
53BAF874F511D730,RegisteredImpactType
53BFF6FEEA4E6655,XAnimNodeDef_HideUpperBody
53C12987987F655A,XAnimNodeDef_LookAtEye
53C57DC14479273D,ui_rex_icon_perk_prog_lethal_reach
53CF81F1D430E957,menu/throw_special_grenade
53D613CD8E47B8F8,equipment_icon_showcase_blinkknife
53D6CB36BC3ACEBC,rex_gunship_40mm_turret_mp
53DACBC65B2CE38D,faction_smith_proxy
53DF2276201EC56A,blueprints
53E1754A867BA590,ping_location_fogofwar
53E54FC7E6D046BE,firetype
53E5BB5F275A6AE6,mp/loot/br/dmz/lootset_supply_drop.csv
53E74C7B27A7149C,ping_objective_defuse_device
53E7A714634D97ED,ctdm_buff_heal
53E93EE9AFA3B146,defaultcurve
53ECA94ED25E84A9,SHORT_RANGE_rex_ar_akilo
53EE007BB9F41CDA,sp_reward_ids.csv
53F576B580A70640,mp/gunsmith/s4_mg_malpha7_variants.csv
53F77E49D4432C98,TraceContextSpace
53F8150DB43678CC,loot_card_border_flare_base_
53F83D8C48D4D13C,reticle_meter_1
53F83F8C48D4D4A2,reticle_meter_3
53F8408C48D4D655,reticle_meter_2
53FB30A5B6DBD213,mp/loot/br/doubledown/lootset_superstore.csv
53FD5654DE5F836D,globalff
5400470854B36C96,nav_debug_tri_t
540143F7CCB2E50E,mp/loot/br/kingslayer/lootset_extra_plunder.csv
540222711ABD444E,ui_rew_icon_perk_field_medic
5406BF3598936870,Mapspawnpoints
5408F4D9715482B6,ks_manual_turret_mp
540DE16396EB7646,ping_boss_shieldmaiden
540DEFDBE9BEA279,XAnimNodeDef_BlendSpace1D
540E2E4E008731B8,ping_objective_kill_package
540EBF69AE2F06C4,ParticleBeamEffectUpDirection
5410C8BD7485F768,mp/loot/br/dmz/biobunker/lootset_cache_spawns_tier3.csv
54111DDBE9C1267A,XAnimNodeDef_BlendSpace2D
541143199F4A16C9,fastfilemoduledef
541326404BFEAC9E,hud_objective_circle_segment
54138AB563CFD746,mp/br_drop_zone_info.csv
5414C03BE841CDD7,ping_objective_spotted_flag
541554A5F688EC59,ee_construction_tool_box_metal_01
5416B1564FC5C977,specialty_trait_backpack_extra_slots
5416D3E131339A9C,rex_me_cinematic_sp
541DF7EDF0D0B5EF,icon_waypoint_jugg
54212696B7AB7E80,mp/loot/br/truckwar/lootset_named_Location.csv
5421D438EFC9A083,icon_settings_import
5422E868684E8EBE,mp/loot/br/saba/dmz/lootset_hanging_clothes.csv
5425D4CE630950F2,loot/iw8_ar_akilo47_attachment_ids.csv
54274E9823990B67,options/quality_low
54284908C5F7E79D,f9h7nrsr8
542A47EB627D2442,omnvars/mp/gametypes/br/omnvars_base.csv
542E6BAAEC02235B,ScenarioInstall
54321B563CC84D15,sndbreathsettingsdef
54339974DECF4473,mp/recipes/esc.recipe
54345D1D0A56AA45,VehicleSteeringType
543548912A6558B7,hud_reticle_halo_dot
5435A5B3DABA0904,specialty_hustle_rex
54362D8F601AB6C3,mp/gunsmith/ar_falima_variants.csv
5436ECE5234F5276,ui_rex_icon_perk_fasthands
54376C1167DB4EA5,ping_killstreak_sentrygun
54381B79FA14DB11,mp/loot/br/dmz/lootset_saba_oilfield.csv
54395373711EC40F,GfxReflectionProbeRelightingData
5439F70683743A33,loot/battlepass_season1.csv
543C75BBCEF8894C,zm_sat
543D9FA2DC8607E7,GfxReflectionProbeObb
54438E68486D1926,bc_fieldupgrade_action_rallyingcry
544510901280BA98,phone_05
544511901280BC4B,phone_04
544512901280BDFE,phone_07
544513901280BFB1,phone_06
544514901280C164,phone_01
544516901280C4CA,phone_03
544517901280C67D,phone_02
5446116D50D0046A,mp/loot/br/rebirth/lootset_root.csv
544614B4DA01FFA4,ping_objective_capture_juggernaut
5447A93F5B953636,icon_waypoint_locked
54484131A981E28F,ping_objective_spotted_dogtag
544922B163618997,loot/iw8_lm_sierrax_camos_ids.csv
54494520C4D0E317,AttLocationDamage
544A1BD2AEAB5806,mp/loot/br/ww2_plunder/lootset_contract_scav1.csv
544B38E944A0A145,hud_reticle_highlight_center_stango25_zoom
544FD13DFAC41A69,mp/loot/br/rebirth/lootset_cache_reusable3.csv
5450AC285892A451,mp/loot/br/dmz/biobunker/lootset_duffel_bag_02.csv
545157F45A5E316C,ui_mp_br_loot_icon_ammo_high_detail
5451BDA65FCEA67D,rex_pgrip_flared_hotel45
5452231D7C3F4723,airdrop
5453B1C20D4516A4,mp/loot/br/horizontal/lootset_contract_scav2.csv
5453B328787F9145,mp/gametypes/front.txt
5457F9285E1159D5,AdsAltSwitchInterpType
5458908048DEA041,mp/loot/br/clash_mgl/lootset_buildings_abundant.csv
5458D07053ECB30D,icon_edit_player_loading_lg
5459E0E012A8F759,DynEntitySpatialActivationMode
545EAB707D820C9C,CalloutMarkerPingMetadataDef
54606FA3766B0E6B,ctdm_buff_wall
546132D2EAE0928B,ParticleSystemHandle
5461AF887156EBF4,mp/loot/br/dmz/lootset_toolbox.csv
5464077C1AE37C28,LuaAnimationFrameValue
5466AC1E08D3C3EC,rex_golf94jugg_broken
5466EF723151F878,rex_attachments/rex_bar_kilo2_broken_desc
54683DCD885246AD,equip_gas_grenade
54693D84ED6534F3,mp/notify_all_progress.csv
546A2E67A013C340,ObjectiveString
546A4B89CE5B7192,options/gr_veh_turn_left_desc
547059A8C7586024,ui_gunscreen_witch_death
5471741552910388,loot/iw8_ar_t9accurate_camos_ids.csv
54731677F70C757C,codcaster_team_customization_default
5473ABFF2AE4BE7F,ui_rex_icon_playercard_0101
5475F17FC35BED55,stringtable
5476B0DF3C02313B,equipment_icon_showcase_biospike
5478DC05F5BE71FA,ClientEntityLinkToDef
547A6CDE8062CDB7,rex_xmag_hotel45
547CF99CAB8CA489,loot/iw8_ar_t9fasthandling_camos_ids.csv
547D284E1CE01F25,ui.utils.ClientModel
547EBBB5082E7AEC,ui.SubtitlesLayer
548062E1EE98645D,lensflaredef
54823D647697A441,levels/tower_desc
548240B502BA624D,hud_icon_equipment_spotter_scope
54829101047640AF,AttUI
54862093EBBACA13,hud_reticle_top_segment_fourx02
54891D216E3B1297,BSEQState_Behavior
548BB488E5420545,rex_dmscope_findia
548C1C04A8A84013,WeapDetonateType
548F68352A87D9B6,brloot_super_stoppingpower
5491E86CFF8F2F86,sat_cluster_grenade_ob
549782AB5842C9A7,icon_playlist_score
549805A11DC010C3,IODINE_PILLS
549B5D3AC25CC4CA,menu/stick_move
549E1A0A13EE6C37,ping_vault_code
54A0EAAA4701CCFB,GfxLightmapRaw
54A29D541CEF5BBC,ui_gesture_devil_horns
54A4F1FED6F21468,ui_rew_icon_perk_stocked
54A5A65260044B6E,iw9_spotterscope_killstreak_thermal
54A64A478200503B,ping_killstreak_airsupport_generic_rex
54A90FB751A20C18,specialty_trait_survivor
54AB0A2FCE2612EB,AnimOverride
54ACCB7B34E485DE,ui_waveform_reveal
54B0A836997AF3D0,options/use_desc
54B1F4B19B74678F,un_office_binder_open_02
54B1F5B19B746942,un_office_binder_open_01
54B5D36064826318,mp/loot/br/kingslayer/lootset_cache_pe_chop.csv
54B7E62C107F1178,icon_mic_banned
54BB76679CD24461,maptilesInfo
54BB8299E54F7CD0,mp/stats_init_ranked_loadouts.cfg
54BBF478FE88C0B1,mp/cinematic_camera/killcam_agent.txt
54BE71DEAB194770,un_office_storage_box_01
54BE8EB936D14EAF,hud_reticle_bracket_side
54C1953BFB2EBCED,hud_icon_fieldupgrade_tac_cam
54C20989E9FC237B,SndDistanceShape
54C5644C18CE1732,XAnimTreeDef
54C90F97F2A909BD,mp/seasonal_event.csv
54C99F2D87B610FA,mp/gunsmith/s4_me_sledgehammer_variants.csv
54C9A3D989FC76F3,ping_request_gas_mask
54CD3FB272877A05,mp/loot/br/ww2/lootset_cache_pe_chop.csv
54CD86E58421E6D0,ping_inv_have_weapon_riotshield
54D30521DF7BDE70,AISpawnDirectorEncounterType
54D36598592796FF,mp/subarea_tuning_mp_sealion.csv
54D48874325656AC,bc_equipment_incoming_butterfly_mines
54D7DB76E7BDE2DA,rex_ks_gesture_minijugg_takeoff_mp
54DE1010B3BC5512,SeExprExpressionDef
54E0AC49B5E6417A,ReloadCheckpoints
54E15E29505EBD5A,ui_loot_gesture_live
54E40DE5159E90A2,rex_bar_lng_sierrax
54E56057C81BFCF7,cfg/buttons_stick_move_alt.cfg
54E6FCD20E86E775,DismembermentRemapBoneEntry
54E75BF72270511E,ComMapEntLookupEntry
54E855A02CFA9F80,ui_icon_social_generic_offline_large_color
54EA4DDB2ED78157,loot/iw8_sn_crossbow_camos_ids.csv
54F1268724708065,quickaccessoptions.csv
54F1702588DC225D,mp/loot/br/saba/dmz/lootset_school_locker_b.csv
54F7388CAFA53F68,ui.utils.mp.FenceEXGM
54F7D5288C497452,ui.inGame.DriverHudHooptyContainer
54FBEA05E3E82CC7,rex_hardcore_kill_confirmed
5504741FC02A38B6,ping_loot_equipment_spotterscope
5509560F7CB5A487,mp/brattractions_race_locations.csv
55099C0222F7EDB6,hud_circle_fill_thick_whole_small
550B6B18527961DE,veh8_mil_air_lbravo
550B6C3D5BF62FB3,mp/loot/br/default/lootset_superstore.csv
550D46114DC08649,RadarDef
5511BF4B6D555224,XAnimNotifyInfoNonStreamed
5512501DA813FF2F,preloadfrontend
5514307BCC54726F,sat_ui_wc_power_shard_icon
551491CC54C23EFE,icon_generic_random_favorite
55194CD876E2B5CF,materialanimationtype
551A1C6AE4E17C01,defaultturretshootstyle
551BB6316C572D5E,ui.utils.mp.FenceOnlineServices
551C4EE20858C92B,spinner_streamer
551CC34F99B0A188,ui.utils.GesturesUtils
551CFC0B03A4026F,sndcontextdef
5520563B14C8A2E8,animselectortables/soldier/soldier_traverse_warp_down.csv
55259FF5C4DB4ECE,omnvars/mp/omnvars_scorestreaks_br.csv
55267BE5B6E95492,rex_stock_hvy_svictor98
552738DC6CDBDF2D,apache_reticle_corner
55291D5C2A63D2DC,elevator_use_hint
5529D59D35B00D44,mp/loot/br/dmz/biolab/lootset_medicine_cabinet.csv
552B6A41131D70AF,operator_select_side_dual_blur_inactive_mask
5532B47CA9E4E91C,veh_diagram_sedan_hatchback_glow_body
5532BA5441A4CFDD,luavaluetype
55376DBC0655B9E9,aimarkupdatageneratedptr
5539574103B98AF6,hit_direction_stun
553D6320B06AAC8F,bc_equipment_action_decontaminationstation
553F8F0A7246D401,overlay_turret_back
5540809FF5145EA7,ui_rew_icon_tac_spotter_scope
554272273E2E99EF,XAnimNodeDef_ParticleDynamics
5545D0D5857F303A,gpu.csv
5547CD5B6A354C05,aigrenadeutilityoffensive
554AB87A2AA4DEC1,un_office_paper_shredder_01_trash_can
554CE2A090EEEF6F,specialty_trait_extra_lethal
554DF4D8BE4C59CF,viewsensitivity_high.cfg
5550A2217426A5B4,defaultspikeprofilerconfig
555108A101420E41,mp/loot/core/risk/lootset_contract_scav3.csv
5553311186C75495,specialty_trait_killstreaks_rex
5553EA4AD062B29F,ui_rex_loadout_content_frame
55557A96EB433A84,techsets_sp_rex_meltdown_subset_ai
55575C782448F16D,mp/classtable_br_default.csv
555FD4362872DD1E,mp/loot/br/gold_war/lootset_empty.csv
5563EA4F526E30D9,icon_bnet_available
556686F7357C5D89,hitmarker_wide_bold
55696B1E4FAECEAD,omnvars/cp_mp/zombie/omnvars_zombie_last_stand.csv
556A005CB8A19361,loot/iw8_lm_mgolf36_attachment_ids.csv
556B95F5FE46DE27,onboarding_bounty_1
556B96F5FE46DFDA,onboarding_bounty_2
556B97F5FE46E18D,onboarding_bounty_3
556E73F8EB8E320A,hud_splash_zombies_missions_header_right_story
55718F0557BD5375,ui_rex_icon_wpn_dm_golf28
55777AE2638CDFB7,clantag_sha_rex
557BCB4FC78168F3,rex_minireddot04
557BCE4FC7816E0C,rex_minireddot01
557BD04FC7817172,rex_minireddot03
557BD14FC7817325,rex_minireddot02
55817BFCA14BD6CD,ui_rex_icon_fu_tac_insert
558856F02CBDFBF2,binding_mouse_middleclick_border
558DBBF5F1AC6030,debug_allies
558DFAC2A96466B9,mp/recipes/dm.recipe
5590B74B4EFEDE2F,icon_generic_checkmark_large
5595907DB53CDC3A,frontend_left_info_vignette
5595F2BFD7D20227,ui_rex_loading_screen_mp_silkworm
559864D090242399,bp_a24_border
559C700301AF2EAB,GfxPrepassType
559CC98AE908AAC9,mp/loot/br/dmz/lootset_saba_ambulance.csv
55A0424002612A2E,vision/ac130_enhanced_mp.vision
55A05F9107AC6933,WeapStickinessType
55A0809B4CCDCDC4,radial_select_arrow
55A13CF9693C3EFB,hud_reticle_base_cross
55A219FAA5A8BFB9,rex_hijack_bomb_carry_mp
55A4CAAC8EA1AA2F,VehicleBoneControllerDef
55A4ED198A862492,ping_vehicle_tank_neutral
55A68F3C3561C732,br_loot_cache_lege
55B056ED3E2F2A66,loot_mp/placeholder_desc
55B142BD1B6AD19B,overlay_wheelson_diagram_turret
55B2AF216350B738,wgvchannelsettings
55B4886C4EEBA257,rex_stock_tac_xsm1
55B62CB4F39EFD5B,mp/gunsmith/platform_056_progression.csv
55B789A625FF8E5C,ui_widg_tag_cap_chevron
55BB6158CE32F36E,rank_icon_23
55BCC3DD40CD5270,rex_minireddot03_pstl_decho
55BD257F8B94E047,specialty_trait_paratrooper
55BDCAD311A18B12,mp/classtable_br_resurgence_mgl.csv
55BDF61405768373,tacpoint_t
55C0860616D21981,rex_sweeper_drone_deploy_weapon_mp
55C24357D667C4D8,specialty_grenade_expert_rex
55C653FED470AEC5,jup_ui_smart_displays_billboard_weather_overcast
55C7A344B70E8181,equip_armor_onehanded_rex
55CAEE0FF9666C5F,equip_semtex
55CC5C78D6B3F0EB,loot/emblems_ids.csv
55CD823F049499CB,rex_mp_equipment_preview
55CF80B11243C033,bp_a00_border
55D1DC40359DCDB8,clantag_3arc
55D218C0C38B6DE5,cer_ui_aar_background
55D322F56F93F386,ping_vehicle_danger_heli
55D34C616B10C217,brloot_weapon_dp12_unco
55D4E6F687FB7BDC,prop_uav_radio
55D51DB092473757,VehicleSimAirControlDef
55D583E24FE3023E,VehiclePassengerInfo
55D77D753ABE53D9,VehiclePhysicsEngineType
55DCFD10BEC4C1A5,mp/gunsmith/s4_ar_promeo45_progression.csv
55DDAE2DC0ACB72D,Bounds2D
55DF628091049E6E,rex_bar_xar1
55DFA60D56581B2A,defaultsoundevent
55E0008C1EC03BDD,gfxworldtransientzoneptr
55E0E499D295E1FD,omnvars/sp/omnvars.csv
55E3656217A34941,veh_diagram_suv_out
55E439F05DED2D84,ui_mp_br_contracts_splash_icon_dom
55E48427775C1678,dinnerware_cup_ornate_01
55E5F614BD273D72,sat_menu_ranked_play_reward_background
55E85CD1A24DD43A,video/bink_nonlocalized_audio.csv
55E8614AD0463E3E,dev_proto_viewkick.cfg
55E8D27EE7A5B3E6,mp/loot/br/respect/lootset_contract_supply.csv
55E976A142F17F46,omnvars/mp/gametypes/omnvars_training_course.csv
55EB5141EE09DFDC,tool_rake_shovel_01
55ED260B8ED85E61,ping_inv_drop_weapon_smg
55F3E003CAB8124C,mp/faction_two_forfeited
55F775D56B9F32E5,icon_dmz_large_checkmark
55FD43C6D196DCC8,BSEQStateScriptCalls
55FD99F394D98E04,mp/stats_init_leagueplay_loadouts.cfg
560381FE8EAF9096,mp/automatism/weapon_class_groups_for_auto_grab.csv
5603E3E4F705DFA0,icon_social_plat_playstation_lg
5607586C1A29713E,mp/loot/br/kingslayer/lootset_contract_dom.csv
56095655D4FB87BE,mp/dmz_biobunker_spawn_items.csv
560B6EDD3AD268BF,ping_vehicle_husk_truck
560CE894ABA0029A,rex_grip_vert_broken_kilo2
560DBC2F03CE507E,mp/defaultstringtable.csv
560F339BD8948905,hud_reticle_pentagram_b
560F399BD8949337,hud_reticle_pentagram_h
56128C1F6352F16B,kitchen_knife_set_01
56138E1C7899054C,rex_ironsdefault_xsm1
5614AD2FD41CF62E,rex_dynamic_null_launcher
56150CFA961AA9B9,MaterialUvDistortionParamsKeyframe
56162C8DCD5E08AC,sp_menu_pulse_circle
561A8FACD08279B0,rex_ar_kilo2_jae
561C74509E7E2626,gun_unlock_challenges.csv
561CCE483209CFE3,rex_bar_sht_findia
561D78BAD68F61CE,rex_rec_defibrillator
561DBE7FFE5495E3,rex_rec_mike4_rex_wz
5623605012A9C9F3,rex_bar_sht_kilo437
562474359F27066C,gscobjptr
562482545F8037D8,cp_wepbuild_lock
56252E35A40D11F1,uint8_t
5628AB8C4DF748BF,mp/loot/br/clash_mgl/lootset_contract_scav1.csv
562913C14EB9CAFC,specialty_trait_killing_spree
56293F84E2F59C25,nav_raw_custom_volume_s
56303521D09B4B56,mp/gunsmith/s4_sh_mike97_progression.csv
5634B2130EB2107B,ui_mp_br_loot_icon_gear_gasmask_pip_dark
563BB405DB7E854E,military_dogtags_iw8
563D1460A7CF5716,hud_reticle_loot_s2bp1
563D1760A7CF5C2F,hud_reticle_loot_s2bp6
563D1D60A7CF6661,hud_reticle_loot_s2bp8
563F8C394895B1CD,mp/loot/br/plunder/lootset_cache_rogue.csv
5643BB5700109DBD,ping_inv_have_portablebuystation
5648AAD08A5CD0D3,materialtechniqueptr
564981A0020E3BEA,raw_float16
564D2056D85EC6AB,SndModifierChildrenData
564E26451F55EFFD,vision/drowning.vision
564F823A866C6F96,cos_iw9_501
564F833A866C7149,cos_iw9_500
565294ACD878F182,gfxpbgworldptr
5654AE83762F822A,ui_rex_icon_wpn_showcase_dm_findia
5656953A8672AE8D,cos_iw9_526
565807D5FAD981F5,ping_loot_equipment_thermite
5659B66A96C46F51,cp/cp_intel_categories.csv
565B8A0B37C37DEA,FontDef
565C01D1AAD25D3E,hud_tablet_warning_stripes
565D0A737C01F807,mp/loot/br/truckwar/lootset_cache_base.csv
565F87A95C7627D6,rex_mp_milsim_ksk_arctic_1_1
56603CF364E8CCEB,ui_lobbyplaylist_button_wz_br
56607914FB99B3E4,MapVoxelizedState_RingBuffer
5664AE74ABEC3B1D,gamemodefeatureflagsdef
5665FC6E35831143,mp/loot/br/ww2/lootset_cache_ultra.csv
566C422DBC358B53,perk_eod_rex_mp
566D78460A65D42C,jup_prestige_challenges.csv
566E3F9F2230E7F8,specialty_restock
56708FBD39939B26,rex_preorder_vault_mastercraft_4
567090BD39939CD9,rex_preorder_vault_mastercraft_5
567091BD39939E8C,rex_preorder_vault_mastercraft_2
567092BD3993A03F,rex_preorder_vault_mastercraft_3
567094BD3993A3A5,rex_preorder_vault_mastercraft_1
5672E239FC625A40,ping_inv_have_weapon_assaultrifle
5672E3E72938FBDA,WeaponOffsetSwayMotionStateDependentSettings
5673D21ED97E147E,EquipmentSFXSoundSetMoveTypes
567463C4300F9DFD,sndfutzdefptr
56765FB58EE89716,rex_stockno_sierrax
567AAD558775D240,hud_reticle_02_h
567ABC558775EBBD,hud_reticle_02_g
567C9F238F1E8C1A,mp_rex_tumen/callout_hoesik_supply_room
567E2B87738AFED4,FxGlassGlobals
567E3E5EA3C29F81,ui.utils.URIMenuQueryHandlers
567ED34D6B1188D3,influencer_equipment_molotov
567F6296476DA710,widg_gradient_bottom_to_top_opaque
56842AC5ECAA8FED,rex_gripside_vert
568482F3791775B6,behaviortreeptr
5685F35F1DA178FD,rex_grip_mike4_pdw
568A56DBDF3551F2,dev_proto_camera_impulse.cfg
568BDC78CDCCD7CD,bp_a06_border
568CF5E1BEB4D960,ParticleModuleEmissiveGraphDef
56901F98A39ED6B3,rex_semtex_sp_tripwire
56915CE5577FDBF3,chopper_gunner_turret_ballistics_mp
56950E866A291F59,BallisticInfo
5696496FB20B30F7,ping_fieldupgrade_trophy_hostile
5698252B2109B3FF,ping_vehicle_atv_neutral
5698CBBA656BA9EF,drillgun
569A05640FBE7E79,hearing_compensation
569AFAED92DD79EF,clantag_coduk_rex
569C9E5CE8ECCAE5,shock/flashbang_mp.shock
569E60085209E5A4,menu_button_shape
56A1015C76DA3986,rex_bipod_findia
56A245DC27E3CA25,channels/rename
56A6E2C2B75BF8A5,mp/loot/br/resurgence_mgl/lootset_cache_spawns.csv
56A8584BD42DB7E7,mp/loot/br/default/lootset_cache_medicine_cabinet.csv
56AEB7DAAD436172,bc_killstreak_killfirm_juggernaut
56B31756DE261795,GfxStaticModelLightGridVolumeFlags
56B3A50CD85E5909,ncs_wep_global
56B5A71221E7B540,mp/gunsmith/me_t9sledgehammer_progression.csv
56B5C2B08E06C0DD,mp/loot/br/gold_war/lootset_contract_scav2.csv
56B5E67EED2849CD,hud_splash_dmz_accent_cross
56B6E411DFA39450,loot/iw8_sh_t9pump_camos_ids.csv
56B93685F27C90F4,mp/loot/br/dmz/lootset_duffel_bag_01.csv
56BA538A7624CCFB,ui_sat
56BCFEA70401001E,null_pbgcurve
56BE84E5730CBE6D,omnvars/mp/gametypes/omnvars_esc.csv
56C0998FB9FBC22A,overlaytargetmarkerfriendly
56C1D322B00E3D2B,rex_sh_bmike3_sp
56C3DD71A2B8DBC6,ScriptableEventMatchRuleSelectorDef
56C414FBE48AD4E5,ae/ae_operator_challenges.csv
56C4C36A5A83F89E,XAnimJointConstraint_Hinge
56C5937DC3342A38,ReactiveOperatorDef
56C6DD83B822B53B,hud_reticle_number_4
56C6DF83B822B8A1,hud_reticle_number_6
56C6E083B822BA54,hud_reticle_number_1
56C88E1CF1B3E362,electrical_conduit_set_electrical_box_big
56C9092701ABAA03,specialty_trait_combat_scanner_rex
56C9D4BCB0C6568A,trial_medal_gold_sm
56CBBF688CE1A57B,icon_mission_operator
56CD0B4AFCCC770E,bucket_rusted_empty_01
56CDAEDEC1CE6104,hud_vertical_divider
56D68FF34A6878B8,ImpactSFXTableDef
56D74E0CB4576C6F,aim_assist/view_input_0.graph
56D7BC142E5F64EF,bc_equipment_action_generic
56D7DB16DAD99DE2,mp/loot/br/plunder/lootset_cache_reusable2.csv
56DA26EE178FB77B,ParticleCurveScalesDef
56DA62F89E768576,hud_reticle_fourx04_range_vday
56DAD74540CB71E1,cfg/buttons_one_hand_left_small.cfg
56E1FED69B01FB0D,rex_attachments/rex_rec_kilo2_desc
56E22BDDC55DA1B3,ragdollasset
56E25AAF2A146EF5,brloot_weapon_grau_lege
56E2D1653E03F4C3,loot/taunts_ids.csv
56E4518D0F6327B0,Scr_CreateNavBadplaceByShape
56E4F741A5AD27E0,jup_sticker_book_challenges.csv
56E81983686E467E,AttWeaponMotionOffsetSwayScale
56E8544237D43CE0,icon_dmz_faction_legion_story_mission
56E9BC574ACD9D63,pellet_grenade_mp
56ECBFD6E39DA31E,ui_rex_ingame_hud_mp_game_state_objective_enemy_frame
56ED145D3A2CBB5B,default_systemlink_mp.cfg
56ED22B4BD6C4261,clientsdisconnected
56EF08CA88F82FEB,mp/loot/br/default/lootset_contract_scav2.csv
56F27D407C0E2010,ui/stringtable/weapon_attachments_scope_animation.csv
56F4FDB10AF165F9,cfg/buttons_bumper_jumper_tac_alt.cfg
56F5770F4214A016,loot/s4_mr_ptango41_camos_ids.csv
56F6FCA67A2CAEAB,death_ray_cannon_zm
56FA15B9A6C57E80,metabonelistdef
56FBA43EC7EA61E2,rex_pgrip_ass_kilo437
56FC3E0FD04F4371,WaterBuoyancySurfTypeParams
56FDE98FD7890C56,loot/s4_sh_lindia98_attachment_ids.csv
56FEAF3A1D6B3708,$zero
56FF96CE686F8954,jup_ui_wm_escort_pointer
570124E4557119FB,specialty_trait_workbenches_rex
5702EEA5D183031E,AttProjectile
5704980AAB471360,mp/recipes/sotf_ffa.recipe
5706310B47AD7303,brloot_weapon_pkm_rare
57069843E9FB2852,weaponcompletedefptr
57077CCC4C450600,hitmarker_condensed_light
570922342B4783E4,cfg/default_systemlink_mp_cdl.cfg
5710FF1374914EC8,XAnimCustomPinConstraint
571929022FEE5330,cfg/buttons_default_alt.cfg
5719C4538F58E06C,mp/stats_init_leagueplay.cfg
571A024F18093DE6,specialty_trait_bounty_intel
571ACF22B05A5F35,rex_sh_bmike3_mp
571B5B0019FC9CDF,mp/gunsmith/s4_sm_mpapa40_variants.csv
5720D9228DD003A1,ui_rex_icon_perk_memento
5720F74CB8E44524,ui_rex_icon_fu_supportbox_ammo
5721904378415F6B,ui_widg_tag_background_doublechevron
57221B6E4F319C62,ui.utils.PartyUtils
5722810E6E910818,WeaponMotionNvgAdsSettings
572292D69DBEA9D2,omnvars/br/omnvars.csv
57238D6BF192EE15,suppression_rounds_mp
572538E7FC0BE41D,vision/gunship_25mm_crt.vision
5726242B1926D14C,cfg/default_mp_gamesettings_rex.cfg
5726A9BB5F00D765,video/subtitles.csv
572810EAD51B9001,mp/recipes/hq.recipe
572834133676B524,specialty_trait_adrenaline_burst_rex
572B5BC22B86CC76,hud_reticle_med02mp
572DA6A83131D580,ping_loot_equipment_smoke
5730F54D3FE3222F,icon_scoreboard_ping_1
5739B1D326E3B808,cfg/default_sp_rex.cfg
573A5555367D4BAD,defaultscriptbrushmodel
573EC4A8350A8931,hud_field_upgrade_radial_segment
573EDE0B637EB293,WaterSystemDef
574309390BE0BA9F,ui_loot_operator_east_kilgore_1_2_lg
574425585B69109A,ping_loot_killstreak_missile_turret
57455680BF632028,mp/gametypes/arm.txt
57472167F51E987F,ui_bp_icon_generic
5748F4671B4FF652,mp/loot/br/ww2_plunder/lootset_contract_dom.csv
5749D6BDCA877CEC,ui_rew_icon_fu_riot_shield
574A1E156EFD1A3B,rex_addsway_psierra41
574BA5363262F281,mp/gunsmith/lm_t9accurate_progression.csv
5751FEE91F513EEE,rex_attachments/rex_rec_mpapa7_desc
5753CD8DC8F7AAC3,animselectortables/civilian/civilian_traverse_warp_external.csv
5754AF549D2B4C39,equip_binoculars
57552BD161337CED,ushortvec
575E03F61C5761F1,XAnimNodeDef_Binding_Type
575E079425832951,ui_icon_gamemode_tdm_sm
5762E9CAA48B094A,ui_rex_icon_reticle_reflex
5763FD7D8853F384,ui_loading_404
576565360AD12D5C,mp/loot/br/saba/dmz/lootset_medicine_cabinet.csv
5766DB7EC0891D02,veh_diagram_armored_patrol_out
57685B068BD00470,VehicleTrickXAnimCurveUnion
5768BC9B7102816A,veh_rex_air_heli_little_sp
576CCD730F2476BD,mp/classtable_br_gulag3.csv
576D07DDF59E33C4,GestureWeaponSettings
57731845383E7433,loot/iw8_ar_mike4_camos_ids.csv
577365E25AF794F7,misc_challenges.csv
5776E8B2AF690B7B,DecalVolumesNormalBlendMode
577DD8B0CF13558C,construction_hardhat_lowres_01_yellow
5781E040CB235C91,bc_combat_body_shield_react
57836A8F53E85284,loot/iw8_me_akimboblunt_camos_ids.csv
57839A5446D7A4EE,specialty_apex_emp
5784FAA640BDE27D,ui_rex_icon_loadout_prog_tier
5786FC198CBE7C0C,ui.LUICalibration
578AB89B711F6104,veh_rex_air_heli_little_mp
578D60EED96B8F96,mp/loot/br/dmz/lootset_comm_fridge_02.csv
578DFE849CB9E01E,mp_javelin_lock_prompt
578F045084FA6249,jup_icon_xp_token_battlepass_15min
579003BCF5E59F3A,rex_rec_kilo2_broken
5793E0D6B3B1E418,vision/scope_arscope_nvgvz01.vision
57945767D339DEDB,ui.utils.TabUtils
5795F3BD4A6792B0,ping_concat_southeast
5797A355797D02AF,mp/classtable_gw_cyber.csv
5797FB6D028B8453,rex_dmscope_therm01_findia
579CD388016D06A9,rex_attachments/rex_laserhip_pstl03_kilo5
579E1BF5538E2B31,fencecodes.csv
579EBE5287B21412,veh8_civ_lnd_zuniform
57A082335D51882B,ping_loot_confirm_engram
57A0A60E10B7E418,loot/s4_tier_skip_ids.csv
57A1500052E3108D,specialty_extra_shrapnel_rex
57A291B464E88001,scrollbar_gradient
57A35401BD24CFC2,shock/last_stand_mp.shock
57A495C4C1C7ABD8,clantag_king_rex
57A7DFE6732F35FD,WeatherPrecipitationMask
57AD35A1388EDCD8,scripted_widget_list_assets.csv
57AF7BC4ACFC34F2,mp/flaretable.csv
57B38744CCCCD82D,ScriptableModelUnion
57B407F032E6028C,decor_radiator_01
57B539C45CC85D25,loot/cer_loot_master.csv
57B9A951FD99282B,cer_ui_aar_global_progression_fill_segment_lg_orange
57BE6FCC8876A7B2,rex_pgrip_aim_hotel45
57C107F47C38B7E8,light_flicker_fluorescent_offset_lm
57C26D789967F11C,ReducedFillSchedule
57C3FB0F03AE35DB,rex_comp_vert_decho
57C474248D7E24A5,ai_scriptbundle_template
57C7024FAD8B35F3,news/mp_newsfeed1.news
57C733B923FEFB2A,mp/operator/s4_arthur_eng_progression.csv
57C84FA7FFFBF41D,ui.utils.TipUtils
57C905F66F0C0FAB,flash_grenade_mp
57CB262D5B6C6291,rex_bar_sht_limax
57CD3139C2F15951,brloot_ammo_762
57CFA16DAAB17A2E,mp/loot/br/resurgence_mgl/lootset_cache_reusable2.csv
57D00FA9D6B19A32,BSEQState_DependencyPassthrough
57D0B185054B4BD4,veh_rex_lnd_ifv_mp
57D0F575BAED38B2,defaulttracer
57D2304AA6B96A6B,ping_loot_equipment_bandage
57D549398064266B,tracerStyle_t
57DB0F4115A814FD,gas_cough_light
57E108B047BBA83E,rex_fe_xsh1
57E33AC4585F69D6,mp/gametypes/_gametypes.txt
57E6AED77F91A6A8,mp/gunsmith/platform_044_progression.csv
57E7E0377E984D2D,rex_ks_target_scope_mp
57E973DA704BF413,icon_loadout_build_rusher_quickdraw
57EA38D125D1DA2A,AttSlideADSSpeedScaleSettings
57EB4B447DA639A7,bc_equipment_incoming_breacher_drone
57EC4BC8650531A3,XAnimNodeDef_IKHang
57EEC2B0CB1659A5,ScalabilityPriority
57F239579A410C3F,bc_equipment_action_nucleardevice_arm
57F3C06174FAA0F3,sp_t10_interrogation
57F56031F0C96051,rex_hardcore_domination
57F79067152E1547,showmax
57FAD7357CA37B85,loot/iw8_ar_t9slowfire_attachment_ids.csv
57FC47BE82D54BC3,lightshadowvideooptions.csv
57FD7C24C48E5C55,perk_breacher_muzzle_rex_mp
58059BD7A53F64DB,mp/gunsmith/sm_t9standard_progression.csv
580C893E43EA0AB7,mp/gunsmith/s4_pi_duniform_variants.csv
580FD1B1F2C96686,perk_equipment_ping_rex_mp
58115927143A9CE4,tac_camera_mp
5811F09A5FF5BFA9,hud_reticle_dots
581385ED3F2EBE8F,equip_frag_rex
581BB585058B3E1A,veh_rex_lnd_ifv_sp
581C07C38D60EDB3,buttons_bumper_jumper.cfg
581C80D067C8D0A4,visionsetPtr
581FE1C983FD027F,reyes_western_a
58224A0BA012CBD8,VehicleDriverControlComponent
5823C0B8A5960CB5,cp/cp_attachmentmap.csv
5824F814AAC07A0E,WeaponAttachmentModifier
58250D357E3F2827,icon_waypoint_enemy_plate
5827A503E677025F,rex_stock_hvy_akilo
58292E7EB0553D15,ui_waveform_active
582AAF29448566BB,rex_xmag_decho
582B0BC072ABC0CC,ingametier3
582B0CC072ABC27F,ingametier2
582D19472F1CF6F8,icon_loadout_deadeye
5830497FC0B57953,ui_mp_br_loot_icon_plunder_extract_balloon
5835FE3E043EA959,bc_combat_killfirm_infantry
58363890E199301C,KeyBindContextDef
583783E9C1D0E18C,ui_operator_bio_bink_overlay
583871AA696E3A6D,ui.utils.FeatureBanUtils
58387C98D3AF798A,button_side_bar_small
584602C41E4C7717,gfxlightptr
584768C262386AD6,button_glow_main
5848C181B3F932B3,loot/s4_la_mkilo1_attachment_ids.csv
584A00B746DC5E05,rew_sensor_dart
584C55CA898C5148,mp/classtable_br_resurgence_mgl_circle3.csv
584D4FFE03DC52F3,rex_dynamic_null_psierra41
584F8B9A6CD0DF8E,ParticleModuleForceDef
58506762780689F2,hud_feedback_quickfix
5854A44938562ADC,ae/cer_leagueplay_progression_achievements.csv
585729ECD77D43B4,mp/trial_mission_table.csv
585766BC75C01344,foliage_pot_plant_decorative_01_lrg
58595771FFB89489,aibcsoundaliastabledefptr
585AC91E9DF05701,ping_exfil_heli_confirm
585D1370C16A8493,jup_objective_tracker_gradient
586283569D236CE8,bc_vehicle_killfirm_heli
5864346175B86B2F,brloot_weapon_dragunov_rare
58644422C71B18F4,mp/loot/br/rumble/lootset_cache_spawns.csv
5868B8A5E485A0FC,GfxDecalVolumeMask
5869C0F1E445C052,ops_map_icon_triangle
586B3036142AF00E,setting_image_bordercolor
586B37BDEA3B7A24,ks_airdrop_chute_mp
586C01059B08D26F,ParticleRotation3DRateType
586E41B575E736DF,ui_rex_menu_spinner_loading
586F03CC533E0854,bc_equipment_action_IMPACT
58773DE8D1224F94,overlay_bradley_damage_front
5877FA055D414BF8,rex_fe_mpapa7
58791212D959CDDB,FxMaterialStreamingType
5879BD87C58E6A64,specialty_frontloaded_apex
587A375BB548D4AE,ui_icon_xp_token_battlepass_60min
587BD9552E54DD98,mp/gunsmith/s4_me_pdelta_variants.csv
587C5F103E32CAAF,perk_plate_carrier_gel_rex_mp
587D939606CE8CF2,ee_sign_street_straight_turn_02_lm
588122C86C3AA002,aigrenadeutilityweapon
5882B9CF5CC3A7AC,SupinePlayerAsmArcsDef
5882BCA5A5452211,GfxPbgAtmosphericFogParams
5883EE0499816925,cp/cp_gulag_objectives.csv
5883FF627EEA3018,loot/s4_sm_owhiskey_attachment_ids.csv
5889F5C862C39046,WeaponMotionReadyPose
588F7654BACB323F,ping_response_cancel
58926797D5BA3201,ScriptableEventNoteTrackDef
5896CC079CC88A83,mp/loot/br/ww2_plunder/lootset_superstore.csv
589909C870EE5A58,icon_waypoint_dom_a
58990BC870EE5DBE,icon_waypoint_dom_c
58990CC870EE5F71,icon_waypoint_dom_b
58990DC870EE6124,icon_waypoint_dom_e
589A93CCAB510D41,rex_mp_camo_1_challenge_splash_backer
589C4B8B9FB8D43D,mp/progression/backgroundrandomizationpool.csv
58A33F7F6E6A7248,rex_mp_milsim_fr_army_sniper_1_1
58A72A7CA99EE38F,whitelists/blackbox_to_aws.json
58ACF23D46D58128,lua_menu/change_role
58AD0BBB9D6B3641,ping_commsstation_building
58AE77B0831E0726,XCompositeModelListEntry
58B0B97FA2CD25EE,super_fulton
58B1C5FB92FF441C,VehicleCameraDef
58B356E444424BE5,icon_platform_playstation_48x48
58B3697DD5EBAAC4,XAnimDynamicBoneNoise
58B36BBF248335E9,mp/gunsmith/platform_jp16_progression.csv
58B3D8E84B231E09,rex_veh_tur_invisible_asierra12_nosound
58B4FEFD737A5D80,tablet_mgb_circle_large
58B6B8FBA65182B1,jetgun
58B6F9F8CFC7D3F1,ScriptableEventSoundDef
58B72BCFF382A314,misc_wall_mounted_loudspeaker_01
58B8D3BA12BBB373,progression_slots
58B9E95E5607DE47,computeshadervariantptr
58BB7F94B1B90513,rex_stock_ass_akilo
58BC8D9767D7687A,rex_air_glider_mp
58BD5F064F6AC756,mp/gunsmith/sm_uzulu_progression.csv
58BFDCDFB12BE505,spatialpartition_population_nodeindex
58C31799CF0F8A16,ScriptableEventTeamSelectorDef
58C509E206CB56D9,vision/mp_frontend_east_a.vision
58C5E16D0A7506CA,mp/brmission_unlockables.csv
58C636947EF8AE16,ui.LUIScoreboardRow
58C8B4A380E0C63E,iw8_fulton_bag_mp
58D1CC2C58C5BACB,rex_dynamic_null_kilo2
58D1D12C58C5C34A,rex_dynamic_null_kilo5
58D2BAF7249BF1E8,hud_icon_equipment_smoke
58D3DA940F6B5AA9,icon_generic_random
58D58E66670DAA75,BSEQFilter_ChanceChecker
58D60F3F76EF545A,rex_sm_akilo_545_sp
58D6B12E4041A6E4,ae/ae_leagueplay_challenge_achievements.csv
58D7F5ECE08B0AE9,loot/s4_ar_hyankee44_camos_ids.csv
58D852D98295751B,mp/loot/br/dmz/saba_b21_active/lootset_supply_drop_boss.csv
58DA075ED0A74F69,brloot_self_revive
58DA30178EB7BDDA,hud_reticle_med05
58DA31178EB7BF8D,hud_reticle_med04
58E1F4F6BA6C91DE,equip_molotov_pool_mp
58E257850F6A2EF0,vision/wp_smoke.vision
58E68BB8B734633C,hud_objective_bomb
58EB06FA04EA4369,MovieDef
58EB0B9C6306B3B0,overlay_tablet_smartphone_reticle_tracking
58EE2A37BBAF91F5,rex_stock_asierra12
58EEB45FD208F8A9,rex_pgrip_tac_xsm1
58EF17444A8F533D,br_scavenger_quest_cache
58F1BBEC00492D06,rex_gametypetable_sp
58FA78A8586290CF,icon_slot_locked
58FA9411F980CBE2,mp/loot/br/plunder/lootset_cache_medicine_cabinet.csv
58FC4405B7383304,rex_turret_drone_turret_mp
58FD74F384F629A8,ScreenShakeType
58FF6CAAE41DE288,weapStance_t
5903836B1A3731C2,ScriptableEventWaitEstimatedSoundDurationDef
590691321B793FA4,sndzoneweatherdef
59072E3D37981864,sndglobaldopplerptr
590774DF96A54B0C,dynentityclientid
590E26FE7C1C76BF,setting_image_renderresolution
59111A772090DF24,mp/loot/br/doubledown/lootset_killchain_boost.csv
591138C85FA93AC6,ping_objective_defuse_h
59113EC85FA944F8,ping_objective_defuse_b
59113FC85FA946AB,ping_objective_defuse_c
591141C85FA94A11,ping_objective_defuse_a
591142C85FA94BC4,ping_objective_defuse_f
591143C85FA94D77,ping_objective_defuse_g
591144C85FA94F2A,ping_objective_defuse_d
591145C85FA950DD,ping_objective_defuse_e
591145EF51001CF1,rex_attachments/rex_xmag_kilo5
5914724EF6F6FD9D,rex_mag_kilo2_broken
5914C72CCCE08818,scriptable_door_glass_metal_01_mp_reinforced_glass
5916DFEC06B72FB6,ping_inv_drop_key
5919A6765AEDB166,GestureWeaponSwayMultiplier
591A8C718A50F480,rex_gametypes/inflation
5921A51D73B9D3B1,WeatherDef
59226340FB4A2315,mp/loot/br/titandoubledown/lootset_boat_horn.csv
592272073E347347,xhashdvar
59259E4585103298,ww_global_sp
59259EF2C8B89565,brloot_weapon_kilo141_lege
59267C30B46AC957,bc_equipment_incoming_rpg
5926A86C73B51128,equip_hijack_bomb
592764B692EAC9EF,loot/iw8_me_riotshield_attachment_ids.csv
592ABADD8FDEC7FF,rex_pgrip_ske_golf28
592B2AE379667B2E,MovementAnimationSettings
592CFB88257462F7,hudoutline_Composite
592D0AA903BF156E,bc_flavor_player_awesome
592E6E0325CB549F,perk_extra_shrapnel_rex_mp
592EB81CDCCD1067,loot/iw8_me_t9sledgehammer_attachment_ids.csv
592EC7EC007CEF88,rex_gametypetable_mp
592EED02C541B8BE,suitanimpackage
5930CA3B1E8FD7FC,com_challenges.csv
59319756342407AE,GfxImageSemanticSpecific
59339653C9A6D02D,mp/loot/br/ww2/lootset_named_location.csv
5933EAFDC830DACA,super_vehicle_drop
593431776803FD9E,null_pbgcolor
59352C337FBF9358,ui.utils.PostGameFanfare
5937C2ABB972C7A8,dismembermenttypeentry
593894F213ACC0CE,ping_objective_defend_flag
5938E40A889CD2A2,mp/recipes/mlg_sr.recipe
593BEC24790DCA86,ui_waveform_base
593C42416957F602,GfxAabbTreeExt
593FCA2857E01AEC,reactiveaudiopackagedefptr
59410DE992B1947B,mp/loot/br/no_ground_loot/lootset_empty.csv
5942218D574E6B19,ncs_mat_ingame
5944FC6989435639,equip_decoy_rex
59458BFABB098AF4,icon_double_xp_mini_dropshadow
5947D7C2313314ED,loot_mp/mission
5947ED65F0C28D85,mp/loot/br/gold_war/lootset_cache_lege.csv
59487418CE191A1B,omnvars/mp/omnvars_no_respawn_warning.csv
5949205BE3B5E73F,mp/recipes/cqc.recipe
594DB9F11176FA49,spatialpartition_tree3d_fast
594EA3C9DA114252,mp/gunsmith/ar_t9british_progression.csv
5950AED02968F088,gamemodescenariodef
5953D5D71D9E1D19,ks_apache_mp
59558FD7A1B1EF5A,ParentConstraintSkinningType
5955AA29A2FFCB34,rex_ub_sh_xar1
5956E039555531C2,gamepadcontroloptions.csv
5957E6DC37CFD478,ParticleBeamEffectRespawnBehavior
5958D3179E8E67B8,ui.utils.FenceUGCPrivilege
59592825E0C55285,GestureIKTargetSettings
59592B45AECCEB79,WeaponBlueprintList
5959F0A1FA3FB66C,ui_rex_icon_obit_death
59666AB8648B0B29,mp/gametypes/hq.txt
5968329A5300C48F,specialty_incognito
596990167034E53C,loot/sprays_ids.csv
596A3FEBAB2C6AD5,mp/gunsmith/lm_kilo121_progression.csv
596C1C2113C349A4,AttTuningSliderDef
596EDCF5D2E5E49A,cfg/br_quads.cfg
597440259D71F55D,mp/loot/br/mmp/lootset_contract_scav3.csv
5976AF41D50C0F8B,rex_dynamic_null_decho
59780C64C330B9F5,mp/loot/br/default/lootset_cache_reusable.csv
5978CEF14811DB39,specialty_bloodlust
5979037E82B50A45,equip_molotov_mp
59798234C3D12148,onjuggernaut_mixpreset_0xd18fd2563ac77406ull
597B07C9358EA977,ui.frontend.mp.frontendcameramover
597F28BD09FACB71,cp/zombies/mode_string_tables/zombies_statstable.csv
597F2B32517C9A42,SndDynamicOffsetDirection
597F2F833529C48E,icon_vehicle_enter_passenger
598A32BCE4778386,ping_vehicle_atv_hostile
598C7F2DC432B5DE,ping_fieldupgrade_ammobox_hostile
598E64042A0678C6,uint
599197B24D00D99C,pathnode_tree_info_t
5994E2F047FE7919,rex_mag_svictor98
599586A387C5F807,codcasterdatadefptr
5995D49C4C265510,ui_rex_icon_wpn_showcase_pi_decho
59983420C5084530,rex_bar_lgt_spier9
599BC3840B528DFD,archivetypeinfoarrayptr
599FC3571CA7B70C,lua_menu_mp/armsrace_recipe
59A09A4A58AD2185,Particle_GameBindings_OverrideDef
59A0E62B72A26C7E,CalloutMarkerPingWheelDef
59A35C809FA2F1FB,at_mine_ap_mp
59A4531348E4D7BD,mp/loot/br/dmz/biobunker/lootset_desk_vintage.csv
59A5EB7FF6465426,ping_vehicle_confirm
59A67F142884E635,mp/gunsmith/me_t9wakizashi_progression.csv
59A82EE4C3DA2EF7,ping_vehicle_jeep_hostile
59A93BEC276C6F79,feathered_mask_top_bottom
59A9C6A234182699,loot/iw8_pi_mike1911_attachment_ids.csv
59ABF238282C3524,ui.utils.DragAndDropUtils
59AC4B177C8D1801,mp/loot/br/titandoubledown/lootset_contract_scav2.csv
59AF0DB7F8C6FC26,notifgroupdef
59B0A85722648303,specialty_pc_medic
59B3B1B5AE4F7CBC,jup_icon_xp_weapon_premium_boost_disabled
59B74FFE61FC5D1A,weapontunableslist
59B76E17F714411A,loot/s4_me_knife_attachment_ids.csv
59B787732672BB67,rex_dynamic_climb_pi_decho
59B78AB4F2E2998F,cardrift
59B79607B66AB0A8,sp/mapnamePresence.csv
59B9A983C8E2471E,super_fulton_rex
59BBA8116C08EDFE,telescopedllvalidationpc.csv
59BEEC48568682A0,scriptable_lm_door_glass_metal_frame_l_brkn_mp
59C3A6CCC2A4D6F8,rex_rec_tango73_topload
59C67A54C2CEAA4B,rex_snscope_therm01_sp
59C69FC51B9A78CC,mp/loot/br/default/lootset_contract_scav3.csv
59C810972C456914,animtrees/cloth.atr
59C8FBD72BF99BE2,ping_contract_confirm_recon
59CB4BAB97BB176A,hud_reticle_glow_holotherm01
59CF359F3F61AC14,claymore_radial
59CFCC8642B84502,mp_javelin_button_frame
59D110D52B14235A,defaultreactiveaudiopackage
59D85461074BA1BF,materialuvanimationparamsdefptr
59DA34B678DEB9D5,rex_snapshot_grenade_mp
59DA6AE4FAACB9E8,ui_rex_icon_eq_spotter_scope
59DBBE9A8B3FD7E5,mp/gunsmith/sn_t9crossbow_progression.csv
59DBD451C8F4DDAB,mp/loot/br/champion_mgl/lootset_cache_reusable3.csv
59DCF16DBF4C58F5,default_cp_platform_settings.cfg
59DF59AB20EF13E6,mp/loot/br/gold_war/lootset_contract_scav3.csv
59E0662E2E94B92A,VehicleEffectorTypesDef
59E106CC4628A99A,WaterDynamicsRawBlendTile
59E1282B60E494FD,light_blinking_slow_br_infil
59E171DBD04CF348,bc_equipment_action_tripwire
59E2D9FA330E1664,ddos_device_background
59E69875AB673FBC,CinematicImpactShakeDef
59E9122BF9B751DB,icon_waypoint_overtime
59E9C53B1A3050FF,lua_menu/open
59ED37A4A9D4E4A3,loot/s4_sm_calpha45_attachment_ids.csv
59EE115EC78C066C,hud_backpack_slot_empty_primary
59F5FBABF92F6E78,ScriptableEventVolumetricVolumeDef
59FA2FF579ED325F,XAnimCapsuleCollisionShape
59FA959D842991A0,hud_icon_equipment_hb_sensor
5A00C813777B5EFC,rex_sil_hvy_i
5A00C913777B60AF,rex_sil_hvy_h
5A00CC13777B65C8,rex_sil_hvy_e
5A00CD13777B677B,rex_sil_hvy_d
5A00CE13777B692E,rex_sil_hvy_g
5A00CF13777B6AE1,rex_sil_hvy_f
5A00D013777B6C94,rex_sil_hvy_a
5A00D213777B6FFA,rex_sil_hvy_c
5A00D313777B71AD,rex_sil_hvy_b
5A01D8FD6EDADEF4,icon_edit_player_showcaseoperator
5A07A657B34D33E1,icon_generic_blocked_w_shadow
5A0A55442E489889,mp/awardtable.csv
5A0AC1D2F6FB3C91,rex_xmag_uxray
5A0B70B9B039CFE8,mp/globalcounters.csv
5A0B74F272A580E3,WeaponEntityNotifyFlags
5A12171E48E74213,footstepsfxidentifiertabledefptr
5A124E6339E1FF1E,defaultmovingplatform
5A1423AFD7B6E1BA,secondary_medium
5A15EF53D78E1EA8,rex_snscope03
5A15F053D78E205B,rex_snscope02
5A15F153D78E220E,rex_snscope01
5A17E545A61BE278,ping_loot_killstreak_airdrop_generic
5A18989913AAD76C,equipment_ac_unit_01
5A1A0C5A65063124,mp/gunsmith/ar_galima_variants.csv
5A1A5DB5A1B21A6E,specialty_munitions_2_rex
5A1B2C31BB3F5B2B,blue_noise
5A221958F040F94A,dot_grid_MIDDLE
5A223C0A101FFE2A,icon_loadout_build_watermark_stalker_anti_armor
5A233C36C3768470,ui.EsportsDataSources
5A240D32EF8B24CA,ui.utils.BRLootUtils
5A24654D7276A398,mldeformerbindingptr
5A2A7709D065EC74,ww_ingame_mp
5A2C731AAA85DA37,mw2_enemy
5A3105BF9ABDBF49,rex_create_a_class
5A33EE01EAA474A7,SndBankTransient
5A38FDC74E3A51B6,ping_contract_confirm_secureintel
5A3A94C51804B8A4,ProjectTableDef
5A3AC81DE97B12CC,influencer_killstreak_sphere_large
5A413D54C60E4A20,rex_drum_akilo_545
5A43E02AC2D03193,mp/loot/br/classic/lootset_contract_asn.csv
5A440835AD133058,wz_outline_rarity_blackcell
5A45CB19EC3631DF,movementTransition_t
5A48EC6EFE9832C9,reticle_lean_hint
5A4D9C9F36FAA597,rex_xmag_findia
5A50D23F3316977E,mp/loot/br/rebirth/lootset_contract_scav2.csv
5A5396018C933DF6,gfxpbgvolumetricfogptr
5A5452D7AD264545,chevron_h3s_outline
5A55C27835AFA209,rex_drum_xar1
5A57B571A4EACAB6,ping_vehicle_danger_rover
5A5A552E05ACA898,ClientRootDef
5A5B6F57E7D9CB94,bc_equipment_incoming_tracker
5A6097E446204ABC,ConversationInterruptFlow
5A646734E2D21718,mp/loot/br/mini/lootset_contract_dom.csv
5A664171BE96C17C,XAnimNodeDef_Binding
5A68118B255C6EA6,WeaponMotionBaselineSwaySettings
5A695EDB72A28184,ui_mp_br_bunker_keypad_backspace_icon
5A699B9E73738941,ui_bp_meta_data_icon_step
5A6A03D23B54D4BD,empty_model
5A6B2C8ADA9E6DB8,ui_bp_aar_atlas_button_arrows
5A6D58A83C317044,mp/loot/br/ww2_mini/loot_table_zones.csv
5A6E484D024A63FB,mp/loot/br/titandoubledown/lootset_cache_reusable2.csv
5A6EE73C058F55F4,SeExprCCurveCV
5A717A380A6F3425,luna_western_a
5A71B1FDCF7B7991,uvec3_t
5A752199AA929BF0,uk_plastic_container_filled_01
5A757B09D0A5DEBA,ww_ingame_sp
5A7609ED70035C8B,XAnimNodeDef_Type
5A7E69434A3B49BE,weaponprogression_fui_chevron_h3s_noblur
5A81ABD96036781E,jup_item_button_glow
5A82FB385903F3D1,ui.ingame.littlebirdmgcontrolscontainer
5A847826F3A71505,specialty_ninja
5A8AD9223C89CE42,ParticleModuleInitMaterialDef
5A8C3CB30682D143,weapon_blank
5A90F046FD229859,ping_loot_equipment_flashbang
5A91093BEF6FAFA4,icon_platform_controller
5A934FAAD2B87F30,perk_packages_chevrons_three
5A945EA86AB938E8,WorldEventEntityUnion
5A968FA97621D89A,ui_widg_pip_tab
5A9BCEBCB04BAA63,ui_loot_bg_gesture
5A9CF51DE7470490,ShockwaveDef
5AA125D161D00C09,rex_grip_vert_short
5AA15F3A441E2E9E,ImageTrack
5AA26C93A69AE1CB,omnvars/cp/gametypes/omnvars_cp_specops.csv
5AA74E173C4CD633,iw8_gunless_infil
5AA7B8384C1AAA21,DLogUrl
5AA99BF9BE7FBA7F,ragdollassetptr
5AAADD134380BE58,rex_tur_lm_tango73_sp_nosound
5AB286AA9797A2F8,mp/loot/br/mini_mgl/5_minutes_mini_br/lootset_global.csv
5AB43E2BD92EAA00,br_wz2
5ABB1A4B420D9C0D,mp/gunsmith/ar_t9soviet_progression.csv
5AC06BA538A65E54,accessory_accessory_scale_lab
5AC094F023118D99,rex_shock_stick_cricket_mp
5AC160F76B9A57E7,ks_white_phosphorus_mp_p
5AC66960F4D2EDD2,mp/operator/s4_daniel_usa_progression.csv
5AC68B7722A3E8E3,mp/loot/br/dmz/biolab/lootset_fridge_b.csv
5AC7C3E4E9370FC4,dragonsbreath_mp
5AC90392D11B2C00,flash
5AC90BD50879C1A1,overlay_tank_base
5AC94CD4F68CD119,ParticleModuleTestPosDef
5ACB74D63E78F845,dlogurlptr
5AD3AB3CED23BB6A,AttStartingKickScaleTunable
5AD45298C18D7C49,uv_zul
5AD67785610492D5,bomb_stun_mp
5AD7A5F1CDAFC3E0,hud_splash_generic_extension_neutral_mask
5ADBB711D2D897D1,ping_contract_confirm_scavenger
5ADED371C2050368,postprocessvideooptions.csv
5ADF0B7077608549,icon_dmz_faction_legion_120
5AE03E881288D863,eInfluencerShape
5AE35EC6F78E6D3E,perk_quick_fix_rex_mp
5AE9E04848E27861,hitmarker_text_medium
5AEB31A9BCDCF884,brloot_weapon_m870_unco
5AED4916AF77C803,tablet_chopper_gunner_center_reticle
5AEDD836EC501975,rex_one_in_the_chamber
5AEE86B3D0C0F379,rex_akimbo_kilo5_swim
5AEF21AB67026000,ui_icon_zm_ping_documents
5AF0D20B94F40B54,ui_firetype_fullauto
5AF22BB62CAC1AA3,XAnimNodeDef_IKHangWM
5AF5BD285D77E1B6,loadout_rounded_square
5AF5DA969CB9D892,cfg/buttons_one_hand_right_alt.cfg
5AFAD81175A3D32B,mp/battlpass_upsell_items.csv
5AFD8ADED70C4E2C,mp/loot/br/rebirth/lootset_bunkers.csv
5AFDF28A6081CAE7,ping_loot_weapon_launcher
5AFF34BF53B31865,MotionMatchingFeatureElement
5B011CBF8154216C,defaultecsasset
5B034E2611610182,BoneFollowerDimensionInfo
5B061976C27426E3,onboarding_battle_tracks_1
5B061A76C2742896,onboarding_battle_tracks_2
5B061B76C2742A49,onboarding_battle_tracks_3
5B082EF3ADD681CD,mp/loot/br/mini/lootset_cache_lege.csv
5B08CA7B69DD6E07,mp/spawnset_tuning_base.csv
5B0CAE0F71961381,ui_gesture_eyes_on_you
5B1393C97D8AC30F,stringtable/title_ids.csv
5B13BC39C219ED06,CollisionTileGridInfo
5B151EE82D640A6B,ui_dmz_missions_objectives_topo_overlay
5B16F25E9AF1D77C,hud_koschei_complex_splash_arrows_atlas
5B181E4822D1A234,netconststringsptr
5B18FFD9E2A94B12,ShadowOverlay
5B1A35C4556F561F,hud_icon_equipment_snapshot
5B1AD26B298ABD8A,specialty_sonar
5B1BD948635C4E6F,button_trigger_left
5B1BE9049BDC9519,defaultradar
5B1E21C934B5D3B8,weaponprogression_tracksmap_completed_minidiamond
5B1E52A74C78859E,rex_ironsdefault_moscar
5B207BEA25553625,ping_inv_have_room
5B21EDB22254E523,ee_sign_street_no_turn_right_lm
5B2273F376E93C5C,EcsAssetTestReplicationComponent
5B22A27E6B5AF21C,GraphChannelDef
5B2448D4D0FEC51F,rex_guard_uxray
5B253740B3A823A3,uk_electrical_box_medium_01
5B2837F33E57E014,rex_piscope01
5B2A508E3CC4729C,tertiary_regular_italic
5B2FC71DF48A56A7,icon_waypoint_enemy_plate_left_control
5B306321DCA8E784,KILLSTREAKS_HINTS/INSTRUCTION_FLARE
5B32225122046CE2,london_computer_monitor_broken_stage_1
5B33D72381C162FB,setting_image_fieldofview
5B3593A0EC72295F,operatorselectanimations.csv
5B38338582BDD177,vehiclemorphdef
5B390761E415955C,balanced_rex_dm_moscar
5B3D620D010BB47A,rex_hardcore_havoc
5B4262D9D486C108,ui.utils.FontScalingUtils
5B458F33D8BF3742,ping_enemy_poi
5B48FFED263332BC,hw_cine_lastgen
5B4A18804B36A53F,rex_bar_xsm1
5B4AA94D444052AE,VehicleWeaponsDef
5B4B3C341A06AB7A,dev_proto_perks.cfg
5B4CFB951701D42B,ui_menu_benchmark_background
5B4D8F876B8A5BF8,htn
5B50B5C00D0A806E,icon_waypoint_base_mask
5B510AADEEF954C6,mp/recipes/grind.recipe
5B5218FC3C8D0841,MovieFormat
5B53F6C8A7D6B68B,bc_killstreak_action_missile_turret
5B5A176FB1BAA93B,icon_global_battlepass
5B5BD27FB821A854,menu_keyart_gw_layer_00
5B5C3ECB8A2AEA77,mp/gunsmith/pi_t9burst_progression.csv
5B5C463BDD4948C4,circle_152_line_outer_1px
5B5FD0C2D5CBD2E2,rex_dynamic_null_spier9
5B60A7C58790131E,scriptable_door_wooden_panel_mp_01_green
5B6505ABF778ECFC,GfxLightViewFrustum
5B651570244177F6,ui_callingcards_largebutton_grain
5B65AE9FE8181844,ui_jup_menu_mission_select_brackets
5B707F4C197BBAB3,ParticleModuleInitDismemberDef
5B71220226C0249F,rex_stockno_xsm1
5B76F45EBA882EA5,mp/loot/br/ww2_mini/lootset_cache_spawns.csv
5B77B1EA35A5EA7B,rex_dynamic_null_cinematic_sp
5B7CEBD06CC287EE,ui.inGame.ApacheScreenOverlayContainer
5B7D28255BC4C836,rex_ironsdefault_uxray
5B7F7F7805B57ACD,mp/gametypes/siege.txt
5B85DC022217B036,mp/classtable.csv
5B86DBEA9879FD98,mp/gunsmith/me_t9cane_variants.csv
5B8F65CF713A7DDB,rex_xmag_kilo2
5B8F6ACF713A865A,rex_xmag_kilo5
5B907FD60A721CA3,icon_dmz_faction_shadow_company_bw_748
5B91144922DD9706,mp/loot/br/respect/lootset_contract_scav2.csv
5B9124B70F51FF25,noweapon
5B9214C3D6BC1341,ae/rex_ae_autogen_seasonal_challenges.csv
5B92CAE36E18885E,ui.utils.FenceScenarioMissing
5B934F6E869806A1,mp/gunsmith/sm_victor_variants.csv
5B93DB0C313B5F7A,loot/s4_mr_kalpha98_camos_ids.csv
5B9468B9B1C049A3,GraphSplineKeyValue
5B94BE79CB5116D4,mp/codcasterkeyboardshortcuts.csv
5B9629ED46C14DA3,viewsensitivity_med.cfg
5B972A54789175BD,loot/iw8_sm_t9burst_camos_ids.csv
5B9A70ECADE0682A,secondary_medium_rex
5B9B028368BEC901,jup_ui_callingcards_smallbutton_mastery_background
5B9C2894F94BC322,scriptable_door_metal_panel_01_mp_lightblue
5BA2A39608BB73C8,hud_damage_feedback_burst
5BA3573865EC133C,mp/gunsmith/sn_t9cannon_progression.csv
5BA74981BDD7D631,me_lighting_fixtures_marketplace_total_01_large
5BA7C427DD4F34EE,specialty_trait_plate_pouch
5BA970E942DF2AB0,rex_stock_hvy_psierra41
5BACA249CB1AFFCF,omnvars/mp/gametypes/omnvars_rugby.csv
5BAEF5037FB9453B,rex_rec_limax_incendiary
5BB3162E64AE132A,brloot_weapon_m1911_rare
5BB3491CB15D4458,rex_attachments/rex_bar_hvy_limax
5BB685E6F9C6A09A,ae/ae_battlepass_achievements.csv
5BB69D3F3FF7CBAA,skirmish
5BB6F1A81E464387,loot/loot_flares.csv
5BBBE97AB91C0AAF,navzone_id
5BBF455F5B24BEF2,WaterBuoyancyDef
5BC3A99B9E01183E,pause_menu
5BC3B48B9646157A,ui_whizby_side_blur
5BC8EB1EDBE924C4,indoorexclusiontiledefptr
5BC985DDED9F883B,icon_obit_headshot
5BCA62C8C0839C06,defaultsoundbanktransient
5BCD86A1FFEE3222,vision/battlerage-low-health.vision
5BD02D5E2351BCB7,vision/nuke_global_aftermath.vision
5BD055FF2EB22BB9,ui_rex_icon_playercard_0024
5BD056FF2EB22D6C,ui_rex_icon_playercard_0023
5BD057FF2EB22F1F,ui_rex_icon_playercard_0022
5BD058FF2EB230D2,ui_rex_icon_playercard_0021
5BD059FF2EB23285,ui_rex_icon_playercard_0020
5BD0E00AE3FE5BC5,ScriptableEventMaterialReplacementDef
5BD30477CD937B3A,bp_icon_event_trophy
5BD3D7FF2EB53E76,ui_rex_icon_playercard_0018
5BD3D8FF2EB54029,ui_rex_icon_playercard_0019
5BD3DDFF2EB548A8,ui_rex_icon_playercard_0012
5BD3DEFF2EB54A5B,ui_rex_icon_playercard_0013
5BD3DFFF2EB54C0E,ui_rex_icon_playercard_0010
5BD3E0FF2EB54DC1,ui_rex_icon_playercard_0011
5BD3E1FF2EB54F74,ui_rex_icon_playercard_0016
5BD3E2FF2EB55127,ui_rex_icon_playercard_0017
5BD3E3FF2EB552DA,ui_rex_icon_playercard_0014
5BD3E4FF2EB5548D,ui_rex_icon_playercard_0015
5BD6D78D051B6323,perk_ninja_rex_mp
5BD6DCFF2EB77CCC,ui_rex_icon_playercard_0009
5BD6DDFF2EB77E7F,ui_rex_icon_playercard_0008
5BD6E0FF2EB78398,ui_rex_icon_playercard_0005
5BD6E1FF2EB7854B,ui_rex_icon_playercard_0004
5BD6E2FF2EB786FE,ui_rex_icon_playercard_0007
5BD6E3FF2EB788B1,ui_rex_icon_playercard_0006
5BD6E4FF2EB78A64,ui_rex_icon_playercard_0001
5BD6E6FF2EB78DCA,ui_rex_icon_playercard_0003
5BD6E7FF2EB78F7D,ui_rex_icon_playercard_0002
5BDCFFF53390FC50,perk_graverobber_rex_mp
5BDE051E634B64D1,bp_a02_border
5BE11BBFCE8B34CB,rex_bar_hvy_psierra41
5BE2A7080832A6A3,ScriptableEventRandomDef
5BE35AB39D81FCDC,ui.inGame.DriverHudTechnicalContainer
5BE3D77D78B56E1F,button_small_mask
5BE3F0FF9029C840,decor_misc_props_01_styrofoam_stacked
5BE4DB184181D57B,einfluencerdirection
5BEAC70532D8A426,ui_hud_preset_default
5BEC8918C9661723,sndmodifiergate
5BEEEE89CD7288E1,ping_loot_killstreak_remoteturret
5BF4C8F81E9B304F,ping_loot_equipment_lethal_generic
5BF7CA10FC478E7F,icon_vehicle_health
5BFB89A1B5AA37A6,food_trash_cup_soda_lrg_01
5BFF6BC02028E72E,rex_tripmine_mp
5C016CEE87452809,specialty_eod_rex
5C018F07312824C9,mp/loot/br/horizontal/lootset_cache_spawns_buildings.csv
5C02D58CAA84557F,tab_bg_cap_right
5C05D306A97AE069,dynamic_weapon_icon_table.csv
5C062132B8B602D4,specialty_trait_bounty_hunter
5C07490EC897BDE5,ui_icon_waypoint_locked
5C08314DF00E9209,edgeindex
5C0956513A134AEB,secondary_regular
5C0B9E0553FA1AE3,ui_mp_br_ping_icon_domination
5C0EBED158A3BEE9,ArchiveTypeInfoArray
5C0FF7234A97F98C,perk_scavenger_rew
5C11B06E0D959067,MapVoxelizedStateMapData
5C1618AF07CAD034,mp/dmz_biobunker_elevator_pick.csv
5C1860FDE1973EE0,loot/s4_sm_stango5_attachment_ids.csv
5C1C862D54C22261,brloot_weapon_as50_epic
5C20132A32FD744A,mp/gunsmith/lm_lima86_variants.csv
5C206C3574629969,gfxpbgpostfxbundlenightvisionthermalptr
5C20AE654463BC67,ui.inGame.ApacheOverlay
5C232769C31C43C2,fence_wood_planks_01_128_damaged_paint_white_lm
5C2367CEB5C7E6FD,ui_rex_icon_eq_prog_molotov
5C27A1159417387F,default_mp_t10.cfg
5C2A99284A6EDBC7,perk_stocked_rew
5C2BC504E2C30D73,ScriptableEventClientViewSelectorDef
5C2D1C3E952CB190,$identitypackednog
5C2E01698FFF4EF7,rex_havoc
5C2E9779369783B1,gesturePtr
5C309B19472322DB,brackets_20x20corners_9s
5C3315BBDF8B9D4F,loot/s4_sm_tyankee100_camos_ids.csv
5C335FF66F7B1B51,popup_backer
5C33E56959F67FE0,GfxPbgPostFxBundle
5C33E7537592BCE1,shockwaveType
5C357B4304F61108,barrier_cover_foam_128_d2
5C357C4304F612BB,barrier_cover_foam_128_d3
5C357E4304F61621,barrier_cover_foam_128_d1
5C35814304F61B3A,barrier_cover_foam_128_d4
5C35824304F61CED,barrier_cover_foam_128_d5
5C35CFF61A20B3E4,XAnimPartTransData
5C360CE59892B951,rex_search_and_destroy
5C3631DD94AFE074,jup_ui_floor_widget_arrow
5C38A1D1A7699DC6,mp/loot/br/rebirth/lootset_cache_lege.csv
5C39D4B8D047B92B,sat_ui_cer_menu_battlepass_bc_logo_tag
5C3C271E04B691ED,hud_reticle_sniper_11
5C3C799FEF76BDC7,hud_reticle_cat
5C3E9CFBB608A370,cp/loot/default/loot_item_defs.csv
5C3F19CF16626C74,equip_at_mine_rex
5C3F8B1E04B971B0,hud_reticle_sniper_01
5C3F8D1E04B97516,hud_reticle_sniper_03
5C3F8F1E04B9787C,hud_reticle_sniper_05
5C3F901E04B97A2F,hud_reticle_sniper_04
5C3F921E04B97D95,hud_reticle_sniper_06
5C407A7E29F175A3,icon_sniper
5C429060B0D54052,ui_icon_weapon_coslo723
5C45C4AA98A3AD40,mp/loot/br/ww2_plunder/lootset_contract_asn.csv
5C475089C1237129,ui.utils.PopupsUtils
5C475360762D3E3C,footstepsurfacetabledef
5C4844E6DA6C5508,defaultprojecttable
5C49CC7B2639DBBB,defaultsndocclusion
5C49F8BBD35C52ED,zm_t10
5C4CAE12BB55FA47,vision/default_night_mp.vision
5C4CECE3DC23D17D,guidedMissileType_t
5C4CF1DA1C754DD7,clantag_mlg
5C52C055255FD099,cfg/dev_vehicle_tweaks.cfg
5C540E630B5FDC00,vision/flir_0_black_to_white_light_damage.vision
5C56624692BAFCD6,equip_deployed_decoy
5C56FF3E63A179CE,ui.utils.FencePatch
5C605C498BEEBD80,loot/iw8_me_t9wakizashi_attachment_ids.csv
5C62105364733611,scavbackpack
5C6366AC9E2A79DB,ui_bp_button_tag
5C639A7A718960FB,specialty_trait_breathe_rex
5C6941D1CA7DE3F9,icon_progression_wz_logo
5C6A417A4280A640,cp/cp_prison_objectives.csv
5C6AA086F68705F4,mp/gunsmith/s4_sm_guniform45_variants.csv
5C711DD5D799520A,loot/iw8_sm_t9semiauto_camos_ids.csv
5C71F2DB729FD0B7,AutofireTriggerType
5C7453CF1B204D43,ae/ae_weapon_progression_achievements.csv
5C74789F64EF5CA3,ui.utils.StoreLayoutUtils
5C74DB24F52BB28F,ui.inGame.SplashManager
5C7737F3912357F1,rex_fe_op_crib_xcam_gunbench_st_pistol_xcam
5C7948AA3AAE9FF4,perk_third_person_rex_mp
5C79EDC853FEE1F5,AiImpactVFXTableDef
5C7B031E7F550F1A,bomb_c4_large_double_01
5C7B28443E5814F2,white_2d_stencil_mask
5C7CC96A36A26F1A,iw9_ui_icon_leagueplay_rank_5_platinum_large
5C7D4679F60E3CD3,aieventbroadcasttype
5C7E44805FFAF890,GfxWaterTileData
5C7E829173998381,rex_mag_xsm1
5C7E9A975A062B64,default_aliens.cfg
5C846733746A9A07,cod_seasonal_events_default_event_background
5C894C863074C011,options/fl_veh_move_forward_desc
5C89B03002867ED8,hud_risk_score_bar_glow
5C8AB644290F5B15,minimap_fov_cone
5C8E87804FD27701,rex_sam_airburst_turret_proj_mp
5C92BD94D0D299A9,hud_br_plunder_backer_hexagon
5C949DDF87763BA7,default
5C97E88D5A63C16D,iw9_cyberemp_mp
5C988AFD1230AE4B,ui.ingame.mp.rcdoverlay
5C9B9759FBBE514A,mp/squadelotable.csv
5C9DD720305A4866,mp/loot/br/mmp/lootset_contract_scav2.csv
5C9FC3F9FFA1D035,mp/gunsmith/sn_sksierra_variants.csv
5CA8386788AA0BBA,specialty_trait_pebble_collector_rex
5CAA59F642937F53,gamepadoptions.csv
5CAC725042F7DAF8,blueprint_splash_armory_detail
5CADE6BE1DB03ED9,overlay_gunship_fuelbar_frame
5CB0E1D554DA46DB,hud_ping_4
5CB0E4D554DA4BF4,hud_ping_1
5CB0E6D554DA4F5A,hud_ping_3
5CB0E7D554DA510D,hud_ping_2
5CB409C84F4CAAAE,hud_reticle_hip_dot
5CB57503B648053D,PlatformSpikesDef
5CB7B495853BA5F7,perk_survivor_rex_mp
5CBAD0DC21425207,rex_snscope_hybrid01_le
5CBBCFE734CF3CEC,circle_peek_rex
5CBFE4A3EAEDD8F5,XAnimDynamicBoneNoiseAxis
5CC1EAC6115E3986,hud_icon_loot_key_skeleton
5CC3BE32CB42CED7,mp/loot/br/champion_mgl/lootset_contract_asn.csv
5CC42C4A9C67EB28,omnvars/mp/gametypes/br/omnvars_gold_war.csv
5CC515E6E4E6D411,icon_killhouse_ticket
5CC6FB4432F741A9,weathertileanimationframe
5CC72270220305C6,hud_reticle_long_04_mp_g
5CC72D7022031877,hud_reticle_long_04_mp_h
5CCC460329644DD6,LUA_MENU/RIG_LETHAL
5CD50F06C9595B20,rex_claymore_radial_mp
5CD54F698E6A9EA5,rex_bar_hvy_tango73
5CD8E87FE3678ABF,SeExprExportableData
5CD9114AAFE340F4,super_sweeper_drone_rex
5CDB75102D24F0A6,hud_vds_wz_mask_inverted
5CDBD66BC6F505B9,iw8_progression_achievement_ids.csv
5CDE1AF870011016,rex_drum_uxray
5CDEBC130B3A0222,rex_tur_ar_akilo_sp
5CDF053692F80909,defaultweapontrigger
5CDF87137302214B,specialty_breacher_muzzle_rex
5CE0A6DBD9A0614C,mp/stats_init_outbreak_stats.cfg
5CE5856BB937FAFA,rex_rec_hotel45
5CE838CA951E5AB4,ui.utils.ContextualMenuUtils
5CE865FF1375920D,ui_mask_square
5CEA6B571ED7FAAB,lensflarematerial
5CEC789EEFE665CF,rex_stock_ass_spier9
5CEF1F57ADEC4A82,camo
5CEFDB90667B098B,mp/loot/br/ww2_mini/lootset_cache_pe_chop.csv
5CF1BFA238EC3630,BSEQFilterVal
5CF335E7B1874F98,cp/loot/default/loot_table_zones.csv
5CF340458D84FCC6,meleeattackvfx
5CF578E0AF4CC752,PhysicsSFXEventAssetConstraintSoundRule
5CF66C963B26C2EC,hud_backpack_slot_empty_ammo_heavy
5CF759209FA59E28,hud_tab_gradient
5CF7C9D5392D6554,ui.NotificationManager
5CF8F53E66E1D503,vision/killcam_night.vision
5CFA6B2504EE5129,mp/gunsmith/platform_054_progression.csv
5CFC0FE24865B3E8,hud_koschei_complex_splash_arrows
5CFE156C6959F5C6,ui.inGame.JuggernautContainer
5CFF2B2A685D23A6,omnvars/mp/gametypes/omnvars_conf.csv
5CFF8BF86F026BAB,debug_axis
5D00D78E681D7090,ping_killstreak_switchblade_drone_hostile
5D00F3EF04BF2DFD,mp/clanrankbigicontable.csv
5D01FC9D1791FE3B,un_office_computer_monitor_03_ent
5D03F9F9FB719FC7,ui_textbacker_rounded_4px
5D04A1978ACE9537,animtrees/vehicles.atr
5D04D7553C8DD1D5,cloud_shadows
5D05E2F11312F4A8,menu/free_for_all
5D0968433D1C7DDB,mp/recipes/mtmc.recipe
5D0AD0D06065C64F,loot/s4_mr_lecho_camos_ids.csv
5D0E04377C3E9A6A,equipment_mortar_shell_improvised_01
5D131FCFC638EC4D,scriptablemapcounts
5D145E86E0E998E5,icn_mouse_scrollupdown
5D1539FB82C04997,ui_cer_wzftue_mission_reward1
5D153AFB82C04B4A,ui_cer_wzftue_mission_reward2
5D153BFB82C04CFD,ui_cer_wzftue_mission_reward3
5D1AF08F1B40C0A3,icon_challenge_generic
5D1C8B48CD4DFA5B,iw9_lm_dblmg_execution_mp
5D21834537C7B3EC,hud_score_bar_tick
5D22CEA3CC0A4099,XAnimNodeDef_CMSStretch
5D25AA2699A17F7F,TriggerEffectType
5D273237E9D7EF5D,reticle_meter_1_SHADOW
5D29F366DB19342F,influencer_player_friendly
5D2B50253E68A619,shock/scrambler_02_mp.shock
5D33CEE655848EA4,rex_defaultprofile
5D3523BBD34AD6F4,GfxDataBalanceLvi
5D380CB9B78318A6,rex_rec_psierra41_rex_wz
5D3EC44EA8A0F722,icon_attachments
5D3F53BA1CB01D03,rex_bar_svictor98
5D4517C7A0EFE3DD,tacpoint_type
5D45434C3870F6ED,rex_railgun_turret_wz
5D454EB26AC05C15,ping_inv_have_key
5D477361BE173E66,mp/gunsmith/pi_t9semiauto_progression.csv
5D49C2D5874D5EA9,brloot_weapon_holger_lege
5D4FD91CC3730217,menu_onboarding_ob_weapons_01
5D4FDA1CC37303CA,menu_onboarding_ob_weapons_02
5D507AA965431961,tournament_logo
5D5186C188595B00,bombing_run
5D5307398E773DDA,tarps_mp_faridah_03
5D538A083501E579,ee_electronics_television_wall_mounted_large
5D543AED19AFE098,ui_bp_help_image_02
5D543BED19AFE24B,ui_bp_help_image_03
5D543DED19AFE5B1,ui_bp_help_image_01
5D5907B333265E25,visualscriptconstant
5D60DF69B39453A4,bp_map_outline
5D632896EB61A9F7,dlogchannelptr
5D63B3D171739790,rex_dynamic_null_sierrax
5D64787BA9F41B7A,GfxPrecomputedGerstnerWave
5D6562CE175E4992,charcollboundsdefptr
5D65E4CB34682D9B,mp/loot/br/dmz/biobunker/lootset_biobunker_bossRoom.csv
5D67958905B55CEF,p7_box_cardboard_c_closed
5D687B96D06FF902,perk_packages_chevrons_two
5D698B05F9FDA6B3,glider
5D70E091578F4D0C,ui_rex_loading_screen_mp_lotus
5D72E3D9CA2E8214,mp/loot/br/mp_sm_island_1/rebirth/lootset_extra_plunder.csv
5D77E617C9138191,AttChangedFireTimeScales
5D79E71A61E296E9,rex_bar_lgt_kilo2
5D79E81A61E2989C,rex_bar_lgt_kilo5
5D7BCB661221605E,ParticleModulePhysicsLightDef
5D7D501BDD17C88A,ui.LUIScoreboard
5D7F4C75CCA1E614,proppackage_propconfigid
5D82FE4D13231B44,ping_fieldupgrade_armorbox_rex
5D880A9BA7ACE689,WaterFXParams
5D8C780BF1135814,AttDefaultAttachments
5D8FAD5A402FFA82,ui/stringtable/weapon_attachments_stock_animation.csv
5D903D4C38B0D835,rex_railgun_turret_mp
5D9048546999C537,equip_c4_mp_p
5D91704DC990862B,mp/gunsmith/me_t9coldwar_variants.csv
5D917A39C8D31A2C,perk_trait_increased_equipment_ammo_rex_mp
5D91CD2BBCFBEFDB,mp/immovablenotes.csv
5D953D61D3AA3AD2,ui.utils.StreakSelectUtils
5D977E90CBB0EF01,specialty_ninja_rex
5D9AA6AD36C1A6BF,mp/recipes/cyber.recipe
5D9BBDAACBB639E8,ui.utils.mp.FenceExchange
5D9DCCEB6961EE55,ui_menu_codhq_tile_whatshot_bo6_domination
5D9EE6E4E8ED8FCE,loot/iw8_sh_dpapa12_attachment_ids.csv
5DA0FA5239FC4165,loot/s4_me_icepick_camos_ids.csv
5DA2F8DCBE0DADDE,mp/loot/br/doubledown/lootset_named_location.csv
5DA50E12DD957BFB,mldatatype
5DA8D294CAF186F5,loot/iw8_ar_falpha_attachment_ids.csv
5DAAC72F387C922D,ParticleModuleTestGravityDef
5DB0077D543C8684,rex_pgrip_decho
5DB436CFB3084C0E,rex_anims_spier9_vault
5DB682030103F2A3,omnvars/mp/gametypes/omnvars_ctf.csv
5DB7768A79A0C04C,ui_rex
5DB7DDABA673921E,ui.inGame.ScopeReticleManager
5DBA3B06FFD6F847,ee_sign_street_two_way_01_lm
5DBAE6243AF0CA15,WorldModelAttachmentDef
5DBDAC221AB76647,hud_reticle_acog_circle_h
5DBECF5228C34A8E,brloot_access_card_red
5DBF34078A80EA6C,rex_rec_gromeo
5DBFB624FA854F3C,ping_vehicle_husk_heli
5DBFD085F5B5DCDD,radardefptr
5DC227AF3CACC876,icon_attachment_grip_vert01_v0
5DC2573ECEDAA7F4,hud_backpack_slot_empty_killstreak
5DC2E45B9405DA45,ui_rex_icon_perk_coldblooded
5DC5AD078BBE5B4B,mp/weaponstickertable.csv
5DC6DF554075F633,mp/classtable_br_gulag_melee.csv
5DC7B9DABC28E274,hud_icon_tier1_pip_circle
5DC7D0376E45C684,mp/s4_operatorranktable.csv
5DCA8D424A3B9812,ncs_nms_level
5DCBD8EE8AC30E65,balanced_rex_sm_pmike63
5DCDE73D5AB154C6,default_common_platform_settings_gen8.cfg
5DD0752DABB412B1,influencer_equipment_thermite
5DD2816107F48411,ui_menu_codhq_icon_social_report
5DD2BDC36F9587C9,BSEQFilter_UserDone
5DD528D5EDB672A7,mp/gunsmith/sm_t9burst_variants.csv
5DD8025F8BCCD3D8,rex_pgrip_tac_xar1
5DDB9561C902D53C,mp/recipes/trial.recipe
5DDD333AA6C6BF60,level_up
5DDE727A9ADAFC25,CurveType
5DE1F12DEC7E8269,sticker_rex_034
5DE49B76AF0D7724,rex_ironsdefault_psierra41
5DE4ED13A8B14F24,AISightModifier
5DE55E6A9D4A33E3,ping_killstreak_vtol
5DE67523311F0122,ivec2_t
5DE78B79D1836B8C,rex_holo_therm01
5DE81E50B1305D9B,cp/cp_torez_objectives.csv
5DE89DB3EFC6F5EF,time_limit
5DEBD95F191E970F,ui_social_presence_backer
5DF2B6A302C239C4,hud_reticle_snoop2
5DF4482BA1554F0B,bc_equipment_action_armor_drop
5DF855743F868C33,ping_loot_ammo_highcal
5DFA2ACBE6A12295,bc_equipment_action_tossing_tactical
5DFB54BD54C79FAA,rex_bar_lng_xar1
5DFE6607BBFEF54D,jup_gs_challenges.csv
5E00E6308BC40FE2,ui_arrow
5E01E7CF93A17059,GfxDecalVolumeObb
5E02A3710336447E,icon_empty_x
5E02C0F293C313CC,bp_a03_border
5E0461F8EE0C99C0,specialty_trait_resupply
5E08D377247C362A,GfxWorldLightmaps
5E0963F59294B826,mp/gunsmith/platform_
5E0DEC0475EA63C5,button_summergames
5E0EA5602DEC9360,mp/loot/br/dmz/biobunker/lootset_toolbox.csv
5E11A2C4FEB32E8F,ai_token_type
5E14E2378C96030F,mp/loot/br/plunder/lootset_cache_spawns_bunker.csv
5E1801D8BA7AAA67,cover_murderhole
5E1B702B6CD1C801,DopplerPreset
5E1EFBB55A8F34FF,mp/botclasstable.csv
5E281C516CCEB747,sndmodifierchildrendataptr
5E2A2190690111AB,accessorydefptr
5E2ED39B94696CA6,loot/iw8_sm_t9spray_attachment_ids.csv
5E33837115D482C0,thermite_ap_mp
5E3899CE4827F55A,ObjectStoreProjectDef
5E3A6A35E3BB4CC5,mp/loot/br/dmz/biolab/lootset_cache_base.csv
5E3B6BEFD5E65CD5,mp/loot/br/mmp/lootset_contract_asn.csv
5E3DCFD8A5A26644,ui_rex_icon_perk_bloodrush
5E3FD7451F4794D7,hud_tablet_heartbeat_sensor_background
5E40CAD75309F1EB,ui.BuildAndServerText
5E42841652DB275E,ping_loot_killstreak_generic
5E45138C95CFFC0B,mp/gametypestable.csv
5E4581DBA04372CB,mw_upsell_popup_logo_accolades
5E4599D4B02C9FE2,vision/near_death.vision
5E4A264AF007CE45,ui_mp_br_player_status_dead
5E4CB4CA7FB5716C,rex_rec_targetscope
5E4DE6C2455B6B93,GfxPbgColor
5E4E16C378861349,XAnimNodeDef_MeatShield
5E4F160C7A24ABC1,ExtentBounds2D
5E5006080726F933,rex_dynamic_quickdraw_decho
5E512249A5CDCBCF,ui.utils.AEGameEventsUtils
5E55A3CE110573E2,AiActionInteraction
5E5A17CCC897ACE9,ping_social_gotyourback
5E5AE6EDBCBBA131,ui_waveform_idle
5E5B8C1E4A7CF91C,mp_cp/vehiclehorns.csv
5E5BAD200640B48E,mp/loot/br/plunder/lootset_saba_ship.csv
5E5C2C3B9F6AAE0D,super_riotshield_rex
5E5C421F1B44F15A,execution_victim_root
5E5F308BC083A910,gfxstaticmodelcollectiontype
5E5F4A8265B85D8B,mp/loot/br/doubledown/lootset_contract_scav2.csv
5E60106EE5E3EC36,AIAnimsetStreamAnimList
5E61E3DAAF2E5E1D,rgblogitechprofiletype
5E645CCC5D3089FB,mp/gunsmith/sh_t9leveraction_progression.csv
5E65C149D3A67572,mp/loot/br/clash_mgl/lootset_cache_lege.csv
5E67E2187C894779,PhysicsFXPipelineIntegrator_LinVelDamping
5E6CE80DAE9BA4E4,gfx_laser_hdr
5E6D4BFA094FF561,hud_splash_generic_extension_event_mask
5E6EFDFC716B3306,rex_me_fists_sp
5E7161C0D9CEDFCF,hwconfiggroupdef
5E74010388964FC0,ui_bp_atlas_black_cell_shimmer_jup
5E74CF4DFCB9E5CD,mp/hitmarkericons.csv
5E768D1368D823FF,ks_toma_strike_mp
5E77895688B70B4D,ping_fieldupgrade_capture_bot_hostile
5E779D6FE781C2AA,jup_ui_br_biometric_scanner_keycard_gold
5E78D82AA34E9440,physicssfxeventassetptr
5E7E1D51B938F921,cfg/capture.cfg
5E80D20359935F87,ping_loot_equipment_snapshot
5E811FA6A3BE8169,cfg/buttons_one_hand_left_small_alt.cfg
5E84C5B7AAF89A76,fastfile_ingame_shared_mp
5E8705AAC64EF6B4,loot/iw8_ar_t9fastfire_attachment_ids.csv
5E8763713889381E,rex_rec_kilo437
5E88C4A997200E50,super_riot_shield
5E88CFCA931C31A1,loot/s4_me_champagne_camos_ids.csv
5E8980F6F756DDAB,jup_ui_options_color_customization_slider_base_color
5E898B4B291AB23B,ui_callingcards_largebutton_mask
5E8A4C270CDC7FF8,mp/loot/br/kingslayer/lootset_cache_spawns.csv
5E8B23E073FE0BDA,KeyBindsDef
5E8D38ADF0A8B600,tablet_mgb_overlay
5E92FB61911A61EF,ui.utils.ProfileMarkerUtils
5E9428BB55F07ED4,rex_trig_hvy_decho
5E9513A78B8A1D1F,button_glow_circle
5E96B6572FB5EAD6,hud_reticle_s3brush_h
5E96C1572FB5FD87,hud_reticle_s3brush_g
5E9837C8AB465A21,hwconfiguratorinfodefptr
5E9935ABFD284D54,TechniqueMask
5E9A062E1CEE702D,maptilereference
5E9B871308868414,behaviortokenconfigdefptr
5E9C63C5CF2DCB94,mp/loot/br/saba/dmz/lootset_radioactive_container.csv
5EA099B090381529,rex_drone_bomb
5EA7F6BCCEAA5EE5,mp/loot/br/olaride/lootset_cache_pe_chop.csv
5EA8F6C4729E2E33,rex_stock_lgt_xar1
5EA9B3F88E0DD6A2,rex_bar_mike4
5EABF0EC90D4D259,mp/gametypes/ctf.txt
5EAC09FC719EF588,rex_me_fists_mp
5EAD4E14C2A406C8,decor_blankets_01_single_pattern_1_01
5EAEAAD1F23D868A,rex_rec_golf94_jugg
5EAF2F56BEAEA5BB,RarityDamageScales
5EB5710B29CD14BA,VehicleHUDDef
5EB7598E4D4D38ED,ui_rex_icon_eq_stim
5EB78882082FFC72,cfg/default_common_rex.cfg
5EB8190E476921D9,bunkerbuster_not_burrowed_mp
5EBA43F4F7EA8DCE,mp/loot/br/mmp/lootset_cache_lege.csv
5EBAF48179BC05BD,icon_attachment_p01_ar_mike4_barlight_v0
5EC05FC705A4AB79,bc_fieldupgrade_incoming_generic
5EC2AF1F2D039126,Scriptable_Attackers
5EC2B68B91977E1D,ui_rex_icon_fu_crate_fulton
5EC5E202670612CA,brloot_weapon_famas_unco
5EC87EC322802AC8,mp/loot/br/kingslayer/lootset_contract_scav3.csv
5ECA06AE82885CCC,mp/botdifficultytable
5ECA83879FB8D562,menu_navigation_hint_arrow
5ED18AC447F462A2,jup_hud_reticle_rectangle
5ED2B84BB82F8694,mp/loot/br/dmz/biolab/lootset_school_locker_a.csv
5ED3DFF7C3A1CC55,specialty_warhead_rex
5ED6C3533C5B866E,ui_menu_mainmenu_mode_tdm_01_button
5ED83A0F37AF7ED7,AttGeneral
5ED8752DCF0EEBDF,rex_bomb_drone_sp
5ED8A82B9B56D967,physicsfxpipelineptr
5EDB5066EAF34695,specialty_trait_evasive_rex
5EDD6E842CF8A8C8,rex_dynamic_null_asierra12
5EDDE9711F7F9B96,cfg/default_mp_rex.cfg
5EDE345E2478D473,rex_attachments/rex_flashlgt_lrg01
5EE02DB6B6499303,loot/s4_ar_valpha1952_camos_ids.csv
5EE033D1F85E266E,mp/loot/br/ww2_plunder/lootset_named_location.csv
5EE0604E292A1187,vision/scope_fourxtherm01.vision
5EE16043ED9C2B30,ui.inGame.mp.MobileTurretOverlay
5EE2A456E1FF6FDF,rex_rec_xsm1_apex
5EE35498901E059D,scriptablevariantdefptr
5EE501A8A45EA056,ping_samsite_confirm
5EE9255BBE48F9C7,mp/camerapositions_front.csv
5EE95ACFB79237AD,nameplatesettingsdefptr
5EE9781B52866345,dlogendpointptr
5EEBDFBD91E87498,ui/video/subtitles.csv
5EEC662D7977B92B,perk_trait_metabolism
5EED4B74BB1D371D,counter_attack_bomb_defuse_mp
5EEE7870C9F2A324,mp_rex_mumi
5EF2FA939DF42CCD,CompassDataDef
5EF34B647627DDD8,rex_mp_kal
5EF78EA1D879F6C8,onboarding_br_specialist
5EFB7E3541415328,ping_request_location_danger
5EFC7F037C28692E,iw9_me_riotshield_mp
5EFCEE0CC7758146,icon_equipment_slot_semtex
5EFDEE91B147FDA2,PackedQuat101010n
5EFFB2697C5EBFD3,loot/iw8_sn_sksierra_camos_ids.csv
5F016E87D9DA44FB,mapinfodefptr
5F090B907BCC68B3,food_trash_burger_box_01
5F0A15A32565CF1F,uinav_frontend_test_01.cfg
5F0B369B1B8FF733,rex_ammo_45acp_fr
5F13075969466C97,options/none
5F176D063D31E137,ping_statue
5F182C593794D772,headicontalkballoon
5F1B87B6A02B24F9,mp/loot/br/saba/dmz/lootset_train_safe.csv
5F1BB8F6B9D973BE,scriptable_door_metal_panel_01_mp_hero
5F1C369B1B9E6A66,rex_ammo_45acp_ap
5F1D581EDF348AC5,ping_killstreak_advuav
5F1D76F2D443EE30,mp/loot/br/dmz/lootset_locked_space_tier3.csv
5F23429B1BA49D78,rex_ammo_45acp_op
5F24BA4EF37C688C,ui.inGame.DriverHudCargoTruckMGContainer
5F27D70DC8A2175B,perk_trait_uav_upgrade_rex_mp
5F29EEE76CB81943,ui.utils.GunsmithUtils
5F2DA381FF05C850,stencil_update_st
5F3522AD0427EAB0,chevron_h3s_fill
5F3A2AAA1DF01DC8,InstanceMapAreaSwaps
5F3B04747650A39F,LocalizeAssetEntryDevDef
5F3B4A9B1BB93CF1,rex_ammo_45acp_hv
5F3B4C9B1BB94057,rex_ammo_45acp_hp
5F3D03429EDC3100,footstepsfxoverridedefptr
5F3E191B3AFC79D6,rex_attachments/rex_xmag_findia
5F3E60415100CD03,VehicleTractionModelType
5F3FEF326F1790E9,jup_spinner_loading_popup
5F4416EEE7D6F309,vision/mp_frontend_gunsmith.vision
5F463E05DA9109F6,ui_rex_icon_ammo_firetype_spread
5F4668F114171ED0,vision/mp_frontend_iw9_bundle_warm_c.vision
5F49E6046510D6FE,ui.utils.ToastNotificationUtils
5F4ACD3B17900A1B,mp/gunsmith/s4_sh_bromeo5_progression.csv
5F4B1451CC8669AD,brloot_weapon_m91_unco
5F4DB62CB741A3E4,ui.inGame.BinocularsContainer
5F502D68CAD1BC54,ui_rex_icon_ks_prog_drop_care
5F5338A4BA0FE730,AlwaysloadedFlagSet
5F537D32B51CFF10,ping_objective_go_f
5F537E32B51D00C3,ping_objective_go_g
5F537F32B51D0276,ping_objective_go_d
5F538032B51D0429,ping_objective_go_e
5F538132B51D05DC,ping_objective_go_b
5F538232B51D078F,ping_objective_go_c
5F538432B51D0AF5,ping_objective_go_a
5F538B32B51D16DA,ping_objective_go_h
5F54306945DC0001,ncs_xac_global
5F543D7D94A8F2C7,ping_enemy_downed
5F55BF734BDBF5E1,CameraTransitionCurve
5F565FC65F0B3DDF,specialty_trait_combat_scanner
5F57D8DE6BAFB58D,ScriptableEventSpawnDynentDef
5F59D126C9F83698,mp/loot/br/dmz/lootset_safe.csv
5F5AE77A06197D29,hud_reticle_top_segment_scope_dm
5F5D205153A05614,PhysicsFXPipelineIntegrator_FakeDrag
5F5D7289EEB372C7,mp/saba_br_locations.csv
5F5DF97E5C49814F,rex_ar_kilo437_sp
5F5F5AA59FECEFE3,loot/iw8_me_t9battleaxe_camos_ids.csv
5F629720A877C360,mp/loot/br/default/lootset_global.csv
5F631801AB5A4671,SndUnderwaterState
5F637C06052AE1C4,GfxModelLightingProbeInfo
5F642ABD26A81127,ui_map_icon_menu_poi_vehicle
5F65E9A7E3D1CDBC,BSEQUserRole
5F68266C79D5DBC5,mp/loot/br/mini_mgl/lootset_cache_spawns_buildings.csv
5F690B00AFEAC072,saw_ui_squad_icon_juggernaut
5F6D7903A0EDA816,juliet_missile
5F6F12CF66AF167B,rex_bar_kilo2_broken
5F75A232038E012F,rex_bolt_hvy_svictor98
5F76B9E655F03DF9,unsigned
5F78100DBCE49C6D,luascalararray
5F78AF42EDF9ECCC,omnvars/mp/gametypes/omnvars_gwai.csv
5F79C2B4C748E073,specialty_trait_extra_lethal_rex
5F7BB2CD411CB05A,mp/gunsmith/sm_t9standard_variants.csv
5F7CA5B6814FB781,perk_adversefire_rex_mp
5F80E93F0706ADA7,MaterialTechnique
5F84222BE56D1A62,power_attack_drone_sm
5F8422D0BEED6971,specialty_trait_free_tourniquet
5F849134B8CC2A03,icon_watch
5F84A8EE54718F88,mp/gunsmith/ar_t9accurate_variants.csv
5F87419660F0D332,IndoorExclusionDamageable
5F87C4940E0A9090,rex_irons_front_golf28
5F88B6164DD58644,hud_reticle_fourx04_vday
5F8AD7DE67479C85,CarryObjectDef
5F8C17131CA8B393,ui_rex_icon_wpn_showcase_ar_akilo
5F903F67EFA5F8A0,fullscreen_dirt_right
5F90F09031E89F90,MP_CHYRON/MP_biobunker_ALLIES_3
5F91D18AC32843D9,ui_cer
5F92F062BDB0B4B7,ping_gulag_smuggle_package
5F97AF8A3AF75B2E,XAnimCurve
5F9B057E5C7D43D1,rex_ar_kilo437_mp
5F9D1396FBC005AA,ping_loot_killstreak_cruisemissile
5FA1E81701DE2385,rex_attachments/rex_rec_mike4_burst
5FA42FDB14EE2E97,ping_loot_gasmask
5FA463A92A5EAED9,hud_splash_ext_shape_intel_bkg
5FA829F50DCCDFD4,PRESENCE/HIJACK
5FAAB90F29916FA5,rex_bar_lng_kilo437
5FB55D53C9D56386,mp/loot/br/saba/dmz/lootset_dmz_crate_wood.csv
5FB578678E63F886,specialty_trait_tracker
5FB5DF05E623F89E,aimarkupdataptr
5FB615AAEBC54E3E,scriptable_dyn_door_metal_single_b_01_grey
5FB9D2F660947492,mp/stats_init_prestige.cfg
5FBA7CF17B6498A0,rex_trophy_mp
5FBF04AE40AB735B,hud_icon_status_driver
5FC008F1800D71ED,perkDef
5FCBCC1A7EB81713,ui.utils.GameplayStatsUtils
5FD2B0CF100BCB96,rex_stockno_akilo
5FD71631B2BB28C8,TacVisGraphRow
5FD7B10996B768CC,specialty_trait_air_superiority_rex
5FD971657141D643,mp/recipes/mlg_koth.recipe
5FD9B83E18060E7C,SndWhizby
5FDA1191A8A18C26,ParticleModuleTestTimeInStateDef
5FE0F9CCEEE6A33E,brloot_weapon_dragunov_epic
5FE18879848A51CC,mp/loot/br/titandoubledown/lootset_named_location.csv
5FE286D6894138FF,mp/gunsmith/platform_cp08_progression.csv
5FE5FAAF82F32907,WeaponMotionIdleSettings
5FE6B4A50C6B35BF,bt_function_param
5FEA65889960A231,rex_smag_golf28
5FEAC48027E66D53,vision/battlerage-full-health.vision
5FED43950E44974F,ui_bp_boost_icon_season
5FED77AE150F8328,super_ammo_drop
5FF26D9E768365F8,specialty_trait_vampirism_rex
5FF4500A7143F871,ui.LUICommand
5FF4835909C5C5BE,ae/rex_ae_autogen_champions_quest_challenges.csv
5FF9FC28E9FBC856,rex_ammo_9p_smart
5FFA567B84E73BEF,ScriptableEventVehicleStabilizationDef
5FFB30AA332202CA,perk_tempered_rew
5FFC7B93C0025522,ping_location_help
5FFD1627F333443F,clantag_rvn_rex
5FFD29A9781B0A8C,cfg/console_sp.cfg
6001A7C388D42295,mp/loot/br/titandoubledown/lootset_root.csv
6001C5CDF6ACB190,rex_hotel45_muzzlelasertag
6003BFD2B0697A85,vision/scope_juliet.vision
6003D727F7392EC0,omnvars/cp_mp/omnvars_pack_a_punch.csv
60048052C2697C39,ASM_Function_Param_ASTColumn
60051CF159A1B24C,libshader
6008F685B726C1A9,ScriptableStateDef
600AD88904BA2F1E,minijugg
600B522901714EA6,bc_combat_inform_vic2_support_almost
600BBD9B21C9F6C6,ui.utils.ProgressBarUtils
6010010CE59CD6F7,jup_text_button_glow_mask
6010D83E2DBECCFD,PlaygoScenarioId
6011B0966496CD3C,options/gr_veh_move_backward_desc
6016435039206F39,ping_location_point
6017700425032E26,veh_diagram_rhib_mask
6018F296203CF24B,ee_clothing_price_boots_01_left
6019D2B03682EEAA,bc_equipment_action_capture_bot
601F0F5D43A1A848,ping_objective_go_device
601F28C78233C252,un_office_passport_01_open
6022A2D9707D0237,ParticleUseOrientationOptions
6028ED89AF6E4612,rex_mag_mpapa7
602AB11B3DE4D828,vision/nuke_deathblur.vision
602D1D75C663B2F6,FootstepSfxOverrideDef
602D268C83A2E878,mp/gunsmith/la_t9freefire_variants.csv
602DA3A36703F0A9,particlemoduleinitspritesizelimitsdef
602FDDBFC34B8F24,CineChunkData
602FF44F53ED6AC3,AISplineSample
6031FD6601741302,omnvars/mp/omnvars_carry_flag.csv
60377E2265809C0B,mp/dailychallengestable.csv
60387DA9C320B8AE,mp/gunsmith/platform_015_progression.csv
6039BFEF3E704B44,rex_pgrip_ske_limax
603A66F8D3075EC6,ping_civilian
603BEF560B33A3D7,ui_mp_br_mapmenu_ping_navigation_squadleader
603C8EAEF946310F,GfxStaticModelSurface
604055390222D652,jup_ui_smart_displays_billboard_weather_sunset
6040F7A3B6D789FC,ui_rex_icon_eq_prog_gren_stun
6043466A4BBCB103,tablet_mgb_boxes_fill
6045E2F428FB8301,mp/recipes/mugger.recipe
604828E0F2E555CE,collisiontile
604B95C611E0208F,brloot_weapon_citori_comm
604C626565CCD2C9,ScriptableConditionDef
604F042A939D853F,deployinput
6055184FC7C223FA,mp/gunsmith/lm_sierrax_progression.csv
60575C25F67EC981,hud_grenade_cook_glow
6057D9E7C3D55091,super_remote_map
6059DA9E329F2AB0,clantag_blizz_rex
605CABA02F38A3A1,ParticleModuleGravityDef
605CD03E6F995F71,jup_ui_logo_tag_persistent_label_border
605DE36E3579C5B0,event_plus_chevrons
605F3D6C2A1CEE94,rex_infection_bigmap
605F8D87520E8817,ScriptableNoteTrackDef
60605B2D518B83BE,brloot_access_card_green
60632F375D7F6A75,MaterialDebugDataDef
6063625128BFAC12,specialty_apex_incendiary_rex
60647C6AE864B81F,loot/iw8_sm_papa90_attachment_ids.csv
6066DF260948607D,setting_image_depthoffield
60677BA3679576E0,uk_accessory_workout_bag_01
60686643CC15CDF7,loot/iw8_me_t9ballisticknife_attachment_ids.csv
6068A2AFC492D623,ui_ranked_play_explosion_smoke
606AA387F9AAC512,mp/gunsmith/la_t9launcher_variants.csv
606EBBE4E05D760E,ASM_Function
606FAC496F80428D,ui_rex_icon_perk_cricket
607208BBC9147DD7,hardpoint_chevron
6072D4F22C476E43,loot/s4_mg_aalpha52_camos_ids.csv
6073F024FDF111F6,VehicleMtxVariant
6076A75BCBCDF104,loot_mp/operator_intro
60777D5FA42DA3ED,gradient_center_out
607A7D7595AD2FAB,icon_loadout_build_watermark_sentinel_sniper
607CABB6F52008C2,triangle_glow
607FDC1923630FC4,specialty_trait_starter_bag_rex
6085FADE8D65AD7F,mp/gametypes/mtmc.txt
6087C6B87C6B65BA,xmodelsurfsptr
608862217BB829FF,ui_rew_icon_lethal_claymore
608917DCB75AA383,hud_reticle_med_09_mp
60899A05F36F1DE3,specialty_underkill
608B8025F7F2A6DD,physicsvfxeventasset
608DCF21F1762441,defaulttimelinesettings
608E6544C2F48225,dmz_iw9
609878443B6CB3AC,ParticleModuleInitHudOutlineVFXDef
609AA2B70235A3F3,ui_icon_theater_pause
609D0BA57F8CDF5C,vision/nvg_exposure_transition.vision
609D1AE82643EC97,FoliageSFXTableDef
609D3628183B9C99,rex_decoy_grenade_cricket_mp
609F9CC680FB4706,ui_map_icon_obj_spy_drones
60A4BCAE6409833C,jup_zm_rift_pedestal_top_scriptable
60AA75B5BC841B70,speaker_public_iw6
60AE09BBCEBAD920,bc_vehicle_killfirm_tank
60B0E97CFC2FFF0C,GfxPbgVolumetricFog
60B7CF1887060D2B,hud_callsign_bg_white
60B9AE57D413C1F8,jup_icon_operator_select_side_west_logo_med
60BABCB8870FB652,icon_edit_player_showcasewallpaper
60BBBDD8B883B7AD,rex_irons_front_apex_golf28
60BD50CD2EAB57EB,loot/iw8_ar_falpha_camos_ids.csv
60BDC217653CC9F2,iw9_radial_2slice_selected_available
60BF3B783D1186A2,specialty_reduce_regen_delay_on_kill
60C2811DBE3E34D3,primary_regular
60C459AFA29CBB0D,specialty_reduce_regen_delay_on_objective_rex
60C49D3911F48B3E,streamtreenodeindextype
60C4B6DD2A0809AD,mp/ingamestore/igs_items.csv
60C83C7BEE4745D0,mp/loot/br/ww2_plunder/lootset_global.csv
60C8943098DF8655,loot/battlepass_season10.csv
60CC51DA9593CEB9,call_reinforcements
60D035612330F3D1,bc_flavor_player_suppressed
60D18B795B3A3FC1,DB_StreamingInfoTransientIndex
60D1EC9E9F5647B0,ui_rex_icon_wpn_prog_ar_xar1
60D31877FDF0DBAC,ui.utils.PreNavChecks
60D319A46E708C33,vision/end_game.vision
60D404EAEC645A55,hitmarker_text_bold
60D4F311DAE95A43,SndAlias
60D52D1E075A6960,influencer_killstreak_white_phosphorus
60D80FC30212D224,ui/ingame/obituary.csv
60DCF3A92644EFFF,hud_icon_objective_trophy_s03
60E3F97115D9FC43,ui_bp_blackcell_logo
60E70F6EDF596E82,ui.frontEnd.GunsmithPopups
60E988EABD435C3D,equipment_icon_slot_blackoutgrenade
60E9E7E6D59E9A5D,digitaldistortion
60EAA562E3BE529C,rex_stock_lgt_svictor98
60EB004D11D93595,WeaponPatternRandomCardinalCubicHermiteSplineDefPair
60EB4090DCF4ED9F,AttachmentType
60EB59F9AFE9992C,frontend_toggle_backer
60EB85280F4E9ACC,playlist/dmz
60EC757B5D72A9DB,ui/stringtable/username_legal_glyph_ranges.csv
60EDA708C1A535F2,icon_social_requests
60EE4254B4DFB107,scriptable_lm_door_glass_metal_frame_r_brkn_plank_mp
60F15D4ACC41F646,mp/gunsmith/sn_t9damagesemi_progression.csv
60F1DC23DD72645E,gas_cough_heavy
60F3B8640D17FD00,ui_loot_gesture_come
60F3D429015248E5,ping_loot_ammo_launcher
60F72B6583176526,loadout_gunsmith_button_border
60FAB79530D9CE03,perk_apex_sonar_bullets_rex_mp
60FF6947FFFFD0A3,hud_icon_hack_drone_signal
60FFC941785B31B7,specialty_trait_combat_alert_rex
6105486047583D52,ping_elimtarget_confirm
6105A7771968FD1E,rex_arscope_airburst
6105D4C5A040E2D5,loot/iw8_pi_t9semiauto_attachment_ids.csv
6105E9957D92349E,veh_rex_lnd_tank_bravo_mp
6109E01F022C8A97,ping_loot_equipment_claymore
61119CF1FB8B8969,dmz_upgrade_arrows
611230A68974A4D9,xanim_conditionmask
6117BED3B816C793,ping_loot_fieldupgrade_aprounds
6118736C1A504779,scriptable_door_metal_panel_03_left_mp
61192FCC7E3D9BFB,icon_xp_tokens
611A92E11F51E160,hud_reticle_cat_h
611AA1E11F51FADD,hud_reticle_cat_g
611AE57E4A6DC923,ParticleModuleAttractorDef
611BAA0857928AC3,mp/loot_set_cache_contents_base.csv
611C6E435C887B5A,hud_reticle_arrow_fill
611CF59C1AFC99FD,loot/s4_me_sledgehammer_attachment_ids.csv
611D823513981F32,specialty_trait_mini_tracker_rex
6124202308701A53,rex_dynamic_underwater_throwingknife
612486712270781C,hud_reticle_hybrid03_vday_h
61248D7122708401,hud_reticle_hybrid03_vday_g
61280ADCCCF48C47,mp/loot/br/kingslayer/lootset_root.csv
612D176055DC045F,mp/event_promos.csv
612DD7EB51F990B8,loot/iw8_sn_t9precisionsemi_camos_ids.csv
612F99C3F5496573,mp/loot/br/plunder/lootset_named_location.csv
6137ECE93D3857A6,loot/s4_mr_kalpha98_attachment_ids.csv
6139C154806720D8,ui.utils.mp.DMZUtils
613B99DA82121FDC,un_office_server_rack_01_black
613BB8A18E5B9714,dynentitylocalid
613C26D65B2DFCEF,mp/gunsmith/platform_jp25_progression.csv
614073CC8FF7D89A,configure.cfg
6146B6F1296933C4,framecacheimage
6146E4CA3C7F8460,xanimsetstateconditions
614788AC7494519A,hud_splash_dmz_accent_diamond_stroke
614C073C1F315D03,hyperposeasmassetdef
614EC7B0E34C9797,XAnimSphereCollisionShape
614F55464DA5D90B,PhysicsFXPipelineIntegrator_Basic
614F80ACA161D026,icon_skull_warning
614F89C9F5D29C36,ui_battlepass_purchase_token
61519DC5268F8D80,codePerks_t10.csv
6152BCBEB87CFD60,shock/melee_mp_after.shock
615475242DB3C5B7,food_trash_bag_paper_01
6154D538E4624721,streamtreeowner
61573912AC653CF0,frontendscenedata/guntablefirstpositiondata.csv
615893DE74ECDB85,ui_gesture_rally_up
615BF6253B20D341,rex_fe_op_crib_xcam_gunbench_gp_xcam
615CBCBD31CC5C2A,brloot_weapon_m1911_comm
615DE8CC67A1638E,rex_fe_op_crib_xcam_gunbench_lz_xcam
615F660D0562961A,gfxpbgpostfxbundleptr
616422FFCA86B439,reticle_range_6
616423BB492929D3,XModelSurfsUGBState
616423FFCA86B5EC,reticle_range_1
616425FFCA86B952,reticle_range_3
616426FFCA86BB05,reticle_range_2
616586F4EFCC9FED,mp/intel_challenges.csv
616590347FC063FB,SndAliasType
6168E05AC8104088,icon_waypoint_status_plate_right
616A0CB9543CBE78,mp/loot/br/clash_mgl/lootset_cache_base.csv
616B0F83D4B3A614,ui_bp_token_emblem
616CED082CC517B6,icon_mode_wz_br_ranked_release
616D0C77DC3B8DBB,mp/loot/br/rumble/lootset_root.csv
616D174666FCD419,ui.Parallax
616E4145A281664B,ui.utils.mp.MLGUtils
616E59D602E88949,hud_br_plunder_shape_chevron_glow
616EABE3F4ACEC25,rex_ammo_300blk
616F4436E3E46229,bc_equipment_stuck_tracker_removed
61716C8714AC19EB,shockdefptr
617244A2871E4F8D,loot/s4_mr_gecho43_attachment_ids.csv
61731D6C56B90505,ui_keybind_backing
617418C7106FA9DD,VehicleDef
6175BFB97D5A7BA5,PlacementTestType
617812862CFD76C3,computer_pc_tower_01
6179081CF652DDB1,omnvars/mp/gametypes/omnvars_rescue.csv
617A88CE1E501CAB,ui.utils.ProgressionUtils
617DCBAC79F2F3CC,ui.utils.FenceSMSChallenge_Battlenet
617EB2E295007BF9,rex_knock_out
617F2922848BC1A7,GfxWaterSuperTileCpu
618052CC902D847C,configure.csv
6187D47D3600D314,mp/loot/br/truckwar/lootset_contract_scav1.csv
618870B35FDE1A5D,ammoCounterClipType_t
618D1B1628C00BA3,weapon_tag_base
618E5039D084749B,MaterialPtr
6191C000ECA317A9,GfxSurfaceBounds
61946C4843313306,rex_claymore_mp
6194D18B32DFC072,hud_br_plunder_chevron_mask
6196523412D084DF,mp/loot/br/gold_war/lootset_cache_base.csv
6196DEAC0F471C86,sticker_count_backer
619A055E6B895EA7,VehicleTrophyDef
619E3362E167E9B1,br_practice_tutorial.cfg
61A2311457D1175B,mp/loot/br/default/lootset_gulag_items_circle2.csv
61A3521203684F7C,ping_loot_killstreak_autodrone
61A5435ED5288E96,BG_PropPackage_PropDef
61A68335042E44C2,XAnimNodeDef_AimAtProcedural
61A6D85733421F12,ui_gradient_backer
61ABE8389D7C9789,botbtconstantsdef
61ADF05C96D320DD,mp/loot/br/truckwar/lootset_cache_lege.csv
61AF0357B4A63067,AiInteractionWorldObjectInfo
61AF06810B336BD1,ui_emblem_201
61AFCD6A63CA7106,emp_pulse_mp
61B02286BBFBFEAB,uk_misc_car_parts_crate_01
61B8B1AC1D75AA14,CarryAnimOverride
61B93AE0CEBFEA6E,clantag_bnet_rex
61BB584842BF81E1,saw_ui_events_seasonal_codmas_naughty_gift
61BDED6AA35B5846,reverbpresetdefptr
61BE556307E56459,compass_backing_gradient
61BEB73318A1085C,fleshimpactfxsetting
61C34128CD5A36A3,mp/loot/br/shottysniper/lootset_cache_reusable3.csv
61C3F66E2905C057,mp/gunsmith/sm_t9semiauto_progression.csv
61C5844501A1BDCE,become_host
61C7CD8CB8FB8A12,Disabled
61CD7C345275D937,kitchen_knife_shears_01
61CE4DBABFDF15C9,loot/s4_pi_ttango33_attachment_ids.csv
61CFB882ED1D358F,AdsOffsetInterpolationType
61D263E5EDAE2718,loot/iw8_pi_t9fullauto_camos_ids.csv
61D319260D1D341C,influencer_killstreak_tank_drone
61D3618942D06D4E,XAnimJointConstraint
61D3641C074B6C3A,super_door_barricade
61D5428D0AF3ADFF,top_rounded_square
61D561748A1AED58,ui_icon_modeselect_sittingbull
61D7CAB2C72DCD26,zimo_western_a
61D87EE045A56909,mp/gametypes/pill.txt
61D9AFD9D6C448A6,clantag_sss
61DCF3C4D4DB278A,setting_image_shadowquality
61DE57612D368434,jup_icon_wishlist_minus
61E1CED944EE49A0,OutofBand
61E251EE2743969A,WeaponType
61E33A7565B41390,rex_ammo_545m_op
61E4CD48038D6E26,WeaponDamageCalcType
61E839835E53E133,rex_lnchrscope_juliet_nvg
61EABDD9D6D2D3A3,clantag_sha
61EAC3D9D6D2DDD5,clantag_shg
61F12B3952350821,perk_trait_big_brain_rex_mp
61F412F94237FAAF,WaterDynamics_FlowVector
61F773E9EB97AF79,omnvars/cp/levels/omnvars_cp_dntsk_raid.csv
61FB427565C8B309,rex_ammo_545m_hv
61FB447565C8B66F,rex_ammo_545m_hp
61FEA858DCC3F74D,rex_deploy_sam_airburst_turret_mp
61FF85516A062D95,ping_loot_equipment_tripwire
6201A21FA7D64A99,perk_packages_quality_tag_backing
62024E7565CEE61B,rex_ammo_545m_fr
62028C45BE4F3A7C,mg42
6202F41067E9BD65,rex_bar_moscar
620547BEDF8034C5,decor_cafe_planters_01
6206CF494D77D2E6,rebel
6209541E057F8B01,rex_attachments/rex_ironsdefault_kilo2_desc
6209F2E46066C210,ui_bp_atlas_reward_unlock_base_jup
620C877FA7992FEB,rex_laser_stocksaw_kilo437
620EE62DFF6F7D91,ui.inGame.BRTutorialEndGameFlowLayer
62134E7565DD594E,rex_ammo_545m_ap
621594AA3B0A302C,weaponprogression_pip_8x8_rounded_square
6215DD5AF312B416,quickscope_rex_dm_golf28
62175FF929907F2A,v_ui_icon_buttonprompt_kbm_pause
621A07F0F5C3BB7B,ui_mp_br_squad_widget_backer_gradient
621C3A9A286AE8BB,vision/mp_frontend_iw9_lobby_s3_dmz.vision
621CECBA5EC8320F,defaultgamemodefeatureflags
621CFC4E732E30F4,ui_icon_waypoint_lock
6221D26F1028FC2A,rex_rec_psierra41
6222FB46E9488F39,keybindingsoptions.csv
6227108A34FA54F8,XAnimNodeDef_IKTerrain
622CF4DB5A6BD782,setting_image_volumetricquality
622E15F84AEC4A8F,cfg/dvar_defaults.cfg
622E835236587778,ui_bp_title_battlepass_neutral
622EF93AC1BBA7E1,jup_hud_killcam_bottom_arrow
62328FF3B190791F,generic_button_border
6232DB1651999C10,mp/loot/br/olaride/lootset_contract_supply.csv
6238882B5A8DCD6C,hud_icon_player_bomb
6238C99B72AE861E,ui_rex_icon_fu_prog_mine_decoy
623967EA19E26089,reactive_camos.csv
623B04F46ECFFE60,perk_trait_bounty_hunter_rex_mp
623B58E55BA66162,brloot_weapon_striker_epic
623CFE6EBDDB951F,mp/loot/br/dmz/lootset_dresser.csv
623F34CE5EFCD32F,omnvars/mp/gametypes/omnvars_hq.csv
6241E5484C6B43FB,rex_barsil_kilo2
62435C0B25E5BBD6,mp/gunsmith/sm_t9handling_variants.csv
6245726EC0D706CE,perk_trait_lucky_rex_mp
6245B00F46B7A66A,perk_surveillance_rex_mp
62463D5E447D317F,secondary_regular_jup
624947B32B83A1AF,jup_ui_wm_escort_blocker
624CB87388062214,downloadgroupsetdefptr
624D1D48EA3A1EEE,ui_gunscreen_arrow_head
624EF13E5FD7DCE7,ui_mp_br_bunker_keypad_button_base
625193D8755024A1,perk_phosphorous_shots_rex_mp
62563B2389102157,mp/clanrankicontable.csv
62563BDF3562208B,CameraOrbitProfileDef
6258499B9D78FADD,ui.utils.ConsumableUtils
62589FAFA04E9276,specialty_pc_stealth
6259C620BAA274A5,ping_inv_drop_equipment_tactical_generic
625CF362722EBD43,localzoneoverride
625D5599E4AEF889,BSEQFilterType
6261DC26FA95430D,GerstnerWave
62637F2178FB4CBA,widg_glow_circle
6264427C8083F49E,mp/gunsmith/pi_mike1911_progression.csv
62647CE6677F7E4E,loot/iw8_sm_t9standard_attachment_ids.csv
6265981BCCCE62CA,ui_bp_unlocks_circle
62666BF50955D204,mp_rex_tumen/callout_riverside_apartment_b
626F7E6FD7709A7A,loot/s4_mr_ptango41_attachment_ids.csv
627062373110FDB4,ping_loot_killstreak_switchblade_drone
6272CA0CA67CE12B,dev_proto_melee.cfg
627321E77B75CDC2,vision/default.vision
6275E185367C12A1,gfxlightmapimagedesc
6276E0AF55F42A36,ClientTriggerBlend
62777D2849F42500,hud_icon_equipment_gas
627BB00750323CC5,AiMarkupDataGenerated
627CB0C8FFAA8EAC,TacExposureChunkList
627D1BD0E9F81642,ScriptableEventDynamicBoneNoiseCurveDef
627DC0D3DA40DB49,ui.utils.BindingPreviewUtils
62827956C5504A98,mp/gunsmith/platform_cp01_progression.csv
62829C92734DEF53,BehaviorTreeDecoratorReturnOverride
6282D1335B6FA8D4,XAnimFloatTrackDriver
6283FC00122AF8E7,loot/iw8_pi_mike1911_camos_ids.csv
62842DD40D053B46,mp/classtable_br_gulag99.csv
6285BA7D43FEEABC,BSEQBBVar
6288DE9B7196CA1C,StaticModelFlags
62892397B271002D,mp/loot/br/kingslayer/lootset_cache_base.csv
6289703626438EAB,SpatialPartition_Population_Partition
628AE0A8378A18BB,rex_tur_br_asierra12_sp
628AE0FB9DDB9817,mp/gunsmith/sn_t9quickscope_variants.csv
628B65B51A83111C,sat_ui_icon_social_atvi
628D80269C64649A,StMegaTexture
628E3845C2EC3741,loot/iw8_sm_victor_attachment_ids.csv
628F042D77718E62,Blundergat
628F1663EE87B036,primary_ultra_light_rex
628F3E87396673FC,mp/gunsmith/pi_decho_variants.csv
62909A77676B1C58,equipment_icon_showcase_trackinggrenade
6291F8781ED960A5,DynEntitySpatialPopulationType
6293320585CCEFF0,battlepass_progressbar_square
62942A06DCCD9D62,global_progression_fill_ring
62954A542C9272BF,mp/camerapositions_siege.csv
629602F4FE37161D,rex_rec_equip_smoke
6296DCFE5B30E8C5,ping_location_visited
6297E97A7B219A38,SHORT_RANGE_rex_sm_spier9
6298D81F43137BF1,omnvars/mp/omnvars_bombtimer.csv
629A07A18C80C3C5,ScriptableEventKillMayhemDef
629BE676770AC6A8,options/show
62A1527FD51042F2,mp/loot/br/dmz/lootset_weapon_locker.csv
62A69964DEBF0200,iw9_ui_icon_leagueplay_rank_5_gold_large
62AB9EE8CA11BA19,PathData
62AD7088F5D57F25,rex_ammo_5x21
62AD7788F5D58B0A,rex_ammo_5x28
62ADBAE0F2E5D6CB,ui.utils.InstallUtils
62ADF59E388BADCB,wzcer
62AFB56A3E7A4DE8,SndNameColumn
62B0DA6A034C264C,mp/dmzactivities.csv
62B42A72371F305E,icon_perk_slot_specialist_ui
62B5A562DA9A76A0,mp/gunsmith/sn_xmike109_progression.csv
62B7FE3076907A9D,mp/recipes/sd.recipe
62BB4FD5B29A091A,blueprintButton_grid
62BC2099C8E69C1E,AttAmmunition
62BCACDF8BE791A3,rex_mp_ghost
62BE75D95C7BA93B,default_common_t10.cfg
62C16AF966A2D216,battlepass_progressbar_atlas
62C38C056450B6B5,loot/dlc_ids.csv
62C43E023CBCE228,$black_array_uint
62C4654CB92D03B0,rex_bar_hvylng_bmike3
62C96078C19849B6,mp/gunsmith/sh_dpapa12_variants.csv
62CA5ABCD6CAA736,SuitBodyAnimType
62CB49F099AB63EC,WaterDynamicsUUID
62CC8116169C7CD8,MP_BR_INGAME/YOU_ARE_SQUAD_LEADER
62CC95D731E40E15,defaultcompassdata
62CF4160C12D2B55,mp/gunsmith/s4_mg_malpha7_progression.csv
62CF7E73105FD289,groundwar_squadleader
62D1EB4DAF5E1C64,rex_comb_erg_svictor98
62D1F0AC7004D294,rex_ub_gl_mike4
62D5CB0287095520,mp/loot/br/plunder/lootset_cache_hanging_clothes.csv
62D81976BFAE1A5A,animselectortables/civilian_traverse_warp_down.csv
62D843036D667F3A,CameraProfile
62D8557A3784AFE7,AITypeDef
62DA012892D80F9E,ui_rex_icon_wpn_showcase_sm_spier9
62DD688383320B27,FxGlassModelPieceVertex
62E2371F351880DF,hud_reticle_base_scope_dm
62E3CF7C5E30E35A,rex_attachments/rex_pgrip_ass_kilo5
62E4254317DC7B27,mp/basemaps.arena
62E4E2B533AEDEDF,hud_reticle_loot_s4milsas_h
62E4E7B533AEE75E,hud_reticle_loot_s4milsas_g
62E94A0882748B9D,AttAimAssist
62EAE696B0531790,brloot_weapon_uzi_unco
62EB663B30271E85,telescope/telescopedllvalidationxb3.csv
62EBF5AAA7FA6301,AttachmentGameTypeList
62EC4374CA8D7093,mp/loot/br/rebirth/lootset_named_location.csv
62EE7045BEAD0FA9,gs_challenges.csv
62F71C2B24B9D4DD,rex_guard_lgt_bmike3
62F80D5BFFD4BE94,mp/loot/br/doubledown/lootset_cache_spawns_bunker.csv
62F8DE8C3EF1FF50,GfxDecalVolumeCollection
62FAFC7038409350,ReactiveBonesData
62FB6764C15CB5F7,shock_stick_underwater_mp
62FD263F636D009C,ping_loot_ammo_smallcal
62FE6267ACC0A4D2,hud_reticle_short_10_wz_h
62FE6567ACC0A9EB,hud_reticle_short_10_wz_g
62FF09621ABD832F,Fireball
63010975BCAA2627,SndMasterPresetDef
630171BB570F382E,brloot_weapon_marlin_rare
630279D6B2533116,xanimsetdefptr
6302E7EA14C7A031,vision/assault_drone_color_mp.vision
6304613C0EBB633A,ui.utils.DailyChurnRewardUtils
6304A5D95A3261F0,equip_support_box_mp
6306FEEC5C2E64FB,gromsko_western_a
63078E3A832FCA03,ui.utils.CountdownUtils
630805E7FE3E03EE,$black_3d_uint
630C23CB73A92888,mp/cosmeticattachmenttable.csv
630C335B1F01EF7F,cp/cp_br_syrk_objectives.csv
630DED7F2AC6B392,defaultaishootstyleslist
630F776CD7CF97D6,hud_splash_accent_chevron_slim
6310250C1F4C0FF1,p7_chemistry_kit_flask
63117A96BE51BE36,Crossbow
6311AB55EE41FB56,icon_generic_plus_SMALL
6317380DF455A148,mp/buyStation/attachmentPriceScalars.csv
63177EC88DFFB513,mp/loot/br/rumble/lootset_contract_scav2.csv
631884AFCD46C52F,rex_bar_sht_bmike3
631C2457625773A8,ping_inv_have_ammo_smallcal
631D4B2ECC063EE5,AiInteractionArrivalInfo
63200A64BD201160,mp/progression/s4_prestige_progression_rewards.csv
6322BDF066F15E5A,setting_image_screenspaceshadows
63276ED60708C618,mp/hints.csv
6329CE1F59BB7C6E,mp/loot/br/plunder/lootset_contract_supply.csv
632DDE7E83312675,keybindingscodcaster.csv
632F2301E04327D5,ui_bp_button_mask_alt_jup
632FE1488522BCDC,rex_ub_gl_xar1
6332FFC17F552291,ui_rex_icon_favorite
6335C908882CD7D9,builddigestdef
6336AC05DFB506DE,ping_vehicle_armoredboat_neutral
633A08F7AC8C3CAD,loot/iw8_ar_falima_camos_ids.csv
633A4D44D67E36A9,hud_trophy_hunt_backer_lg
633D2BCA20B43848,brloot_weapon_deagle_lege
633E2180FFBA999D,mp/loot/br/ww2/lootset_cache_spawns_bunker.csv
633E707022E12433,lensflarematerialdata
633EA849C8ED1D2C,ui_gradient_right_to_left
63407B5345C8B1E3,logo_beenox
6342D69E319EC4C0,mp/gunsmith/lm_kilo121_variants.csv
6343385F6861004B,rex_possession_kill_confirmed
6343C694A39C5DD1,vision/arscope_therm01_gold.vision
6344A63E6590D749,loot/battlepass_season7.csv
63475E3876D706A0,rex_audio_sierrax_acv
6349EC36389065BB,loot/iw8_pi_mike_camos_ids.csv
634A8D56C76F9F55,default_wz
634D35300E6709DC,rex_attachments/rex_ironsdefault_rpapa8_desc
63526FABD55AF420,NetConstStringSource
635AFA6EDFFBF00B,ai_lochit_dmgtable
635AFAD06506F81E,bp_a12_border
635AFC70290358A5,mp/loot/br/respect/lootset_global.csv
635B5D8F0751C80C,SndSendEffectParams
635C4B2E081D0AF4,rex_pi_stimpistol_mp
635FC7631ED41C68,ping_objective_destroy_bomb
63606E4E78F613C9,fxparticlesimanimationptr
6360C2104E4C6D6C,rex_rec_spotterscope
6361024A32E1A781,ui_prog_radial_whole
63628C05D9716129,ui_gunscreen_bg_paranormal_investigator
63632F852A9C1F21,mp/gunsmith/s4_mr_moscar_progression.csv
636850F5B15166A8,brloot_weapon_mp5_lege
63690456730ACC43,SpatialPartition_Population_Tree
6369B4A901604542,mp/weaponscreenshotlist.csv
636ECA6A43D2049F,mp/loot/br/respect/lootset_cache_pe_chop.csv
636F922B5DFB908D,specialty_trait_faster_revive
636F98196A965586,default_mp_platform_settings_mobile.cfg
63725F276F139862,LUA_MENU/MODE_mastery
63730B05943C8645,mp/gunsmith/ar_t9longburst_progression.csv
63735194B6E82FC9,defaultcustomdamagepattern
63742F8B67F9CD51,sp/progression_unlocks.csv
63753D01A1DD91F5,ui.utils.TacticalMapUtils
6377AE351D73D972,ping_killstreak_vtol_hostile
6377E4D60814B7B2,loot/iw8_pi_papa320_attachment_ids.csv
637849B3C1AFEC0E,ui.widgets.DecodeBlock
637B1E8000320D43,alert_target_outline_enemy_ping
637DE002D7520B16,ui.inGame.mp.MissileDroneOverlay
637EA94C4D1B7DB0,vision/mp_frontend_gun.vision
637F30E01A30644E,ui_mp_br_loot_icon_ammo_mid
6382B7C3F73467C2,XAnimNodeDef_Blend
6384394B56751590,shock/dog_bite.shock
6384661D06CB6CA4,ui.utils.mp.RestrictionsUtils
63846FBDA9B17C68,hud_icon_shop_personal_exfil
6386C7761B233020,icon_playlist_match_time
6388AE5287E3A276,rex_domination
638AB711EF7528D0,hud_icon_equipment_trap
638E2E86DE4E0F2E,ping_enemy_confirm
6390A1B8B943629E,ui.widgets.ArrowButtonLogic
6391F382E9AD379E,balanced
639206922AB269C0,ping_inv_drop_ammo_midcaliber
6392FE12D5DBB3B3,ping_loot_generic
63937B9CBB8AB4B0,LaserDef
6394ED483A449753,ping_garage_building
639763815E8768C7,rex_mp_valeria_2_1
6397B5D442EBDDE2,ping_uavtower_neutral
639922194E9E5D8D,GfxVolumetric
639A2E389934DB1F,DLogEnv
639A82321A3C6D63,snd_speakermap_info_t
639D871184882364,mp/loot/br/classic/lootset_cache_lege.csv
639ECB178CAA76EF,scriptable_door_metal_04_flat_painted_mp_tan
63A027159C162A9C,eng_mp_rex_mobility_trials_subset_ai
63A13C5041C46D06,WeapAccuracyType
63A48F10FDD3D6EC,mp/gunsmith/sh_t9pump_variants.csv
63A4A97DA29C5212,iw9_me_knife_mp
63A4DC5D8DE037A2,AttBobScaleSettingsTunable
63A504E5B21E6231,loot/s4_sh_becho_camos_ids.csv
63A54E0F621C504E,animtrees/animated_props.atr
63A5EAE81B313F76,Scriptable_EventType
63A6A3257BA88379,riotshield_cp
63A7285E3ABF3931,ui_bp_atlas_toggle_black_cell
63A7CEA0607A31E9,mp/loot/br/dmz/biobunker/lootset_biobunker_office.csv
63A926379826E13C,mp/loot/br/mini_mgl/newplayer/lootset_contract_scav2.csv
63A97B35E2C8E145,BehaviorTreeScriptFunc
63AC0CE6FED5D1BC,ping_fulton_confirm
63ACC8F3345D0930,vision/killstreak_color_light_damage.vision
63B2DCF1A2C4C2DD,particlemoduleinitspawnshapeweatherdef
63B6A0AAD09880EC,ui_rex_icon_fu_prog_trophy_system
63B8D401D663BF4A,JUP_LUA_MENU/GAME_MODES
63B95B0CDCF906D4,opaque_Ptr
63BAFB7119A20228,GfxReflectionProbeRelightingState
63BBA449BD7CE79A,BSEQCondition_Timer
63BD90EAAB369161,hud_icon_weapon_iw9_me_diveknife
63C0801F6BBD63E8,vision/ks_gunship_interior_intro.vision
63C0870D99B70789,ui_rex_ingame_hud_mp_game_state_objective_neutral_frame
63C29D930FF4187D,budgets/contentmem_neo_test.csv
63C3B1C8576A3110,rex_attachments/rex_rec_rpapa8_desc
63C4949553ADD32A,ob_daily_challenges.csv
63C4EC3368DAE4F2,damage_feedback_suppressed
63C8B1B244FAB0BD,rex_rec_asierra12
63CA5C7134E809A7,PhysicsCapacities
63D58A51A7BF8306,mp/loot/br/shottysniper/loot_table_zones.csv
63D6ABB7A8DFF3EE,ui.LUIElementOnEntitySpawner
63D75F7E6051CA45,vehicleoccupantinfo
63D8DF09A236D986,menu_arrow_button_arrow
63D94C8A08B18175,vision/cruise_color_fog_mp.vision
63D952BB489FED9F,ui.frontEnd.SplitScreenPopups
63DCBED93E5A2ABE,ping_chimes
63DD7E27266ABD70,ping_contract_confirm_trap
63DF5644751DAE83,SndFilterDetails
63E2AFDB67593D64,ping_concat_high
63E49E0C576414AE,SplinePointRecordList
63EB89C5EA78A24E,ping_loot_confirm_medical
63ECEBB396FD4007,jup_ui_wm_scoreboard_backer_selected
63F01DCCDCA4C79A,ParticleIntRange
63F2B06CB77270E9,mp/loot/br/titandoubledown/lootset_cache_lege.csv
63F30EFB330FE331,rex_throwingknife_mp
63F423486BE25735,mp/loot/br/shottysniper/lootset_cache_spawns_bunker.csv
63F50FB7461D19BB,smartphone_arrow
63F5B83818D895A0,hud_reticle_loot_s4milsas
63FFE593F014FA85,menu_mp_gear_loadout_backer
64006ED726FDEAF3,omnvars/mp/gametypes/omnvars_blitz.csv
64029D2ACB6FF5DF,emp_pulse_device_mp
64054E471EE2BF4A,mp/buyStation/staticPriceList.csv
64085E0E6B356AA2,mp/loot/br/plunder/lootset_saba_policestation.csv
6409580A4D8D2CE3,ui.CurrentWeaponDataSources
640BBEB7CE421C9E,icon_social_plat_switch
640BFABDBDE0FCFB,ui_mp_br_mapmenu_ping_cursor
640EF9BDADB13872,Scr_CreateNavBadplaceByBoundsIgnoreTeams
640F47DAD83AFEFF,mp/loot/br/saba/dmz/lootset_cache_convoy_attack.csv
64102B5B5BC6ACC7,bc_fieldupgrade_killfirm_seeker
6411851A39F6C9CB,mp/classtable_br_rebirth_circle2.csv
641602B4E7294C97,ncs_tag_ingame_sp
64184DCB86D94AB2,ui.utils.InventoryUtils
6419CAC85E21389E,ee_sign_street_no_entry_right_turn_lm
641EDA9755B03782,scriptablepartlocalcount
6421AAB58302C712,mp/loot/br/tutorial/loot_item_zones_tutorial.csv
6421FC96DE1760EB,omnvars/mp/omnvars.csv
6424098EC655B66D,loot/iw8_me_t9sledgehammer_camos_ids.csv
6425A2E2E1282DAA,omnvars/mp/gametypes/omnvars_arm.csv
6429B3B3EFD3D624,ee_sign_street_pedestrian_03_lm
642AB0F27794D20E,mp/playlist_sprite_buttons.csv
643013759B8C6739,ncs_obj_level
6430D1838F3B8FBF,bc_equipment_incoming_switchblade_drone
64327411DD7F4203,mp/rankicontable.csv
6435ADF83F5BE0BC,hud_icon_ctf_flag
64389B45EF1103CC,balanced_rex_sh_bmike3
644181CFFBEE4D9D,ui_bp_button_backer
644456C8B5FF2EE1,ui_icon_rarity_bc_s1
64476C9118FFDAB4,brloot_weapon_dragunov_lege
6449045337FD2C35,perk_field_medic_rew
644A31E7239545EE,brloot_collection_tablet
644A99B342617BE1,hud_arrow
644B589A1227EA01,XAnimNodeDef_Bipod
644D639ABE11669B,ui_widg_vert_gradient_center_out_mask
644FC4B8B2FDA611,hud_reticle_s6jock_GOAL
645034F11286D0D7,weathermapdefptr
64511F2004483D5B,incursion_sentry_turret_mp
6451412FBA924AA4,mp/recipes/mlg_hq.recipe
64515402E9D6DCA0,stealth_rex_sm_psierra41
6457B18C04F513E8,mp/gunsmith/platform_04_progression.csv
645DBEA4BE745024,bc_combat_inform_vic2_strategy_almost
645E577DD68FEDC1,icon_global_cdl
646074892195DE26,BlendSpace2DDef
6462FBC4373989D6,WeaponSfxImpactGroup
6464A146263DC6DB,ui.frontEnd.MPPlayerPopups
6466291A0A77C05C,G_GlassData
6468937F24340784,TransientWorldTile
6469721605EF0582,defaulthudoutline
646BF726D92DD1BA,specialty_null
646DA8BC0B0CF460,defaultomnvarlist
646DF7C6C65DF7DA,iw9_ui_options_color_customization_stroke_checkmark
646FF3F37F2B3D77,mp/operator/s4_anna_progression.csv
6471B8E33606C27D,nongamedata_loadoutsettings
647391523AD2C955,ui_mp_br_loot_icon_gear_gasmask_pip_light
64745CF1E690AEE7,glider_rex
6475D3D0A1B96F3F,ui_rex_icon_reticle_dmscope02
6475D4D0A1B970F2,ui_rex_icon_reticle_dmscope01
64772DEA7DC2F9F1,rex_minireddot01_akilo
647B0F3192B0CF5C,telescope/webviewsetting.csv
647C151A1E0DEEAC,loot/s4_ar_emike1_camos_ids.csv
647C70CBF82A813C,ping_fieldupgrade_armor_drop_hostile
647DD4677F3BB73A,ParticleVectorListDef
647F06048BD3C243,mp/motd_mapping.csv
647FB774C51E2825,rex_glider_deploy_proj_mp
64818451F313F802,backup_pistol
648320DACE8C63A1,button_alt1
64836067FD147934,clantag_ab_rex
648A5197D3F70F90,icon_chyron_fx
648CA2908707A42B,specialty_trait_popcorn_lethals_rex
648E34FAEDAA1228,vignette
649309B2BC82E0F2,loot/iw8_sh_t9leveraction_attachment_ids.csv
64967E7FC681F851,SndIndexEntry
649715C7A07E0ED2,bc_equipment_action_defib
6499359FD13E1849,XAnimDeltaPartQuatData
649CEA3CE852213D,equip_shockstick_rex
649D80E5148A6CA0,mp/gunsmith/lm_t9fastfire_variants.csv
64A089578A7142EC,hud_reticle_gustav_bracket_01
64A08B578A714652,hud_reticle_gustav_bracket_03
64A08C578A714805,hud_reticle_gustav_bracket_02
64A9F48DDF9D8031,materialtechniquesetptr
64AADEEF630F682B,next_cod_bundle_informational
64B0D94553EA9580,mp/loot/br/gold_war/lootset_cache_ultra.csv
64B557BAD327549E,rex_attachments/rex_bar_akilo_emp
64B751F3BC8DBEED,ui_rex_icon_wpn_showcase_dm_golf28
64BBCE4B9CA38FD8,mp/classtable_br_event.csv
64BD0E52C1986608,vision/gunship_color_fog_mp.vision
64BF37E6876E0EFB,default_cp.cfg
64BFE448D9A2762B,TriggerDisconnectSoundData
64C1CA11583C1E1F,aigrenadeutilitybase
64C3E8FF5BADC00C,mp/loot/br/dmz/biolab/lootset_fridge_mini.csv
64C40BC251D2BD63,button_secondary
64C4356C8316D262,icon_edit_player_profile
64C6C14122498F04,ui.utils.sp.FenceSP
64C7F80E08A9B7C3,decalvolumesgridtacpointsea6727
64C8910B10B2A0DA,specialty_hollowpoint
64CAF8D6B27F5B8A,rex_stock_hvy_uxray
64D11FE67A118466,vision/recon_drone_flash_nvg.vision
64D1AE2C2EF2AE3A,mp/loot/br/respect/lootset_lottery_cntrlroom.csv
64D6AEA2C69233C9,cfg/vis.cfg
64D80D4EB7694E5B,XModelSkinOverrideVariation
64D82390173EFC18,rex_mp_kal_1_1
64D88D3D7F01789C,mp/gunsmith/ar_t9fastfire_variants.csv
64D90D51A6927917,icon_navbar_warning_left
64DD3FD642973E5A,mp/classtable_arena_alt.csv
64DF3F8A2C8EFE6B,mp_rew_zodiac
64E25A61AB81326F,rex_me_tacknifea_sp
64E4312DFE95ED00,playlist_entry_change
64E4A0FE4FE8231F,frontend_extracted_xanims_3_global_stream_mp
64E720922A326E5A,loot/iw8_la_t9launcher_attachment_ids.csv
64EAF106C2E7B359,ping_warlord_generic_confirm
64EC5E85043E062C,ui.utils.ExfilChallengesUtils
64F16C781DECB7A7,loot/iw8_ar_falima_attachment_ids.csv
64F7C31CE47FBEB7,ee_sign_street_no_parking_lm
64F80F133321E110,ScriptableEventAINavClearTraverseDef
64F84ABC9C3DA903,emptybotbtconstants
64F8AC73EAD32734,ui_gunscreen_edge_thick_gold
64F9209F1550D4E0,hud_splash_rounded_banner
650244F91DDD936B,ob_jup
650285C9CF1B1D72,rex_ammo_762t_ap
6503F8CD62DB4658,ui.utils.FenceShaderUpload
6505208D201DE688,ReloadCheckpointNumber
65062887F6D11277,mp/loot/br/mini_mgl/lootset_cache_spawns.csv
65069D8D27F45A2A,veh_cargo_truck_mp
6506B30C99D8DB74,ping_location_landing
6506FA65FE61116F,icon_vehicle_battle_track
650A6B90F9C33771,brloot_weapon_uzi_rare
650B2BBDBA5B6F7B,rex_dynamic_quickdraw_pi_pocketpistol
650BC073239AEEE9,SndFutzDef
650C95C9CF238D27,rex_ammo_762t_fr
650D6DA14ABA7691,physicsassetptr
6511FE260A01B967,mpclientcharacterscriptabledef
65157CC424B79569,mp/recipes/infect_smg.recipe
6515B4A3F11768A6,mp/loot/br/plunder/lootset_saba_hospital.csv
65176814F9F4CA55,rex_mag_limax_lrgstock_sp
6517C59404BED865,hud_reticle_short_10_wz
6517D0B450ADF2C1,icon_splash_arrow
651BA734D0D56CF9,cfg/buttons_lefty_alt.cfg
651BDAF9D8CDA843,WeaponMotionTranslation
651C8070CF7B3B70,hud_reticle_loot_s3swolf_h
651C8F70CF7B54ED,hud_reticle_loot_s3swolf_g
651C9F94CCFFCEB6,ping_ascender
651DA88CC6BDCD04,gscgdb
651E58A8957F7715,sndglobalsurfaceinfoptr
651EC6C3F7C9F72C,ee_sign_street_speed_limit_lm
651F6661ABB4F4F1,rex_me_tacknifea_mp
651F8144371D306E,ui_menu_codhq_logo_large_blackcell
65217BC9CF35BD03,rex_ammo_762t_hp
652181C9CF35C735,rex_ammo_762t_hv
65234E4889BEA66C,progression_accent_diamond_stroke
652481C9CF37FD0C,rex_ammo_762t_op
6524CAB2972CA61A,ui_mp_br_stats_cleanup
6526C8FDD6208BA6,uvec2_t
65279316F94A4E79,AttRumbles
6529284B279475D3,rex_laserads_pstl01_kilo5
652A4F7427C0EEAD,mp_cp/vehicledamagetable.csv
652A8C580030250B,defaultfonticon
65312FF43C596D7A,mp/gunsmith/ar_mike4_progression.csv
6536ECCCB832AD45,overlay_turret_front
6538A209F68D6682,super_utility_drop_rex
653FCD3D5D8D357A,mp/operator/s4_constance_ger_progression.csv
653FE24188271F65,jupiter_private_loadouts
65431B42E95275EC,rectdef_t
65452380D697B542,frontend_ui_boot
6545BEEC663FF895,bc_equipment_incoming_generic
65460E619650F0E3,ui_loot_bg_battlepass
6546333DD19C2B77,ping_boss_gunslinger
65484C7B07CC5E73,ui_rex_icon_ammo_firetype_incendiary
654C971A1205C5F8,DLogEvent
6552424528CB39EA,GfxStaticModelVertexLighting
6555EFB983209264,loot/iw8_pi_mike9_camos_ids.csv
65576BB3DF9CFC11,widg_gradient_left_to_right
655B6D1D3A10868C,perk_hardline_rex_mp
655E93E366BF895C,scriptable_door_metal_panel_03_right_mp
655EB7E1A0C7AC00,ui.conditions
656102EE8F299DFF,mp/challengesubcategories.csv
65614325E5600745,bc_vehicle_killfirm_bike
6561ECBB3BD7D975,hud_reticle_s45diver_g
6561EDBB3BD7DB28,hud_reticle_s45diver_h
6562AFA794A35DC0,mp/loot/br/mini_mgl/lootset_contract_scav2.csv
65634E4C0D6CEA73,xmodel
6564925CDAD5448D,rex_attachments/rex_ironsdefault_moscar_desc
65650EF293C124E9,mp/gunsmith/ar_t9fastburst_progression.csv
6566024FF2281CED,veh_light_tank_mp
6567193EFAF08527,xanimnodedef_ikshadow
65682524ADC9F387,icon_perk_package
656A47480B627877,TracerType
6571309130CB8C20,rex_mag_xar1
6573005B8DC55623,mp/classtable_arena_blueprints.csv
6576A89AF2278D1C,mp/loot/br/plunder/lootset_stronghold_black.csv
6576D2ED1A9BCA38,little_bird_mp
6578413EB7FB4420,loot/iw8_pi_cpapa_attachment_ids.csv
657A5371176A0651,ee_book_office_folder_02_stack_sml
657A783DCFEDE00B,ui_rex_icon_xp_weapon_premium_boost_active
657AD6394744FAE5,mp/loot/br/champion_mgl/lootset_empty.csv
657ED8305A3A7A99,XModelDrawInfo
6581472059729554,perk_trait_safe_tracker_rex_mp
65887BDF91BB9830,EquipmentSFXSoundCollection
658BEDC84DF29695,tournament_trophy_first_place
658C32EC54C1A64D,rex_snscope_vz01_zoom2
658CA44FA929C46F,StreamedGPUShaderDesc
658DE77E75D838D4,mask_4_quadrant_square_small
658E022F741D1A8D,hud_icon_player_revive
658EEFDD39B08BCC,ui.utils.PrivateMatchUtils
658F00A1B74AC4C2,mp/gunsmith/s4_pi_mike1911_progression.csv
6590BEBB8C775814,jup_ui_icon_global_win_challenges_hollow
659325535BF1B4FA,rex_dynamic_underwater_offhand
6594FC87140AF99A,rex_stock_tac_mike4
6598AB84D3B20616,mp/scriptclientdata.csv
6598EF3BBF197061,ping_elimtarget
6599F2F13746B732,XAsset
659E281FD35B7874,luafilePtr
659FDD6B883ADD23,mp/gunsmith/s4_ar_chotel15_progression.csv
65A72314FEBD1F22,cp/gametypes/incursion.txt
65A747F7A775F565,hud_icon_new_coldblood
65A8566B36C5F2D8,specialty_trait_vampirism
65A8F03619077CF8,ParticleModuleTestBirthDef
65A91B7ECA8D16A4,seasons_global_header_bg_jup
65AA9EF224931D05,mp/loot/br/horizontal/lootset_contract_scav1.csv
65B179DB793419B0,rex_ammo_762r_ap
65B3D76D17FE5E85,ui_rex_icon_ammo_firetype_hyperburst
65B82138FEE12796,mp/loot/br/mp_sm_island_1/rebirth/lootset_cache_reusable1.csv
65B96E83F993A37B,ping_killstreak_gunship_hostile
65B9BF4C541C206A,loot/mission_ids.csv
65BE14D70A2A3932,ui_rew_icon_perk_berserker
65C21734E5ADF743,PhysicsVFXEventAssetConstraintParticleEffectRule
65C3D88521D16D86,bc_combat_sleeper_kill
65C6CDA16E4452AE,rew_pop_candy
65C87A1CEF0D0844,hud_splash_generic_subheader_backer_champion_left
65C8CD84C2DDE6C0,bp_a21_border
65C9029622C5112C,rex_addsway_mike4
65C985DB7948BFF5,rex_ammo_762r_fr
65CB57B3BFCFA6E5,mp/progression/elder1_progression.csv
65CB6A4ACB6131DB,loot/iw8_ar_t9slowfire_camos_ids.csv
65CBA06E34C7F2D8,cp/cp_consumables.csv
65CE45EC93349A45,budgets/contentmem_gemini_debug.csv
65CF449FA475E91E,mp/loot/br/mini/lootset_global.csv
65CF6C086BF408EB,ui.LUIButtonCombination
65D03477BED246FC,MaterialUvDistortionParamsDef
65D082DB794ED98A,rex_ammo_762r_he
65D08FDB794EEFA1,rex_ammo_762r_hp
65D091DB794EF307,rex_ammo_762r_hv
65D5E2BE750BBC27,mp/loot/br/dmz/lootset_saba_bank.csv
65D74D4C6867FE7D,aar_gfx_smoke_right
65D7AAC455F6A980,brloot_killstreak_clusterstrike
65DA6C39B65C28DE,XCamCamera
65DB6834011EE6AF,ui_bp_blades_icon_codpoints
65E0331078C1AFE5,un_office_paper_shredder_01
65E18DDB795D5F6E,rex_ammo_762r_op
65E3C5F1FF95807C,mp/loot/br/default/lootset_gulag_items_circle3.csv
65E48C05247B7DE9,ping_loot_fieldupgrade_inflatabledecoy
65E640BC6EC411F4,FxGlassPieceDynamics
65E6843D11C18DE5,defaultsoundcone
65E6D4F416B64AAF,ui.ingame.requisitionslayer
65E7C0877218D283,int
65ED19FDB04428FC,hud_reticle_snoop_g
65ED20FDB04434E1,hud_reticle_snoop_h
65ED36CB13416493,DDLEnum
65EE03D9CDB2E86F,nongamedata
65F0086F49750E41,omnvars/mp/gametypes/omnvars_bigctf.csv
65F2E443F693FEBA,options/privacy_choices_name
65F2FE3EE7062F54,loot
65F4DC31A123D20B,ExecutionCamBlendEnabled
65F6A031585CB212,building_metal_sliding_door_01_trials
65F6D2EE02925760,veh8_civ_lnd_coscar_burn_static
65F9EC52E82A75C1,ScriptableTriggerVolume
65FAC76C453946EE,brloot_weapon_dp12_rare
65FD9912B3A6B50F,mgl_vehicle_seatstroke
660804265BAF4883,vision/mp_frontend_bundle_preview.vision
660A84709F88A6DA,SightConfigStances
660BAF03D2C776C2,ping_contract_confirm_hunt
660E3A57FE72E733,MeleeAnimType
660E983B8BB7E029,NoteFilters
660EB3F2EE752445,ui_ranked_play_howtoplay_tooltip_focus_circle
66157545F8598667,ViewLimits
66163CE6A46EF119,rex_bar_decho_auto
661732B82C2F9DFE,remove
6618D0B3DECF10A6,rex_wounding_grenade_mp
661935D1171C23A7,mp/loot/br/dmz/biolab/lootset_bar_cabinet.csv
661A02231BBFA2E5,operatordefptr
661BA76ADAFE2FC0,suitdefptr
661DB04381BAB572,rex_attachments/rex_holo_spier9
661DDC3D38B39C6D,me_light_ceiling_fluorescent_tube_on_cool_flicker_village2
661E3B9DA3A6612D,mp/gunsmith/ar_kilo433_progression.csv
661EDCB3FF50AAF3,ui_bp_progress_bar_fill
66243FDF2AD49127,jup_hud_generic_glow
662BE5E24AD3CCEC,ui_icon_hud_player_norespawn
662DAA75190AF987,animtrees/script_model.atr
662DE14677F4FEE3,mp/loot/core/risk/lootset_cache_pe_chop.csv
662F676BFB8C16AC,shock/phaseshift_mp.shock
6630B76ECB6A264A,ScriptableEventAddModelDef
663310735CEA6F7F,eng_sp_rex_meltdown
66358787725A92F9,iw9
663594342EA0A8E0,prestige_challenges.csv
6636F6BFC279F566,GamepadBindType
6638ECB09D70282B,SndGlobalNameTable
663B8E85292259B3,AttTargetAssist
663EBCEAA5AC409D,ui.utils.mp.GroupsCommonDataProviders
664033F4D8EB509D,hud_tablet_killstreak_blue_tab_background
66419A7564DA5AD0,loot_card_border_flare_epic_
66448A778DC63EF9,rex_bar_lgt_psierra41
66459CAF2FFC04C4,omnvars/mp/omnvars_brcircle.csv
664B971A442AA557,ui_rex_icon_obj_spike
664BF67EE416F0B2,mp/loot/br/truckwar/lootset_cache_spawns.csv
664C180E5C06564B,mp/br_twotwo_gulag_loadout.csv
6650F59480F0CAEE,ping_location_caution
66523EE92C832EE4,veh_rex_lnd_wheelson_mp
66524C638A8D9CD0,mp/classtable_br_gulag4.csv
665374CBB46A155F,veh_rex_lnd_bmike2_sp
6655DCB3DF02D328,rex_wounding_grenade_sp
6657906EA401A1C6,ui_bp_blackcell_teaser_dotted_circle
6659F491B1F9A370,mp/gunsmith/ar_t9longburst_variants.csv
665D8958CAF06A69,mp/loot/br/default/lootset_cache_pe_crate_drop.csv
665F064D022E6F84,hud_splash_accent_square
6661E4DC584D9CE0,reactivestagesetdefptr
66634FBA40448E4A,MaterialConstantDef
6665B6B099A66987,uint64_t
66660B1AF84AFD80,rex_rec_bmike3_rex_wz
666843A091DEE0CE,loading
6668DADACAF099E2,ui_rex_icon_eq_molotov
666BCF987DAFC3E8,ui_gunscreen_bg_gold
66776F8311D88552,GfxWorldDecalVolumeData
667886B5E9CD0753,war_machine_launcher
667BE150F6682673,mp/loot/br/dmz/lootset_cache_base.csv
6681D517DFDD17A4,primary_black_wz
66837645E5E53F5F,fluff_text_vertical_numbers
6684AF006400D20A,rex_attachments/rex_minireddot02_pstl
66861EAC47C6ED2B,gfxpbgbloomptr
668767671C0BD46F,equipment/concussion
6687DD1F045E729F,ui_rew_icon_perk_scavenger
66891B7BAD9B7F92,veh9_mil_air_heli_palfa_physics_mp
668F9889132A18D0,mp/gunsmith/platform_jp19_progression.csv
669026D878874B8B,loot/iw8_me_t9coldwar_attachment_ids.csv
6690E84A6578A8C8,omnvars/mp/gametypes/omnvars_ctdm.csv
66910B073F6CB172,overlay_tank_turret_icon
66916FD1AE6F3C93,primary_light
6692AA8881705EA5,ww_sp_rex_meltdown
66933C7978962E91,mp/gametypes/risk.txt
66937BB44D590CD8,mp/gunsmith/pi_t9pistolshot_progression.csv
669570BB8F86F2F2,battlepass_progressbar_greyscale
6698EB23E4F602D4,omnvars/mp/omnvars_capture_bot.csv
669BF820E8D84D51,BSEQFilter_Script
669D07FC122A9475,SoundConeDef
669EF9F75793048F,cruise_proj_mp
669EFAC8181EAEFA,SpatialPartition_Tree3D
669FBF458553C636,rex_smag_findia
66A137131594FACF,ping_contract_initial_mostwanted
66A2D8C818225E0B,SpatialPartition_Tree2D
66A34AB41F4BF3AF,ui_gunscreen_witch_bar
66A4C6BD335326AA,hud_icon_equipment_parachute
66A4CF985E5438CE,mp/loot/br/olaride/lootset_bunkers.csv
66A6AF0B0A4DF0DB,turretFireType_t
66A7B51FBC2C0806,ui.LUIMessageQueue
66A8C4DCCCA1A2BD,mp/gunsmith/ar_scharlie_progression.csv
66AA07ACC62A43EF,rumbleinfoptr
66ABE9085F63E22F,ping_inv_have_keycard
66AC1D74CF663C14,un_military_duffle_bag_small_04
66AD8F01A69A1872,mp_cp/vehicletracks.csv
66AEA0BF00653BD6,hud_reticle_s5pdoctor_glow2
66B0D3D356A167FB,veh_diagram_jltv_out
66B48B3302B5C81C,ui_rew_icon_lethal_prox_mine
66B71EE017C21E6A,jup_icon_xp_token_battlepass_45min
66B73B88713F0688,rex_stock_lgt_findia
66B8B53B0FF3D575,rex_pgrip_ass_sierrax
66BA7085B2DB9F78,empty_ring_default
66BA9C6286A528B0,ui_loadout_death_fx_preview_fluff_left
66BB5D3A7036D57C,ping_fieldupgrade_sonarpulse
66BBC0C3F28692BC,ComWorldMapEntLookup
66BC829FFE811BDD,loot/iw8_ar_mike4_attachment_ids.csv
66BDF1CBEC76743C,rex_xmag_xar1
66C00864BCAE7D7F,animselectortables/soldier_traverse_warp_down.csv
66C016C2F1A444D4,weapon_tag_line
66C114C91EB787AB,BCEvent
66CA547B3C101D8F,mp/loot/core/risk/lootset_contract_scav1.csv
66CC70CD802E11C7,mp/loot/br/mini_mgl/lootset_buildings_abundant.csv
66CF0A0C8133759C,deployed_decoy_dummy_pop_mp
66D0C1F5B7528371,ping_inv_have_ammo_launcher
66D3DB37D24F427E,CornerSliceSettings
66D7711700B04124,BSEQFilter_ReserveAI
66D822BF695D706C,bathroom_toiletries_bottle_01
66D85081E8479308,omnvars/mp/omnvars_br_common.csv
66D8D82EA590B713,logo_main_menu_cod_mw
66D9A6F37CC46694,rex_arscope_hybrid01_reflex
66DDA4206C3ACA6B,ping_equipment_smoke
66E597804FD563E7,AiAnimSettingsNodeOffset
66E800A7B8753F3E,StreamTree
66EA5013E7F77FB0,operator_select_bio_fluff_corner
66EEAA37573E85C4,ingamecodcasterdata_br
66F8A0FE91F56C89,defaultzivart
66FD73FFB3F469E2,ui_rew_icon_perk_surveyor
66FE4EC208D2EB10,battlepass_operator_challenge_icon
66FEC3B69CAA042B,mp/pick10slots.csv
670B3C43EAE8246F,BehaviorTreeDecoratorInit
670BEE4B8FE7AE71,Scr_CreateNavObstacleByShape
670D10017316599E,ping_response_generic
67122F074920BCC0,hud_reticle_roots_g
67123E074920D63D,hud_reticle_roots_h
67128CAFB5041254,mp/loot/br/bodycount/lootset_extra_plunder.csv
6713419268648266,loot/iw8_pi_t9burst_camos_ids.csv
6716F3D6EC9702EA,vision/proto_scrambler_stage2_mp.vision
671CA3EAEEE38733,WeaponSFXPackage
67207577E0A8E1A6,rex_stockr_lgt_bmike3
672468DADBECEDA5,sunsprite
672A23176C0CBE71,mp/recipes/blitz.recipe
672B66F5678523A7,vision/killstreak_thermal_heavy_damage.vision
672D773087BB82AF,ui_callingcards_smallbutton_mask
672F48E20D55B69B,hud_damage_feedback_health_plus_icon
672F8FEF414E9938,ping_fieldupgrade_comm_scrambler
6730BF869F85BE36,ui_rex_icon_quicknav_inactive_play
6730C9A8C0C66E0C,defaultxanimsetparameters
6734F7B88C298D9D,rex_benchmark
6738913C8EA1DFDC,vision/mp_frontend_iw9_blackcell_s3.vision
673BFA63EA497ED0,techsets_global_stream_mp
673F3484598A4D09,DynamicDeathCamDef
6743C599FB3F8EE0,iw9_ui_icon_leagueplay_skill_rating
6745D667AC680E73,rex_mp_blix_1_1
6749BB340AAD0104,uk_car_body_paint_filler_01
674A739311D2BF1B,overlay_sixth_sense_overlay
674B32DA6A68C426,specialty_pc_stealth_rex
6750C3A78D3DF358,VehicleDynamicCOMType
6750E06EE25C5348,mp/compassObjectiveSideIcons.csv
6753D7B905921BA5,loot/iw8_sn_t9quickscope_camos_ids.csv
675463873F109378,loot/iw8_ar_t9longburst_camos_ids.csv
675502623488799F,mp/gunsmith/sn_delta_variants.csv
67554D7EE9DE0F1B,rew_battleroyale_resurgence
6755A37C2421719B,ScenarioProgress
6755B01079EAE005,mp/loot/br/dmz/lootset_bar_cabinet.csv
675A9AD9924328A0,vision/nvg_base_sp.vision
675C26B86C1D9508,ui_rex_icon_reticle_fourx
675FA3C362B6958F,animselectortables/civilian_traverse_warp_up.csv
67609FE481312155,hud_reticle_loot_transparent_x
6761C2CA69C2F9A8,loot/s4_la_palpha_attachment_ids.csv
67643120F12F5471,mp/gunsmith/s4_sh_lindia98_variants.csv
6766578658C43148,hud_reticle_loot_s3comics
676FA7F94BC5F4BA,mp/loot/br/mini_mgl/5_minutes_mini_br/lootset_contract_dom.csv
676FB0B24B41A4F3,gfxpbgcurveptr
6774FB3EC4DA72E5,shock/gas_grenade_heavy_mp.shock
677A19D28C46D8BB,ushort512
677D85A3E8F6A8D4,rex_barsil_golf28
677EF297D1AFBBF6,mp/loot/br/plunder/lootset_cache_duffel_bag.csv
678651C1321D2506,ncs_particlesystem_global
678892BD610C5D1C,MotionMatchingSetDef
678A04CD7304C0AA,hpf_default
678C2E9633303D64,mp/brloottable.csv
678CD5E3943E7E47,SoundSpeakerMapDef
67945D9A0B0FBF75,loot/s4_me_leiomano_camos_ids.csv
67984B43D6D96E81,hud_tablet_keypad
67988224D8139588,ScriptableDef
679A47D52EBB6464,MatImgInstance
679BA9DFDB0D319E,mp/loot/br/dmz/lootset_saba_store.csv
679CE62C34E768F9,jupiter_loadouts
67A38CDAC85FD554,uint32_t
67A6AE39AC6CCDE3,influencer_killstreak_sentry_gun
67A84D36414DBFAB,loot/iw8_sn_kilo98_camos_ids.csv
67AC7F446BFF3DA5,rex_dmscope_therm01
67AD01B7AB74BC0F,tablet_tac_camera_cam_selected
67AEF4088F9E7037,mp/gametypes/war_mgl.txt
67B2EA2EF4A83194,fontdefptr
67B44810494A53C0,mp/gunsmith/ar_tango21_progression.csv
67B8237069FE4CA9,setting_image_inputdevice
67BD0271FFDD1DF1,mp/loot/br/default/lootset_saba_embassy.csv
67BEC8F7DA2DFF73,overlay_cruise_cross
67BF9974BFAD8A1C,ui.utils.LoadScreenUtils
67C288678B24F4D6,levels/party_desc
67C6113440722977,hwconfigpresetcondition
67C79C3B3E527D6C,hud_reticle_fourx01
67C88C4B075B1D42,vision/flir_2_color_gradient.vision
67C89B3E68195160,VehicleSfxDef
67C8B51231C71805,mp/gametypes/benchmark.txt
67CA421CBCF7ADD7,jup_icon_wishlist_add
67CB1873354650DD,ui_cursor_arrow_normal
67CC3E3186366578,rex_gun_game_apex
67CE39017AA372E6,AnimSelectorTable
67CEEA58104DCE3B,mp/classtable_br_gulag1.csv
67CF811BAC0455D6,perk_hollowpoint_rex_mp
67CF88BD2134FF65,ScriptableLinkInfo
67D0B32A97C05619,mp/loot/br/dmz/lootset_fridge_b.csv
67D1C8AECA38CE19,scriptable_door_metal_panel_04_painted_rusty_mp_hero
67D1EA82FF781410,ui.utils.ScriptedWidgetInteractionUtils
67D79173983C27BD,mp/gunsmith/pi_golf21_progression.csv
67D7DDF600042850,mp/loot/br/bodycount/lootset_contract_scav1.csv
67DDE33FCE477FE2,scriptable_lm_door_glass_metal_frame_r_brkn_mp
67E046E2E342CC9F,rex_bar_uxray
67E58DC2334B6F64,frontend_extracted_xanims_15_global_stream_mp
67E6A11CC8234D7E,AIActionData_Union
67EA07802CD7A353,sndcurvedefptr
67ED5E6B0EC8BB5D,ui_rex_icon_quicknav_inactive_store
67EDE76D61EA699A,xb3_cont
67EE542C35C4E9E0,unknownbattlepasspurchasebutton
67EE932177C35C98,loot/iw8_ar_t9soviet_camos_ids.csv
67EEC3180C32582C,store_info_bundle_count_border
67EEEA6A580AD1F9,specialty_focus
67EFCCD17DCA0E58,jup_zm_rift_pedestal_base_scriptable
67F1500B7CBFD853,AttFlashLightInfo
67F1EC9F476E38A0,mp/loot/br/ww2_mini/lootset_bunkers.csv
67F6BD5B1A424434,mp/loot/br/default/lootset_cache_spawns_bunker.csv
67FA63CF9574D369,ui_gunscreen_nuke_tracker_st_paddy_cloud
67FB2921D142F00E,button_x_small_mask
67FE0B1177ED9B14,LUA_MENU_MP/RULES_PERCENT
67FF4951E63D6BB3,ui.frontEnd.LUIWeaponModel
6801BEF05A63A2F9,ui.LUIFPSCounter
6804A9A102B8E774,mw_store_billboard_british_metal
68074B0CEAF5821A,veh_diagram_rhib_out
6807936C479E2B59,mp/loot/br/dmz/saba_b21_active/lootset_supply_drop.csv
68085F608F508147,ui_rex_icon_ks_prog_bomb_glider
6808D4D4A2A1BB46,balanced_rex_br_asierra12
6809FA47F0C9161B,ping_loot_fieldupgrade_deployablecover
680C584B00C74E5F,operative
680EFB0D04E541E2,rex_laserir_lrg
681215EB50ED0007,brloot_quest_extract_site
68122C496C88F68B,mp/gunsmith/lm_slima_variants.csv
6813447486A9C8A7,menu_keyart_one_in_the_chamber_layer_00
6818A34CB5426B3E,xanimsetcondition
681D92C1C6353B37,PhysicsFXPipelineIntegrator_VectorFieldInteractor
681D9AB060EC89B4,mp/gunsmith/me_t9ballisticknife_progression.csv
681D9FA61ACF1C6A,thermite_av_mp
681E654FEBBB587F,reticle_mrad_meter
681ED44B14C4847E,TuningCurveSet
681EDC1DCE20ACCA,VehicleTricksType
6820CD6069D79D5A,rex_gas_grenade_cricket_mp
68244F9A9B2BFBF6,ui_gesture_lights_off
68264352BBAD2D80,fullscreen_blood_bottom_splash
6828F38DDF548E67,ping_radiotower
682AF8B9B7340887,specialty_trait_backpack_extra_secure
682D5EC0E36A621B,mp/loot/br/plunder/lootset_contract_dom.csv
682F0C7AEC5ECDE1,SndAudioVisualizerType
683031B69903ABC1,shock/nuke_stun.shock
68306FAE0033E789,mp/gunsmith/s4_sh_mike97_variants.csv
6832E573CDD359AD,fullscreen_blood_right
6836C70C7895DAE0,ping_vehicle_danger_car
68374478266EC032,GfxFogSpline
683F4ECF3BDD9838,onboarding_perk_updates_2
683F4FCF3BDD99EB,onboarding_perk_updates_3
683F51CF3BDD9D51,onboarding_perk_updates_1
6845BD84A53F2797,rex_rec_kilo437_apex
6846CF5AFFB5CFC8,mp/gunsmith/knife_variants.csv
684AB4459E6568B7,mp/loot/br/respect/lootset_killchain_boost.csv
68509729204A949D,ParticleModuleInitPivotDef
68517A30B82F20DB,animSelectorColumnDataType_t
68525647B4D0E42D,ui_rex_icon_eq_prog_zip_gun
6852A06E7FA91740,ui.utils.ClanUtils
6856CE1C9D13C398,uk_file_cabinet_garage_big_01_drawer_b
6856CF1C9D13C54B,uk_file_cabinet_garage_big_01_drawer_c
6856D11C9D13C8B1,uk_file_cabinet_garage_big_01_drawer_a
6856D41C9D13CDCA,uk_file_cabinet_garage_big_01_drawer_d
685A236718C40974,hud_oxygen_meter_bg_lg
685E723E3A3E2806,cfg/rex_core_settings.cfg
685F4E467D0B24AD,specialty_flash_strobe_rex
685F7D74F0C82655,PRESENCE/CONTROL
6861A47B0FF2D49A,mp/notetable.csv
68670C59C1AD147C,rex_snscope03_svictor98
686BF48417301AEC,loot/iw8_sn_sbeta_camos_ids.csv
686CDDAF97AA568E,CodcasterStatData
686DF5B262BFB1A4,ui_dmz_missions_objectives_reputation_table_crown
68766C3DEFA3D78E,specialty_trait_plate_speed_rex
687EAD0F2CA3015F,loadout_dmz_backpack_entry_key_empty_diagonals
68807055B3E41E7D,rex_kill_confirmed_bigmap
6887117C1DC78E23,mp/loot/br/resurgence_mgl/lootset_empty.csv
68872D3C9155F8E0,hud_icon_cranked
688737E368DB6F43,bc_equipment_action_foam
68873E62001F0F99,hud_icon_ammo_rocket
6887C5AF4C8BB6E3,playlist/gl_gunfight
688D06D03A88A808,PathNodeParentUnion
688F76BE87FD27AB,mp/loot/br/classic/lootset_cache_spawns.csv
6892359EADC7F534,mp/gunsmith/me_t9coldwar_progression.csv
689298BA9EE2CD5E,mp/loot/br/clash_mgl/lootset_root.csv
68947A339EDAE26B,XAnimNodeDef_CG_Gesture_LookAroundBlendNode
689505997C8C4B3A,ping_objective_capture_hvt
6895DA9B5BCC905B,jup_hud_icon_obit_kill
689CDAA40AEB620B,hud_streak_mask
689E62114ADCC604,ping_fieldupgrade_loadoutdrop_hostile
689EEF41F73E7806,ping_killstreak_wheelson_hostile
68A27C6C907960CF,ui_rex_icon_fu_ddos
68A2819D13185226,MaterialAnimationParamsLayer
68A2DCB12CCE4696,SndGlobalEntChannel
68A31D5671058500,Engine
68A34A7B8C83BF85,info_popups/driving_title
68A4A7BDBE77F74B,mp/loot/br/ww2_mini/lootset_cache_spawns_bunker.csv
68A632E339292D51,code_pre_gfx
68A9AF3C212F3F4F,overlay_bomb_drone_warning_icon
68AD56D9841F040E,mp/mdlcnewicons.csv
68ADD3E5E14C9329,icon_loadout_build_stalker_balanced
68B554BC5E87C083,hud_icon_challenge
68B9713BEAA053D3,hud_reticle_code_02
68B9723BEAA05586,hud_reticle_code_01
68C078BC6BE9F272,BATTLEPASS/
68C08916E8845CDD,ui_bp_transition_frame
68C1EAB86E0F9AD4,primary_light_italic
68C758831C757494,hud_splash_dmz_topo_lines_left
68C81CF198348A69,mp/gametypes/tjugg.txt
68C9BF0FE76579BD,hud_reticle_base_ar_02
68CD55559022846E,specialty_blastshield
68D73F77A2B7E09C,loot/operator_skin_ids.csv
68DC662BF279F61A,rex_dynamic_underwater_pi_kilo5
68DFD2F868D33279,loadout_blueprint_pro_tuned_entry_tag_glow
68E21644F3CDB836,ping_inv_drop_medical
68E2D8F65BA67EEF,scriptablecoreevents
68E36229360F7964,cfg/minimap.cfg
68E58E7D062E6EAD,mp/gunsmith/s4_me_katana_progression.csv
68E590963DF133ED,PhysicsFXPipelineIntegratorUnion
68E9D2E7B28E94F7,mp/loot/br/mmp/lootset_empty.csv
68EB6E052696ED76,ping_concat_northeast
68ED11F34AF2CBF0,rex_stock_hvy_kilo437
68EE73DEF046AD16,mp/loot/br/dmz/lootset_fridge_mini.csv
68EE81C5AF208712,rex_stock_hvyass_akilo
68F39E5D9723FB03,campaign_world_map_triangle
68F6680DAE10755E,vision/cruise_intro_shipment.vision
68FC450FD24BC6C9,rex_bipod01
68FC735A7E0E6C3D,hit_direction
68FCA6084190D237,OverrideBindingList
68FE6589E251918B,equipment_icon_showcase_tripmine
6903EE51CD891DC7,ricochet
690434F63B5001DE,jup_hud_scoreboard_rows
690529F0490D2690,weapFireType_t
69057991CAD6149D,specialty_trait_numb_the_pain
6905B39BEE01A5C3,BSEQStateScriptData
690706E69506BCE1,VehicleJumperType
6908D6E3A6E037E0,mp/modificationdefaults.csv
690946228DF14820,ui_rex_icon_global_menu
6909A9A2CCD3211D,clantag_ow_rex
690B66E59D811965,ui_ranked_play_howtoplay_overview_button_background
690C49D14D29D099,hud_reticle_s5leather_h
690C52D14D29DFE4,hud_reticle_s5leather_g
6911E82D86794826,omnvars/cp_mp/omnvars_purchasemenu.csv
6917E10839270A40,mp/loot/br/doubledown/lootset_global.csv
69192855E57A55B2,ui_widg_generic_text_backplate
691BB104DEE4CC41,cfg/hardcore_settings.cfg
691D5AAB6AF40AE2,ui.utils.MainMenuUtils
691EFB2AE3E46BF9,rex_sn_limax_mp
691F42D96A9D25A9,mp/gunsmith/me_akimboblades_progression.csv
691FFE748C01884F,jup_tablet_hacking_background
6921890D8B3D7712,sp_rex_meltdown_subset_ai
6924A67743797D0E,ecsassetdefptr
692585B0344EAE12,wdg_gradient_dual
6926605F0B9B211C,lightGridVolumeStaticTransformParams
6926F1F8324E39A3,equip_molotov_rex
6928EE4BA62FEFEE,mp/operator/s4_palmer_progression.csv
692A86888529C975,bp_a00_mask
692B3AC0DE86A104,TOURNAMENT/NUMBER_OF_TEAMS
6933C450E46D3626,ai_token_stealing_definition
69353B4CDED7A394,hud_minimap_reticle_center
69358E915542E205,brloot_respawn_token
6935D173CB5EC5B0,buttons_br_ping_lb.cfg
6935F3BAF45A1856,equip_snapshot_grenade
693AE419401BD2CD,widg_gradient_bottom_to_top_opaque_dark
693B5F8A1E7ED337,keybindcontextcomboset
693C18722CE0A2CB,loot/s4_sh_bromeo5_attachment_ids.csv
693C59F113ACA628,rex_attachments/rex_irons_tango73_topload_desc
693D15A2D5113BF9,ee_sign_street_one_way_lm
693D21E53CCAB48F,rex_attachments/rex_grip_vert_broken_kilo2_desc
6941B1B7FF12259E,ping_killstreak_airstrike_generic
6941C93B8494E7CC,icon_mod_gun_cycle
6942885A16D3C5D5,jup_tablet_hacking_terminal_rectangle
6942CCE99ED46132,uint16_t
69446887E2154BD4,loot/iw8_sm_mpapa7_attachment_ids.csv
694623A39E98A83F,ui_rex_icon_eq_c4
694C541155135DC8,@MP_ENDED_GAME_MIGRATION_FAILED
694CB0553B8AEB11,levels/montage_desc
694EBA48C582D95A,bracket_16_16
694F6401EEFAD31B,bc_killstreak_action_juggernaut_recon_active
694FB7D652D1501D,shapetagdata
69507E33DB873EBE,hud_reticle_sniper_04_center_h
695B5C30F6376960,ui.LobbyDataSources
695DB9A4B67B05DF,rex_dynamic_null_defibrillator
696281598B831856,sat_icon_global_lock_glow
69643FE1259A7710,ping_inv_have_equipment_tactical_generic
696518ABD961A83E,ui_icon_options_warning_glow
6966B17C98589A49,vision/gunship_hellfire_crt.vision
6967E46BF94E7FFF,default_cp_platform_settings_gen9.cfg
6968A6466E41BCBE,store_bundle_grid_mask
6968C271E1DE5067,ui_bp_blades_icon_codpoints_small
6968C900D6EE2AB8,WeatherImpactSFXTableDef
696F849D16554246,auto_asc_scenescriptbundle_sat_winners_circle_scene_anims
69703E537FDB12A2,Scr_CreateNavBadplaceByBounds
6970D985365BF8E9,perk_pc_medic_rex_mp
6973200F9EC2DF72,AIStealthEventSeverity
6973DBADCB1D0B85,ui.utils.BindingUtils
6974B55E5790990C,$lightmap_atlas
6975B2AA0AB7EC16,specialty_spring_bayonet_apex_rex
6975B413B7D4F6D7,hud_reticle_paranormal_static
697B1CDC9BB8318F,lua_menu/weapstats_damage
697B7D9FF8684D1B,rex_bipod_barhvy_kilo437
697D51FD8112D832,rex_trig_lgt_hotel45
697F3A5B70B06453,equip_flash_rex
697FC1C962C01C99,mp/loot/br/saba/dmz/lootset_utility_metal_crate.csv
697FED12ABFBF8B7,mp/cinematic_camera/final_kc_part2_agent.txt
69812862CCB193D0,AttWeaponMotionStaticOffsetAdjustTunable
6983B2B7B8B693C9,rex_attachments/rex_ironsdefault_decho_desc
69850F2AE43B4127,rex_sn_limax_sp
6987E6F2BCBB4B7F,loot/iw8_sn_delta_attachment_ids.csv
698B0058962B5594,footstepvfx
698B752A0F6C415F,ParticleModuleInitSpawnShapeCylinderDef
698BF8EBE8016699,ScriptBundleAnimationTree
698ED8253D6EA2E8,ee_sign_street_roundabout_lm
698F941F8A5AF558,ui_keybind_hold_mask_radial
699133B491A8C6C9,decor_rope_thick_coiled_01
6993FA2A855CB35C,mp/loot/br/dmz/lootset_supply_drop_supply.csv
6998178988E94108,cfg/default_sp.cfg
699A6BB3D379E106,XAnimNodeDef_Cloth_Link
699D9644DC8C20A9,mp/gunsmith/s4_ar_balpha_variants.csv
699E9C4B07A4E404,influencer_player_enemy_spawn
699F120E1C71BC9D,brloot_weapon_uzi_comm
69A1D5FFFB2B22EB,uk_appliance_microwave_02
69A20155549D1554,rex_rec_radio
69A2C6EEB3ECCE1F,rex_dynamic_underwater_pi_pocketpistol
69A36E9B7683951A,specialty_trait_equipment_pro
69A4817FB4A606C7,t10_machinery_elevator_passenger_small_double_door_rear_close
69A690F897784EF3,VehicleWheelSpinBoneType
69A7F323157CAFC6,activityphone_background
69A97E4BDC196BD3,rex_sil_tac_decho
69AFAE34F1883B33,hud_br_plunder_backer_hexagon_frame
69B1E729149A1E7C,mp/loot/br/respect/lootset_fasttravel.csv
69B8D3D0F960B95A,clantag_dev_rex
69B923DDE1616A0A,mp/gunsmith/pi_mike_progression.csv
69BAE0027C2E0A03,rex_possession_drop_zone
69BD82835AC04172,VFXOverride
69BFA498A2341F0B,vision/mp_frontend_iw9_bundle_cool_d.vision
69C0F7E334900AB0,mp/gunsmith/sm_t9nailgun_progression.csv
69C17C0DB00D9FC3,icon_weapon_me_fists
69C21E240D0D929A,ui_rex_icon_perk_prog_spotter
69C2CD2E32CD53AF,ExecutionDef
69C8CEE144276E55,mp/loot/br/dmz/biobunker/lootset_electronics_tape_server_rack.csv
69CC735C2F803970,defaultobjectstoregamemode
69CDE48F1E0C0BA2,menu_roundend_accent
69D95E6612F5C4DF,gunnyarchetypedef
69DD13B51CE51937,veh_diagram_jeep_out
69DF69F0C3220ED9,ui_font_caution_warning
69DFF2EC267E95CE,SndGPadOutputType
69E0EFBA6883E4B7,ScriptableStateScriptedDef
69E102D3B1D87BF4,ui_bp_blackcell_button_texture
69E185D16EB37BB4,hud_reticle_s55smuggler
69E4E81C732F042F,mp/gametypes/hostage.txt
69E625081C2D88B1,military_hq_crate_01_cp_spawnable
69E64C39A66B761B,ping_request_dog_tags
69E65F50A5640F7D,moviedefptr
69E7515B53E88CA6,lua_menu/season4_desc
69E8187DF808B7B0,ui_dmz_plus_info_panel_backer
69EA50B8F9AA8C30,rex_nvgads_disable
69EB7B1043346AAA,deploy_loadout_drop
69ED4DACFABC8631,decor_tea_cup_01
69ED7EB54A471AF6,AttMountOverride
69EE192343DC1A13,XAnimNodeDef_TypeData
69EFD2E6F03FACCE,ui.inGame.OverlayHUD
69F3BC0BE2E84543,ping_inv_drop_weapon_dmr
69F44BCC344EAA0C,specialty_surveyor_rex
69F55EE8889BF24C,ee_sign_street_work_lm
69F82606132F04B4,audiooptions.csv
69F87C0BBC42E3D9,button_medium_wide_border
69FB8E354A3B0BA5,jup_hud_reticle_circle
69FD0439CD7CF4C5,brloot_ammo_919
69FF7AC46482FA52,ncs_img_ingame
6A0234C6137C9A92,XAnimNodeDef_Common
6A04ACF96D9D36C6,GfxComputeShaderLoadDef
6A057DB5C0CA2650,vision/chopper_color_mp.vision
6A07704B62CC1BA9,gfxdecalvolumematerialptr
6A130A249D0D8EB2,rex_la_rpapa8_sp
6A160A50940EBAB6,bool
6A166F6EB3D00985,cfg/demo_qa.cfg
6A1D6860B4BD5F0F,rex_leagueplay_hardpoint
6A1DA93DEA3FACD1,mp/loot/br/dmz/lootset_agent_backpack.csv
6A1F7C5D8497036A,flower_shop_planter_05_with_plant
6A205A2BC82ACD80,mp/loot/br/doubledown/lootset_empty.csv
6A2241DC75F51107,brloot_ammo_50cal
6A228404CDF32ECC,jup_hud_reticle_dot
6A26C4CB6AE0EFBA,omnvars/br/gametypes/omnvars_resurgence.csv
6A27350729EC28BB,icon_edit_player_contrail_lg
6A28665352EC07A8,VehicleVelocityDamperType
6A2B60570A03BBD9,XAnimNodeDef_BoneCacheNode
6A2D4E9DD70F669F,omnvars/br/omnvars_brcircle.csv
6A2E15EC3996CBDC,vision/underwater.vision
6A2E9C23BA4939B3,xassetpointer
6A331264EA3F8BEF,xanimproceduralbonesptr
6A344FF6898613AF,loot/iw8_me_t9scythe_attachment_ids.csv
6A357B1AAA9327BC,rex_dm_golf28_mp
6A35A3151376AE45,defaultgametype
6A36F8611AE6EDD0,keybindingsmovement.csv
6A3B4766B4D3B5C5,rex_pgrip_ass_mike4
6A3C47CE23C11591,ping_inv_drop_fieldupgrade_generic
6A3D96E3533B0189,ClientLineEmitterSoundDef
6A3DC3DEB6F0DA5B,Particle_GameBindings_SystemOverridesDef
6A3EA720026B0F99,jup_ui_aar_challenges_glint
6A3EEBD96D4207BD,rex_ks_golf94jugg_mp
6A4127E907FC30A3,ui.LUIPrototypeLayer
6A438F6E62AACA45,veh_rex_lnd_jltv_sp
6A43E8E6661FD25C,mp/score_event_table.csv
6A44B7E5437335F9,decor_drying_rack_01_plate_01_static
6A47DA7507CCC7F3,ScriptableEventSetMayhemDef
6A497F1AAAA3D792,rex_dm_golf28_sp
6A4B9056C9FB4897,cfg/dev_proto_mount.cfg
6A4EACDB27B68B28,ks_cruise_predator_mp
6A4FB8521DB7B05E,rex_attachments/rex_irons_bar_lng_bmike3_desc
6A4FD2F755C57FB2,perk_cricket_rex_mp
6A51D4BFAFE423A9,hud_icon_equipment_throwing_knife
6A51FA6124B7D85E,ui_rex_icon_perk_focus
6A52E81469400E70,mp/classtable_snipers_only.csv
6A53BEED61D72DC6,mp/loot/br/mmp/lootset_contract_supply.csv
6A5464F3FE3DA259,overlay_wheelson_diagram_body
6A55145DA4C62635,bc_fieldupgrade_action_seeker
6A55D959ACF6BBFD,mp/gunsmith/la_t9freefire_progression.csv
6A593AA4756329CA,fullscreen_armor_right
6A5CA9E58EF98C88,XAnimRotationalSpringProperties
6A5F6686D0194763,enemyselector
6A60044B9415F653,cdl_logo_small
6A646813332A6BEF,defaultoperatorlist
6A657CDB81E9B35F,loot/s4_ar_asierra44_camos_ids.csv
6A657F8A926CFE64,rex_attachments/rex_reflex01_desc
6A6616BDF87F3F0F,hud_icon_grind_dogtag
6A670CECFE317C30,ping_equipment_butterfly_mine_hostile
6A678327F07237EC,mp/loot/br/kingslayer/lootset_global.csv
6A6BF52E21FE72AC,mp/gunsmith/sm_t9fastfire_progression.csv
6A6C422CE1963893,ui_rex_icon_wpn_lm_sierrax
6A6E0D6192407C18,EquipmentAudioFoleyNotes
6A6E2FBD589A3088,shock/damage_mp.shock
6A721810E53B94AF,influencer_killstreak_napalm_strike
6A73A88110327479,ui_emblem_388
6A743B585250BBDA,ping_killstreak_mobilesentry_hostile
6A74EF0E731FD3FB,rex_dynamic_null_bmike3
6A774157D55CABE9,mp/recipes/vip.recipe
6A77F513840927D3,mp/doubleJumpSettingsMP.csv
6A78E0EA87D21472,pellet_grenade_mp_2
6A78E1EA87D21625,pellet_grenade_mp_3
6A7907E974751B64,rex_attachments/rex_rec_stimpistol_desc
6A7A73A6E39E09AC,rex_selectsemi_uxray
6A7DDBCE7721BAF6,vision/snscope_therm01.vision
6A805B2DCD076573,mp/loot/br/default/lootset_agent_backpack.csv
6A815FC846B6DA74,mp/subarea_tuning_mp_bio_lab.csv
6A82177ACDD8FFA1,saw_ui_hud_splash_rapid_resurgence
6A84CF25FD2CDBA3,p7_box_cardboard_a_open02
6A8BF26DADDDAEFD,pathnode_tree_t
6A8C05E16EB2407C,hud_backpack_slot_regular
6A8D956D78498A8A,hud_splash_generic_header_backer_positive
6A8DEA133D6B3AE0,mp/loot/br/shottysniper/lootset_cache_lege.csv
6A8E05A41BDE8CA4,ui.utils.AccountRegistrationUtils
6A93A6CFB0ABEC33,ping_objective_attack_a
6A93A7CFB0ABEDE6,ping_objective_attack_b
6A93A8CFB0ABEF99,ping_objective_attack_c
6A93A9CFB0ABF14C,ping_objective_attack_d
6A93AACFB0ABF2FF,ping_objective_attack_e
6A93ABCFB0ABF4B2,ping_objective_attack_f
6A93ACCFB0ABF665,ping_objective_attack_g
6A93ADCFB0ABF818,ping_objective_attack_h
6A958A77A43EE03A,loot/iw8_sm_t9handling_attachment_ids.csv
6A95F9CE38EA8341,VehicleSoundPriorityType
6A978E59593C3D10,hud_reticle_short02_h
6A9794D69B16910A,download
6A979D59593C568D,hud_reticle_short02_g
6A9DF3DE7BD3FFAB,rex_me_climbfists_mp
6AA31DEDF8F72029,vision/mp_frontend_iw9_bundle_warm_b.vision
6AA55D1C58C98C09,ui_menu_cac_med_reddot_render
6AA5E210C4FFB899,loot/s4_sh_bromeo5_camos_ids.csv
6AA620EC5B7B9A8F,omnvars/mp/gametypes/br/omnvars_plunder.csv
6AA97D9BEF61174F,iw9_mg_mrap_mp
6AAC181BF476EE75,rex_attachments/rex_irons_front_golf28_desc
6AAF0ACF1E5D644A,mp/gunsmith/sm_t9powerburst_variants.csv
6AB40C5F79CDD616,mp/loot/br/rumble/lootset_named_location.csv
6AB4A320ED53DC90,defaultaiobstacle
6AB90F254C76CC02,logo_mw
6AB9A68A82DD1D58,rex_minireddot01_pstl
6ABA9A80DB8B0208,rex_mp_milsim_fr_army_sniper
6ABB496960C2BA51,cover_retreat
6ABC1345BEB4C164,ui.InGameMPBRDataSources
6ABE3EA1DF8FC716,rex_rec_hotel45_rex_wz
6ABE88870B9D2E79,rex_smag_psierra41_apex
6AC0A4B44F113C30,XAnimNodeDef_Binding_Value_Array
6AC2D5E43CFF947D,rex_dynamic_underwater_juliet
6AC3196B41903BC4,scriptable_door_wooden_office_01_mp
6AC3ABA34BBCE6DD,gameskill_normal
6AC448226D078C20,overlay_nightvision_light_icon
6AC65752D211329E,ui.BenchmarkLayer
6AC6C53BF0B9D9B4,box_white_gradient_fade_rt
6AC7CCA4C91E1E65,ui_rex_icon_perk_prog_ninja
6AC9FC05AEA262EC,vision/mp_frontend_west_b.vision
6ACAD242D9000A98,CHARMS/COS_348
6ACB022F9C62A7D3,progress_circle_big
6ACB222F90076BFB,rex_dynamic_underwater_pi_decho
6ACE4D42D9031170,CHARMS/COS_353
6ACFAC695904329A,compassping_explosion
6AD06E93CC5227BD,generic_human
6AD0E41CF9CBF06C,ui/stringtable/weapon_attachments_laser_hide_list.csv
6AD110BBA7969AF2,ping_lz_confirm
6AD1BE35AD0F6A5C,ClothAssetSimulationLOD
6AD99BE99E031110,ui_mp_br_squad_leader_mark
6ADA0E978FC02B15,mp/gunsmith/platform_jp12_progression.csv
6ADD6ADA3468A6AC,perk_trait_fast_refuel_rex_mp
6ADE855541092B5D,rex_overlay_tablet_killstreak_ui_elements_left
6ADEA1D26FF6600D,ParticleEmissiveVersionCurves
6AE070D3F8D6B76E,specialty_tactical_recon_rex
6AE28F66F18059E6,PhysicsAssetVFXDef
6AE46BC64683AB9F,ping_inv_need_armor
6AE731078678E3EB,defaultsndhdrloudness
6AE7FE575E7B35DA,rex_possession_team_deathmatch
6AE9FD8E0B859100,ping_vehicle_husk_rover
6AEF0F42EDE04924,ping_inv_drop_keycard
6AF1919F0935D992,fullscreen_blood_bottom
6AF1B5660367051C,mp_rex_tumen_beta
6AF6796A0FC535F4,bc_vehicle_killfirm_armoredboat
6AF6EFDE7C2021B5,rex_me_climbfists_sp
6AF75AAD8F15EADA,GfxStateBits
6AFA3C8AF1B025E4,VehicleWheelspringType
6AFAE75E79729283,mp/recipes/mlg_cyber_pl.recipe
6AFBBEC489A3B846,rex_rec_decho_rex_wz
6AFF6D20FDB8BDCA,ui_rex_icon_map_veh_tank_cougar
6AFFDB2D80D82D95,loot/battlepass_season3.csv
6B0007B263FE12FC,rex_rec_hotel45_knife
6B00A2632094FE81,uk_gas_tank_thin_cylinder_2
6B01E2B28DFBFEBA,hud_backpack_slot_empty_rocket
6B0A4CD05C909E68,mp/gunsmith/sn_romeo700_variants.csv
6B0C2D1854339148,ui.utils.ColorsUtils
6B0C4C68B10EC76E,mp/loot/br/plunder/lootset_cache_cash_register.csv
6B11D27B72C31D38,defaultfootstepsurfacetable
6B135DF0D4C2AD51,mp/loot/br/shottysniper/lootset_contract_scav1.csv
6B155ADD06A206E2,mp/loot/br/default/lootset_cache_ultra.csv
6B1A5732C304978A,icon_waypoint_flag_base
6B1AFB626506590A,ScriptableEventHoverDef
6B1B4E836B651541,xanimnodedef_jitter
6B1D5C474E105BAF,perk_flash_strobe_rex_mp
6B1D76057ED71845,directional_uav_rex
6B2603F756A5699C,vision/thermal_mp.vision
6B260EE7ED823066,cfg/jup_core_settings.cfg
6B26C2966E4F9D8E,vehicles/mrap
6B2910A35A34C704,EncounterSpawnPoint
6B29292A54B0654A,sp_menu_compass
6B295404B35B1C37,mp/gunsmith/me_t9bat_progression.csv
6B298C2D21AB45C6,gfximage
6B2A95BCDDCB96BA,geiger_counter_mp
6B2BECF916ABD3DA,mp/loot/br/dmz/lootset_office_cabinet.csv
6B2C35611D9518AB,food_trash_soda_03
6B2D918942802B90,balanced_rex_sm_spier9
6B2ED628B0C2DB2C,options/hold
6B30CBD009F7229C,ControlConstraintMovementSpeedType
6B3274C9D15618A2,rex_laserir_thermal
6B35AA81EC6DE7DD,mp/loot/br/olaride/lootset_cache_reusable1.csv
6B39E317B7D4AE17,imagereport.txt
6B3A5AC3849720A2,mp/recipes/mlg_dom_pl.recipe
6B3BA5DD04463674,rex_trigger_decho
6B3BAD23F2773261,sndhdrloudnessdef
6B3BCCD76B79779A,corpsetable
6B3D10C79521A8F4,ui.TouchVirtualGamepadLayer
6B3D51938D39A891,NavMeshDebugData
6B3D9422D72B7CE7,AttBobScaleSettings
6B3DEC7A230CC6E8,cardboard_box_small_01
6B3EE1B4702C2FBC,ui_gesture_lights_on
6B449B4E92FB04D8,iw9_sh_charlie725
6B452E95F8E1E625,CurveKeyDesc
6B45FD4DCF6F87E5,playerasm_void
6B4CD7148B43DDCF,ui/stringtable/weapon_attachments_receiver_animation.csv
6B4E46F4544D40B4,rex_molotov_mp
6B51756C6338DAAA,super_door_barricade_rex
6B52F13F138EFACC,mp/loot/br/mini_mgl/5_minutes_mini_br/lootset_buildings.csv
6B537C81F84ECD70,bullet_point_diamond
6B5631F1F44F2210,mp/loot/br/mini/lootset_named_location.csv
6B58033272A0AE69,teamcolors.csv
6B59647F7A0EE9E0,rex_ironsdefault_pmike63
6B5B6F157A8C9461,compass_map_mp_m_king
6B5D426BB0094044,ping_inv_drop_ammo_shotgun
6B612A417BA6EFC9,t9_weapon_achievement_ids.csv
6B61C09FE9F38D0A,SoundEventDef
6B66F61D58A743E7,mp/gunsmith/sn_t9standard_variants.csv
6B681BCA60CF6923,ScriptableMapEnts
6B6B93E91AD4CCE1,icon_notification_invite
6B6BB30910A93B9E,equipment_satellite_dish_01_sml
6B6E02CC577AE551,mp/spawnselectionmapdata.csv
6B6E16B68E8B681F,shock/death_mp.shock
6B6E324538F73728,hud_icon_minimap_misc_dog_tag
6B780C0CDF8D51EF,ui_rex_lobby_playlist_hexagon_icon
6B790E757DCFE6A7,mp/loot/br/shottysniper/lootset_cache_spawns.csv
6B7B27CBB593FC33,VehicleTrickCrashWindowDef
6B7B35EC5C199096,vision/mp_frontend_iw9_bundle_cool_a.vision
6B7B84981C10690E,icon_generic_minus_SMALL
6B7C1B26B4EE31E6,GfxLightGridVolumeAtlasDataTemp
6B7C75EE97213C92,WeaponVFXPackage
6B7C956DD9853892,ui_bp_pip_outline_s
6B7CA76DD9855728,ui_bp_pip_outline_m
6B7CA86DD98558DB,ui_bp_pip_outline_l
6B7D027198FB26AE,rex_ammo_8blk
6B7E66651503FEF0,float16Vec2_t
6B801BD7A0FCFC18,mp/recipes/dd.recipe
6B80ADFD896033A9,SndModifierOutput
6B83DC426916B96D,uk_file_cabinet_garage_01_drawer_b_green
6B84DA22CDBDD979,mp/loot/br/olaride/lootset_contract_scav1.csv
6B885D70084ACF31,eng_sp_rex_meltdown_subset_ai
6B8B366BD7C186B0,ping_loot_equipment_redeploypack
6B8F2EFC41C8FAD5,vehicles/c130_desc
6B8FD99A212F65EA,ui_gunscreen_emblem_greed
6B91A2D8374CA1E0,jup_deadzone_tester_max_border
6B984AF4548B7FFA,rex_molotov_sp
6B98FC91F685D878,incendiary
6B9C9CC6CF58EAA8,sat_ui_menu_loading_wz_casuals_preview
6B9CFD5746838130,defaultobjectstoreddlconfiggroup
6BA4C46DB1457BF3,WeaponSFXPackageSounds
6BA67CAB6F6CF127,rex_irons_dechostock
6BA6E913388709AA,mp_javelin_cluicon_prompt
6BA9030C93E07727,mp/gunsmith/platform_052_progression.csv
6BAAD632D934809B,compass_codcaster_cam
6BAF15CEA0FA8B28,mp/loot/br/saba/dmz/lootset_supply_drop.csv
6BAF3C0183F81480,loot/rex_id_overrides.csv
6BAF660ADCC0D728,ui_ranked_play_howtoplay_mapsmodes_hardpoint_background
6BB4A08020C942AD,ui_loot_bg_spray
6BB4AE44E4FDCD69,FxMarkProjectionAxis
6BB4E3665EAB5F9D,mp/loot/br/dmz/biolab/lootset_biolab_hospital.csv
6BB5461F3DCBB912,mp_cp/vehicletable.csv
6BB8544AD0836560,hud_reticle_highlight_holotherm02
6BB8574AD0836A79,hud_reticle_highlight_holotherm01
6BBC8DEA8CC8637E,AudioPropagationNode
6BBCECB23AFBC563,icon_global_social
6BBD826F71273766,OmniSprintDef
6BBF94ECC27E1AA5,ui_loot_bg_generic
6BC04223E5BAAEB6,specialty_trait_scavenger_pro_rex
6BC191276614DFF9,mp/loot/br/gold_war/lootset_root.csv
6BC3E54BD5D48376,ping_loot_fieldupgrade_taccamera
6BC68DA23771354A,smokerendersettings
6BC8FA05D19BF94C,mp/loot/br/default/lootset_cache_pe_chop.csv
6BC9037395085072,WorldEvent
6BCA889C7F5EE5DA,GfxPbgVolumetricFogParams
6BCC10C35C2E8B24,rex_pgrip_ske_findia
6BCC2232ADD22ED0,veh_rex_drone_bomb_sp_ai
6BCD26BB4CFD9361,vision/marina_water.vision
6BD12EED32594BEE,defaultobjectstoreproject
6BD19104F8DE3F80,ftus_bg_streak_right
6BD9F4B6D704F060,spinner_loading
6BDB06D626B83566,ui_bp_unlocks_reticle
6BDB07C44B9085C1,icon_generic_checkmark_glow
6BDBEAF61CC6DCC5,MaterialStandardDef
6BDDE2702783AC93,ui.utils.MPUnlockUtils
6BDF15975CAFA98F,CalloutMarkerPingRadialSlot
6BDF67C43B2D9930,killstreakrefdef
6BE058F89222D521,hud_ping_container_corners
6BE08C0A3A5E4317,ui_map_icon_obj_assassin
6BE20E3A6A49AA44,mp/loot/br/titandoubledown/lootset_extra_plunder.csv
6BE3309016C2AE3A,fullscreen_blood_bottom_alt
6BE4F75147CA15BF,rex_at_mine_ap_mp
6BE61434176B8248,PoseMatchingTransitionSetDef
6BEA7FDC8AAC45B2,rew_br_zodiac_title_fade
6BEF5EB2433A58AF,rex_bar_lng_svictor98
6BF2606258FFD896,rex_throwingknife_mp_inert
6BF76026D8E6E977,BSEQFilter_Code
6BF91C1EEC91BB36,mp/reticlecategorytable.csv
6BFB297098CE6F99,ping_vehicle_husk_generic
6BFCF79E5E1851B8,WeaponDamageScalars
6BFE9CAF01FB3420,overlay_gunship_vignette_left
6BFEC17CF9E7E642,ui.ingame.directionalimage
6BFF11BE42D67855,snapshot_grenade_danger_mp
6C01034FDDE08CDC,fullscreen_blood_left_alt
6C0334D1CD2663BC,veh_diagram_techo_glow_body
6C0785FED19FD972,rex_ammo_762n_op
6C08181138D58CD2,ParticleBeamCurveType
6C0B14975864D38D,ping_stronghold
6C0D5F8173A85BCA,shock/default.shock
6C1191FED1A8425B,rex_ammo_762n_hv
6C1197FED1A84C8D,rex_ammo_762n_hp
6C162C2D53968B7B,ui.utils.FpskuUtils
6C1D39E7D2BAFF8F,GfxPbgBloom
6C1D9FF9ECB616F4,rex_xmag_mike4
6C1FD837D30AE5C7,EquipmentSFXSoundIdSet
6C2278F150815331,brloot_weapon_fal_lege
6C242AFC9A5A5355,fonticondefptr
6C24E51D8E6AB29A,ping_loot_killstreak_clustermine
6C267DFED1BA7C69,rex_ammo_762n_fr
6C2981FED1BCB90C,rex_ammo_762n_ap
6C2C65EA745B1AD0,MONKEY_BOMB
6C2DFE8255450672,hud_reticle_base_limax_ZOOM
6C33AA57AE589A48,bc_equipment_action_cluster
6C362BEBFDF8893B,rex_anims_hotel45_nyc
6C36CDBEC7150DF0,rex_me_diveknife_mp
6C3709D1D1CE3FAD,ui.ingame.driverhudjltvcontainer
6C3811E48F9AE937,loot/iw8_sm_t9nailgun_attachment_ids.csv
6C397FE088798E77,ui.utils.mp.MissionUtils
6C3EB4C474C0F420,BSEQStateType
6C4162502842606E,mp/infils_gameplay.csv
6C427D6C234669D6,mp/loot/br/dmz/biolab/lootset_biolab_dc.csv
6C431022F513E95A,brloot_offhand_molotov
6C4844F09A4877D1,perk_trait_resource_increase_rex_mp
6C48E6647E29603D,specialty_molotov_shots_rex
6C4C55B3F73EC5AD,ae/ae_leagueplay_progression_achievements_mobile.csv
6C4E06A5C44EEAFC,brloot_offhand_frag
6C4F57D9E3CE988F,ui_bp_atlas_boost
6C5755864E0BFF3B,ui.utils.mp.StreakUtils
6C5E530EC2FCBFD2,ui_map_icon_uav_tower
6C5FA609D8D30096,furniture_fan_intact_01
6C60F22A52AEE32A,rex_smoke_grenade_sp_novoxel
6C6115454DDF0B56,GfxWorldPrimaryLights
6C63A98D55A155D4,WeaponMotionPoseOffsetTransitionSettingsOverride
6C6A33848E74E276,ui.SubscriptionsHolder
6C6AEC3C98746182,ping_killstreak_juggernaut_recon
6C6B23AB96DDC79A,XAnimNodeDef_MotionMatch
6C6E5BFA17DA8433,StealthVolumePlane
6C6E8839D2319205,mp/operator/s4_doggett_progression.csv
6C6F5392DFDFF25B,VectorSubField
6C74F4D2462D000C,Particle_GameBindings_Expression
6C76E0F79023C23B,mp/recipes/infect_sniper.recipe
6C783192F2ED4845,GamepadVirtualAxis
6C7AE41EDD418B97,ui.utils.FenceDiscCheck
6C7BD910BE338D6E,mp/loot/br/dmz/lootset_cache_spawns_ls.csv
6C7EAE1933B1DB08,TimelineDef
6C83F4949D943707,mp/friendly_fire_will_not
6C8538C0A7BBF6BB,AudioPropagationEdge
6C8711C3033E37B2,rex_sticky_beacon_mp
6C8CE3FF20C24174,ParticleModuleParentVelocityGraphDef
6C8D338ED4CB917C,attachmentblueprintptr
6C8E60FBF59A7BD0,equip_munitionsbox_rex
6C8E7CFB92F92CF4,rex_tur_jltv_mg_meltdown_sp
6C8F65CC8EBE941B,hud_icon_minimap_vehicle_tank_coscar
6C8F8A67D325166F,default_sp_platform_settings_gen9.cfg
6C8FB38F16AB5D7E,BehaviorTreeDecoratorChildren
6C91F5945D0824DA,rex_ammo_4x30
6C929A9672847533,veh_diagram_choppergunner_out
6C94C7A1D00FBDCC,rex_fourx_therm01
6C94CAA1D00FC2E5,rex_fourx_therm02
6C962B1768AA589D,ui.utils.DevActions
6C9830784D58CCC3,bp_mount_olympus_topo
6C9C6AF3A329642C,iw9_armor_plate_deploy_mp
6C9CE1BEC76BE31E,rex_me_diveknife_sp
6C9F7DBFFE563A7A,ui_hud_icon_tactical
6C9FD5D9DD77E76B,clantag_rvn
6CA01DDA45E1831D,jup_ui_ob_hud_tac_map_legend_backer
6CA116FAA33B997A,mp/loot/br/resurgence_mgl/lootset_cache_lege.csv
6CA2A77A9F3CD7F0,dynamic_anim_slot2
6CA2A87A9F3CD9A3,dynamic_anim_slot3
6CA2AA7A9F3CDD09,dynamic_anim_slot1
6CA3AFECB8ECE60D,SndMusicState
6CA4FB2DD2859EA5,rex_rec_spier9
6CA6BDCBC1A90D4E,perk_incognito_rew
6CA6FE2976DA2031,ui.inGame.ReportPlayerLayer
6CA7FFD6CA804433,ui_menu_codhq_large_icon_patch_notes
6CAA79B5F20142C1,rex_c4_sp_veh
6CAB9A69C92E626A,hud_reticle_right_segment_fourx02
6CAD2F31BB3F6C44,weaponexplosiondamageinfo
6CADB44D545CD33A,mp/loot/br/shottysniper/loot_item_defs.csv
6CAE33BAF0BADE33,rex_mlt_gas_mask_out
6CAF0DC920AF8B9D,mp/gametypes/dom_mgl.txt
6CB005DC79D97CEB,PlayerCustomAnimHandlerType
6CB1362038B11F31,mp/operator/s4_florence_progression.csv
6CB243194626991C,icon_edit_player_music_pack_lg
6CB3AFECB1D092A1,ScriptableEventWaitUntilDef
6CB7BE506A96FD17,ScriptableSoundOffsetSpace
6CB925DB4F3C2D4C,ui_rew_icon_fu_recon_drone
6CBA965EBB9EDDEA,gfxpropertyanimation
6CBE5CFABA893F72,perk_trait_investor_rex_mp
6CBEEBF3948935F6,attack_chopper_rex
6CC074B4C8CB704F,pathdatatoolsdef
6CC393E24580AD7A,damage_feedback_mid
6CC41DDF3876B843,WeaponSmoothedSwayMotion
6CC4CE308421F00C,icon_dmz_faction_legion_48
6CC554945688D5C0,ui_mp_br_counter_mask_circle
6CC6CA7AB593A75A,ui_camo_comp_0
6CC91CA6B1CCD1FE,secondary_ultra_light
6CDB497CC5BEC7DD,hud_reticle_airburst_meter
6CDD3416A21DB832,mp/gunsmith/s4_sm_thotel_variants.csv
6CDEC8BD47F49948,hud_suppression_mask
6CDEDA060BFCE344,rex_control_bigmap
6CE797FF7C315C96,rex_mp_milsim_sk_ct
6CE93B4F9FF73C57,WeaponOffsetMovementDef
6CEAF889ABA7B980,mp/loot/br/dmz/biolab/lootset_cache_spawns.csv
6CEDAE82AB130D7C,preorder_002_keyart_002
6CEE1F42BFBACDF2,defaultlightstate
6CEE292EE264743F,mp/clanemblemforegroundtable.csv
6CF11E9A173834E7,mp/gunsmith/platform_jp10_progression.csv
6CF4B62D933FD17B,hud_icon_fieldupgrade_door_barricade
6CF87A6BB6D327FE,hominginfo
6CF93134B9E46703,mp/gunsmith/s4_ar_hyankee44_progression.csv
6CF981068FD70389,electronics_smartphone_01
6CFB79D266DA718A,mp/loot/br/plunder/lootset_root.csv
6CFDC33021A2EAF0,GfxImageRaw
6CFDFF5B2F7357F9,equipment_roof_vent_medium
6CFE150F9D9D8EF8,stealth_rex_sm_xsm1
6D00A415CE08D71D,omnvars/br/omnvars_br_common.csv
6D08087DFF4C0F85,hud_reticle_loot_s3pink_2_g
6D08097DFF4C1138,hud_reticle_loot_s3pink_2_h
6D09423452AE54A7,icon_social_plat_msstore
6D0B9F99145A4564,vision/killstreak_thermal_light_damage.vision
6D0BCF8E6399E4D4,mp/placeholder_cannot_deposit_full
6D0E84596C0391BD,frontend_extracted_xanims_2_global_shared_mp
6D10919CC1B860BF,ui_operators_icon_favorite
6D1186B078A61954,defaultaidebugdata
6D12B9583148F191,ee_clock_wall_mounted_modern
6D1321465595C5AB,icon_social_game_warzone_168
6D1492E0B152F983,sp_t10
6D1639FCF82F1582,hud_reticle_gotago
6D1AB424ED13FF28,mp/emblemswatchcolors.csv
6D1BC4651E4EDFD7,loot/playercardframes_ids.csv
6D1C777DEDBC52A2,Composite_postfx
6D1EA5FF7C60B6D0,rex_mp_milsim_sk_sf
6D21622D8C289522,ping_inv_need_gun
6D22C62CC3DD735B,shock/light_damage_mp.shock
6D22D669322FE162,weapAnimFiles_t
6D2378665E151937,AttDlcOverrides
6D2498674A30014C,rex_attachments/rex_rec_kilo437_apex
6D27A0490D4C97C7,vision/mp_frontend_iw9_bp_blueprints.vision
6D27EF21C538E0D9,mp/loot/br/dmz/biolab/lootset_biolab_elevator.csv
6D28D1B00F3A4412,mp/recipes/mlg_ctf.recipe
6D2951FA1C3E2F96,posematchingasmconfigdefptr
6D2BB55CB49B5B60,mp/gametypes/hvt.txt
6D2CC62CBCCC0A7E,ui_icon_options_favorite
6D2E56BC57A4DF4D,vision/proto_cruise_mp.vision
6D2EF394AFF1FDF9,ui.InGameKillStreakDataSources
6D3066D5666EBE24,mp/executiontable.csv
6D338F0AAA6B5A4D,ui/stringtable/weapon_attachments_guard_animation.csv
6D348831DED79EE9,WeaponBlendSpaceType
6D34EEE556BA6825,brloot_weapon_m870_rare
6D352B2A030AC5C3,SndMasterPresetEqBankDef
6D381A4AFFFF6CAD,brloot_satchel_armor
6D3B0C5102909FC2,nav_glass_bounds_s
6D3DB68401FDEFFB,airoutinedefptr
6D40D903512DBBBB,AttWeaponMotionSwayScale
6D43E4FBD4085697,bc_equipment_action_gas
6D44AAB2D574584A,rex_equip_shock_rec
6D4612933C4B9BE8,influencer_killstreak_nuke
6D49816A4379D5D7,hud_icon_equipment_flare_broken
6D49DF73FA9669FF,ImpactVFXTypeTableDef
6D4BEB9E7CCF7DC6,PhysicsAssetSimulationCategory
6D4BEF78DDC62DCD,vision/flir_0_black_to_white.vision
6D4C33976DD9F507,hud_hit_marker_shape_single
6D4C91C9C9C46ECC,loot/iw8_lm_t9light_camos_ids.csv
6D4CA132E7F0F043,AttSubsonic
6D4FEEC6DF452BBF,nav_raw_custom_volume_tri_s
6D51935CC218F52B,mp/loot/core/risk/lootset_empty.csv
6D5303900614A696,fence_wood_planks_02_128_lm
6D551DCE9255BA8A,ping_vault_hero
6D56BEEDF203FF99,specialty_trait_uav_towers_rex
6D57D104D488D18D,hud_reticle_bottom_segment_fourx02
6D5A053A567F959F,dismembermentdefptr
6D5DC323395AFA6C,ivec4_t
6D5ED12B7522AFF6,rex_bar_lgt_xar1
6D6628F95B7DF0A3,shock/hold_breath.shock
6D677B39A031529E,vision/damage_nvg.vision
6D677F1F6A6D93EF,specialty_traceback
6D67F76FFFDFF9DD,ee_sign_street_merger_01_lm
6D67FE2BE7CCD9D9,ui_rex_icon_ammo_firetype_burst
6D69E31911DAD3B8,swm_blend_curve_quake_pump
6D6A130F1C230BF4,SeExprVarBlockLookupDef
6D6BFF0E61083382,specialty_apex_knives_rex
6D6E16363FD98D7D,buttons_nomad_tactical.cfg
6D71092B403A9828,impacttypetoimpactfxtabledefptr
6D719F470A2A3A72,mp/loot/br/ww2_plunder/lootset_cache_ultra.csv
6D71AAE57B06F9C2,perk_tactical_recon_rex_mp
6D721DE66036B49B,rex_dynamic_quickdraw_pi_hotel45
6D734726F0EDC52B,AttCornerSliceSettings
6D7604F1F4CFD561,vision/tac_ops_slamzoom.vision
6D784EEEFE85A7B3,pathnode_tree_nodes_t
6D78615EF0E16022,achievementdefptr
6D78BEAF3FF322FB,equip_wounding_grenade
6D795EEBBFEEB2DD,rex_pgrip_ske_mike4
6D7BC547D2D55329,mm_map_background_plate
6D7DF34CB2B39427,fence_wood_planks_01_128_damaged_paint_blue_lm
6D7E1408BB9D6DBE,objectivedefptr
6D81F54E9C473028,ui.utils.mp.FenceDMZ
6D81FC5175C094B5,SeExprStateDef
6D83F3B89A98C5F7,mp/recipes/rescue.recipe
6D846CD63A039FC3,rex_mag_kilo437
6D8882B82CD4CBD1,XAnimFloatMappingFlag
6D8AF19B36679897,gfxpbgatmosphericfogptr
6D925FA80BFB3332,mp/loot/br/ww2_mini/lootset_contract_supply.csv
6D928BBB3F6815E1,mp/loot/br/dmz/biobunker/lootset_root.csv
6D92D308949F2AA5,ui_callingcards_smallbutton_mastery_background
6D94C7DFBE4A917E,rex_stock_tac_akilo
6D95C617CFB54EDD,rex_attachments/
6D9ADFD21C049FAA,<Unknown>
6D9BD25E12936E24,AttKickScaling
6DA05D6D94DD8FA7,CodcasterObjectiveData
6DA0F7B5932AD44F,rex_laserhip_lrg03_sp
6DA24811F8CFC759,icon_generic_lock_hollow
6DA3ADB4A23C8B63,mp/gunsmith/platform_09_progression.csv
6DA4268DD3CE450B,mp_javelin_fltr_prompt
6DA4BD37D90DDB77,white
6DA865B20719CFB5,at_mine_ap
6DAA667E734902C5,perk_trait_revive_speed_rex_mp
6DAB6F0595C01760,scriptable_door_wooden_panel_mp_01_white
6DB174DDAB7E7839,mp/brmissions.csv
6DB48868250F7564,CurveDef
6DB6FE1E48039B95,NetConstStringType
6DB7FB54190EE2AE,actionscontroloptions.csv
6DBC137806C402E4,rex_ironsbarhvy_kilo5
6DBC8656F82426E5,mp/gametypes/assault.txt
6DBF9ADB0C435036,blood_overlay_mask
6DC0135588AA4BD9,button_medium_mask
6DC13C632A99ED79,global_progression_fill_segment
6DC1FAC24DC6B4E7,icon_arrow_up
6DC2EA39B24E4DDF,mp/gunsmith/s4_pi_ttango33_progression.csv
6DC501C183464E7B,cac_large_attachment_glow
6DC89444980AA3E9,icon_social_plat_console_lg
6DCEB00B8EFA6816,rex_pgrip_ass_decho
6DCEF5DF7EB307BD,ui_hud_hit_marker_kill_crit
6DCF8A3E54E38B23,ui_rex_icon_wpn_sm_pmike63
6DD0E0D62701F277,mp_javelin_warning_prompt
6DD25D2D4BA39BF0,rex_bar_hvylng_uxray
6DD5A02580745853,reticle_challenges.csv
6DDF28A67CCB87AB,mp/loot/br/saba/dmz/lootset_hidden_container.csv
6DE15A8D2EE3D451,equip_thermite_rex
6DE23A9A059774D0,rex_dynamic_underwater_dblmg
6DE379644C3EE9D4,ui_rex_lobby_playlist_map_silkworm_logo
6DE3C3E753927A3B,jup_mp_fall_skin
6DE3CE8794F1B328,cfg/br_core_rew.cfg
6DE52FB4FE461AC8,ui.utils.mp.SuperUtils
6DE57A793612426C,ui.widgets.ShaderPreloadLayer
6DEA25786F5733B5,ReticleDef
6DEBB4A0AE2C47E7,AttMelee
6DEBC9981F19F944,rex_mag_sierrax
6DED55F3FF514967,rex_attachments/rex_bar_golf28_desc
6DED84F3BE877D18,ncs_img_global
6DEF670AD923F63B,GfxGpuLightGridTransientData
6DEFD7180C438EF1,ping_barracks_hero
6DF10C5BC64188F8,iw8_chicken_01
6DF2F185229F6F60,ui.utils.WebViewSwitcherAndFenceUtils
6DF4E98713E9C6F5,mp/gunsmith/sm_mpapa7_progression.csv
6DF78DD8E7400A43,hit_direction_white
6DF809DECE2ACF25,mp/loot/br/dmz/lootset_saba_medicaltent.csv
6DF8C241AF6A6F1B,mp/loot/br/saba/dmz/lootset_duffel_bag_02.csv
6DF8E71498B5E5D4,hud_icon_target_x
6DF90480FFFDC212,XAnimNotifyParameterValue
6DFA157430665A52,cer_ui_common_panel_background_mid_wide
6DFA3CC02D9900D9,hud_reticle_loot_pmorte
6DFE93934AAEE778,ui.Fencing
6DFF012A733C756A,BehaviorTokenConfigDef
6E019EDA98BB8A06,perk
6E03AB08BDA5D43D,icon_dmz_faction_legion_bw_748
6E04D99F71AE10A2,ui_ranked_play_howtoplay_ranks_divisions_button_background
6E06818C153CBB2B,ui_rex_icon_wpn_ar_akilo
6E0951F454E6AC30,mp/operator/s4_halima_ita_progression.csv
6E09BA7CD3109AE5,mp/loot/br/bodycount/lootset_root.csv
6E0CD1ACB93411AF,airburstcurvetype
6E0D17C869BF051B,p7_diner_table_napkin
6E0E4C95505C1C4A,brloot_weapon_mg34_rare
6E0ED4F52D24DDB2,iw8_ges_plyr_loot_pickup
6E101FAA90B6C9D9,aiimpactvfxtabledefptr
6E10A97827B33909,menu/auto
6E1239CBC6A2EBC3,brloot_weapon_mg34_unco
6E1272B9301FA544,ae/ae_game_event_keys.csv
6E14270FC7DAAA35,mp/gunsmith/platform_025_progression.csv
6E186103A91FEF35,mp/loot/br/ww2_mini/lootset_extra_plunder.csv
6E18745FB4BF5B45,loot/iw8_ar_valpha_attachment_ids.csv
6E195FED4FBCEAB8,mp/gunsmith/sn_t9quickscope_progression.csv
6E1AF5CEA40DCA4E,ping_loot_equipment_decontaminationstation
6E1B40B1BA9D29BC,ping_killstreak_emergencyairdrop
6E1FC961A9AA2416,ui.utils.PerksHUDUtils
6E2026AA67B55314,CTAudRvbPanInfo
6E2098BD41F45477,hud_reticle_s6record_center
6E22423C7E52DF06,ui.utils.InteractiveMapUtils
6E24E5544408BDC7,rex_stock_tac_uxray
6E25EA59F241DC69,killstreaks/cruise_predator
6E27318BD7BBFA9E,ScriptableEventSpatialDisableDef
6E2A3554CD6975BF,ui/stringtable/discord_asset_map.csv
6E2A3B98AEE800A8,operatorskindefptr
6E2F553640556A9B,hud_icon_health_cross
6E3071615A75CA86,codeperks.csv
6E3406DCFCAE2821,specialty_trait_increased_stock_size
6E34262AC462101C,rex_execution_hatchet
6E357E6D101E3DA7,loot/iw8_ar_sierra552_camos_ids.csv
6E3613F7C7B51C0B,scenariodefptr
6E38AB4B9A9E8295,XAnimDynamicBoneNoiseAxisSpace
6E38B175CC8E77C5,mp/trial_stat_lines.csv
6E3AA6C46560AE20,equip_c4
6E3BF499930716DA,mp_wheelson_frame_brackets_tp
6E3CEE18689EFF22,rex_stock_psierra41
6E413545A04596AC,lua_menu/deaths_caps
6E41C188A24654B2,XAnimCollidableBone
6E42A7A995D7F212,brloot_super_deadsilence
6E4370007E196FBD,perk_trait_breathe_rex_mp
6E447E051D233A13,omnvars/mp/omnvars_obj_timer.csv
6E44B661A80E9425,ui_default_radial_reveal_map
6E482CBEEE63E344,omnvars/mp/gametypes/omnvars_wlk.csv
6E49895BF52CE993,hud_icon_nameplate_chevron_most_wanted
6E4D32DA26D88073,clantag_cod
6E4D5A999270DA14,mp/emblemtable.csv
6E4E8B7D47E58011,ping_equipment_breacher_drone
6E53D157B211DBE1,rex_minireddot02_pstl_decho
6E53FFE6054071B5,boldFontsCorrespondence.csv
6E5429D1DF57EEF3,fieldrep_reward_glow
6E55BB4CD602CB8D,GfxSModelInstanceLGVData
6E5935D6D38C3B38,offhandShieldButton_t
6E5947C2FC654E69,icon_edit_player_emblem_lg
6E5B074FDB5845FA,icon_new_store_pulse
6E5E6A259794C4FD,ushort
6E5FAD6644522697,mp/loot/br/mmp/lootset_killchain_boost.csv
6E61C557F7063B70,mp/loot/core/gwai/lootset_cache_spawns.csv
6E685BA1842C9D96,aar_gfx_gun_sparks
6E687224D2224F77,icon_mic_selfmute
6E6B634C3D5EF9FF,mp_recon_drone_target_circle
6E6C8F692C766289,trial_medal_gold
6E6D4FAB6A3CC14C,decor_shoes_01_sandals_male_brown_left
6E733C412BAC1AFD,hud_splash_zombies_rift_runs_backer_left
6E73D7DDFE89AAC4,operator_select_side_select_chevron
6E74F4A5279019DB,cerberus_nongamedata
6E76773F2A556257,jup_core_settings.cfg
6E781908E20FD2F6,rex_pgrip_tac_kilo5
6E781C08E20FD80F,rex_pgrip_tac_kilo2
6E78D18BB0761D22,hud_circle_gradient_backer
6E79C5BFCD831B2B,ServerExploderDef
6E79F4F81AB2AE98,mp/loot/br/champion_mgl/lootset_cache_lege.csv
6E7B508574B6E7FD,DownloadGroup
6E7C5AFA785F2CA0,rex_pgrip_hotel45
6E82B73279ED4C2B,ui_bp_boot_arrows
6E84EAAA94B70A97,ui.utils.FencePlatformServices
6E87BD181374BE19,hud_reticle_s6skateboard_dampener
6E8B86C3BFE6494F,AttWeaponMotionLookOffsetScale
6E8BCFD5707F847F,electrical_phone_jack_01
6E8DA74CB87BDD21,hud_reticle_notched_circle_dot
6E90F22D0E721322,ScriptableEventAnimationDef
6E914B3A6828B670,mp/gunsmith/s4_sm_mpapa40_progression.csv
6E91C21FAEDFCA11,loadingscreens.csv
6E91CEE9D339263A,ui_icon_xp_token_active
6E920637CCDBA0E9,jup_icon_xp_token_weapon_30min
6E96F66E06BDC65D,mp/loot/br/rebirth/lootset_global.csv
6E9776222C171E87,telescope/telescope2dllvalidationpc.csv
6E978930FB3B5791,bc_killstreak_action_nuke
6E97ABC49AF6D1EB,hud_icon_revive_last_stand
6E9CD8768DF4AF5D,mp/loot/br/clash_mgl/lootset_cache_spawns.csv
6EA12B2E833B3745,rex_attachments/rex_bar_mpapa7_desc
6EA343E82EB48802,ui_rew_icon_tac_heartbeat_sensor
6EA4E4A4DF1A9B0F,MaterialGeometryType
6EA5A6F8BD8A377C,loot_hold
6EA66122EF6EC0F0,rex_cal_tuning_akilo_545
6EA6B50B78115469,rex_tur_mg_bmike2_sp
6EA79EDFF40F507B,mp/loot/br/clash_mgl/lootset_empty.csv
6EA85162BACBB610,rex_ironsdeafult_bmike3
6EAA06E05EF2D3B6,specialty_trait_bounty_intel_rex
6EAABF0EE0DCC7EF,ui_backpack
6EAE239A81ABC91E,ui_rex_icon_wpn_prog_br_ngsierra
6EAE42B104A5147B,icon_fieldrep_logistics
6EAF75BA55128BAC,jup_daily_challenges.csv
6EB05DAD6E0DF2EC,hud_tablet_background_2
6EB0F47E0DF19DD3,ui.inGame.DriverHudAPCContainer
6EB10CEEF3723A6E,fastfile_global_sp
6EB1B3DBDC90A561,hud_tablet_heartbeat_sensor_compass
6EB3F432E1F78683,icon_global_stats
6EB7F8EEF3783720,fastfile_global_mp
6EBE7E985638E158,hudfriendlyfire
6EBF76EE844F8409,toy_nursery_hanging_mobile_01
6EBFA7F2577BB0B9,icon_item_quality_1
6EC08F715E76648D,ScriptableVolumeTriggerType
6EC1872279236DB7,shock/scrambler_04_mp.shock
6EC19BEC7611BEBA,rex_bar_akilo_broken
6EC1E1D59710D32D,sat_bundle_logo_rex_vault_edition
6EC31556310CADA5,setting_image_borderoverlay
6EC50AD06F6EFBC9,specialty_trait_killstreaks
6EC58D83DEE9C821,loot/s4_mr_lecho_attachment_ids.csv
6EC5AB2B6F297EB0,rex_sam_airburst_turret_proj_single_mp
6EC7EB8B4C232931,button_large_border
6EC9DE9E02FD5F94,mp/gunsmith/platform_013_progression.csv
6ECC918C9A6CBE3B,preload_item
6ECEA565412E77E7,ping_loot_killstreak_juggernaut_box
6ED4DE2B833AF211,WorldEventEntity
6ED54DA221404DDC,jup_ui_icon_global_lock
6ED72EE453C648D8,streaminginfoptr
6ED9F285F99CCDC9,specialty_trait_evasive
6EDB8BFAA27C7CA8,hud_icon_player_down
6EDD9C97818B2E72,$black_uint
6EDE07BA43C53E82,ui_rew_icon_fu_portable_radar
6EE1F5E261D0E09C,iw9_la_mike32biolab_mp
6EE21DE15FDB7666,Raw_ushort
6EE320AB50751773,omnvars/mp/gametypes/omnvars_bounty.csv
6EE33AFCC1094CB2,influencer_player_death
6EE5CAF2A2A9F42C,ping_inv_have_weapon_pistol
6EE5DC3250BDA4F9,brloot_weapon_mp7_comm
6EE8319069177909,materialsfxtabledefptr
6EEBFB29431459B6,rex_dynamic_underwater_me_fists_sp
6EEFFA518CF87585,ui_rex_icon_wpn_br_uxray
6EF300FEB0C09D32,ui.utils.mp.EliteContractUtils
6EF3B19DF45E38CF,rex_rec_rpapa8
6EF6B9341565477D,CalloutMarkerPingAssetID
6EF7E69CD1EF096F,PlayerSpawnTacGraphSettings
6EF927F22921A826,t10_decon_station_wz
6EFBE9ECACA0956A,rex_mp_milsim_us_sf_1_1
6EFC92B274ADC653,rex_trig_hair_decho
6EFCABFEAE35BACE,loot/iw8_sh_t9leveraction_camos_ids.csv
6EFD2AF9C6EE9255,defaultMovie
6F028AFD33606EC3,loot/s4_me_pdelta_attachment_ids.csv
6F03C67F4D84AA58,mp/loot/br/saba/dmz/lootset_office_cabinet.csv
6F06E8676B0049BD,clientmathtrigger
6F0758D10EC52F4E,ping_request_assimilation_join_me
6F084612248A698E,VehicleSimAirDef
6F0A157242867972,rex_smag_limax
6F0C272232F42B47,mp/recipes/mlg_conf.recipe
6F0D05123C2C35D6,rex_sil_svictor98
6F115F0BB03F12DF,rex_mag_psierra41
6F121C362B4EFD6A,ui_rew_icon_perk_wingman
6F18DF42700FB21E,icon_ping_arrow
6F1C2B6B2FE0B9D1,ui_icon_theater_play
6F22C784EF7D43C9,ping_equipment_thermite_hostile
6F24E42F62606F24,cfg/default_systemlink_cp.cfg
6F27F426C1AA4000,ui.utils.cp.MunitionUtils
6F2EC80152F84FB4,hud_icon_fieldupgrade_sonar_pulse
6F304C34DE6C5154,cdl_domination
6F30AB6707B2CD65,FxGlassModelPiece
6F327C7BFDEC1E35,WeaponMotionLayer
6F352C8CCECD904D,ui_rew_icon_lethal_thermite
6F374BEE17F00C17,ui.utils.SocialActionUtils
6F393447C83CC05B,super_medical_box_rex
6F3D981287D35199,MapEntsCompressedEntityString
6F3DD57CA74DF7A1,mp/loot/br/dmz/biolab/lootset_dresser.csv
6F3F453998C3F4AD,ui.inGame.PulseArray
6F40B3AA2313265B,ncs_cam_level
6F41D0E9C84208FB,ui_bp_map_arrow_start
6F4282CDB804C68B,brloot_weapon_scarh_unco
6F4585DC88C2D31A,brloot_super_tacinsert
6F4BD9FAEB82AC22,mp/loot/br/mini_mgl/lootset_cache_base.csv
6F4C2B7178D58941,iw9_radial_4slice_selected_disabled
6F531D5049D50AB1,hud_reticle_int_illu
6F561E3B7A145411,omnvars/mp/gametypes/omnvars_fireteam.csv
6F584523AD47FAB7,ui_progression_level_glow
6F5B0161C5C3B10D,specialty_plate_carrier_gel_rex
6F5E4E7A12599FCB,ui_map_icon_obj_bountyroyale
6F5F06DB01F0C82F,veh_rex_lnd_mrap_sp
6F639944E5ACBCD2,eng_ingame_shared_mp
6F63D0A0AACCD370,uk_janitor_mop_bucket_01
6F65366C811AA20E,mp/classtable_br_rebirth.csv
6F657F5284E140B6,attachmentdatawrapper
6F6A63DDB72248B0,ui.VisibilityConditions
6F6C12280B818763,BSEQFilter_UserIndex
6F6CCD4F33BA65E1,LONG_RANGE_rex_ar_akilo
6F6E1C37B4462496,button_xx_small_border
6F716BD2BDF7BC21,pcachievements.csv
6F740E2744C33DE9,loot/iw8_me_t9loadout_camos_ids.csv
6F766AA5263D67FC,ui_rex_icon_wpn_pi_hotel45
6F7804D9FE02EADB,omnvars/mp/omnvars_action_park.csv
6F7927A48B16DAC5,icon_fieldrep_strategy
6F7A572D06FE9378,FxGlassNGMapMode
6F7B0C3026E7C17C,ping_tool_defusekit
6F7B3DBDCA819B3F,mp/bestscorestatstable.csv
6F7D4E76BBEDEC04,food_honey_jar_01_empty
6F7E7D697E458FDD,AssetEntryDef
6F8002ED101424A5,ParticleModuleWaterAdvectionDef
6F8125559DFA53C2,mp/gunsmith/s4_ar_voscar_progression.csv
6F83775324F8FB4A,mp_rex_rooftops
6F83E19CC2CB282F,cp/allmeritstable.csv
6F876FDA641179B2,xanim_locator
6F886957445E0F8F,ui.utils.WarzoneChallengesUtil
6F88B7FE4BE1E1E3,zero_eastern_a
6F89018B6EB1BCBD,mp/cac/taunts.csv
6F8A5BAEA75653E5,hud_reticle_loot_s3swolf2_g
6F8A5CAEA7565598,hud_reticle_loot_s3swolf2_h
6F8B7368E323EF63,lb_overlay_altimeter
6F8D5D85A04EB9BB,brloot_weapon_p90_lege
6F8DEEC0A66AC956,ui_mp_br_gulag_icon_main
6F9467080B5013D7,mp/trial_mission_table_f2p.csv
6F9618E1931E8BBF,BG_PropPackage_Subgroup_Def
6F9692B6BDB32489,mp_rex_mobility_trials_subset_ai
6F982FB52FB47FBF,hud_reticle_sharp_dot
6F9A5AC0B53EC11D,ui_bp_button_mask_jup
6F9B25B56103E984,sat_ui_common_tile_glow
6F9CC474CA3FAB0D,brloot_weapon_magnum_unco
6F9D114FB132BDD3,sndbanktransientptr
6F9EF7524D0D95BF,jup_button_top_corner_gradient
6FA1C1DB6EDB1D1C,ui_widg_tag_background_singlechevron
6FA91635CDABE6DE,ui_loot_bg_emblem
6FA9F4B6D421DD08,dev_proto_css.cfg
6FAA023EEFBECFBD,WeatherStateWEMTriggerDef
6FADDFB78172DBDE,ping_inv_need_midcal
6FB0E32E67B1E413,ObjectiveAsset
6FB1E76A6AE319FF,rex_bar_hvy_hotel45
6FB2561CA9F89EA0,ui_whizby_center
6FB687BEA29B59B7,mp/loot/br/dmz/loot_table_zones.csv
6FBBF96AE5F04569,loot/iw8_lm_sierrax_attachment_ids.csv
6FBCE8AB6B0C26FA,PlayerAnimset
6FBECB135E4DD6A4,ui_jup_menu_active_duty_checkmark
6FBFE23011B12014,hud_icon_fieldupgrade_deadsilence
6FC54F4F81B004E9,options/ctdpa_name
6FC64FE1D11D3E3D,loot/iw8_sn_xmike109_camos_ids.csv
6FC75715C5723A1B,hud_reticle_s4improv
6FCC92D4684616C0,onboarding_cdlrules_1
6FCC94D468461A26,onboarding_cdlrules_3
6FCC95D468461BD9,onboarding_cdlrules_2
6FCF5CF526F582BC,loot/s4_mr_malpha1916_camos_ids.csv
6FD3B8B7A317F367,XAnimTreeDef_Child
6FD54D2999DA7BC9,$gray
6FD6048A58900B1D,BspVersion
6FD8A914C330FBFA,cp/loot/default/lootset_root.csv
6FDB6246D86CA0D6,mp/loot/br/dmz/biolab/lootset_biolab_wheelson.csv
6FDCD99E9435BC77,mp_javelin_hangfire_prompt
6FDE8517CB4E6CBA,rex_hardcore_headquarters
6FE001459E4E6499,VehicleSimSteeringDef
6FE3181B1A5E7D68,hud_icon_weapon_me_fist
6FE60A2EB8A44F6F,hud_reticle_right_segment_vz01_a
6FE60B2EB8A45122,hud_reticle_right_segment_vz01_b
6FE7309533FF92F2,defaultweatherstate
6FE76199958485F0,fx_instance_pools.csv
6FE7923C7A61D1BB,mp_javelin_ir_googles_prompt
6FEE91C0BF8A538F,defaultfoliagesfxtable
6FF0A6C606E906D6,equipment_industrial_hand_clamp_01
6FF2B58A73ED4BB4,wz_outline_rarity_common
6FF3305479D80F99,loadout_dmz_backpack_entry_focus_tooltip_top
6FF3AB929835BD02,physicsdebugdata
6FF3B359ABBF8BE3,PhysicsVFXEventAssetHitParticleEffectRule
6FF48CE47BDE96DC,vision/proto_scrambler_stage4_mp.vision
6FF4A9D097D79817,vtmpayload
6FF5C9D596E1F172,mp/gunsmith/ar_sierra552_progression.csv
6FFACB437879AB49,ui_icon_info
6FFE717B3F7BDDC4,ClientTriggers
7002A94F9DE00023,ui_bp_atlas_boost_jup
7003171999113B59,mp/loot/br/dmz/biolab/lootset_medical_box_wall.csv
70037947B4E0110D,ui.ingame.mp.wzmoverlayhud
70046D63DD156348,ui.inGame.BinkSkipPrompt
70076D45DEC57681,ui.utils.FenceKoreanRating
70097EFAB88E286F,$white_3d
700A59F268189821,equipment_icon_showcase_cryomine
700C34F48B6C48AE,loot/iw8_sm_secho_camos_ids.csv
700CF7E435B674D8,rex_holo_therm01_alt
700D8A44161CDDE7,ping_loot_SAFE
700E3061055D5BFD,rex_knife_hotel45
7012FF78F6FCA7FF,ui.utils.CODAccountUtils
70139011957C172D,stterrainvolumedecal
7014801545E033FE,icon_loadout_build_watermark_stalker_fire_support
7014C9B2DAE37D0C,ping_inv_drop_weapon_melee
7014D0174D3AE454,icon_social_plat_playstation
70156ED16A787C63,radianttelemetryentity
70164D93D3F33594,AttMovement
7016D57892C5DA4A,icon_edit_player_showcasecallingcard
701757869A46FD5A,ui.RenderTargetManager
70184ADE62DAC1D1,tur_light_tank_mp
70190F7BDA7658C5,rex_dynamic_null_svictor98
701AD112D59C3D3E,ui.utils.FenceStoragePermission
701F0C5DAE4D1847,mp/gunsmith/s4_sm_owhiskey_variants.csv
70218001ADDA3FB3,gfxpbgpostfxbundlenightvisionthermalparams
702379D4E6771573,combat_record_background
7024822B7D7852A9,WeaponPatternRandomCardinalCubicHermiteSplineDef
702511385BDCE38B,omnvars/cp_mp/zombie/omnvars_zombie_mutant_injection.csv
702AD6455279BB8C,ui_bp_help_background
702D32BE2C4D7AEE,eng_ingame
702D4D226145DD66,GfxStaticModelStoVisGroupingLOD
702E0FD91D696B28,sp/weapontable.csv
702FC5EAB8D0D84C,ui_hud_icon_run
703469AD9935320C,XBoneInfo
703483A86471E12B,rex_sil_sierrax
70353403D5DD32C7,mp_rex_mobility_trials
70357BB92D76AA49,icon_generic_checkmark_sprite
7036B9238586AB24,mp/loot/br/plunder/lootset_saba_embassy.csv
703C1A6A22D38FC5,rex_bar_findia
70402E799E9FEEE4,omnvars/mp/gametypes/omnvars_brtdm_mgl.csv
7046A3AD8443C10D,ping_request_leaveme_confirm
704C85E1258AE290,cinderblock_wall_topper_01_16
704D6AD7E04FE900,hud_reticle_loot_bong
704EA949D4B8CACE,hud_frame_cross
70506E418B38F7F4,GfxBSPAABBLeaf
7051BC6913C26379,ui_changed_indicator
705276EFD06CE3B2,mp/loot/br/ww2_mini/lootset_contract_scav2.csv
7053057B639F8433,mp/gunsmith/platform_jp36_progression.csv
7053A70350F278D7,specialty_trait_regen
705639760EB6675F,ub_mike203
70565148ECCBEA05,hud_reticle_airburst_inactive
705793D952A71AF8,artilleryarea_arrow_single
7057F559E8ED2CFD,ping_loot_weaponcase_confirm
70590F100FDB93A6,ui.utils.SurveyUtils
70593EC6A052463C,icon_social_atvi
7059A7F1C3D4ED67,rex_ub_gl_std_sp
705B462E9E7B2945,headphones_rex
705E006569D8514A,rex_minireddot03_pstl
705F5476D0155426,bc_combat_action_last_mag_concat_midcal
7062945119B9D94B,icon_killstreaks
706320D0BCA113E5,ui_mp_br_loot_icon_gulag_rock
706593484FBBF36B,wdg_large_mask
7065E4190EC8DE30,$qrcode
706687FDDBA88F75,MdaoVolume
70673E2D8302BC5A,menu_tab_gradient
706F6B1512178BC0,icon_rarity_4
706F6C1512178D73,icon_rarity_5
706F6D1512178F26,icon_rarity_6
706F70151217943F,icon_rarity_1
706F7115121795F2,icon_rarity_2
706F7215121797A5,icon_rarity_3
7070A99C9184872F,wdg_selection_arrow_left_1
707192E5AE308D1C,mp/fxtable.csv
7071AB8B55C33D4C,mp/loot/br/doubledown/lootset_cache_spawns.csv
707360AE2F068D68,bh_rotors
7076D19600BBCC16,hud_objective_flag
707977957A2B9328,mp/loot/core/risk/lootset_cache_base.csv
707DE64DDD765854,defaultindexedlisttype
707DF73DDC8E62F0,ui_mp_br_ping_beam
708201AC5ABC0EA8,bolt_thermite
70828B579FF7C5EE,omnvars/mp/gametypes/omnvars_tag_trap.csv
7082D2EE33882A70,rex_gas_grenade_sp
7082FA740BE474EA,jup_tablet_hacking_code
7084B9F972629224,ParticleSystemDef
7085B62B3E1F3C6D,mp/operator/s4_mateo_progression.csv
7089725945A8A251,ui_rex_icon_perk_prog_kill_chain
708AD6CB1673DFD0,hud_icon_equipment_shock_stick
708B97D5E84D493A,rex_snscope01_limax
708BF35998D03251,mp/loot_set_cache_contents_dmz.csv
7092143CA0D180F1,hud_reticle_snscope_trim_zoom
7092D73ABC2BED51,loot/iw8_sm_smgolf45_attachment_ids.csv
7095CEE90A03C670,onboarding_resurgence_2
7095CFE90A03C823,onboarding_resurgence_3
7095D1E90A03CB89,onboarding_resurgence_1
7099B6C79ADD4D78,rex_flashlgt_lrg01
709AD2678A0CF3FC,ui_rex_icon_wpn_br_asierra12
709E47D9025C3384,icon_gunsmith_skins_small
709F4E3D7951EF1A,StDecalTree
70A428CBD249F746,ui.utils.mp.FenceStore
70A6A75450044A7B,bc_killstreak_action_JUGG
70AA529D6D3EB73C,rex_stocksaw_sierrax
70AB4EC99B71BE3D,ping_vehicle_truck_neutral
70ABCD5426F09CDF,ui.utils.WildcardUtility
70B153BE5CD52AC3,hud_reticle_snscope_vz02
70B7E7283855C091,shock/mp_radiation_med.shock
70B83EE4EBFE464F,button_primary_ps4
70B9886374E9F268,ping_objective_destroy_package
70BE6541764FA080,iw9_tur_mrap_mp
70C1C8DFEEA310A4,ui.utils.QuartermasterUtils
70C57439888EA00D,perk_trait_evasive
70C63CCA90D27857,jup_ui_tex_map_lines
70C8612DE8AA5D99,ui_icon_xp_token_weapon_60min
70C91782B3B6EC33,ObjectiveRuntime
70C95DFCCA6551DB,tablet_mgb_numpad_marker_line
70C990AD6BCC13ED,mp/gunsmith/s4_sm_salpha26_variants.csv
70CAE1D9A1DE4DFD,icon_generic_lock_hollow_large
70CB07F82BAFE9A0,ping_inv_have_weapon_custom
70CB0CD5BF72BD62,XAnimNotifyInfo
70CD0A130C0090B7,rex_attachments/rex_rec_kilo437
70CD2CADD7D4B541,hud_icon_vehicle_mrap
70D1E7CE4D16266C,hud_reticle_loot_90splaid
70D4A8CCF7C16F47,nav_modifier_s
70DB9977ED11B97C,loot/iw8_pi_t9fullauto_attachment_ids.csv
70DC4B697015826E,hud_reticle_loot_s4infrared
70E3F61DB2D4A7FB,brloot_weapon_holger_epic
70E5469E74B5045C,mp/brattractions.csv
70E54CCAA0C43FD1,hud_backpack_slot_empty_armor
70E580DDF3BFB832,mp/loot/br/bodycount/lootset_empty.csv
70E8E6EE33DEFF9E,rex_gas_grenade_mp
70E98EAF637847A9,VehiclePhysicsSoundGroup
70E9FA3C9AA03E63,ui_rex_ingame_hud_mp_game_state_objective_friendly
70EA03D764AFFD01,veh_diagram_jeep_glow_body
70EAE32775261557,veh_centercircle
70EBB7B1D13BA293,icon_settings_arrow
70EDA22271E7F247,equip_trophy_mp
70F5EB59A078D57E,missing
70F7C0DDCB73FEB9,me_electrical_box_small_01
70F9F72BEF14213D,icon_global_add_friends
70FAD69E0F8B0463,cdl_search_and_destroy
70FD2BD63A8BCAB3,mp/loot/br/champion_mgl/lootset_global.csv
70FF484DA390795E,TacDeltaVisGraph
71025F3C673A8EFB,specialty_trait_backpack_extra_slots_rex
71080781971D713B,rex_selectsemi_golf28_auto
710F8FD9CE3B8F05,extraattachmentdata
7110FE400543CFA8,consumables.csv
7111657452E6996F,ui.widgets.TelemetryLayer
7113EA74AC050DBE,gas_cough_heavy_mp
71168129C87EE27C,$blue_array
711A96E92D4D402E,SndAcousticsDef
711BE94AF3969C7E,influencer_killstreak_sphere_medium
711D5CDFEC3C58C7,GfxStaticDecalVolumeMaterial
711E51CC975BDCA8,equipment_icon_slot_clustergrenade
711F4F1A4E977072,ParticleModuleInitKillWrapBoxDef
71211F6E7AEB0047,reloadtype
71249EDF556D1577,onboarding_trial_event_1
71249FDF556D172A,onboarding_trial_event_2
7124A0DF556D18DD,onboarding_trial_event_3
7128087C1E9A14AB,shock/killstreak_veh_camera_flir_mp.shock
712BEB58FBA80DA4,ui.widgets.HoldButtonLogic
712E5F3586721859,GfxWorldDrawSurf
712FF223DBAF091C,VehicleLegacyDef
7131AD2F0299D1A2,hud_splash_gamemode_circle
7132E4A40C6A875A,ui.frontEnd.CODAccountPopups
7133507D4A7416C5,PlayerLookAtProfileDef
71338A4F8212E30F,icon_edit_player_emblem
7133A42512F4ADD6,mp/stats_init.cfg
713561F5ECD6F8AB,digital_distort_map
7137432E29D2939D,mp/wz_look_for_party_data.csv
7139F39F1880E85B,super_armor_drop_rex
713CB9C83D191CEF,MayhemData
713DA08B4DABEDA4,hud_reticle_top_segment_vz01_a
713DA38B4DABF2BD,hud_reticle_top_segment_vz01_b
713EF968119175D8,specialty_restock_rex
713F4351391D5F03,mp/loot/br/plunder/lootset_cache_stronghold.csv
7142474908F21633,mp/gametypes/gwtdm.txt
7146B57C069EB6B3,rex_mag_moscar
7148082F97F4C34C,rex_rec_tango73_rex_wz
714A02C2DF96DD9B,ui_loot_bg_charm
714C6A867AC9C3BD,jup_ui_rounded_panel_up
714E0C0A3DEDBA81,mp/loot/br/olaride/lootset_contract_dom.csv
714F879B23F3ECAA,mldeformerdefptr
7150BA8781C29E32,GestureDirectionalSettings
71524F45235D4E28,loot/iw8_sn_romeo700_camos_ids.csv
7156420955E0A4D6,ui_menu_cac_perk_operative_active
7156D80E9E129069,ui_rex_lobby_playlist_scanlines
71588090567A1B07,ui.utils.EULAUtils
715A55FBDBBA1F63,RumbleInfo
715B6C2D5E8EBD19,hud_reticle_s6record_corner_g
715B752D5E8ECC64,hud_reticle_s6record_corner_h
715E25CF292B4E38,ping_fieldupgrade_capture_bot
715E98A4558E9E3B,ui.DirectiveColors
71600EC2BB064F39,ping_objective_defend_generic
716407DFB1ECDDD2,rex_possession_hardpoint
71646BE3D744ADA2,omnvars/mp/gametypes/omnvars_ballmode.csv
7165996BC86FA1C6,ballisticknife
71679078265A04E2,mp/gunsmith/ar_t9damage_progression.csv
716BF2687B823A6F,SndAssetLoadType
716C88EE34A22004,ping_loot_backpack
717272128BCB67DC,XAnimIndices
717272E727FD76CA,weaponentitynotifyptr
7177C4ABF15BBF2A,jup_icon_xp_token_weapon_15min
717D79EF501BAC9E,mp/gametypes/gwai.txt
7180A5F1D9D52D27,XAnimDynamicBoneProperties
7184C352C59FF2A7,perk_trait_higher_value_resources_rex_mp
71874C9A5F7DEC63,jup_ui_wm_scoreboard_backer_arrow
718A881AD9760BC2,hud_reticle_s55smuggler_g
718A8B1AD97610DB,hud_reticle_s55smuggler_h
718D07C06F8D5041,GfxImageFlags
718D596EE614E0D1,ping_infil_wz
718EA7B9DF412C8B,mp/loot/br/plunder/lootset_saba_gasstation.csv
718FB56867F7985D,rex_pgrip_aim_spier9
7192B38462D63CFB,artilleryarea_arrow
71938B4483357027,direct_purchase
71964A6F5094D475,loot/iw8_pi_t9revolver_camos_ids.csv
71968613188AB4DD,blood_overlay
71989741BED836A3,ping_inv_need_cash
71999E34B899AEE9,vision/aftermath.vision
7199DA3C637176CC,iw9_postgamesurvey.json
719C4BEFAB45879F,tertiary_light_rex
71A2625FF03A742B,GfxWorldGenericVolumes
71A2767024FB5E1A,bc_equipment_incoming_cluster
71A48F48477D8114,play_menu_button_mask
71A5A3D57FDD8BB5,ui.LUIUserEmblem
71A677EC3F855D71,perk_trait_faster_revive
71A7297B4E8C698C,GerstnerWaveSound
71A75C8F68CA8BD1,battlepass_s05_emblem_silver
71A92BFF7BDF2233,ui_bp_sector_complete_emblem
71AA50AA2963A317,particlesystemdefflags
71AD29AE17041567,horizontal_line_default
71ADFB4D8123B09C,rex_attachments/rex_bar_kilo437_desc
71B068D023F580C6,GfxWaterDynamicsCulling
71B1508113E52DBE,ui_emblem_459
71B348A13FA5C7A7,GfxPbgName
71B5C5316E49B209,ui_menu_calling_card_dark_ops_locked
71B5D1F9B3109C44,ui_font_dmz
71B67E9F164CCFC7,hud_icon_fieldupgrade_utility_box
71B8E148A2581133,rex_minireddot02_pstl
71BA35B4941259C8,cinematicsceneparameter
71BA8256CCF8837F,commendation_sparks
71BC0F68B116D07C,rex_dynamic_null_railgun
71C2D55934D6B3EE,button_large_short_border
71C2DF700B5DE9E4,spatialpartition_populationptr
71C4385D6EDD8CF6,hud_reticle_santa
71C7691F3F8C4ADC,sat_decoy_grenade_ob
71C8BDDEE71D5A55,progress_circle_segment_big
71C8C6CE4B620BB5,jup_deadzone_tester_trigger_fill
71C94A2B3E12CA0D,specialty_trait_organized
71CA76D8414DF5ED,mp/progression/sas_progressionitems.csv
71CB6DB42FC1F0B9,spinner_codhq
71CC1DE5013A53BC,XAnimBoneFollowerConstraint
71CCD8B8CDDA96B7,onboarding_elderprogression_1
71CCD9B8CDDA986A,onboarding_elderprogression_2
71CCDAB8CDDA9A1D,onboarding_elderprogression_3
71D2A53302B673C7,GfxImageDesc
71D3BFB47D062E04,ui_menu_icon_arrow
71D44AD7A8B0DAFD,MaterialCamoAnimationParamsKeyframe
71D5AA9765640097,ping_fieldupgrade_recondrone
71D983442B08F06B,mp/loot/br/default/lootset_cache_lege.csv
71DDB61595161A00,mp/loot/br/default/lootset_saba_military.csv
71E4709D979BF21D,loot/battlepass_ids.csv
71E6617437C25D65,defaultoperatorskins.csv
71E6C67BF9818F58,ui_mp_br_loot_icon_plunder_extract_balloon_pig
71E9FF4645E9EE08,ping_inv_have_weapon_sniper
71EC05C51EA72602,fastfile_ingame_mp
71EDD1485C26B002,ping_captain_hero
71EFB88E04F00E47,equip_sensor_dart
71FC2E236FA43AFD,loot/iw8_sn_sksierra_attachment_ids.csv
71FEC77EE2135963,ui_rex_icon_fu_sam_turret
71FEFEDD521A0071,ping_loot_engram_confirm
71FF3AA8B02FC6A9,rex_rec_sierrax
720335FD8A47D16B,hud_icon_player
7203CEAB2FC3A408,specialty_third_person
7207C3561DEC69FC,loot/iw8_ar_t9soviet_attachment_ids.csv
7209258A392246FC,scriptablesettings
720B99C56F275FEA,ScriptableEventMusicStateDef
721105C51EC6423F,fastfile_ingame_br
72129C2A4FA328AD,rex_attachments/rex_irons_mike4_pdw_desc
72132A1D12497836,ping_loot_oxygentank
7213C3BDFE8980AA,ret_cer_long_04_zm_bar
7215507A89343AA0,hud_reticle_s5sensei
72164F85DD53DBDF,widg_glow_circle_stroke
7218ACDC5F6D9A11,AttMeleeLockonWhileFiring
721BDD85306382AB,perk_trait_container_rare_loot_rex_mp
721E63C8EAA7EEA2,ParticleLinkedAssetListDef
72231161BCE08C2C,glassworldptr
7225AFA6870D5021,mp/gametypes/blitz.txt
7226D9705478CB64,bc_fieldupgrade_action_deployablecover
7228FE56F8598ED4,mp/progression/jsof_progressionitems.csv
722A352EE0FA188C,loot/battlepass_season8.csv
722A462586302671,specialty_flashlight
722EEE25C501B050,mp/operator/s4_beatrice_fra_progression.csv
7230D692B68DAF0F,defaultthreattype
72310E2B711BDA21,mp/weaponprestigerewards.csv
72334B4430F87FB6,onboarding_br_perks
723544D113944567,seasonal_challenges.csv
7236158BDD88F7AD,ui_bp_atlas_selection_unlocks_circle
7236259937E1B922,mp/spawnweights.csv
723871C76450EBE8,ReplicateComponent
723B60BCC57A29E8,VehicleSimHovercraftDef
723CC4399D00B2C6,rex_irons_mike4_pdw
72418E282B5D98E8,clantag_sony
7242BC5417C7EBD7,ping_inv_drop_ammo_smallcal
724401C51EF1950C,fastfile_ingame_sp
72462F09797F58C2,ui_rex_icon_obit_fire
7248D331B331E7F4,hover_jet_turret_ballistics_mp
724938F4B30B5559,headphones
724B54A34272EEE0,ks_white_phosphorus_mp
724C2ADCD8A66B71,Metadata_damageable
724CE52B43BFBDEE,ping_objective_return_package
724DEC5F3F34D441,ping_killstreak_loitering_munition
7251D089833D77E2,hud_reticle_loot_transparent_x_h
7251D389833D7CFB,hud_reticle_loot_transparent_x_g
72545782B408877B,localizeassetentrydevdefptr
7255BC44CBA1BA58,mp/gunsmith/platform_053_progression.csv
7257ED30EAD65114,primary_regular_italic
7257F309308C0B40,ui_bp_purchase_button_topo_02
7257F609308C1059,ui_bp_purchase_button_topo_01
7258B82C19706FB5,rex_dynamic_null_xsm1
725ED224F278273C,loot/iw8_ar_t9fastburst_attachment_ids.csv
725FBE6A2CFB239E,mp/namestable.csv
7260427ABD70B8D3,hud_reticle_left_segment_vz02_glow
72616CCACD146592,mp/recipes/ko.recipe
7262039E65C26B65,tablet_chopper_gunner_right_square
7262168BA5854663,ping_killstreak_choppergunner_hostile
72652ECB33A5FDAF,ping_enemy_infantry
72699C259B807DAC,ping_killstreak_loitering_munition_hostile
7269F04CF5577EF3,hud_reticle_hdromeo_range
726CB644CD3AE98B,dmz_wz2
726D26AC7479451C,AttHitmarker
726EB413FD544EA4,hud_reticle_airburst_active_Block
7271FC978ABC5CED,mp/classtable_br_gulag10.csv
727568B34C627831,mp/gametypes/mugger.txt
72770836786A2817,rex_stock_hvy_sierrax
7279CC2DE4DD9DD7,mp/gametypes/oic.txt
727BC5A0FD7BC652,vision/gopro.vision
727C7CFDB308AB77,mp_iw9
727E1BA4CAA2E333,WeaponAnimMap
7281812A2FD5EF14,projectdefptr
7281F68231085783,mp/t9_rankicontable.csv
72828180E15B3AE6,iw9_radial_6slice_sonar
728386FC1D8CFAE6,tertiary_medium_wz
7283FBBCBE6FDE8F,ParticleShaderGraphCurves
7284B93A929C02F5,bp_a20_border
728725DDB371DB2D,hud_reticle_smudge_vday
72880774EF3C6CE9,primary_light_wz
728C900B2B692E5E,loot/battlepass_season2.csv
728DD3FEBB23B153,ui_rex_icon_beta
72903805F68836B8,rex_ironsdefault_decho
7291B29B0EDF62D9,rex_stock_lgt_mike4
729691ADC2C33B42,ping_exfil_heli
72978B8B12CFA27C,mp/fortress_proppackage.csv
729ECE5340736572,mp/loot/br/plunder/lootset_saba_bank.csv
729ED0FF15993ABC,XAnimFloatTrackDriverType
72A3BFB2919E3107,primary_light_rex
72A519B392324AEF,ClientExploderDef
72AC0997E308CB6D,ui_rew_icon_tac_flash
72AEB793A001B473,mp/camerapositions.csv
72B2B61ECED9F538,AttSingleScaleTunable
72B48CE383BED9F0,mp/loot/br/ww2/lootset_contract_supply.csv
72B68295F38895E2,hud_reticle_roots
72B6B725DF39B974,ui_splash_arrow
72B6BDB9CB8DCDED,jup_icon_mode_ob_wmz_sm
72B8AD2E75525380,ui_rex_loading_screen_mp_cachette
72BACFB0D9D2865A,rex_pgrip_limax
72BCACE03F950533,hud_icon_splash_resurgence
72BD79E8002D5E0E,hud_reticle_line_faded
72BDA1FEDA09A7E7,compassping_buddy_drone_enemy
72C3E73E4DB7257F,ui.widgets.virtualkeyboard
72C4AD54F07CDBF5,bc_equipment_action_breacher_drone
72C55ADF46694689,mp/compassObjectiveForegrounds.csv
72C829B7AA2FC822,mp/dmz_starting_inventory_ae_whitelist.csv
72C86A09EF6F1FC0,rex_attachments/rex_holo03
72C87109EF6F2BA5,rex_attachments/rex_holo04
72C92A2CCCB71829,brloot_offhand_smoke
72C9C062A4B6C81C,specialty_snapshot_lens_rex
72CB2E6966C6F1F2,eng_global_sp
72CD8E165253F9F8,ee_sign_street_no_parking_pole_lm
72CFED26DDAE1D7A,equip_flare_br
72D08E6F50CB6D96,ping_killstreak_cruisemissile_hostile
72D10AB2F29EF9E2,defaultsoundsubmix
72DC197B5B1765F2,match_victory
72DD7BA72E9E4107,omnvars/mp/gametypes/omnvars_free_run_evo.csv
72DED8B225E1525D,hud_vds_wz_collapse
72DF63FCE86C71E2,mp/gunsmith/s4_la_m1bravo_progression.csv
72E8DA66F68D6831,transienttilesize
72E926835135C942,vision/near_death_mp.vision
72ED00C79D30558F,vision/mp_frontend_iw9_social.vision
72ED996B4BA45FAC,ui_bp_atlas_mini_map_arrow
72F309AF093DE478,ping_inv_have_fieldupgrade_generic
72F6912C33F9AD2D,mp/ranktablechimera.csv
72F69C9B6F56F0A3,ui_icon_armor_plate
72F75D63429650DB,ui.utils.SwitchLogic
72F9849421FEF27E,ping_response_affirm
72F9C6B0CAC89CFF,AttHeat
72FA4C26D08578CC,physicsmateriallibrarydef
72FA515265023770,bc_killstreak_action_juggernaut
72FF87819C1DA776,omnvars/mp/gametypes/shared/omnvars_koth_shared.csv
72FFA72B2F827C97,rex_bar_lgt_xsm1
7304E2C194CA04DA,cfg/buttons_nomad_alt.cfg
730627288CDF1ED7,rex_stock_tac_limax
73090B03B803822C,hud_reticle_line_shadow
7309A9508FAD6D91,buttons_tactical.cfg
730A45D5ED1F608E,mp/loot/br/dmz/lootset_hotzone.csv
730B0C6A73A61439,br_weekly_challenges.csv
730F8418264FDA46,rex_comp_vert_h
730F8518264FDBF9,rex_comp_vert_i
730F8A18264FE478,rex_comp_vert_b
730F8B18264FE62B,rex_comp_vert_c
730F8D18264FE991,rex_comp_vert_a
730F8E18264FEB44,rex_comp_vert_f
730F8F18264FECF7,rex_comp_vert_g
730F9018264FEEAA,rex_comp_vert_d
73115F90FD871B68,ui_bp_atlas_map_fluff_03
73116090FD871D1B,ui_bp_atlas_map_fluff_02
73116190FD871ECE,ui_bp_atlas_map_fluff_01
73116490FD8723E7,ui_bp_atlas_map_fluff_06
73116590FD87259A,ui_bp_atlas_map_fluff_05
73116690FD87274D,ui_bp_atlas_map_fluff_04
73152646FFBDC8A0,ping_killstreak_escorthelo
7315867D4505C09D,mp/weeklyChallengesTable.csv
73163A1D64D0775C,spraydefptr
731C0CABC586E4EB,widg_gradient_bottom_to_top_mask_cropped_strong
731E8E677A79458B,mp/gunsmith/sm_t9powerburst_progression.csv
732298E76ABD7E68,mp/loot/br/dmz/biolab/lootset_biolab_industrial.csv
7323C06495B3DE20,ncs_veh_global
7324E6DC8F4847F4,rex_stock_ass_kilo437
73252BCA9C5640A8,perk_trait_lockpicking_rex_mp
73259DB7CCED32E1,specialty_reduce_regen_delay_on_objective
732650E7C7F46DA8,HwConfigDef
73294C988A71FEC9,ui_bp_atlas_mount_olympus
732E4E8581FD4E42,mp/loot/br/saba/dmz/lootset_supply_drop_supply.csv
73314A9312273E4A,hud_backpack_slot_empty_armor_carrier
73329B8A44626D69,luadebugfileptr
7334C28B5B423B6F,mp/loot/br/dmz/biolab/lootset_agent_backpack.csv
73358218D3554276,hud_icon_splash_gulag
7335EAC3647150F0,button_action_bar_gradient
7335F94DE3536B1F,ui.FadeManager
733B5361787439C2,specialty_poisondart_rex
733E436CE3E3D9F2,particlemoduleinitscreenspaceoptions
73404D3DBCBD5E7D,mp/loot/br/plunder/lootset_global.csv
7341DB5E203FFFAE,xanimskeletonconstraintsptr
73430DE5C1C136CE,WeatherStateDef
734645F0876041EE,ui_menu_codhq_logo_small_rex
7346FD99C8F13F9B,turretshootstyledef
7348C0B336BCAA69,ui_tanto_logo
734D7BC2039CD31B,codhq_global
734EAD2EE457B10C,proceduralbonelodsettingsdefptr
734FDFFB49DCB420,ui.LUIDebugLayer
7350CBBC6392C594,ui.ButtonHelperTextTooltip
735BCDB65AD13506,XCamTargetModelFrame
735EB1379EE720E1,menu_still_frame_loop
735EDD4BB4D6AF0F,mp/automatism/initial_slot_after_gulag_base_weapons_table.csv
73602C8AD27F2F61,hud_backpack_slot_empty_dogtags
7360D05A33D4BB48,hud_field_upgrade_radial_mask
73634F651F7A6B98,ui.frontEnd.SplashScreens
736528E9645FE09F,rex_riotshield_broken
7366CEC8BD10BAC9,mp/loot/br/ww2_plunder/lootset_cache_base.csv
7366D71D0B3AA91E,curvedefptr
73684CE5B97E30B1,omnvars/mp/gametypes/omnvars_infiltration.csv
736B4C47D25B15DF,indoorexclusiontiledescription
736F01FC38924577,loot/flares_ids.csv
7379F4328D8CAE85,dev_proto_render.cfg
737A30548882C4BF,ui_mp_br_player_status_token_gulag
737AD0D5B59D3C98,PackedSelfVisibility
737C1BB79161D3D8,actionparkSummary
737CAB5150E548A2,ui_rex_icon_wpn_lm_tango73
737D1FF7E5FDFB79,Raw_float
737DB00E837A3DF3,loot/battlepass_season12.csv
7381ADAE3689BFB6,mp/loot/br/default/lootset_cache_reusable3.csv
738369786BC70E9B,ui_rex_icon_rank_23
73836B786BC71201,ui_rex_icon_rank_21
73836E786BC7171A,ui_rex_icon_rank_24
73837E644AB38507,hud_icon_equipment_flash
73846F353F305CD4,defaultxanimnode
7384E745FBAA725D,defaultassetstreamcollection
7388327930DFB624,ScriptableVariant_SFXLookup
738D6E93382E9762,brloot_domination_tablet
738F293323C76F8A,specialty_trait_rescue_mission
7397FA6426D050AB,rex_laserhip_pstl03
7397FF6426D0592A,rex_laserhip_pstl04
739872D538159C9A,cfg/default_systemlink_mp.cfg
7399719BDD7E8CA6,mp/gunsmith/sm_t9season6_variants.csv
739B43E4C5237387,cfg/rew_core_settings.cfg
739EB03F741AE646,hud_icon_fieldupgrade
73A17F4AF289F9C0,equip_c4_rex
73A193B8EFEA1481,ui.inGame.DriverHudArmoredPatrolContainer
73A24D8AE29CB5F8,icon_global_channels
73A34BA4D7E88F38,trial_medal_bronze_sm
73A47AF725BD8EC2,ClientTriggerBlendNode
73A5EA6CFA1557FF,button_large_square_border
73AAB41A6342CCB9,brloot_weapon_m4_unco
73AEC2DDBFE3F305,specialty_trait_rampage
73B77396FDA5DA02,un_office_computer_monitor_01_169
73B859719BBBB6C1,mp/loot/br/mini/lootset_bunkers.csv
73BA8FAFA73F905D,uk_chair_folding_01_closed
73BCB8526B69A93D,equip_decoy
73BE0223F8E46081,mp/loot/br/mmp/lootset_extra_plunder.csv
73BF3E68A39BF5BC,setting_image_particlequality
73C3CC90D13BAAA4,SeExprCurveData
73C3DC211F6C3DD1,mp/loot/br/default/lootset_gulag_items_circle4.csv
73C49CA04762B85D,mp/loot/br/rebirth/lootset_contract_asn.csv
73C776AF728E8544,mp/loot/br/bodycount/lootset_contract_dom.csv
73CADA3E6D6FD98F,icon_global_quit
73CAF7FFEBD0C75F,bc_killstreak_action_autodrone
73CB1B3243AD830E,loot/s4_me_barong_camos_ids.csv
73D1617D6366D0B5,cfg/default_splitscreen_cp.cfg
73D31F44325F12B3,jup_deadzone_tester_cross
73D91301CF77CEDC,ee_fence_lace_01_lm
73D9CBE5CABB7765,event_quickplay_background
73DAFC2C54D3188D,DLogEnum
73DBFF7DEC49B0AE,iw9_ui_options_color_customization_hud_circle
73DC3D7F37E9F99D,XCompositeModelFlags
73DC597D101E1132,ui_rex_icon_wpn_dm_findia
73E1E201F847647E,loot/iw8_sm_t9season6_attachment_ids.csv
73E4B655B124C174,GfxStaticModel
73E6371E17D9447B,keybinds
73EAE664C347AB17,budgets/contentmem_neo_ship.csv
73EB3B0B412C713B,rex_dynamic_climb_pi_hotel45
73EC20919A668F71,loot/s4_me_rindigo_attachment_ids.csv
73ED3C605C03069D,PhysicsVFXEventAssetHitParticleEffectRuleEntry
73EE355ED43BD165,ScriptableLinkData
73EEC20B06762AE7,Metadata_armor
73EFE893DC684130,mp/gunsmith/sn_delta_progression.csv
73F0ABFBF5BC3C85,rex_snscope_vz01
73F576C7DB60D75F,ParticleInstancePoolAction
73F6476D70297D61,computer_pc_tower_01_broken
73FBC03B120B7C4F,super_infiltration_camera
73FBEA08B185D906,GfxSModelSurfMatFlags
73FDDBFEE9B53D80,brloot_weapon_bizon_lege
740269884A62D587,mp_wheelson_reticle_new
74055C0835191A73,rex_mp_killstreak_tablet_boot_up_hanbit
7406E081E712D987,mp/loot/br/ww2/lootset_extra_plunder.csv
7409F06A17228491,rex_bar_sht_xsm1
740A2A57EF795DB2,loot/iw8_me_t9bat_attachment_ids.csv
740AEF6DD83150F0,ui_icon_tracer
740E1F8AAEEC2498,ping_vehicle_driver
740F1791A0E297B9,icon_generic_plus_w_shadow
740F6A6F5C800C8B,DynamicEncounterPlacement
7412BD837FD872D1,weapondef
7413508A69ED9F4A,rex_ammo_545m
74147D846DA1EC97,hud_minimap_reticle_line
7415AED42C28D80C,specialty_trait_commander_rex
74164319BE5B2DF1,ui.LUIRadialProgressBar
741822F3BF9FA723,WaterDynamics_Simulation_DynamicLayers
741A4B05C505DCF6,vision/aftermath_post.vision
741C4BE6FD35A121,omnvars/mp/gametypes/omnvars_gwtdm.csv
741C8444CA37CAEB,ScriptableEventTriggerLinkedScriptablesDef
741C9C6446BE5F6C,loot/s4_pi_duniform_camos_ids.csv
741DC5B0B7AAD478,ping_loot_fieldupgrade_battlerage
7422031B23BBCA36,ui/stringtable/weapon_attachments_underbarrel_animation.csv
74293BB9C23338F9,ui_rex_icon_achievements_lock
742A31B79108FD2F,brloot_weapon_kilo141_epic
742B0FA23B35E62E,techsets_sp_rex_meltdown
742D0ACFA546DE7F,FilmGrain
74329F938B17585B,hud_reticle_left_segment_vz02_base
743733B638FA12DA,ui_menu_cac_perk_lockframe
7438686692FD1F38,mp/loot/br/dmz/lootset_dmz_crate_wood.csv
74393D548513B1DC,SeExprInterpreterDef
743AE8A98236C264,ui.utils.PingUtils
743C55FAC454BA4A,rex_mp_milsim_us_sf
744129185F103800,StreamingItemCost
7442CBD80039DA0A,ui.utils.mp.InstanceLootUtils
74474ED0E2AFBFEB,AttADSOverlay
7449C9CA4627E041,icon_conduct_vigilant
744AD160CE322E69,cfg/buttons_one_hand_left.cfg
744DB22B8938F64A,mp/faction_six_forfeited
745000284D1FCE55,GfxTndStreamTree
74507B8EDD350AB5,objectiveflagset
7453BAE776E4B408,ob/loot/loot_table_zones.csv
745534EE037369F9,deathcam_impulsemotion
7456F223B1F2D0DA,scoreboardgamemodecolumns.csv
745866F9154CDEFD,ui_rex_icon_ks_prog_heli_dual_gun
745A234450F6D866,rex_stock_kilo437
745ADD8B47A290D3,mp/loot/br/plunder/lootset_saba_blackmarket.csv
7467B6186E05EC33,rex_lm_minigun_mp
746949B77C1E680E,hud_reticle_hdr_vz_reset
7469BB33910204E0,equipment/plant_failed
746B6A7DF9B89E3A,ui_cer_menu_battlepass_bc_logo_tag
746BEB74B251C283,hud_reticle_loot_s5gberet
746EA533CC677A18,omnvars/mp/gametypes/omnvars_dd.csv
7470EF95EE192714,currency_parts_icon_large
7472071D0F872C95,Scriptable_TeamFilter
74723F4AD9E084E8,ping_vehicle_tank_friendly
7474D8C51F7193A8,onboarding_dmz_intro_3
7474D9C51F71955B,onboarding_dmz_intro_2
7474DAC51F71970E,onboarding_dmz_intro_1
74769539A8906DE6,ScriptableConditionCombineDef
7478495042FF4F65,fullscreen_blood_right_splash
747920E8C2F80AE8,rex_inflation
747AB9D2F73C8BE4,rex_attachments/rex_bar_hotel45_desc
747AFEF082E94EF1,StNodesBitsPage
747BB1B4144C69F0,ui_rex_icon_op_empty
748302CA7B72988F,vision/scope_juliet_nvg.vision
74833F622FB9BEBA,perk_blastshield_rex_mp
7486B017CBB5142F,sndbankresidentptr
7486B6DFE50383AC,cp/cp_dwn_twn_objectives.csv
7487DD824D0DA97D,overlay_tablet_killstreak_launch_initiated_arrows
74883788C75CDA6B,ui_rex_icon_wpn_prog_br_asierra12
748CEE4AAF01C7A2,r_index64_t
748E43B96578BF1D,tool_screwdriver_01
748E7D3EE3CEC79E,rex_laser_guard_tac_bmike3_sp
74921541CB2BCABE,AttTuningLookup
7493CC7D05B8B993,bc_fieldupgrade_killfirm_taccamera
7493CDD82FAD864D,PackedPosition
74969E464D66E8F9,bot_door_blocker
749BA9B0B3287F44,cover_flank
749CC5B3CE8A5DFB,loot/iw8_me_t9loadout_attachment_ids.csv
74A042205EAA51F4,ItemKeyHandler
74AA1198E296800F,bp_a17_border
74AE6F4B4365A08A,cfg/buttons_bumper_jumper_alt.cfg
74B0E168D8AA2CE3,WeaponMotionAnimBasedRecoilScaleTunable
74B1039844688BD7,equipment_icon_slot_tactical_insert
74B2C25E3A025EB1,ui.utils.GLUtils
74B5CB4384E564FD,ReactiveSlot
74B6AE59737E9284,rex_akimbo_kilo5
74B6B830134F6396,ScriptableEventPFXDef
74B93C5EE96E132D,soundbanklistentry
74B9BFD680A14BCD,equip_claymore_mp
74BCFD9048151AC2,gas_grenade_heavy_mp
74C2D038AE1BBD31,rex_ironsbarhvy_psierra41
74C48D11E8AC5561,rex_stock_hvy_golf28
74C5CCCD381CE4A5,hud_reticle_s45lowrez_h
74C5CDCD381CE658,hud_reticle_s45lowrez_g
74CB3297CACD6E34,mp/loot/br/dmz/lootset_saba_blackmarket.csv
74CC9D970A02912B,thumbstick_legacysouthpaw.cfg
74D2F4768873B1FD,ui_mp_br_loot_card_rarity_edge
74D3EE9C9450367E,kitchen_01_teapot_01
74D3F62CA902E3E5,specialty_bloodlust_rex
74D471867F2E66FB,mp/gunsmith/me_t9loadout_variants.csv
74D6627C5D9D569E,mp/gunsmith/s4_mr_ptango41_progression.csv
74E0249890AC672A,equip_utilitybox
74E0913600E13B8B,ui.utils.mp.DMZSpawns
74E20D4C824DC66D,playlist/quick_play_desc
74E2277075A86DD7,ui_rex_icon_eq_gren_flash
74E3698D0A7A779E,rex_mag_kilo5
74E36C8D0A7A7CB7,rex_mag_kilo2
74E36F6949A18FC7,un_office_copier_machine_01
74E58C446EBCB182,mp/operator/s4_khaled_progression.csv
74E592BCA858DE09,rex_pgrip_ass_akilo
74E9B0C2F354F9E0,iw9_radial_meter_graphic
74F1F3844A7A1AE4,ui_rex_icon_fu_prog_riot_shield
74F5201485F32EE5,specialty_apex_pstlubsh
74F86B78280AB90E,hud_backpack_slot_empty_fieldupgrade
74F97F66B99754FA,tactical_camera_turret_mp
74F9DD32CD1B848D,ping_fieldupgrade_generic_friendly
74FA25E30DCC51DD,hud_icon_weapon_ar_akilo
74FDD580A9D81560,ui_gunscreen_bg_purple
7500873172D174E0,ping_stash
7505EFD836873785,loot/executions_ids.csv
750752A379DE34F3,equip_advanced_supply_drop_rex
7508743687E8FAB9,enemyselector_bot
7508E7B48F3A610C,killstreaks/pac_sentry
7509FE8E2900102F,veh8_mil_air_mindia8_turret
75108A6C7DC8ECB5,ASM_ScriptFunction
751116CCE9EA78D0,mp/loot/br/dmz/saba_b21_early/lootset_supply_drop_boss.csv
75133F72867A164D,perk_frontloaded_rex_mp
75156917461D25F4,loot/battlepass_season13.csv
7515B1877731FB35,rex_laserads_sml01_sp
75163EA48E793A0E,ui_mp_br_splash_mission_obj_assassin
7519F38A708BAF75,mp/loot/br/respect/lootset_contract_asn.csv
751BE6EE7F84BA06,ping_loot_AMMO_generic
751D63C5436B10E5,ClientLoopSoundDef
751E438AB84870AF,omnvars/mp/gametypes/omnvars_assault.csv
7521E6690DDF9262,rex_smoke_grenade_fulton_marker_mp
7521F1B600C217B1,rex_dynamic_underwater_dm
752359329EE6B35F,levels/prison_desc
752425080BF7A38F,cfg/start_up_core_mp.cfg
7524DBB8E87DD5FA,hud_status_revive_or
75290AB600C860DA,rex_dynamic_underwater_br
7529F75FFDC52095,snd_volmod_info_t
752D639C47D367FB,hud_ability_base_circle
75312DBCF78CC03E,hud_backpack_slot_border_dashed
7532FCB600D09D95,rex_dynamic_underwater_ar
75335EA58E8C1300,xmodelsurfs
75357BD8874018E1,omnvars/mp/omnvars_loadouts.csv
7536E6F0CE226ECE,omnvars/mp/gametypes/omnvars_war.csv
7539AD18D56519FB,WeatherMapDef
753D0179E729691A,rex_grip_bipod01
753D11B600D915C9,rex_dynamic_underwater_lm
753D1DB600D92A2D,rex_dynamic_underwater_la
753E8603AC0EA117,mp/loot/br/clash_mgl/lootset_cache_spawns_buildings.csv
75403219AA2E58AA,unlockfeeditemref
754105B600DCEA3C,rex_dynamic_underwater_me
75411D685FD65C22,bc_flavor_player_save
7542B5AF35E2F83D,ui.AspectRatioFadeFrameLayer
75443E4F6411D301,rex_bar_psierra41
7544C094615C4D51,ui_mp_br_minimap_border_circle
75475031BFCDA04C,mp/loot/br/saba/dmz/lootset_weapon_locker.csv
7549721E3205C978,cer_vismode_nosaturation
754C7D006448DF40,ping_stronghold_hostile
754D6CF50E58F446,lightOverlay
754DCE0CA36C44F3,hud_icon_loot_phone
754E912B43EF9B1A,specialty_stocked
755324F260789EDC,ui.utils.mp.TrackedChallengeUtils
7553F951B3DAB701,ww_global_stream_mp
7555F7E5B88D68BA,specialty_hand_to_hand
755948C442F4550A,me_hardware_plywood_bare_a_seg_03_scr
7559E3ECC25EB7D9,GfxIESProfile
755AA119CFD4B467,elevator_call_hint
755FFFA9BD123ECA,ParticleModuleInitAttributesDef
7561D88D607C4FD8,REX_hud_editor_config
7562F0B600F9ACF3,rex_dynamic_underwater_sn
7562F1B600F9AEA6,rex_dynamic_underwater_sm
7562F6B600F9B725,rex_dynamic_underwater_sh
75652340DA746B7C,GfxSHProbeData
7565EDB600FBDDB1,rex_dynamic_underwater_pi
75660693E934FA79,mp/gunsmith/platform_cp15_progression.csv
75669A183FE1606C,hud_reticle_s45pday_h
7566A1183FE16C51,hud_reticle_s45pday_g
7568E9C60B5F9EAD,usvec2_t
756A4C2ECD4ABB46,rex_ar_mike4_sp
756CE5C5B2EEBFB4,mp/gunsmith/pi_cpapa_variants.csv
756CF3A9A45F08D6,perk_taser_rex_mp
757196E28DC2AFC5,spinner_loading_popup
7576E1B8E8C3EA54,hud_status_revive_wh
757ADAC8A380E05D,byte65536
757B072C8FDAFA7F,mp/loot/br/plunder/lootset_cache_medical_box_wall.csv
757B4493DDB8991A,jup_ui_store_protag_glow
757B468BA1D3A8CF,specialty_phosphorous_shots_rex
757BA97BD9BB2AEB,mp/loot/br/saba/dmz/lootset_fridge_b.csv
757C8C3FB37519FD,hud_reticle_rounded_line
757D29E3058C87AF,rex_pgrip_sierrax
757EA05455F41A7E,specialty_trait_plate_speed
75804D6A62DE14F0,loot/iw8_me_akimboblades_camos_ids.csv
7581607524E9ED60,brloot_weapon_pkm_lege
75816165D885C6F8,specialty_grenade_expert
75816844B83FF5C4,objectstoreprojectdefptr
7581CB7CAE58975B,ui_prog_radial_segment
7587A34C17ED7E4F,ping_enemy_mortar
7588CAA1FA59CE1F,equipment_icon_slot_seeker
75908F08B2F6C02C,ww_ingame
75925D9C880FC0CB,TuningParameterModifier
759324001760330A,jup_tablet_hacking_brackets
7593E1914620223C,mp/recipes/br.recipe
7595221826F09553,hud_icon_weapon_me_knife
759CC4565A5F7578,pac_sentry
759CE6EF119A28A0,me_hardware_plywood_bare_a_seg_05_scr
759D31B37F2D4788,mp/loot/br/default/lootset_saba_store.csv
759D4AB74EA31694,MagazineType
759E43D4040AB50B,mp/operator/s4_francis_usa_progression.csv
75A2FC91B89D947D,default_core_mp
75A5760D8431D503,hud_icon_objective_hostage
75A5D20848EC2F99,SeExprVarBlockCreator
75A74FC85E9906FE,GfxNeuralLightGrid
75A7582ECD7E7DC8,rex_ar_mike4_mp
75A7787F036188EA,StreamTreeNode
75A81A114F60411C,tonemap
75AA379954B6B1A4,hud_icon_ammo_heavy
75AAD06938F08C8C,hud_splash_accent_chevrons_single
75AC76D52DDF844B,mp_javelin_button_frame_overdraw
75ACBD04E9B06512,mp/br_perkpacktable.csv
75ADBE8FBE0F867A,loot/iw8_sm_t9spray_camos_ids.csv
75B731630DA97D70,mp/recipes/fr.recipe
75B8C3D3B48D9E11,ping_intel
75BB185A749A564A,rew_operator_list
75BCA2A988C4132F,iw9_la_juliet_mp
75C51BADD9E2F66C,omnvars/mp/gametypes/omnvars_golf.csv
75C71395ED799CA8,scriptablematerialoverridebonetable.csv
75C9B0C3B4D13B51,assetentrydefptr
75CBA1CB764578C6,dedidata
75CCB19FA4501C23,hud_lr_detector_rays
75CDA2DD45FB7127,AdsAltSwitch
75D15226BE55D694,XAnimConstraint
75D342FBDE9E6B57,SndModifierSpeedType
75D5DC7FFF1BB94E,icon_mic_talking
75D71393BF2F55D3,ncs_mdl_level
75D930EC1DF19FB4,XAnimNodeDef_MocapStreaming_Link
75DB85A3E75019F2,ping_inv_have_defib
75DBF896857F6B31,icon_double_battle_xp
75DCD2709B8428E4,mp/cac/patchbackings.csv
75DE80D8ECAF1612,loot/s4_sh_mike97_attachment_ids.csv
75DEFDF1C155DD4C,mp/gunsmith/me_akimboblunt_variants.csv
75DF397E0A6CFCE7,ui_map_icon_drop_loadout_unavailable
75E6C0F8DD61905D,fastfilemoduleflags
75E7391A1D146D0A,perk_apex_drone_rex_mp
75E8280ACB6ADE3E,mp/gunsmith/ar_valpha_progression.csv
75E87071DD763607,sat_usa_pl_gray
75ECBE1E214AB4CA,iw8_gunless
75F1026F5AF3E4E4,ui.TextChatLayer
75F20FA6E887A722,mp/gunsmith/sm_t9spray_variants.csv
75F3CE0EFC1CED8A,loot/camo_ids.csv
75F3E86503513183,mp/supertable.csv
75F45D9DBA69A765,hud_offscreenobjectivepointer
75F908B60723D6B4,BCStringList
75F9AC59455ADA7A,cfg/buttons_one_hand_right.cfg
76038FBC9CEB9C8B,defaultbonetoggleparams
76062B7B32D7B663,mp/bractivities.csv
7606F35F551B9545,emotedefptr
7607F18A18AA84EC,mp/gunsmith/s4_sm_fromeo57_variants.csv
76084B4E16F334EA,ping_inv_need_KILLSTREAK
7608FC605C932754,mp/loot/br/horizontal/lootset_root.csv
760966240E045C41,icon_bullets
7609AB747FCBBA78,loot/loot_validation_drop_whitelist_ids.csv
760B29934DDB1716,tournament_challenges.csv
760B6E729BF85FB6,brloot_weapon_citori_unco
7613191290AAF53B,mp/gunsmith/s4_sh_becho_progression.csv
7615076F80FDE88D,equipment_icon_slot_foam
7619CAB9C4EA66C9,rex_gripside_vert_tango73
761BD00EA05F8C32,defaultattachment
761E95465575E15D,default_systemlink_cp.cfg
762090F3DE2CE985,veh_rex_lnd_acv_sp
762D96C9C6BDF785,ScriptableDObjTargetType
762F9C6A28A0DCE1,specialty_mercenary
7630F04240CB818D,hdr_alert
76317F8C9DF54ADB,ParticleUseScaleOptions
7632E79E377942CF,mp/br_playlist_events.csv
763476FB263BC0A9,cover_sniper
76368C16BBBE8F39,ParticleRotation3DRateRelativeToVelocity
76369C9D5CF72089,specialty_covert_ops_rex
763765AF62BCC25F,mp/loot/core/gwai/lootset_agent_backpack.csv
763798686C0306BA,ui_loot_gesture_watch_interact
763A1189D0F2D0AA,attachment_filled_default_fill
763BC58009C5CBDC,specialty_graverobber_rex
763C9672A138DA06,ui_bp_blackcell_teaser_marker_details
764135F215DC3268,ping_contract_confirm_geigersearch
76428CE87DB65BD4,weapType_t
76450A2D8A2FBD3B,ui_rex_icon_wpn_showcase_lm_sierrax
7645BD0EF29B55D6,mp/loot/br/gold_war/lootset_global.csv
7645E53E00DF4A75,mp/operator/s4_gabriel_progression.csv
76496A2BF0414962,mp/taunttable.csv
764A6256BA746904,perk_restock_rex_mp
764ABECF953AFF8F,hud_icon_objective_elite_beryllium
764DEC6D59F02908,ui_rex_icon_wpn_prog_ar_akilo
764F03238D636926,ParticleModuleVectorFieldGraphDef
76507384238D9C15,ui.utils.FenceChurnReward
76508A88F6673269,hud_reticle_center_ar_02
7650D12559AD302A,ScriptableEventSunDef
7653ADD26F947E45,icon_equipment_slot_c4
7653EA38516F2404,AttMiscTunable
765541178D30DAD9,auto_asc_scenescriptbundle_sat_winners_circle_scene_duo_anims
7656C2CE51EE6FE8,weaponsndreflectionsdef
765876509FEE3598,ui_gesture_west_side
7659D3AE70801292,icon_waypoint_circle_backing
765C657091869C23,ui.utils.CombatRecordUtils
76633E20A7170854,misc_computer_mouse_black_01
7664509E0E2B337B,accountoptions.csv
766791D402E991E7,loot/iw8_sn_t9powersemi_attachment_ids.csv
76682B0820080204,ui.inGame.DriverHudCargoTruckContainer
766A817D807934C3,rex_minireddot03_akilo
766B6CA466E8E949,ui.TalkersLayer
766D435AA8998A75,mp/loot/br/mp_sm_island_1/rebirth/lootset_superstore.csv
766FF2AFCE26E774,mp_javelin_missile_ready_prompt_light
7671015F2358D5A1,specialty_adaptive
76734DB708876BD7,fxmarkimpacttype
7675D08906CD8DB6,defaultcalloutmarkerpingwheel
767692F12A6D6622,rex_ammo_50b_ap
76770515E1E89B6C,claymore_radial_mp
76771898940D988B,mp/loot/br/gold_war/lootset_fasttravel.csv
76772D651BF525EB,saw_ui_icon_tactical_sensor_dart
76772F1AEF7A7B64,rex_rec_findia_rex_wz
7677744275F3E649,hud_icon_weapon_lm_dblmg
767B73BB73BCE720,deatheffectdef
767BE5CE7A0C2217,ui_dmz_upgrades_stage_button_mask
767F0269979D942C,cfg/playtest_mp_qa.cfg
7680A2F12A75D5D7,rex_ammo_50b_fr
7680E392B3464901,specialty_trait_higher_value_resources
7680F30DAC68DEFC,mp/loot/br/dmz/biobunker/lootset_biobunker_dataCenter.csv
7686C9C0FE35E780,ui_bp_atlas_black_cell_shimmer
76878CFA4D74241D,GfxGradingClut
7689654F484D4FE3,tablet_tac_camera_connected_shape
7689F490DC084E28,iw9_fe_op_select_sl_west_confirm_idle_01
768ABCC07047B640,rex_ae_autogen_br_daily_challenges.csv
768D2E4FD3B77567,loot/s4_mr_aromeo99_attachment_ids.csv
768E09611EE07DEB,furniture_plastic_chair_01_white
768E1F23A54DCBE2,AnimDamageType
768E3F1E861EB053,color_customization
7691A4F12A844C70,rex_ammo_50b_in
7691C2ED0DAAF3AE,options/privacy_policy
76930CFECDBD5772,hud_icon_infinity
76941CA995C5BF27,icon_section_accountnetwork
769488F12A8652B3,rex_ammo_50b_hp
76948EF12A865CE5,rex_ammo_50b_hv
76977BC6E192CA01,loot/loot_restrictions.csv
76988EF12A8A45BC,rex_ammo_50b_op
76995B93FC64AB72,perk_trait_objective_oriented_rex_mp
769BB45CD5030BD1,ui.widgets.buttonlayoutlogic
769C0A7E9FFC20C5,decor_rope_thick_draped_01
76A2A4C7B03CC725,food_trash_cup_soda_lrg_01a
76A63271513506D9,spinner_loading_button
76A7652A7750F7EC,frontendscenedata/guntablesecondpositiondata.csv
76A79A6657E96A88,mp/loot/br/default/lootset_cache_hidden_container.csv
76A873B2B7453358,mp/progression/africanz_progressionitems.csv
76B05EF6E6482504,juggernaut_cp
76B065D264CAEFE7,clantag_iw_rex
76B214545E50DE4D,defaultweathertile
76B648C98FF1B044,skirmishbt
76B7DEA52F32CDD5,button_mask_rounded
76B91B150D04E608,jup_icon_xp_token_player_45min
76BD5E4623043C55,hud_vds_wz_in
76BE261C93BECD6A,loot/iw8_ar_t9slowhandling_attachment_ids.csv
76BEA97FB4D38FED,rex_stock_tac_findia
76BEB64F39CF7652,weatherlayermaskcharacter
76BEDA86727BB5D3,ComEntInstUUIDMap
76BF9C59790AD033,ping_fulton
76C0E1DF2A5E74D5,ui_rex_menu_mode_select_background_beta
76C11490A543CDB1,ping_contract_initial_cargo
76C437A296FCB758,com_junktire
76C55000B06D0AF7,specialty_underkill_rex
76C816F7F0141C22,dynamic_null_offhand
76C84DF6E65C9A02,juggernaut_lw
76C88120DD50DBB6,hud_reticle_loot_deadops
76CD6383F1967DBA,mp/recipes/mlg_koth_pl.recipe
76CE6F8F1A5B1E10,icon_loadout_gunsmith
76D3C7D93117585E,store_bundle_entry_state_playback_play
76D5522F93F60ADF,mp/gunsmith/sm_t9handling_progression.csv
76D5FAA910ECF474,mp/s4_ranktable.csv
76D71A60740A480E,defaultoperatorskin
76D9DCB74E6F8830,mp/loot/br/respect/loot_table_zones.csv
76DCAFC3FFE8C177,ncs_cmp_ingame
76DEA43500259A70,rex_weapon/rex_dm_findia
76DEB65F94C6D3B8,rex_dynamic_null_rpapa8
76DF79D42C939E38,mp/activisionclantags.csv
76E2361583DEB72B,ScriptableConditionPartStateDef
76E2F82B107E6357,frontend_footer_vignette
76E6A9A8E14584D1,veh_van_mp
76E88FCCF3299EDF,ping_loot_equipment_semtex
76E9DA1B61091244,loot/s4_mr_svictor40_attachment_ids.csv
76E9DE3B116909EE,loot/iw8_ar_mcharlie_attachment_ids.csv
76EDA9A8A7A4C84E,hud_reticle_sn_adjust01_vz_reset_small
76EEB287F2DA33C4,mp/gunsmith/me_t9loadout_progression.csv
76F116CBC3B03383,ping_buystation
76F35B6B08FD0FAF,mp/loot/br/resurgence_mgl/lootset_cache_spawns_buildings.csv
76F465AF4F2BB035,ui_mp_br_squad_widget_backer_overlay_danger
76FA57C3B7E208BA,mp/gunsmith/platform_jp17_progression.csv
76FB97B97CC9E45A,LocomotionAnimType
76FE56E972553F58,mp/loot/br/gold_war/lootset_named_location.csv
76FE710070C506BC,ui_loot_gesture_thank_you
76FFE7EBDA39717F,icon_net_shader_warning_big
770265911E200F6D,specialty_covert_ops
7704B6333F64477B,defaultsndmusicset
7705E861613C984D,Scriptable_ReactiveSlot
770C75154C5AA5F5,jup_hud_reticle_notch
770C8FB88D1DF56F,ping_vehicle_rover_hostile
770CD323699D72F7,loot/battlepass_season5.csv
77105E4DE4C02E8A,arcade
771240683CEE886E,bc_vehicle_killfirm_apc
7712B02B412F5314,movingplatformdefptr
77147EA3B6969705,mp/loot/br/default/lootset_saba_bank.csv
771640DFAA2178FB,sat_grappling_hook_wz
771CD581C1A5A2F9,rex_pgrip_kilo5
771CD681C1A5A4AC,rex_pgrip_kilo2
771D80845A11B3E3,mp/gunsmith/sm_secho_progression.csv
772025683CFA97E9,bc_vehicle_killfirm_atv
7720F20D3AE39FD0,rex_trig_hvy_hotel45
77212D731D63A6C9,mp/gunsmith/sm_smgolf45_variants.csv
77259BC3DED69DD6,mp_javelin_night_prompt_light
77292F0C80609C97,ping_vehicle_danger_atv
772B47AB9B3033DF,ping_location_quiet
772DBAB4FDB02038,rex_bar_sht_golf28
772EE38431927D58,vision/cp_raid1_maze.vision
77300C834397C10C,ping_loot_weapon_assaultrifle
7737120C806CA8AC,ping_vehicle_danger_apc
773B3E63FC9DFD48,bc_equipment_incoming_thermobaric
773CEF99F3910EE1,hud_icon_equipment_backpack
773D50809AD4FA33,tag_ik_target_left
773DAD65CD2D73E6,XAnimsetAliasDef
773F0B3441798EC2,ping_objective_defuse_package
773FDA82B81A6EA7,VehicleTurretDef
77436AF833D38C8D,SV_DirectConnect
77461A0D7D40AD8E,rex_mag_spier9
77463053515CB060,hud_reticle_udot_h
774682848E069B55,radial_select_line
7749F93FF5BCEA00,ui.utils.clientcharacterutils
774B8E713EDFCD4D,ui_icon_options_lock
774CDBD3C1550D66,ui_bp_token_widget
774F198F99B14AAF,ui.utils.TrialsUtils
77567D70A9AA5C22,currency_cod_points_icon
77576C011E1B89FA,GfxStaticDecalVolumePacked
7757B1AE3FEA06FD,kitchen_01_pan_food_01
775D5F8D5F4AE5F1,byte128
775E3A3077F10B9D,rex_irons_bar_lng_bmike3
7762EF0C239427DD,ui_map_icon_drop_loadout_locked
7764B5B646CB306E,loot/s4_ar_voscar_camos_ids.csv
7764FAD7AAF9A566,ping_cargo_heli
77677983F926C5D2,TOURNAMENT/MATCH_NUM_COMPLETED
77684B38EFCA381E,mldeformerbinding
776B23144E3C4A16,dot_grid_small
776BC6DD08038383,rex_bar_hvy_bmike3
7771E71FC4B4EC48,techsets_sp_rex_meltdown_entities
77734D1876F07B2A,icon_tune_fill
7775D4B3BFEAB7B7,ping_contract_trap_alarm
777923BD84F1E4AE,aishootstyleslistdefptr
777932AD3E60DB65,TacticalGraphData
777BF418065C2602,loot/s4_ar_balpha_attachment_ids.csv
778396CE1CF7FA0B,ScriptableEventMakeEntitySentientDef
7784BC4BFA32C7A3,VehicleNavigationDef
7785988DBC512742,rex_barbull_svictor98
77872C6E952A38F8,ui_rex_icon_eq_prog_mine_trip
778A42AD16D9A384,mp/classtable_brshsn_prematch.csv
778A60EEBEF954F3,legalflow/doc/en_us/legal_summary-uno.cod_v1
778A93D4780A47CB,XAnimDynamicBones
778B17177B5D1640,crmsupportedimagestable.csv
778D81CB6A1191CC,rex_attachments/rex_laserhip_pstl04_kilo5
779196D90C2AD0AC,mp/loot/br/default/lootset_cache_spawns.csv
779379FB1691BBFF,tertiary_regular_rex
77940CC1868DC71F,special_killed
7797EB659045E357,ui_icon_ranked_play_logo_base_solid_wide
779B2CA5845DC3FE,loot/s4_me_swordtitan_camos_ids.csv
779CE40A9EDECF20,rex_pgrip_aim_findia
779DFE42A63BE43A,tournament_trophy_third_place
779FEB5A73EDF41E,specialty_munitions_2
77A1D4CEEEABDEB9,me_light_ceiling_fluorescent_tube
77AA93DA78627F66,rex_dynamic_climb_pi_kilo5
77AB84025021CDBA,icon_minimap_dogtag
77ABDC258AD5BA56,omnvars/mp/gametypes/br/omnvars_vov.csv
77AC25139FEA7BEA,ping_killstreak_drone_swarm_hostile
77ADAE3E64791BB2,mp/brmission_champion_task.csv
77B0204F8399F904,mp/loot/br/mp_sm_island_1/rebirth/lootset_contract_dom.csv
77B29A5E4CF856EF,rex_bar_lng_tango73
77B4FA2C2D684C53,hud_icon_enemy_hvt
77B59E2A8D9BD007,mp/loot/br/ww2/lootset_contract_scav3.csv
77B9F9914AF1A180,construction_hardhat_lowres_01_blue
77BAB7275348E683,FxFloatRange
77BB666DF7C0CDDC,rex_rec_svictor98_hotload
77BBC3CECCE78FDA,tertiary_bold_rex
77BC517E05EFC390,hud_reticle_loot_s3pink_1_g
77BC607E05EFDD0D,hud_reticle_loot_s3pink_1_h
77BF303C94DAB153,GunKickCounterSettings
77C03531808F8D21,ui_icon_xp_token_battlepass_30min
77CA0A9AED10FC03,swm_blend_curve_settle
77CC2ACCC87D25B1,nameplate_settings_mp_default_iw9
77CE737E4BD910AB,bounds
77CEA329DC95AA28,super_ammo_drop_rex
77CF3D2D79DA02BD,omnvars/mp/gametypes/br/omnvars_x2.csv
77CF7ECD582D84FE,ui.utils.cp.CPUtils
77CF9FEDED1AD1B8,ping_loot_confirm_generic
77D2C51D65537611,loot/iw8_ar_t9standard_attachment_ids.csv
77D4642802193433,ae/ae_battlepass_blackcell_sentinels.csv
77DAC593AF4C508F,mgl_ui_general_circle
77DCD53C7B3A493A,specialty_quick_fix
77E10F9024CA4A64,weaponarchetypedef
77E24233025D2DE3,veh_rex_lnd_hatchback1985_sp
77E2B74E3D675198,rankedloadouts
77E54F00E90F35B8,mp/gunsmith/sm_papa90_progression.csv
77E9BAE766D07C3C,ui_bp_aar_button_arrows
77EF39BBFCC4052E,ui.codcaster.CoDCasterConditions
77EF4FFF949DF5EF,iw9_ui_widg_gradient_bottom_to_top_grey_opaque
77EFF15739EB8D15,loot/s4_sm_fromeo57_camos_ids.csv
77F04E80BB2E1914,ui.inGame.HUD
77F0DCAAE8415A3E,ui_icon_rarity_whimsical
77F7EA8E3226C82F,ui_icon_xp_player_active_sm
77FA4FA0070B95D1,super_deployable_kiosk
77FBCF54E3C8E3F6,ping_door_locked
77FBE52E3FE1205E,hud_static
77FD2E189CD07104,rex_possession_gun_game
77FD34EF3BB8EEBF,jup_field_rep_challenges.csv
77FDC4A3948B054C,rex_me_teammate_revive_shot_mp
77FE999EC8B63949,hud_reticle_thermal_04
77FE9A9EC8B63AFC,hud_reticle_thermal_03
77FE9B9EC8B63CAF,hud_reticle_thermal_02
77FE9C9EC8B63E62,hud_reticle_thermal_01
77FEBCEB490DB94D,rex_spotterscope_offhand_therm
77FF3BABEB4236F0,hud_reticle_left_segment_vz01_a
77FF3EABEB423C09,hud_reticle_left_segment_vz01_b
7800CB41D5F33BE5,hwconfiggroupreference
7801ADD907C8DD83,mp/parachutetable.csv
780FC287C5B3234A,overlay_gunship_minicompass_ring
7811137A05C4E509,GfxLightmapTransformPacked
781235BAE7109DE7,cfg/buttons_charlie_alt.cfg
7815692333C1C172,rex_xmag_spier9
7817AC05051DB385,budgets/contentmem_durango_test.csv
781C0D6F994A8CBD,mp/brmission_champion_task_mixed_squad_difficulty.csv
781CFB44FB8F8976,ui/stringtable/weapon_attachments_barrel_animation.csv
781E306B5B07499D,rex_me_fists_sp_meltdown
781EEFC02AF8A2CA,cameradefptr
781FA878F030F64D,buttons_one_hand_gun_alt.cfg
78200ED241DCC6C9,hud_reticle_med09mp_g
782017D241DCD614,hud_reticle_med09mp_h
78215D047013C301,perk_trait_impact_smokes_rex_mp
78236C4D375E3C39,ui.LUITimer
78255C2A35750EAD,icon_loadout_gunsmith_attachment_skins_large
782610335559431B,mp/recipes/mlg_dom.recipe
7826807CA7BDF269,animselectortables/soldier_traverse_warp_over.csv
7829C60223650982,ping_inv_need_lethal
782B86E4949A0E8F,ui_rex_icon_eq_gren_hijack
782DD8EDA98B7F7C,cfg/thumbstick_legacysouthpaw_ns.cfg
782F56A090F655D9,mp/gunsmith/s4_mg_tyankee11_variants.csv
783116E2E5542D07,NameplateSpyRevealSettings
7831F53891BEBE4A,vision/disguise_mp.vision
783B0AC69B95BBF9,ui.FlowManager
783BE4613E9B2C6A,equip_snapshot_marker_mp
783DAA4126B8AF99,hand_cannon_rex
783E2B2BED9C4D6A,AI_Sight_MultiSection_RecognitionTime
783F8B26E7CB8ADC,uk_desk_office_01_drawer_b
783F8C26E7CB8C8F,uk_desk_office_01_drawer_c
783F8E26E7CB8FF5,uk_desk_office_01_drawer_a
78408F82F47318A5,mp/gunsmith/s4_ar_bromeopg_progression.csv
784106D6C73AC613,loot/iw8_sh_aalpha12_camos_ids.csv
7845D1FDC07DC7BF,ui.LUIWebView
78468DFFEF7E89BC,FxGlassModelPieceFace
78476CE37B0F5FBC,i/sticker_1_blank
784B133D5A8A5025,weapontunablesdef
784D02EDE5FD1E6E,omnvars/mp/gametypes/omnvars_conflict.csv
784DC6958F4A7450,overlay_recon_drone_compass_lines
784E1FC1090D42B7,super_sonar_pulse
784E627A11CBE009,mp_javelin_cluicon_prompt_light
784E75A58847FBDD,nodeType_t
784EFEEA73973DF5,GfxPbgBloomGpuParams
784F1EF29244CB77,loot/s4_pi_ttango33_camos_ids.csv
784FB5A2EB7F391A,ui.inGame.DriverHudVanContainer
7850C3F66A6997F3,quickscope
785714DA99985324,buttons_bumper_jumper_tac_alt.cfg
785BD160BF12A2CE,specialty_cricket
785E8237F741FF41,mp/dismemberment_remap_config.csv
785F3A3B433106E5,rex_hardcore_inflation
78632AA741F246EF,ui.utils.LeaderboardUtils
7865FC4944E1F345,TacVisGraphRowChunk
78663C7BC3289615,weatherdefptr
7868727FF22DC0EC,defaultimpulsemotion
7868CFE4A25B47C5,mp/loot/br/dmz/biolab/lootset_biolab_bathroom.csv
786B7991E0A5C2DA,ee_sign_street_one_way_02_lm
786CFF2E4538B0B4,mp/loot/br/titandoubledown/lootset_contract_dom.csv
786E535979199DF5,defaultattachmentBlueprint
786ED9041D817922,icon_challenge_camo
786EFE050CF27581,mp/gametypes/vip.txt
78702E13B64A8A1E,ui_widg_edit_box_border
7872816EA9E8B03C,brloot_offhand_claymore
7872B0151F5B073D,rex_stock_akilo
7873D02E0AF58243,mp/recipes/ball.recipe
787539474A77B6D3,loot/s4_sm_aromeo43_camos_ids.csv
78769C9A69836FA2,ui_default_linear_reveal_map_step
7877C9C2A7AE4BB5,loot/gs_save_slots.csv
787911F1BF6F5DF3,rex_air_helidualgun_crash_mp
787944855DE6C4B7,comworldasset
787E9CD7702C8FF8,ui_screen_effects
78871460A099BDA1,mp/progression/s4_seasonal_progression_blueprint_rewards.csv
78883813A41C6329,ping_inv_drop_player_dogtag
788899E3F8B12BEA,rex_bar_golf28
788ADB81A757A572,mp/perktable.csv
788C1BA26C24E9D0,CameraDef
788DE0ECF5009872,icon_edit_player_calling_card
7891FA234F6C8E9E,mp/camotable.csv
789467F790FCB6C9,ui_battlepass_bg_s1_blackcell
789556CD9AFBD32E,rex_stock_xsm1
789658B06E02F059,mp/loot/br/dmz/lootset_supply_drop_samsite.csv
789792B8441C0ED2,rex_ks_remote_device_mp
789C5F2F664F2833,ingame_pause_gradient
78A00ED5FE0B5620,zivartpointtovertidxarray
78A2391020276F8B,ret_cer_varizoom01_def_center
78A2D51DD3CCC942,mp/loot/br/respect/lootset_root.csv
78A333176EFE7E51,Unsignedshort
78A33F3AE756686A,ParticleGroupID
78A5F2AFE8E9131B,mp/rumble_info_table.csv
78AAD7942ABFF28A,dev_proto_mount.cfg
78B62A51F9BC7F2B,vision/flir_0_black_to_white_heavy_damage.vision
78C0806E658A0ECB,mp/operator/s4_lewis_usa_progression.csv
78C22C661C4C3ED2,hud_reticle_heptagram
78C3D53EAAABB15C,spatialpartition_transientpopulationptr
78C3EFD891841813,ncs_img_level
78C44E5AED3565F5,MaterialTextureDef
78C8EE14A8D5810B,ui_mp_br_icon_squad_feed_interrogation
78CA10B17305E6A8,bomb_site_mp
78CB2B22683C15B1,mp/loot/br/bodycount/lootset_contract_scav2.csv
78CC231B9DC9AF78,AttADSTransitionTimes
78D0D56D58E787A7,battlepass_arrow_atlas
78D0EDAB436ACBD9,equip_molotov_pool_mp_p
78D441BFDCA40634,loot/iw8_sh_romeo870_attachment_ids.csv
78D47D29007ABBF5,ui_default_cloud_noise
78D4B16B0D0D6CBC,equip_recondrone
78D52CA5CC282C45,BSEQFilter_NearestTo
78D5A13B1930ED7A,ui.utils.WorldMapUtils
78D5BD0C00272A33,loot/s4_me_champagne_attachment_ids.csv
78D5CEF33686D43B,hud_vignette_mask
78D8460448A7D7C7,sndglobalnametableptr
78DA366D9D53A736,veh_rex_lnd_ifv_tow_meltdown_sp
78DA5AB6504DB710,rex_attachments/rex_ironsbarhvy_psierra41_desc
78DC3C435958B366,hud_reticle_square
78DE09F8DC4FD0D2,kitchen_01_pan_01
78E4B73A99FE731A,cos_iw9_156
78E55CF5C2E705AB,mp/buyStation/buyStationDefs.csv
78E7BE0760410368,AttKickResetParams
78E83E6361BFB32F,loot/iw8_sn_t9standard_attachment_ids.csv
78E844304C1ED5B5,BehaviorTreeDecoratorSuspendFunc
78E8558EAAF21B42,pingtype
78E88D3F919F47EC,weaponcutout_normal
78EADE1D3A759D90,menu_activearmory_promo_backing
78ED552B2ECAEB07,hud_reticle_s6milk
78EDD7C91258512E,hud_reticle_s6skateboard
78F560AE255768C7,ScenarioEntitlementType
78F6F6EABA9270B8,mp/gunsmith/sm_t9accurate_progression.csv
78F8EF3C60253A12,briefcase_silent_mp
78FC8D62179F2336,XAnimNodeDef_FabrikNode
78FFEBBD53885AD6,menuData_t
7902B0DA9FCE53AE,brloot_weapon_p320_rare
7903EBD89AE8C5BB,bc_flavor_player_headshotlong
7905D486D8829DC8,loot/iw8_la_t9freefire_camos_ids.csv
79063552A9ED2E3E,hud_fofbox_hostile_vehicle
7908AB36706F19B7,StreamAddressRange
790A72B0C6B36D52,mp/cinematic_camera/final_kc_attacker1.txt
790EF282BF62D60D,equip_throwing_knife_rex
790F8DF74B4E0F0E,mp/gunsmith/s4_ar_chotel41_progression.csv
79125276DC870651,ping_safe_confirm
791499C0E1F35021,ee_sign_street_lanes_02_lm
7914B586A69182F7,ping_killstreak_uav_hostile
791A077AC2217195,mp/loot/br/ww2/lootset_cache_tutorial.csv
791D9ABDAC6D6703,rex_bar_lng_xsm1
791E0BE3646D6426,SndModifierSetChannelModifierInfo
79219F51C22A8E09,ui.inGame.DriverHudSedanHatchbackContainer
7926986409E5B064,food_trash_cup_soda_lrg_01a_stack2
792BBE627974A3F3,hud_reticle_hip_dot_SHADOW
7939279723B77AE8,ui_gradient_left_to_right
793AF59E59CC8083,ui_loot_gesture_sniper
793CA15447EFBD7E,rex_flash_hotel45
793D2F757296AC8E,rex_leagueplay_hijack
793D93966253ED9D,p7_chemistry_kit_test_tube_rack
793D949005672CC8,ui_screen_post
793EAE6994070B64,rex_bar_hvy_akilo
794495518A387309,CONSTchar
7945082864FFDD53,mp/recipes/control.recipe
7948CEC3FC9D694F,cp/cp_intel_aar.csv
79492F2754FF490B,mp/recipes/infect.recipe
7949F0B8233270CE,bc_equipment_action_tracker
794AC5F7CB075EA3,SndBankResident
794C376B02DE931A,equipment_icon_slot_splitgren
794EA264AAB9A4EF,mp/loot/br/titandoubledown/loot_table_zones.csv
794F39C3F255EEC6,jup_ui_2px_corner_flat_bottom_1px_outline
794F86C658F13DDC,hud_splash_bp_arrow
794FDBEDAE2691BB,bulletpenetrationptr
79500F2C2E8BBA37,hud_reticle_loot_s3swolf
79503BC004045ED5,sndtimescaledefptr
79568D8E57EB9673,AiActionSpline
7956FF79ED57A048,rex_mag_mike4
795D5ABA37F682E9,shock_stick_underwater
795DA193CC5FCFF1,mp/gametypes/dm.txt
795DEE0032E1D1E4,spatialpartition_tree3dptr
79602BCF7BDD2284,ping_killstreak_airdrop_generic_hostile
79609F022F83F50D,icon_waypoint_groundwar_info_mask
7960CDDBB030B8D4,ui_icon_menu_lock
796344AE5FDA1BB7,luadataflags
79642C27000181CE,VehicleViewBasedControlDef
7967144D4C98CBDB,overlay_gunship_damagecrack_1
7967154D4C98CD8E,overlay_gunship_damagecrack_2
7967164D4C98CF41,overlay_gunship_damagecrack_3
7967174D4C98D0F4,overlay_gunship_damagecrack_4
7967AB082E5109C3,jup_ui_br_biometric_scanner_keycard_polyatomic
796C82E7F7700FD6,G_GlassPiece
796DA4AA94BA3881,vision/mp_frontend_iw9_bundle_bright_a.vision
79708D7A8D44FBDC,vision/mp_frontend_iw9_bundle_cool_c.vision
797182FFA1F81A6B,hud_minimap_line_dash
7975B98C3ECE76C2,bytevec
7976083829B60F7C,veh_rex_lnd_hatchback1986_sp
797B5E632D2ED21D,mp/classtable_br_rebirth_circle3_dbd.csv
797ED7304A738B30,rex_ar_xar1_mp
797EEF1B0B1B1E7D,ping_loot_fieldupgrade_trophy
79859157B6759713,icon_loadout_build_rusher_phantom
798BDC96262D93DB,VehiclePhysicsAnimProfile
79917B7F875290A2,loot/iw8_lm_mkilo3_attachment_ids.csv
7998719A3CA68D66,icon_contested_chevron_sm
79996AA86F2C9F65,MaterialSFXTableDef
799A1C6AA5C7B1A9,jup_tablet_hacking_no_signal
799A9A5ADA5B6D52,ui_bp_auto_spend_arrow
799B9AC028F4F917,StringTableColumn
799F6FCC5A692A02,diehard_disable.cfg
799F968441E05581,mp/gunsmith/platform_jp34_progression.csv
79A19415AB1EB2C8,ParticleModuleColorGraphDef
79A2D4FBD447E0F9,ui_map_icon_obj_most_wanted
79A3D3206C61BE50,veh8_mil_air_mindia8
79A4F0ACEFD1FF01,setting_image_hitmarkers
79A589116733AFF7,brloot_weapon_generic_dm
79A59FAEB35B7AB7,mp/progression/progressionitems.csv
79A825A356A59130,UmbraGate
79A8754E1FE1B31C,mp/loot/br/rumble/lootset_cache_spawns_bunker.csv
79ABFE43ABB12A4E,rex_dynamic_null_offhand
79AECAB5ED4F443E,omnvars/mp/gametypes/omnvars_grind.csv
79B3E703780FD093,rex_dmscope_rf01
79B3EB2E000B9CF4,sndtritonreverbmode
79B6A811674257D7,brloot_weapon_generic_ar
79BB1EF4EE728C94,ObjectiveFlags
79BC10E08DA8D582,ui.utils.BlendModes
79BC6ACACAFB04B4,cac_equip_fill
79BCF56903D1877D,icon_vehicle_fuel
79BE94DD3633C208,ping_loot_equipment_butterfly_mine
79C014E2FEF107B5,ui.utils.GameType
79C036CDBEFDE606,balanced_rex_sn_svictor98
79C0A911674AAE0F,brloot_weapon_generic_lm
79C0AD11674AB4DB,brloot_weapon_generic_la
79C0C9B94E06D4DA,button_gradient_active_top
79C1BD76D884E92D,OperatorListDef
79C3FF0634983610,ui_rew_icon_tac_stim
79C49511674E74EA,brloot_weapon_generic_me
79C67D2E7641CE43,loot/s4_mr_gecho43_camos_ids.csv
79C6902594AD461D,rex_hardcore_gunfight
79C95F36EDD85771,ui_rex_icon_fu_mine_decoy
79C96CB21C5B9864,GfxStaticModelStoVisGroupingExpansion
79CE488A159EB425,clantag_tfb_rex
79D1E20634A44225,ui_rew_icon_tac_stun
79D3E16B137C9D50,ScriptableStateDefUnion
79D4CF0720501056,loot/s4_ar_chotel41_camos_ids.csv
79D4F851D1CA6916,icon_double_buff_xp_token
79D7670AA0C7A2D0,hud_reticle_heptagram_g
79D7760AA0C7BC4D,hud_reticle_heptagram_h
79D8AC11675F4509,brloot_weapon_generic_kn
79D9D6468EB3012A,EcsAssetTestReplicationNestComponent
79D9EA58846FF324,mp/loot/br/horizontal/lootset_cache_lege.csv
79DC4210893CCBD5,cfg/buttons_br_ping_lb_tactical_alt.cfg
79DC7ED1E2A35587,rex_loadouts_1_assault
79DE3A6F752689AD,rex_ironsdefault_rpapa8
79DED278887F8564,perk_trait_ops_cash_rex_mp
79DF9A1CB399A03E,specialty_cricket_rex
79E4EB304ACA605E,rex_ar_xar1_sp
79E61820975D6173,ping_equipment_decoy_hostile
79E872C8B6A0E34C,loot/s4_la_palpha_camos_ids.csv
79E9AD10ED5BACFF,script_memory.json
79E9AD11676DB9EF,brloot_weapon_generic_pi
79EDB587FA262A1D,loot/s4_ar_kgolf40_attachment_ids.csv
79EDC919DB4B8E04,tablet_mgb_numpad_marker
79EF6B96E104F08D,computer_screen_icon_dots
79EFD9D99E38592B,rex_lm_tango73_mp
79F00C1BA28A6264,materialfloattabledef
79F0AC5C8AE610AF,challenges_challenge_complete_check
79F30ADE81881B19,perk_glint_smart_rex_mp
79F3A911677607A8,brloot_weapon_generic_sm
79F3AC1167760CC1,brloot_weapon_generic_sn
79F3AE1167761027,brloot_weapon_generic_sh
79F42C3FEDA62B37,jup_icon_xp_tokens
79F444E455FDD4F1,ping_radio_confirm
79F49E7863B8334C,ping_buystation_confirm
79F879481629B807,sndaliaslistvoicelist
79FD435F44713299,mp/loot/br/default/lootset_cache_base.csv
7A0129E626690F33,ping_objective_spotted_device
7A01BB04EE88C4CE,xhashscr
7A02DC489ADF33C7,mp/gunsmith/sh_oscar12_progression.csv
7A0513233B5A975E,loot/iw8_lm_mkilo3_camos_ids.csv
7A072DA623777FF8,ui.utils.mp.FenceZM
7A0C17AE460C6960,cfg/br_tutorial.cfg
7A0F80E89F821D2E,loot/s4_la_palpha42_attachment_ids.csv
7A1075FDA748891A,mp/recipes/ballmode.recipe
7A18AFA2F2AB0217,rex_crossfire_turret_mp
7A193FDA463A6CDC,loot/s4_sm_owhiskey_camos_ids.csv
7A1B6FE71EF184CA,fxworldtransientzoneptr
7A1C1D906188268C,rex_pgrip_pmike63
7A1E2C3AA67FD1DF,rex_dynamic_underwater_spotterscope
7A1E47C31C37FAB0,perk_regen_delay_on_objective_rex_mp
7A25DEA49E056357,rex_trig_lgt_kilo5
7A2630A6239235A0,ui.utils.mp.FenceMP
7A27EEA0E8A38FBD,ncs_lui_ingame_sp
7A290120286ADDA3,VectorFieldType
7A29D841715F1332,rex_ironsdefault_golf28_apex
7A2A054E1133DD9D,mp/loot/br/bodycount/lootset_bunkers.csv
7A2BB0B96A9148C1,ui_gesture_doubletime
7A2BB92A7CAAD669,rex_bar_lng_decho
7A2C4AA62396CD7C,ui.utils.mp.FenceOB
7A2FFF8CDEC482C3,ui.std.WeakCache
7A31B47535165812,sndglobalbulletcrackptr
7A35D5C36698497D,challenges_preview_header
7A36307F9C39318D,SeExprCCurveData
7A3A51CE961787DC,rex_campaign
7A3E8DD2111BD843,ParticleModuleDef
7A3EF2CE0D22E040,ReactiveChromeLayer
7A3FCC33818C7EED,rex_stock_mpapa7
7A41ABF544D86F7F,onboarding_weapon_mastery_2
7A41ACF544D87132,onboarding_weapon_mastery_1
7A43B0CD0729AF52,GfxPbgEffects
7A443E943F441857,WeaponOverridableGestures
7A447EA2568B1039,brloot_weapon_m4_epic
7A4485EE1109AAB7,ui_map_icon_drop_loadout_blue
7A487630702F0082,XAnimTreeParseBlendMode
7A48D5D99E847B35,rex_lm_tango73_sp
7A4D3D97F2B7EF33,overlay_tablet_killstreak_launch_initiated_background
7A4D47085DCC9FCC,LONG_RANGE_rex_sh_bmike3
7A50F044B2C60CBC,soundbanklistdefptr
7A554C6788C99533,rex_mp_blix
7A558C81D4095AB6,rex_rec_xsm1
7A56FDE27AB39B41,frontendscenedata/guntablewatchpositiondata.csv
7A58972CE2311185,XCamTargetModel
7A594CA623BDBECD,ui.utils.mp.FenceBR
7A5CA3562D92FBAD,gfxiesprofileptr
7A5FCA66441AE60E,XAssetList
7A60823C20270088,mp/gunsmith/s4_ar_kgolf40_variants.csv
7A62F63883A3C555,MapEdgeList
7A63473F6920F426,ui_mp_br_ping_info_line_base
7A635FA2D801C738,perk_trait_adrenaline_burst_rex_mp
7A65CD32E4967EBB,mp/gunsmith/platform_023_progression.csv
7A677954FFBF3B6B,equipment_icon_slot_trophysystem
7A677F8F996C6DA3,hud_reticle_s4versus_h
7A677FB914B80B76,perk_apex_knives_rex_mp
7A678C8F996C83BA,hud_reticle_s4versus_g
7A682E20022BB7D3,buttonlayouts.csv
7A68FF2DD9E3FE20,None
7A692FC132299629,hwconfiggroupvar
7A6D20E78FE20158,xanimnodedefptr
7A7317A165A3BBD7,hud_reticle_loot_s4bnoir
7A74208B0D50C276,vfx_frontend_mp_faction_east
7A76EF6DCC5C2966,rex_holo04
7A76F16DCC5C2CCC,rex_holo02
7A76F26DCC5C2E7F,rex_holo03
7A76F46DCC5C31E5,rex_holo01
7A783D5F195D8927,icon_edit_player_my_bundles_lg
7A78C6DB2946C02A,ReactiveDiffuseLayer
7A7A018A4A179E9A,equip_tactical_cover_mp
7A826A29DDB06AA6,rex_mp_beta_1_1
7A8499CCE11692B9,SpatialPartition_PopulationSort_Entry
7A85C2D694D236E5,scriptableactivationpriority
7A869F9CB12FF12B,mp/gunsmith/platform_01_progression.csv
7A889A1039719EB9,ui.LUIPrettyNumber
7A8A170E0142F385,loot/iw8_la_t9standard_attachment_ids.csv
7A8BE32138676F9E,warzone_tutorial_lobby
7A8CC846885CFEC9,briefcase_bomb_mp
7A8F06D230696437,rex_railgun_altmode
7A903F122E2C367E,scriptable_door_wooden_panel_03_painted_mp
7A91515EEF09B3A9,ui.inGame.HUDOverlayBase
7A91534604AE0C4A,ping_concat_low
7A920C71D09A84D4,overlay_dmz_disguise_corner_top_left
7A99CEF99710AF13,weaponattachmentptr
7A9B44F548DC8905,bc_fieldupgrade_action_soundveil
7A9E59DEDE058600,mp/gametypes/horde.txt
7AA2C1DF97B00340,super_personal_redeploy_drone
7AA3068A0367A01D,bc_equipment_action_portablebuystation
7AA597B3FAF3B41B,mp/loot/br/shottysniper/lootset_global.csv
7AA90BEEE05A778D,player_death_fx
7AA9AD3A7E353B96,ui.InWorldManager
7AAF0E6C0156412B,mp/gunsmith/lm_mkilo3_progression.csv
7AB07FDBBB2957F5,hud_reticle_leaf
7AB4B21A20ECF2CE,defaultsocialplayerprofile
7AB53FF7EC2A75A9,harfbuzz-icu/icudt75l.dat
7AB7E9CCF59689F6,mp/loot/br/dmz/lootset_computer_tower.csv
7AB811605BDB9EB8,rex_dynamic_underwater_me_fists
7AB8E9567DFDBF6D,gametypestatdatadefptr
7AB90E7460C634AE,AttWeaponMotionSmoothedSwayScale
7ABFAAE35D451803,mp/loot_item_defs.csv
7AC3370FAB086954,ui_sdf_add
7AC452F757AA192A,perk_trait_tracker
7AC5E658793278F9,weathertiledefptr
7AC6988D5545772F,registerobjectivefocuschainecd0d2a42fd9
7AC8C27772F32F51,rex_ub_taser_uxray
7ACA2A2F715B1663,brloot_plunder_cash_common_1
7ACB4D7C8C51DB24,uk_debris_wheel_hubcap_03
7ACDE8619A62873A,SHORT_RANGE_rex_ar_kilo2
7ACF78939FD9BE63,overlay_tank_smoke_icon
7AD2055A5D5CC3E8,ncs_ges_ingame
7AD2EEF8B29826E4,ui_hud_icon_timer_circle_outline
7AD65C51C4075895,mp/gunsmith/pi_t9fullauto_progression.csv
7AD6E40F99993E3E,clantag_dw_rex
7AD8F2B04E7F14DB,cdl_logo_large
7AD9B8CBD2692750,GfxReflectionProbeTransientInfo
7ADA2124BED0C2A0,jup_ui_options_color_customization_slider_hue
7ADA28C4FDC00405,mp/tac_ops_map_spawns.csv
7ADA621DAEAD35BF,XAnimNodeDef_Scrub1D
7ADB93D7EC9E1B32,XModelDetailCollision
7ADE8C528AE06DAE,vision/mp_frontend_lobby.vision
7AE0D09155D9F0A4,texturevideooptions.csv
7AE0E916718C888A,mp/gunsmith/platform_02_progression.csv
7AE2232D4FFCA242,ui.utils.FenceHost
7AE424B144022CC4,XAnimParentConstraint
7AE6728A4721CE89,animselectortables/bomber/bomber_traverse_warp_across.csv
7AE876AC026F1570,ping_objective_defend_d
7AE877AC026F1723,ping_objective_defend_e
7AE878AC026F18D6,ping_objective_defend_f
7AE879AC026F1A89,ping_objective_defend_g
7AE87BAC026F1DEF,ping_objective_defend_a
7AE87CAC026F1FA2,ping_objective_defend_b
7AE87DAC026F2155,ping_objective_defend_c
7AE882AC026F29D4,ping_objective_defend_h
7AE8DD3C4E200FB8,StaticModelCollectionFlags
7AE9E500789BDF57,mp/loot/br/mini/lootset_cache_base.csv
7AEA33AED8E5EE2B,mp/progression/emblemrandomizationpool.csv
7AEA7E159F9EDD36,particlemoduleblurgraphdef
7AEADA529514A358,misc_wm_br_parachute
7AEC2278344B0E9B,BSEQValueUnion
7AF3044D46704042,defaulthandplantsfxtable
7AF42CF25EAA6BD3,AttPost
7AF5FACC629F8F63,mp/loot/br/horizontal/lootset_contract_scav3.csv
7AF651107EA5FAFA,rex_selectsemi_psierra41
7AF7088420CA1E60,mp/dmz_streakrewards.csv
7AF83FCE737B4B75,PaPDamageScales
7AF903F02A87D52B,buttons_br_ping_dpadup_b.cfg
7AF9DA33D0E94B5E,defaultgrenadeutilityspec
7AFC74EA5DC16A9C,onboarding_armory_3
7AFC75EA5DC16C4F,onboarding_armory_2
7AFC76EA5DC16E02,onboarding_armory_1
7AFE13BD0F150364,TacExposureChunk
7AFECA578957D0E0,bc_quip_02
7AFECB578957D293,bc_quip_03
7AFECD578957D5F9,bc_quip_01
7AFECE578957D7AC,bc_quip_06
7AFECF578957D95F,bc_quip_07
7AFED0578957DB12,bc_quip_04
7AFED1578957DCC5,bc_quip_05
7AFED4578957E1DE,bc_quip_08
7AFED5578957E391,bc_quip_09
7AFEEA3276D36234,perk_survivor_rew
7AFF1B090CE79704,defaultxanimsetalias
7B008D3C98135A7A,rex_drill_charge_danger_mp
7B01E5A1B34F97E3,mp/loot/br/respect/lootset_contract_dom.csv
7B024E57895AE703,bc_quip_14
7B025157895AEC1C,bc_quip_11
7B025257895AEDCF,bc_quip_10
7B025357895AEF82,bc_quip_13
7B025457895AF135,bc_quip_12
7B02E828F1148F48,libshaderprogram
7B03E6904D45DB4F,specialty_trait_auto_fill
7B06A353687FED11,mp/loot/br/default/lootset_saba_hospital.csv
7B092C0B7DCEA854,mp/gunsmith/sm_t9heavy_variants.csv
7B0A127014FB3BAB,ParticleSystemDefUsage
7B0A5040061DACED,rex_pgrip_stock_decho
7B0CE08FA8D87BBE,button_shape_arrow
7B0D2C2F5DE9B998,rex_execution_gren_frag
7B0DB5D964803895,GestureType
7B0EC457CF0A2DE6,GfxVoxelInternalNode
7B12A5993E7806F2,loot/s4_sm_ppapa41_attachment_ids.csv
7B149C75FE2E0211,fullscreen_dirt_bottom
7B14C9D3D8A907DF,mp/loot/br/classic/lootset_global.csv
7B15F8F8EB7247DC,rex_rec_decho_auto
7B17DA6F255C40EA,ui_menu_cac_perk_arrow_gold
7B19A452567EE016,omnvars/mp/gametypes/omnvars_koth.csv
7B1A810AC1CF50EE,hud_icon_equipment_iodine_pills
7B1AA4F8B1179108,mp/gunsmith/sn_t9standard_progression.csv
7B1E5AAC7FA87370,loot/iw8_sm_mpapa7_camos_ids.csv
7B1F25B01BAAB3D3,hud_reticle_varizoom02_h
7B1F32B01BAAC9EA,hud_reticle_varizoom02_g
7B2128D1806B447B,hud_workbench_main_panel_mask
7B224D88FDF54BAC,enter
7B258F88392F44FC,ui_rex_loading_screen_mp_mobility_course
7B27EA77FD4144A5,mp/loot/br/resurgence_mgl/lootset_cache_reusable3.csv
7B28336B648728DE,loadout_gunsmith_mastery_details_panel_backing
7B286E2E9B1A6CC3,button_large_mask
7B289D0297DF4225,scriptable_door_metal_panel_01_mp
7B2D83B6B3E95DD7,aar_background
7B2DC3E20C66F001,ui.LUIBlur
7B2F4B42ADCD6C63,rex_laser_killstreak_aerial_scanner_rew
7B2FF62BD68AF24C,rex_dynamic_null_xar1
7B30E33CC421FDFB,mp/recipes/war_mgl.recipe
7B334272C3FDAC7F,ui_default_linear_reveal_map
7B363804C5712501,mp/gunsmith/pi_mike9_progression.csv
7B384E2329321EB4,AiInteractionCAPInfo
7B3CA4B580D6C8D4,ui.ingame.driverhud2014pickupcontainer
7B3DA425841663DE,perk_trait_equipment_pro_rex_mp
7B3E73C6DF3C5F5D,bc_killstreak_action_clustermine
7B3FBC218F5E8F1F,ui_gesture_watch_interact
7B40131083BD87BF,icon_crossedKnives
7B45E1F222C2E1DD,loot/iw8_me_t9ballisticknife_camos_ids.csv
7B460687934E2F01,com_fallback_female_skin
7B46D3FEB587EDE5,t10_machinery_elevator_passenger_small_double_door_frnt_open
7B4D74453D5B22BE,button_realism
7B4E7E823EB30ADB,rex_bar_hvysht_mike4
7B4FAAA3E23BDFF2,ScriptableServerPartLocalIndex
7B5094EAE12927C1,dns_tool_hammer01_iw6
7B52E762A4C4B303,mp/loot/br/mini_mgl/5_minutes_mini_br/lootset_contract_scav2.csv
7B535C0853E2C99B,DLogChannel
7B54AA611784D26C,lua_menu/medium
7B579F1D800E8A03,military_target_firingrangebody_metal_01_aim_02
7B57A01D800E8BB6,military_target_firingrangebody_metal_01_aim_01
7B5EFA967101B503,ui.utils.SpecialUtils
7B5F16C0DBB53EA3,uinav_wz_minimal.cfg
7B5F73AA9AD3D2DA,mp/weaponclasstable.csv
7B6235CC4847A6D8,rex_pgrip_aim_tango73
7B64BE4E6671D61F,mp/gunsmith/sm_t9nailgun_variants.csv
7B6505D89D70C4C2,playlist/tdm_name
7B65E7993F4F7132,GfxReflectionProbe
7B68EAC679025FFC,ui_widg_social_empty_card_background_small
7B6A30C4194EF3FB,rex_bar_lng_uxray
7B6AD260E523DAF2,gradient_curve
7B724CDCCA076349,loot/s4_me_katana_camos_ids.csv
7B72E749BE530B17,float16
7B73B4CE2BD02EDE,ui_menu_cer_rankedplay_challenges_wz_bg
7B74BD6AF4908BD7,ping_vehicle_generic_neutral
7B75D5096A6AB05B,hud_icon_loot_armor_plate
7B76C1C3E84B80A2,ping_equipment_claymore
7B782A11E38597A4,impulsemotionScales
7B79B971348DB2D2,ui_rex_icon_fu_sonar_pulse
7B79E2F53B7D129C,ae/ae_kind_challenge_types.csv
7B7C3B4CE37F29ED,loot/iw8_sn_t9damagesemi_attachment_ids.csv
7B7DBD4C932D93F3,mp/camerapositions_tdef.csv
7B7DDAB3648C6F03,rex_bar_tango73
7B7E0AE3B43A5307,perk_trait_increased_resource_storage_rex_mp
7B801293E756C56E,mp/camerapositions_conf.csv
7B8053F5F83804C6,jup_loadout_armory_entry_layer_back
7B8360693319BF07,VehicleLeanViewAngleRelativeToSeatForwardCSSCurveSet
7B83F4AC0A47AE44,ui.utils.GameModesUtils
7B849D2E51D84C5C,rex_laserads_pstl01
7B84A02E51D85175,rex_laserads_pstl02
7B84D214E8F846AF,mp/recipes/sr.recipe
7B85DED0E14F7448,rex_stock_ass_kilo2
7B877B15DBF09488,AnimEventTick
7B8870D0DC338968,ui.ingame.mp.asdoverlay
7B8910D10552480E,mp/loot/br/respect/lootset_superstore.csv
7B8C584DFCAD846D,ping_objective_capture_generic
7B8D22B5E00D95EA,GfxDecalVolumeTransientData
7B8ED8C31734FB94,rex_mag_decho_minijugg
7B8FBD190D576F38,cineVariant
7B91ABE5194F1803,cer_ui_emblem_006
7B91ACE5194F19B6,cer_ui_emblem_005
7B91ADE5194F1B69,cer_ui_emblem_004
7B91AEE5194F1D1C,cer_ui_emblem_003
7B91AFE5194F1ECF,cer_ui_emblem_002
7B91B0E5194F2082,cer_ui_emblem_001
7B9358BAE8CB3648,rex_attachments/rex_laserads_pstl02
7B9BBD8DFD63899C,ui_rex_icon_wpn_sn_limax
7B9E349159819E05,ui.utils.CinematicUtils
7BA5F1F8D9013083,ui_rex_icon_reticle_holo01
7BA5F2F8D9013236,ui_rex_icon_reticle_holo02
7BA5F3F8D90133E9,ui_rex_icon_reticle_holo03
7BA5F4F8D901359C,ui_rex_icon_reticle_holo04
7BA7013192126E25,rex_reflex01_broken
7BA735C9BCA0B96F,rex_xmag_akilo_545
7BA9571E27782DC3,<raw reflection probe>
7BA9C4C5DD56DACF,veh_rex_air_heli_little_personnel_physics_mp
7BA9D2DBB9FB49BD,battlepass_progressbar_glint
7BAA83B8E770B445,LUA_MENU/COMBAT_RECORD_KILLSTREAKS
7BAA969929816A79,savegame_progression
7BABE0C07B31F97F,decor_misc_props_01_styrofoam_single
7BAF1B935B26C9FD,eng_code_post_gfx
7BB645D27F584D34,mp/gunsmith/s4_mr_gecho43_variants.csv
7BB8E1E0EAC6BD29,loot/iw8_sn_crossbow_attachment_ids.csv
7BBC402643DE627C,ping_vehicle_danger_boat
7BBF39C4CAB02180,iw9_radial_8slice_sonar
7BC26C0BB60AE12F,icon_dmz_faction_black_mous_bw_748
7BC2B85E09E5215D,brloot_recon_tablet
7BC36B5DD2019F9C,mp/loot/br/bodycount/lootset_named_location.csv
7BC4943A685F36CD,mp/camerapositions_infect.csv
7BC66949A50D93BF,mp/loot/br/champion_mgl/lootset_cache_spawns.csv
7BC907BB3500D17A,vision/killstreak_static.vision
7BD4922C4BC4949E,ui_jup_menu_gear_select_rarity_backer
7BD4EDDE06081392,ui_hori_mask
7BD5B5E1FF17644E,ObjectiveLayer
7BDA57A26B29D93E,ping_loot_fieldupgrade_soundveil
7BE07E2F16EE70A4,mp/loot/br/saba/dmz/lootset_fridge_mini.csv
7BE37EEC3E62102A,ui_bp_atlas_reward_unlock_hvt_black_cell
7BE55D9BED24A6B0,gfxsmodelinstanceindirectiondata
7BE5FAAE6724ADF4,rex_inflation_ffa
7BE94337E3CCCCB9,mapedgelistptr
7BEAA32B51AA7015,ncs_particlesystem_level
7BEC3B5BF19A22FC,ui.utils.FenceWebViewLoadComplete
7BED8F44E7760F97,hud_backpack_slot_empty_tactical
7BEE5D6F443BF3DF,BulletPenetration
7BF09B4A94BFB101,hud_reticle_s3brush
7BF4DA9DA254450E,ui_icon_social_console_online_large_color
7BF529AC6C20F0E5,ui_gesture_watch_shake
7BF76E5DBC72692D,armor_box_mp
7BFAD251D81368A2,vision/taccam_static_start.vision
7BFAF65DCFF496F8,ping_loot_fieldupgrade_recondrone
7BFD27399FC21AB8,mp/faction_four_forfeited
7C00521731B46344,hud_backpack_slot_empty_secondary
7C01C91148EB5793,WeaponMantleGestureHeightType
7C0262524BCE461E,mp/loot/br/titandoubledown/lootset_cache_spawns_bunker.csv
7C09A4AD84112F79,hud_health_plus_icon
7C0A28AB4B420537,ScriptBundleCachedArrayQueryObject
7C0B168EAB09D8E2,defaultweaponblueprint
7C0C50D3C5E4645B,ui_rex_icon_perk_restock
7C0CD905BE61EE80,ui_map_icon_obj_tacmap
7C0F3ABD43B265B3,ui.utils.EsportsConditions
7C0F61E99931DBB1,rex_ammo_68spc
7C12D6439FFEFA47,ui_rew_icon_lethal_semtex
7C12DB9450C501C4,mp/classtable_br_default_mmp.csv
7C143C6A23D8A98E,Textured_simple
7C14D5D9E4FE4AAB,rex_gesture_plyr_loot_pickup_mp
7C150C2767017F20,binding_mouse_background
7C16AA3F5C59F51D,rex_cal_tuning_xar1_auto
7C170DB6B050BA12,XAnimEulerRotationOrderType
7C1AA06B441183A3,GfxPbgPostFxBundleAttributeTimeline
7C1F11A540A41846,AttSprintOutTunable
7C21AB85DF358745,ui.std.Math
7C22232110D7ADDA,legalflow/doc/en_us/eula-uno.cod_v1
7C25FC45A042A674,specialty_trait_starter_bag
7C27BE2BCFCEBED8,ret_cer_long_04_wz_center
7C2CBC6937915335,mp/gunsmith/sh_t9semiauto_variants.csv
7C2CD85510841BA9,rex_equip_throwingknife_rec
7C2EABAED1D732B1,sat_seasonal_event_challenge_border
7C3100F8FC4A30E2,rex_ub_gl_mike4_sp
7C376DEC9E655F57,jup_mp_splash_chevron
7C398C698AA3F085,mp/clanemblemcolortable.csv
7C3B96C6EAC42AB1,AttMountOffset
7C45D11675C8C9AB,ScriptableEventPlayMayhemDef
7C47F6169BFB388B,ui_rex_icon_fu_drone_smoke
7C4964B3DBA60114,rex_ironsdefault_kilo437
7C498C321B71A489,mp/loot/core/risk/lootset_global.csv
7C50D6116328F5CD,specialty_adaptive_rex
7C5388F647F2086C,specialty_explosive_penetration
7C54C0E0B95F79FD,sp_jup
7C55FDE4C1FA9298,specialty_chain_killstreaks_rex
7C56F863B39BF1A7,AttStanceChangeADSSpeedScaleSettings
7C597118F8BBE1A9,rex_stock_tac_kilo2
7C5DA309D2ADD304,br_loot_cache
7C5DD49F0694CCD0,loot/iw8_lm_t9accurate_camos_ids.csv
7C5E72EBC44649AE,cp/gametypes/none.txt
7C5EB8EC2064AB14,vision/dmscope_therm01_domascus.vision
7C5EF7DA83125C2E,cer_hud_scorestreaks_hellstorm_missile_icon
7C63CF482670A43B,mp/loot/br/ww2_plunder/lootset_cache_lege.csv
7C652B26FC0A8787,hud_reticle_hip_la_lockon
7C6AB543CC559FF6,mp/gunsmith/platform_06_progression.csv
7C6D2DBEB8A36F34,loot/iw8_sh_t9fullauto_attachment_ids.csv
7C6DE510F53DB268,ui.utils.LabelUtils
7C6F5FD3F3141DB4,icon_vehicle_time
7C715BD699D4DC86,plate_destroyed
7C787BAD6F869F47,loot/iw8_sm_uzulu_camos_ids.csv
7C7B7B55285DA55A,mp/gunsmith/s4_mg_bromeo37_variants.csv
7C7DF6D0E093829F,camo_unlock_progress_back
7C7FEAA6D8EA7D99,mp/gametypes/rugby.txt
7C839457D4BD8E7F,ui_cer_wzftue_mission_reward_icon1
7C8605BD14CD1AB0,equip_c4_mp
7C877A8DFD4C6834,hud_reticle_sniper_outer_circle_extent
7C884484B5F59944,mp/infils_intro.csv
7C8DD93093B38C70,rex_arscope01
7C9203EB7D6362CA,bc_status_player_last_stand
7C920BF9AD7B1FB7,mp/loot/br/resurgence_mgl/lootset_cache_spawns_abundant.csv
7C92FC29D2C60166,me_kitchen_tea_cup_01_pot_single
7C94C2D405CCF709,rex_cal_tuning_golf28_auto
7C99E6AF8186504A,DDLHashTable
7C9CDD515EDAF147,mp/brmission_rewards.csv
7CA12E135A1F4480,campaign_decoration_triangle
7CA2DA4A11A9ECF5,veh_rex_lnd_vanwagon1990_sp
7CA38AB8B5FCD940,events_texture_flare
7CA8F4B4B4712130,default_cp_platform_settings_mobile.cfg
7CACE02DB3BE80F1,overlay_recon_drone_spotting_mask
7CB17ABC75AC70E5,scriptable_door_wood_ornate_01_white_double_r
7CB18CBC75AC8F7B,scriptable_door_wood_ornate_01_white_double_l
7CB232538491EB7D,frontend_ui
7CB237B3DFE862A0,BSEQTransitionType
7CB47B577BBC70B3,defaultgenericblueprint
7CB55DE6A34466AB,rex_stock_tac_svictor98
7CB800C60F2187C2,usvec3_t
7CB98C6D785AA653,rex_rupture
7CB9A44DE38C44D4,ui_rex_icon_wpn_showcase_sn_limax
7CBA3339C42A50D2,grenadeutilityspecdef
7CBB13223F745F4B,ui_rex_icon_wpn_prog_sn_limax
7CBB5A4C64B0A761,hud_cctv_ping
7CBB6C05F9759AD3,ae/ae_other_titles_achievements.csv
7CBE5CC9CD43587B,specialty_pc_tempered
7CC1B7BE6F9AC90A,defaultstoragefile
7CC297101AA467F2,ReactiveAudioPackageDef
7CC6220ADF29248E,rex_sil_broken_a
7CC6741D80DB3E49,mp/loot/br/plunder/lootset_cache_reusable3.csv
7CC6A025A1DE45F5,oni_eastern
7CC75CA363108D58,coverselector
7CC9425045B5DF75,ui.LUIVideoStreaming
7CCF0299C930052F,ping_inv_have_decontaminationstation
7CD05C5D1085C42F,rex_snscope_therm01
7CD2D71B77CA5953,perk_covert_ops_rex_mp
7CD4C6A48C93BDE3,ui_mp_br_mission_reward_plunder
7CD4FD3D7FE2D0DA,mp/gunsmith/s4_me_champagne_variants.csv
7CDB4E3B1AE2A3B9,bonetoggleparamsdefptr
7CDFA6864E01C3FE,mp/gunsmith/s4_mg_mgolf42_progression.csv
7CE1F1718369FBEF,enemyselectorPtr
7CE6BCE14AA90730,onboarding_br_tdm_1
7CE6BEE14AA90A96,onboarding_br_tdm_3
7CE6BFE14AA90C49,onboarding_br_tdm_2
7CE6E411C1E2EC1F,mp/loot/core/risk/lootset_named_Location.csv
7CE89E92AAFC50A2,loot/iw8_sh_dpapa12_camos_ids.csv
7CE90402CB4E79E9,mp/superratetable.csv
7CE994E36F568BAF,weaponprogression_fui_circle
7CEF17F6AFD2F1C7,buttons_brawler.cfg
7CF1CBDA3E9C5C4B,rex_attachments/rex_xmag_kilo5_desc
7CF3F2A539F7FE3B,mp/gunsmith/s4_sm_tyankee100_progression.csv
7CF91321D3EC7D4E,MP_INGAME_ONLY/RUGBY_TIMER
7CF9E1655D5FAC22,hud_reticle_smudge2
7CF9E2655D5FADD5,hud_reticle_smudge3
7CFD39AAFFE02C35,lua_menu/targets_hit
7CFE73C80B7EA81E,StreamPointerTypeless
7CFF2C99DD4F4A3A,cineencryption
7D03CFB32017BA16,ParticleMirrorTextureType
7D0547D8662069B5,frontend_customization_vignette_bottom_left
7D05A7A7B58BC16E,overlay_van_diagram
7D075066FD42ECEC,icon_mod
7D08FC5847F22E16,perk_trait_mini_tracker_rex_mp
7D09072C8B182D50,ping_inv_have_weapon_smg
7D095A9D256CF079,mp/gunsmith/lm_t9light_progression.csv
7D0B1093E0A7D73C,bp_a10_border
7D0DAC590434642D,icon_waypoint_cyber_bombsite
7D0DDA89D2C3DACD,reticle_range_1_SHADOW
7D0DF42F8BBEEE26,mp/gunsmith/me_t9sai_variants.csv
7D0DFA8215C05FA1,mp_rex_tumen/callout_southeastfork04
7D0DFB8215C06154,mp_rex_tumen/callout_southeastfork03
7D0F287AE552E322,rex_maptable_sp
7D1520A1EFE71C30,WaterDynamicsBlendZone
7D195EA74C2F812E,ui_map_icon_boss_juggernaut
7D19C8CBD589B95B,sndbyte
7D1E9B45C52F5A09,rex_pgrip_ass_spier9
7D1F988A6F29C4A7,rex_ammo_556n
7D2130515867EB06,fullscreen_blood_left_splash
7D22679778DA94FD,ui.frontend.mp.EmblemEditorPopups
7D2530D5C2A72D31,hud_icon_equipment_gas_mask
7D257567E5DA3827,ParticleRelativeVelocityType
7D267C0329569234,privateloadouts
7D26A174349761F5,ScriptableEventVehicleBlowUpTireDef
7D2B0A9828B6498E,gfxsocullingocclusion
7D2CDDC8BCDC4398,loadout_3
7D2CDEC8BCDC454B,loadout_2
7D2CDFC8BCDC46FE,loadout_1
7D2CE3C8BCDC4DCA,loadout_5
7D2CE4C8BCDC4F7D,loadout_4
7D2D1998249ED0AF,sndpriorityvolume
7D2E3F9A9B6B8271,mp/loot/br/mini_mgl/newplayer/lootset_cache_spawns_buildings.csv
7D2E45105EDAAF3E,smartphone_background
7D2F25F6035E3B6E,brloot_weapon_dp12_comm
7D3019C7C9CDD149,veh_rex_lnd_sedan2009_sp
7D32B78947AA7826,ENEMY
7D33EDCD75107F86,hud_reticle_snscope_vz02_zoomed
7D37D6FDB9B29B13,mp_jup
7D38F6E2DDA0C124,mp/gunsmith/lm_mgolf34_progression.csv
7D3B5B2AAA679B71,mp/loot/br/mini_mgl/newplayer/lootset_buildings.csv
7D3CF23B3057B334,ui_gesture_crush
7D3D6EFFE8DC4733,MaterialStreamTreeNode
7D3F22981FFB4971,vision/killstreak_thermal.vision
7D3F78CD6C459493,mp/loot/br/mp_sm_island_1/rebirth/loot_table_hot_zones.csv
7D3FE2DDBA081327,veh_rex_lnd_6x6_sp
7D411CCFB4B5733B,vectorfield
7D42F65EDA6F8ED9,mp/recipes/br_quads.recipe
7D4512BF98852742,loot/s4_me_swordtitan_attachment_ids.csv
7D488F24114BB35E,overlay_nightvision_ticks
7D495B043F62281C,ping_equipment_breacher_drone_hostile
7D4BF35A83EF9EFD,LUA_MENU_MP/EXCHANGING
7D4CD7610BAA643D,generic_button_selected_shadow
7D4F6A607B1E5E3E,mp/loot/br/default/lootset_named_location.csv
7D4FA0980CE56A36,mp/loot/br/ww2_mini/lootset_root.csv
7D51531567430A6A,elevator_floor_select_hint
7D5238E8C92AAC8C,InstanceMapAreaSwapState
7D524CF70D252F02,ui_rex_icon_reticle_arscope01
7D52E8B8A7E27B20,mp/gunsmith/s4_mr_lecho_variants.csv
7D53DF82002FE248,onboarding_gunfight_1
7D53E182002FE5AE,onboarding_gunfight_3
7D53E282002FE761,onboarding_gunfight_2
7D55C786A23B108E,VehicleTrickXAnimCurves
7D56E3BDB6C161B4,thermal_phone_sp
7D58D98CC95A6535,menueventhandlerptr
7D614B9902B88C0F,mp/loot/br/dmz/lootset_school_locker_b.csv
7D660DB826E9DE64,ui.utils.cp.FenceCP
7D67247AE59D522C,rex_maptable_mp
7D6B69685FA713FC,mp_javelin_hold_prompt
7D6B744A0F5F005A,mp/gunsmith/sn_crossbow_progression.csv
7D6FAC8F65A4AC8D,icon_social_leader
7D7160D9F4A9EAE6,XAnimDynamicFrames
7D7188D1DA8F7F00,ui_loot_gesture_salute
7D71B5410B59088C,timefrom_colorbundleref_nextchanged
7D71BD062E2F19B8,mp/loot/br/resurgence/lootset_cache_spawns.csv
7D734C32E996D371,icon_global_store
7D7603F1497F3ABB,SndModifierDef
7D7D068F3A00A00C,mp/cinematic_camera/final_kc_attacker3.txt
7D817BF6F2FACD7B,warzone_tutorial_image
7D852DE8B93349C0,CharacterString
7D876BACCA29F683,mp/gunsmith/s4_ar_valpha1952_progression.csv
7D8AC419A99F9C79,ping_killstreak_emergencyairdrop_hostile
7D8C0B1AE395F4FD,default_systemlink.cfg
7D90272CB9A41892,ping_killstreak_gunship
7D911EA4CD2C6133,loot/iw8_ar_asierra12_camos_ids.csv
7D93401DCB2CB660,AttLaser
7D9427E3882A0EEB,scriptableeventresettickconstraintdef
7D956285AB1070B6,mp/gunsmith/s4_sm_wecho43_progression.csv
7D95F075591E7C2A,ForcedStubAssetName
7D9723EEE11B7640,ping_vehicle_husk_armoredboat
7D998C7F63AD525C,mp/stats_init_cerberus_zm_stats.cfg
7D998FF1AB255781,mp/loot/br/dmz/biobunker/lootset_biobunker_SQRoomA.csv
7D99D6AEACA07D7C,XAnimConstraintType
7D9A48568B7F0BDF,RadiantTelemetryDef
7D9ABF52A4F500A2,mp/loot/br/dmz/biobunker/lootset_fridge_old.csv
7D9AE2D6C6063FCD,brloot_weapon_ram7_epic
7D9BF205E8D68948,mapentsptr
7D9D5DEEB215B067,mp/loot/br/dmz/biobunker/lootset_cache_base.csv
7DA0E7BDB6FFA0FA,thermal_phone_mp
7DA0EA500A565CE3,rex_shock_stick_underwater_mp
7DA13E0AED1A1561,omnvars/mp/omnvars_vehicles.csv
7DA2827DE35F4E53,rex_hardcore_cyber_attack
7DA3C7D4AD8B8100,brloot_offhand_semtex
7DA48686116BF423,seasons_banner_large
7DA5240B292D0920,sndglobalentchannelptr
7DA62486AABA9630,store_background_vignette_info_left
7DA82215931CF076,ClothAssetBoneMappingSet
7DAA2634EEDF8657,PhysicsVFXEventAssetFillerRuleEntry
7DAD0B4C15446B9F,rex_hardcore_drop_zone
7DAE335BF0BF9A44,loot/iw8_ar_galima_camos_ids.csv
7DB5C10DC76B3A11,GestureLocomotionSettings
7DB73231FD753BCE,ui_rex_menu_mode_select_dmz_background
7DBA10111B6C95E5,ping_inv_need_tactical
7DBC49675E542028,icon_social_plat_mobile
7DC13A5EE102BF41,mp/gunsmith/s4_me_axe_progression.csv
7DC2079648862DA0,specialty_guerrilla
7DC281CD05C89A47,(identity)
7DC6A5DA6D28A169,perk_trait_ammo_scavenger_rex_mp
7DCA03E5AC5B9EEF,mp/loot/br/dmz/lootset_utility_metal_crate.csv
7DCA8BA695261C8B,ping_loot_equipment_heartbeatsensor
7DCF2C9131ABC107,loot/s4_ar_bromeopg_attachment_ids.csv
7DD1E01BC3FD641A,me_food_bread_molded_01
7DD205F2F7C39065,vehicle_customization_landing_background_hanger
7DD2A6B90BC1CA11,SndFBIntensityMode
7DD4194D7EEAE26A,MovingPlatformDef
7DD5A764E735D612,mp/faction_four_eliminated
7DD9FB4F5BDB31C2,iw9_detonator_mp
7DDA362888EF618D,SndMasterPresetDynamicsDef
7DDB20C80EED1887,DefaultOperator
7DDB619D255C6C2F,mp/gunsmith/me_t9sai_progression.csv
7DDDA7CAA4208929,loot/iw8_sh_charlie725_attachment_ids.csv
7DDF11D294CCAFE7,hud_icon_equipment_semtex
7DE5FB9D3C32512A,mp/gunsmith/ar_t9standard_progression.csv
7DE611AB9C4E517B,ping_killstreak_mobilesentry
7DE850A8AA90C647,pmc_mission_tiers.csv
7DE8BE8D076900DD,ui.LUILaunchChunkLayer
7DE90FEDDCC92FD4,jup_hud_reticle_fourx02_02
7DE912EDDCC934ED,jup_hud_reticle_fourx02_01
7DEB462527C8AFD8,ui_rex_icon_obit_headshot
7DF4AC672874BC54,float4
7DF4E04D6DF708A0,specialty_pc_comms
7DF53DD9A44F12BA,vision/taccam.vision
7DF68BDCDD467BA8,ui_menu_codhq_icon_files
7DF69A0BD81B540F,loot/iw8_lm_slima_attachment_ids.csv
7DF7038D302DDDBD,firedamage_impulsemotion
7DF7A4D0A129FD66,springDef
7DF89D322C6F1825,VehicleSimGroundTractionDef
7DFF3B4EBC37AC56,sat_concussion_grenade_ob
7E0137D62354ADF9,camo_none
7E01D2E212F73322,emporium_computer_monitor_01_169
7E03D266ABFE7102,controller
7E081390A31D339A,ui.frontEnd.WorldMapElement
7E0923CB3D913243,trial_medal_bronze
7E0953F06D6104AA,magma_upsell_button_standard
7E0A1A68B5821802,VectorFieldBuiltin
7E16B64BF7D5C64E,rex_gunship_crash_mp
7E19A52CCFDFDD0F,ScriptableEventModelDef
7E1CCC437A8CEBCD,ui_hud_hit_marker_hit
7E1DA67D9D46CA5C,mp/loot/br/dmz/lootset_custom_nodes.csv
7E22927D57CCA62E,loot/iw8_sm_beta_attachment_ids.csv
7E2513289DC3FFAA,attachstruct
7E25A57863A26F26,ui_bp_auto_spend_icon_off
7E288223B3A78C37,equipment_tv_01_off
7E29F327570E188B,cp_rewaportedimagestable.csv
7E2A9E5D37673244,mp/loot/br/mini_mgl/5_minutes_mini_br/lootset_contract_scav3.csv
7E2DC9EA481ADBBC,ui_rex_icon_ks_uav
7E2EB88533193A1B,ui_icons_elementaldamage_fire
7E305E50AC9299AC,rex_attachments/rex_ironsdefault_asierra12_desc
7E31A571911460E0,hud_icon_net_disconnect
7E365085261EF749,ui.TrialManager
7E368D340B18A0F7,rex_dynamic_underwater_pi_hotel45
7E3777BAF38ABCFB,ui_jup_menu_mission_lock
7E379DD7B4765F81,sp_rex_meltdown_postfx
7E37B5907275CF02,ui.utils.FenceSignIn
7E37D00FA38DA34D,loadout_blueprint_pro_tuned_entry_topo
7E392874BD1C4999,SplinePointEntityRecord
7E398380813D9D41,Scriptable_SurfaceFXTraceDataSource
7E3C5109377A6F2D,specialty_scavenger_rex
7E40BDFD9FC913A8,ui.utils.AnchoredUtils
7E427FB36367CF2A,VehicleIdDef
7E448066B929FFD6,mp/loot/br/doubledown/lootset_contract_scav1.csv
7E45E450F549E6E8,ping_loot_equipment_gulagkickback
7E461F3CFF648B88,mp/loot/br/dmz/biolab/lootset_fridge_old.csv
7E4666F9E053A99F,ncs_lui_global
7E4730483864E380,ui_gunscreen_bg_map_s02
7E47D1FC6A9CB933,AIQuadTreePointData
7E488834A5AE5270,hud_cross
7E4A8D4857745ADD,fullscreen_blood_right_alt
7E4B62EDDCA149A5,mp/gunsmith/platform_jp01_progression.csv
7E4D77D8D03B958F,brloot_weapon_m4_lege
7E4DF6B8F045A30D,mp/cinematic_camera/final_kc_attacker4.txt
7E4F2E5839B5344D,hud_reticle_highlight_center_limax_zoom
7E4FFFB954081F31,defaultdummy
7E503B51FD281EC9,vision/mp_frontend_profile.vision
7E5699503F2A749C,shock/gas_grenade_light_mp.shock
7E5699A4D0E00BFC,accessibilityaudiooptions.csv
7E6321EFC68844EE,mp/loot/br/mini/lootset_contract_scav3.csv
7E6428EA04EE9284,mp/faction_three_eliminated
7E65B0404A8FB865,mp/gunsmith/ar_t9standard_variants.csv
7E688D3A57F79E75,VehicleSimMiscConstraintDef
7E68E1A2E7CE320B,mp/gunsmith/sn_t9accurate_progression.csv
7E6C241854AAE95B,vision/mp_frontend_neutral.vision
7E6DEBD50FCB92FF,counter_attack_bomb_defuse_silent_mp
7E718A9ECDF4B1B9,XCompositeSubCompositeModel
7E7201161893C379,loot/iw8_sm_uzulu_attachment_ids.csv
7E72A29ADB274C80,mp/loot/br/delta/loot_table_br_hotzones.csv
7E7721D89405D2F0,ping_contract_initial_elimination
7E7837F199B06236,sat_ui_battlepass_tier_blackcell_backing_wide
7E79499618D4FFD0,mp/loot/br/default/lootset_gulag_cash_circle2.csv
7E79FC2BEE8EB937,footsteps_Source
7E7A6380B134C508,button_large_short_mask
7E7C4CDF29796102,ui_rex_icon_perk_prog_ghost
7E7C88B99ED27C0A,hud_reticle_s6upside
7E7D6D3D27BE080A,button_bot_setup
7E81D10F9FAF1B2A,ui_rex_icon_perk_prog_high_alert
7E83A05BA4591EBE,rex_deploy_loadout_drop_mp
7E861CECC91849A0,rex_comp_hoz_h
7E861DECC9184B53,rex_comp_hoz_i
7E8625ECC91858EB,rex_comp_hoz_a
7E8626ECC9185A9E,rex_comp_hoz_b
7E8627ECC9185C51,rex_comp_hoz_c
7E8629ECC9185FB7,rex_comp_hoz_e
7E862AECC918616A,rex_comp_hoz_f
7E862BECC918631D,rex_comp_hoz_g
7E87134A50FAE689,mp/loot/br/resurgence_mgl/lootset_buildings_abundant.csv
7E88A99B09C473C2,CornerSliceDef
7E8C2A8B4E2C4AEE,mp/loot/br/respect/lootset_cache_lege.csv
7E8C8F79519743C3,rex_domination_bigmap
7E8D791AD1C2DACB,ping_vehicle_bike_neutral
7E8E92763C2CA5C9,ASM_Union
7E9110302BA96010,gfximageptr
7E9182E18690B483,ui_rew_icon_perk_survivor
7E930F30A121BF8B,button_stick_horizontal_r
7E931D30A121D755,button_stick_horizontal_l
7E9526CFF94C5F37,specialty_trait_ai_loot_rex
7E95D645C1F6440D,hud_status_dogtag
7E9BD8CD765E30F6,icon_social_voice
7E9CAA99465858BF,mp/loot/br/mp_sm_island_1/rebirth/lootset_cache_spawns_flashpoint.csv
7E9F87DB3BB9574A,hud_reticle_s6skateboard_atlas
7E9FAAD78FF64BA2,playerasm_flags
7EA0FA00A2DE9E52,rex_stock_tac_golf28
7EA31BE87C03F436,mp/loot/br/resurgence_mgl/lootset_root.csv
7EA86371B3DE8A32,GlassWorld
7EAB634700352D00,shock/battleslide_mp.shock
7EB057F45A1002B5,mp/loot/br/default/lootset_saba_gulag.csv
7EB43ED9E7EC0709,clantag_pmg
7EB43FC14E32573C,mp/gunsmith/platform_jp06_progression.csv
7EB761A552EA4088,hud_splash_parallelogram_background
7EB882FB554A5771,rex_dynamic_null_fists
7EBB8BF2EF98DC6C,rex_breach_e_kilo5
7EBECAE872321C26,ParticleModuleTestWaterDef
7EBEEB3840C95A94,WorldAreaSwap
7EC0A53BEF583262,aar_unlocks_progress_bar_arrow
7EC271BCF96D4291,mp/gunsmith/s4_ar_stango44_variants.csv
7EC5B0E452787C3F,jup_deadzone_tester_border
7ECB63A3651619EE,AudioPropagationKdNodeInfo_t
7ECC263FDEDCDF78,rex_stock_tango73
7ED00B3979E3B76B,InstanceMapAreaSwap
7ED1CDF5B0014582,perk_trait_bounty_intel_rex_mp
7ED3AF54C98524B5,loot/iw8_lm_slima_camos_ids.csv
7ED49C311292360A,bc_equipment_incoming_emp
7ED517BDC1BEF964,ui_hud_icon_minimap_player_squad_circle
7ED94216B1ECDD37,hud_reticle_ring_128_segment
7EDD7A020A7675B4,loot_card_border_flare_legendary_
7EE0BFF0CDF73C4E,hud_reticle_sniper_cine_iw9
7EE121AB0DE0D157,super_scramble_mp
7EE4552B5EE417AC,mp/gunsmith/s4_mg_sindia510_variants.csv
7EE66B233197D431,perk_underkill_rex_mp
7EE69C3E85BC6CCB,ui_bp_pip_inspect_outline
7EECA65848163EED,vf_no_falloff
7EECF88B13EF65B6,MP_BR_INGAME/INFIL_SQUAD_CONTROLS_OPEN_TAC_MAP
7EEED21CFDAC8E0A,mp/loot/br/bodycount/lootset_contract_scav3.csv
7EF14FB90C61FBDF,smallbackpack
7EF4D7FB489C0EF7,mp/loot/br/saba/dmz/lootset_cache_lege.csv
7EF6196BB14639D5,ui.utils.StyleUtils
7EF65BB02C99FD48,ping_inv_need_launcher
7EF759C19343DCE5,bc_killstreak_killfirm_missile_turret
7EF7F144DEFA2C64,rex_rec_xar1_hyperburst
7EF8CD7F6103AA2C,StDecalTreeNodePayload
7EFD78EB8BBD5DB6,GfxImageStreamData
7EFE07165CB4F2CE,AIWanderEncounter
7F00A2610F4C8976,rex_mp_field_upgrade_fast
7F0217AEE8915BB6,ui_gesture_sniper
7F02B8979058021F,buttons_beast_alt.cfg
7F02BE1415BD2031,XCamApertureType
7F041A3074A228C7,PhysicsWorldMeshDebugData
7F057D43F105A615,mp/dodgeSettingsMP.csv
7F05E1B72C8F2DB8,mp/loot/br/dmz/biolab/lootset_biolab_office_high.csv
7F093BA6998F7CF0,ui.widgets.WorldBlur
7F0C2099198769D8,hud_icon_fieldupgrade_inflatable_decoy
7F0CDCEEE2FAB626,vision/black_bw.vision
7F0D9E04E246549F,mp/loot/br/plunder/lootset_supply_drop.csv
7F0DFAC8B1612465,mldeformerbufferindex
7F1013910B305C34,ui.utils.mp.CodcasterSettingsUtils
7F102D6024DED0E7,FootstepSFXIdentifierTableDef
7F103CEBE521138A,ee_sign_street_left_turn_lm
7F1199904579B712,vision/respawn_camera_night.vision
7F12265ECDAD3A10,perk_explosive_penetration_rex_mp
7F12410AC37491E8,loot/killstreak_ids.csv
7F133576192B6E2D,hud_reticle_02_base
7F14B7CD6FBD3550,bc_equipment_incoming_stun
7F15654EA64DE0C1,ui.utils.mp.FenceFNF
7F1C3F325C3BB087,options/aspect_ratio_desc
7F1DB38C9E6D41C6,XAnimNodeDef_Binding_Value
7F1F1A2C53249E81,rew_utility_box
7F1FD7581452725D,ui.utils.SocialUtils
7F2350C1180B1DEC,equip_pop_candy
7F26BCEA61643FAA,smart_gun
7F2707F83CDF9C62,ui_default_null
7F27344E35D6D992,FxCombinedDef
7F29287ADD1186E5,Raw_Uint
7F2B644720862187,rex_vehicle_trophy_explode
7F2EA9FD66740CE2,specialty_memento
7F367DCEE3B34275,ai_lookat_anim_mappings
7F3A8A8E4861D26D,specialty_overcharge_field_upgrade_rex
7F3B3EB9FE9AA538,operatorconversations.csv
7F3CC508EBEA308B,rex_rescue
7F3DB95B69B933D9,ui_rex_icon_wpn_la_rpapa8
7F3E6697F0A660D5,xcam
7F3E924405AE7BCE,omnvars/mp/levels/omnvars_mp_mgl_escape4.csv
7F40D33B9ECCFA44,ping_vehicle_husk_tank
7F4157379F23835C,mp/loot/br/default/lootset_agent_milestone_kills3.csv
7F463746101941F6,AIUnitType
7F477C564E761761,brloot_weapon_m870_comm
7F4B698437E5F75D,ScriptableMapInstanceGroup
7F4DF5866043BC33,GfxLightmapType
7F4E46E6C5A4E421,icon_mp_mode_arena
7F4EBDFD71A58892,ui.utils.GameModeScriptBundleUtils
7F4FEA1BF36AF4F0,rex_sm_psierra41_mp
7F504581954B1DE1,equip_throwing_knife
7F53468F5E715BCA,icon_rank_25
7F5365767A5DF685,LUA_MENU/MAPNAME_MP_REX_ZODIAC
7F57EB6C6EEEB710,icon_warning_large
7F5929AF9B804E8E,rex_detonator_mp
7F5A2E8F5E7751B0,icon_rank_01
7F5F188C135FF3F8,mlparam
7F6015AF9B864B40,rex_detonator_sp
7F63141C6DBCB18D,GfxWaveParticleInstance
7F66EB636848A2CD,aar_gfx_sparks
7F67C78F5E82E007,icon_rank_40
7F68B910B74A33F8,ui_rew_icon_fu_ddos
7F68C1013B324748,perk_trait_air_superiority_rex_mp
7F6AF1423E93A49C,overlay_nightvision_meter_notches
7F6D3B8224E0F9DF,bp_a04_border
7F6E73763BC52AED,XAnimFloatTrackDriver_LocalSwingTwist
7F6F999742EF68A4,xmodelaliasDef
7F715B4FF999976F,options/cpra_name
7F718FC1BD1FE7E0,default_mask
7F7580BA189CBBE8,icon_attachment_4x_east_falima_v6
7F7798151EC15A3E,XModelStreamTreeGroup
7F77E625B3308A49,rex_mp_zimo
7F7CD1E93EF9B94F,mp/loot/br/dmz/lootset_saba_embassy.csv
7F7E2477F7A0A13A,hud_reticle_sn_adjust01_vz_reset
7F7F79FFFD5FF8FB,damagetak_gellan_0xfb46c26840e99baeull
7F81BF9A8300C72A,specialty_heavy_metal
7F840FE9E2624F8F,ParticlePhaseOptions
7F84881147E2D1B8,mp/loot/br/dmz/lootset_fridge_a.csv
7F8525126C588C55,button_small_tall_mask
7F881DCE9BE6C003,volumetric_noise
7F8AD1EFAFAEBAA8,defaultmaterialfloattable
7F8C2D40E9D588ED,hud_reticle_palm
7F8F8B24D8078FC9,aar_progress_bar_dashed_line
7F90450BAC71F594,TimelapseSkyDef
7F911F30D748B16A,ping_vehicle_jetski_neutral
7F965FDBB7D6624F,rex_bolt_moscar
7F978861FF2F4142,cp/base/primary_weapons.csv
7F9923FBDEB3C5CC,bc_equipment_action_emp
7F9EF7F976D64098,rex_stockno_spier9
7F9F568A33255396,scripts/mp/gametypes
7F9F94A9B76DB80C,hud_reticle_varizoom02
7FA1887AE6CE4BB0,ncs_xca_level
7FA6249599CEFC72,lighting_fixtures_security_lamp_withcage_01
7FA7274E8192F0C0,ui_widg_generic_hori_center_out_gradient_mask
7FA81F367DE7AA78,graintexture_globalpanel
7FA8A4F34863D6DF,mp/gunsmith/s4_me_knife_variants.csv
7FAC4B0A2902D31E,mp/loot/br/respect/lootset_cache_satellite.csv
7FADD71AADEA6EBE,GfxWorldSurfacesStreamingMetrics
7FAFCBF86BE623D4,rex_drown_mp
7FB2F226A532A1D6,TriggerWindingPoint
7FB5FE1BF3C1CA1E,rex_sm_psierra41_sp
7FB75A3BB0EE6C3B,mp/loot/br/mini_mgl/newplayer/lootset_contract_asn.csv
7FB7AC29A1B29099,mp/gunsmith/ar_t9mobility_variants.csv
7FBBDE2FB560A487,impulsemotionType
7FBBF6B567CA3A57,brloot_weapon_marlin_unco
7FBCBFA361AEC824,ping_loot_weapon_riotshield
7FBED7D49BB1EED3,bc_status_player_respawn
7FBFF8E31513FD8C,GestureSectionType
7FC8FD68D5492FFC,ping_loot_equipment_throwingknife
7FC96913F92E7D2F,mp/cinematic_camera/killcam.txt
7FCCDA1B757504BF,rex_stock_hvy_mike4
7FCD3CF9E2DB9916,ui_rex_icon_wpn_showcase_sh_bmike3
7FCD61698650DEF3,calloutmarkerpingdefptr
7FCF60AF6BF80B93,hud_icon_target_enemy_bracket
7FD1AF097AFB7918,mp/loot/br/olaride/lootset_contract_scav2.csv
7FD5A206016C55FC,rex_bar_lng_spier9
7FD645ECEF2F9E1D,killstreaks/not_enough_space
7FD6BDEFE030C717,WeapReflRoomType
7FDA475C9132D5D1,rex_frontend_mode_select_waveform
7FDCAAC74337F5E7,brloot_weapon_kar98_epic
7FDD4A9F6EB140D4,defaultproject
7FDDB7351F8DCB01,cp/meritsubcategories.csv
7FE1FECBAAAABFCD,default_common_jup.cfg
7FE474A0282CF01D,Annihilator
7FE5942C87FB73EA,icon_loadout_build_entry_rusher_phantom
7FE59D94FB4F821C,perk_adaptive_rew
7FE97CC4B29E33B6,mp/petwatchturbotable.csv
7FEB4C76A0ACCACB,XAnimCurveControlPoint
7FEC21592D77A6F8,rex_rec_mike4_burst
7FEC567B5DFC494C,mp/loot/br/dmz/biolab/lootset_biolab_global.csv
7FEDFF9E945DC370,specialty_overwatch_rex
7FF133102FA6D08A,SndWeaponReflectionDeltaTweaksDef
7FF9B3D94CE2FEFD,hud_icon_objective_elite_location
7FF9ED718D5464D4,mp/loot/br/olaride/lootset_superstore.csv
0047919DCA9232B2,#lua_menu/mapname_lone
008B232365BA7CF3,#lua_menu/mapname_m_subway
00D8B50EA7773635,#splashes/capture_bot_mutual_dest
01018F932C6FED8C,ui_rew_icon_contract_bounty
012361F697A4E446,ping_equipment_mine_tactical_hostile
01292F90DBC12035,#challenge_outfitter_charm
0143CFEE65BC0EE3,#mp_chyron/mp_toujane2_allies_4
0143D2EE65BC13FC,#mp_chyron/mp_toujane2_allies_1
0143D4EE65BC1762,#mp_chyron/mp_toujane2_allies_3
0143D5EE65BC1915,#mp_chyron/mp_toujane2_allies_2
015151AA5C3827BB,missile_controls/screen_detonate
01A59F6E3A21ECD0,sat_c4_ob
01F801710A42781B,rex_mp_equipment_bomb_plant
0237020739B5A395,#splashes/hp_quick_cap_capture_bot
024D5FC2F7C29596,ZODIAC/CALLOUT_SENTINEL
02F917C41BC876E7,#lua_menu/mapname_m_theater
033D73C687AB5980,rex_mp_loading_action_park_minigame
035E7F0F9B1633BD,ping_killstreak_deathstalker_hostile
03F3D9B6EA642F3E,#lua_menu/mapname_m_skerries
04473D314F049790,#challenge_outfitter_common_set_desc
044B9F0B5F05F350,#dlc_pack_desc
0495C754152EF754,#customize/body_stryker_3_3
0495C954152EFABA,#customize/body_stryker_3_1
04BCD1E4EFEA00F1,ui_rex_icon_op_dunn_1_1_mid
04F5EEF4BC869AD1,rex_mp_killstreak_splash_backer
0511D8F09F6AA763,veh_sat_derived_port_mil_lnd_cargo_truck_wz
052A1A84B552A200,#lua_menu/mapname_m_boneyard
054ED788C5A14DF6,#lua_menu/mapname_mp_jup_gw_fallout_wz
058F4CB18327AD03,#splashes/req_cash_denied
05D5BAF21AF886C0,#customize/body_merc_2_1
05D5BDF21AF88BD9,#customize/body_merc_2_2
05D876FFD7A3C9BF,ping_equipment_claymore_hostile_rex
060C44DF2CEA0295,T10_WEAPON_ATTACHMENTS/T10_ZM
06501F692F2753CA,#killstreaks_refresh
06D97F0F12FFB016,ping_locked_door
071773D20653E11F,#challenge_outfitter_charm_desc
07D7170352C59787,ui_hud_streak_select_backer
08F10D4DF5B406E1,#challenge_outfitter_epic_desc
0927435856754170,#customize/head_merc_5_4
09274858567549EF,#customize/head_merc_5_1
093B86E2269C2689,rew_mp_aar_progress_bar
0A803233810946D3,rex_mp_mm_global_eu_e
0A80383381095105,rex_mp_mm_global_eu_c
0A803B338109561E,rex_mp_mm_global_eu_n
0AB5B5BB58F2E2D9,ping_equipment_mine_lethal_hostile
0B034B8325E381AF,#lua_menu/mapname_saba_pm
0B175E8CE3CAE1F3,rex_mp_vd_gamemode_backer
0B2893A3A6CEC53B,ZODIAC/CALLOUT_TRACKLINE
0C1256E9BC8EDF3B,veh_sat_derived_port_mil_utv_wz
0C891F23C738CEE4,#customize/body_synaptic_1_2
0C892023C738D097,#customize/body_synaptic_1_3
0CBE5D5419A9A8F6,#customize/body_stryker_2_4
0CBE5F5419A9AC5C,#customize/body_stryker_2_2
0D10759FA5A2159F,ui_rex_icon_op_blackwell_1_1_mid
0D24F3F21EBAA99B,#customize/body_merc_3_1
0D24F5F21EBAAD01,#customize/body_merc_3_3
0D4C701A19035000,updateselectedfreeforallryzknkuf4
0D60B1F8BC58F36C,#killstreaks_hitman
0D72EEA4C3B1299F,#lua_menu/mapname_m_deck
0DA3B76F2C3B49AE,#challenge_outfitter_camo_desc
0DF971242975B451,ZODIAC/CALLOUT_COOLING
0E13EB59E7314C59,shroom_myplayer_pullupeverythin
0E1AE11D4E82369E,#challenge_outfitter_camo
0ED5E26090D03AAF,#splashes/br_gulag_jail_break
0F8BA184D93F9FBE,ping_killstreak_advanced_uav_hostile
1017CD2E3E05C715,rex_mp_aar_progression_rank_up
1116707F054310A0,#lua_menu/mapname__gulag_caves
126E2CF5D6AB452E,ui_rex_icon_att_sn_svictor98_quiver_v0
12BD5B88F52D6FD9,ui_rex_icon_op_beta_1_1
12D567B4B1550A81,#customize/body_ftl_3_2
13063E51BC0D965B,rex_mp_mm_global_me
130D0C51BC136013,rex_mp_mm_global_oc
13141F51BC199F0A,rex_mp_mm_global_af
1473BEF381DFFBF7,#customize_taunt_29
147743F381E313CD,#customize_taunt_38
15DBF0CDF4E16019,enemy04_fingerprint_0x16022d0b66e8cb2eull
15F93973DA8F58AC,#splashes/hp_hold_capture_bot
167702290A45FC3F,#lua_menu/mapname_m_torn
1692EE2D454C1782,#intel_mp/double_kills_short_desc
178594428C1C0A38,ping_killstreak_attack_helo_hostile
1883E3A64D21632E,#customize/body_warfighter_1_2
1883E5A64D216694,#customize/body_warfighter_1_4
18DEF5E76008A9C6,#mp_chyron/mp_t10_sm_citadel_allies_4
18DEF7E76008AD2C,#mp_chyron/mp_t10_sm_citadel_allies_2
18DEF8E76008AEDF,#mp_chyron/mp_t10_sm_citadel_allies_3
18DEFAE76008B245,#mp_chyron/mp_t10_sm_citadel_allies_1
18E90800EE8ABC24,#challenge_outfitter_master_desc
18F64CEF3FDE433C,rex_frontend_gunny_waveform
19899F8CFF13FF18,#lua_menu/mapname_shrossing
1991A4296768FCB0,ui_rex_ingame_hud_mp_game_state_domination_neutral_progressbar_backer
19FBE7228377CCEC,#splashes/burnout
1A1C66DE209E4BE0,#lua_menu/mapname_prisonbreak
1A7CB810D58B99D8,ping_killstreak_air_lockdown
1AFD7DB4B5CEE2A3,#customize/body_ftl_2_1
1AFD80B4B5CEE7BC,#customize/body_ftl_2_4
1B8F013F6EF35B2D,#VDv
1BDA60526EF08298,ping_ammo_depot_rex
1BDFD905B9BF4413,#intel_mp/scorestreak_assists_generic_desc
1C7A209CD6C2288E,zm_ai_callisto_stun_shock
1CCBDCF10CA2FF62,#splashes/destroyed_lrad
1CD85609A352E5C9,missile_controls/screen_locked
1CEB9AF341F8D7F0,#lua_menu/mapname_m_fight
1D07E2B48A1A4459,#challenge_outfitter_common_desc
1D1B9E296CFFBF09,#menu/default_system_device
1D35D6220EA0376B,#options/amd_fidelity_fx_disabled_desc
1E132D557295AA88,#challenge_outfitter_common_set
1EC21521152A63EE,#splashes/left_flip
1F29A09FA1C32B56,cos_rex_148_mobilitycourse
1F7AD598E769F5C8,ping_killstreak_deathstalker
1F98ACD2A4F37AEB,#customize/head_ftl_5_4
1F98B2D2A4F3851D,#customize/head_ftl_5_2
2001BCF229D8E9E6,#customize/body_merc_1_4
2001BFF229D8EEFF,#customize/body_merc_1_3
2001C1F229D8F265,#customize/body_merc_1_1
202CAE8F5B86387E,smoke_wall_explode
2057F1572D11D4C7,#challenge_outfitter_common
20882DE50DC1A474,#lua_menu/mapname_m_lounge
21E9583F4AC08AFC,#splashes/destroyed_switchblade_drone
225F15A6530CFF64,#customize/body_warfighter_2_3
225F17A6530D02CA,#customize/body_warfighter_2_1
228ECD9224E3701B,ping_killstreak_railgun_turret
22917C42E4D4BACA,rex_mp_mm_global_as_se
22A4AB9F0D834293,rex_mp_mm_global_sa_w
22A4BD9F0D836129,rex_mp_mm_global_sa_e
22B79842E4F5B99B,rex_mp_mm_global_as_ne
22CA2B5677B453BA,rew_mp_aar_progress_bar_backer
22CEB770D462C150,#lua_menu/mapname_m_trauma
23DE8FF35E405F83,ping_killstreak_glider
23DED277F8EDDE24,#lua_menu/mapname_saba2_proto_s4
23DED377F8EDDFD7,#lua_menu/mapname_saba2_proto_s5
24DC7491F62215E7,rew_splash_dashes_large
25B22FB4BC734919,#customize/body_ftl_1_4
25B230B4BC734ACC,#customize/body_ftl_1_3
25B231B4BC734C7F,#customize/body_ftl_1_2
25B232B4BC734E32,#customize/body_ftl_1_1
25DC565F2A5290DF,#splashes/donut
25E0208CB87E3D16,#killstreaks/tactical_nuke
25EF8E953E764DA6,#splashes_proximitykill_desc
26DCEA9466ACA1CB,ui_rex_icon_att_sil_bxhvy01_v0
26F387B8486866CE,#splashes/bio_labs_lpcon_alpha
272BF3D3C3130B24,veh_sat_derived_port_mil_lnd_atv_wz
27760E11DDD9A6D5,ui_rex_icon_eq_hb_sensor
27DABD10DB1121A5,rex_mp_level_up_splash_backer
27E6B987492ECA42,veh_sat_derived_medium_truck_wz
2805E7E231559CD3,#splashes/jup_mapobjtest_exfil_notify
28096E984B3FE360,#super_mp/scramble_ready
29AE2DA656CEEA2C,#customize/body_warfighter_3_2
29AE30A656CEEF45,#customize/body_warfighter_3_1
29BE26F61F6BEA6A,#customize/head_synaptic_1_2
29BE27F61F6BEC1D,#customize/head_synaptic_1_3
29C1F9D115553D3A,sat_me_elnath
2A041D82F21E7E74,#intel_mp/attachment_4plus_generic_desc
2A4D48D2AB97BBFF,#customize/head_ftl_4_1
2A913A41270B2CED,#killstreaks/king_toma_strike
2AC9E59B307DCF2E,technomanoperatorlootx5f9e
2BFB91E9D807C21D,ui_rex_icon_eq_gren_thermite
2C333C3FC7048ACC,#splashes_flag_defend
2C5E3792A6EB755B,trunktile01_platformfriend_0x8ec8ef8829942e3cull
2CA94120E136A217,dawg_missile_turret
2CBF9638B38CA13E,#splashes/destroyed_loitering_munition
2D2EE5586B41FBB6,#customize/head_merc_1_2
2D2EE6586B41FD69,#customize/head_merc_1_3
2D2EE7586B41FF1C,#customize/head_merc_1_4
2D59C07EAE6DFAF9,#splashes/nac_nac_right
2D5C20310F700771,matchtotal_receiver2_bg068
2DA80C19807A6094,#perks/ability_ammo_drop_ready
2DCF578E128E2A85,#splashes/stoppie
2DD1B58CB2297357,T10_WEAPON_ATTACHMENTS/T10_RECEIVER_DEFAULT
2E818978924FECF0,sat_battlepass_abstract_generic_tokens
2F53A96C52990D7C,#challenge_all_tiers_completed
2F6D02E18B0E4D98,ping_equipment_c4_hostile_rex
2FACFABC97F8CDCC,#lua_menu/mapname_m_tokyo
2FCFA89029F3A404,rex_mp_aar_progress_bar
30059EF078DBCC9C,#lua_menu/mapname_shoothouse3
302321435A888325,rex_frontend_loading_waveform
30921DCBA04AA05E,ae/sat_ae_autogen_blackcell_evolving_challenges.csv
30D21FFFB588BE4F,#splashes/destroyed_destroyed_escort_airdrop
30D7472892F77E80,rex_frontend_quicknav_active_waveform
316BF4C27D946C36,#challenge_outfitter_thief
31FD5441B57E3FF2,#lua_menu/mapname_greenbox
32B8505427ED639D,rex_mp_aar_progression_level_skip
33C08E460BEF6C1C,ZODIAC/CALLOUT_DEPOT
33CEAE06EDB7129E,T10_WEAPON_ATTACHMENTS/T10_MAGS_DEFAULT
345B79CF07DA9634,#lua_menu/mapname_m_studio
347D97586F03392C,#customize/head_merc_2_3
347D99586F033C92,#customize/head_merc_2_1
353FCA0BB9FAC42F,#challenge_outfitter_epic
35763A198CEAA269,#mp_chyron/mp_t10_sm_citadel_axis_4
35763B198CEAA41C,#mp_chyron/mp_t10_sm_citadel_axis_3
35763C198CEAA5CF,#mp_chyron/mp_t10_sm_citadel_axis_2
35763D198CEAA782,#mp_chyron/mp_t10_sm_citadel_axis_1
360AB7C325997AFB,#lua_menu/mapname_t10_sm_citadel
36139477083CBB33,#customize/head_ghost_4_2
37061D9F3575C0ED,#intel_mp/medal_nosebreaker_generic_desc
376B8EAF94382E44,#lua_menu/mapname_rush
37EFC654F0F66825,#customize/head_warfighter_4_4
37FF410DCCF77D0C,#splashes/nac_nac_left
3827A62BD3B36B46,#challenge_outfitter_thief_desc
3888C33A48E5E65D,omnvars/feature/omnvars_operator_mission_tracker.csv
38ADC3BD45635C97,rew_splash_icon_backer
390C309CC5E5CAD9,#splashes_flag_assault_desc
392506A44ADAABEA,ZODIAC/CALLOUT_FURNACE
398ED707F54D0FE1,hud_icon_veh_rex_air_drone_bomb_sp_loot
399F4E901040451E,#challenge_outfitter_rare_desc
3A5657D50BD5289D,ping_fieldupgrade_medical_box
3AE871F62919731B,#customize/head_synaptic_3_3
3AE873F629197681,#customize/head_synaptic_3_1
3AE876F629197B9A,#customize/head_synaptic_3_4
3B8C274A908C50C0,#mp_chyron/mp_toujane2_axis_4
3B8C2C4A908C593F,#mp_chyron/mp_toujane2_axis_1
3B8C2D4A908C5AF2,#mp_chyron/mp_toujane2_axis_2
3B8C2E4A908C5CA5,#mp_chyron/mp_toujane2_axis_3
3BF5510893F51919,rex_mp_aar_progress_bar_backer
3CB0C51FB3127761,ui_rex_icon_op_price_1_1_mid
3CCA2E48FFB59915,vfx_iw8_br_gameplay_infil_jump_smoke_01_friendly
3D7E77BF3FBFFCF2,yaambr_launcherammo_ead796014673ab
3EC495B30495994F,rex_mp_nuke_splash_backer_dark
3F3EFA54F4B88281,#customize/head_warfighter_5_1
3F51119A6599E9EA,#lua_menu/mapname_m_discharge
40587D72FD7E156B,#customize/head_stryker_5_2
40588372FD7E1F9D,#customize/head_stryker_5_4
4077542BDFBE578B,misc_vm_br_parachute
40C8D1770EE20DDA,#customize/head_ghost_5_4
40F1204B8C2E8C09,#lua_menu/mapname_egypt
40F129CC1F3C0477,#lua_menu/mapname_float_bay
40F87915280CB9AA,ui_rex_icon_op_park_1_1_mid
41AA8F8AF50665C9,ui/hud_editor/default_config.json
41D1855E22AE0D16,vfx_iw8_br_gameplay_infil_jump_smoke_01_enemy
4231EF807F6A15AB,#killstreaks/recon_drone_ready
4304CD48235DD06E,#splashes/wheelie
439FCBD2B9BF5698,#customize/head_ftl_1_1
439FCDD2B9BF59FE,#customize/head_ftl_1_3
439FD0D2B9BF5F17,#customize/head_ftl_1_4
43AF5D6B9ED5337B,ens_global_stream_mp
43BA40E71DDC8DE5,ping_fieldupgrade_razorwire
44C65C8E450523C0,#lua_menu/mapname_toujane2
459D0BF62FBDB0C9,#customize/head_synaptic_4_2
459D0DF62FBDB42F,#customize/head_synaptic_4_4
45FE1007120E50D5,dart_mark_zero_uncontrolled_sat_ob
4670652A94055E5C,#challenge_outfitter_legendary_set
46E682866BBD17F7,ping_ally_revive
4702CFCA27C132D8,#lua_menu/mapname_jupiter_v2
47CA66820E3D95F9,omnvars/cp_mp/omnvars_currency.csv
4817667712A31A09,#customize/head_ghost_2_2
4817687712A31D6F,#customize/head_ghost_2_4
4946B780154E3088,#killstreaks/king_directional_uav
49A21A619B11CC8B,ae/sat_ae_autogen_loadout_progression.csv
49D43D218C083DCE,#splashes_flag_return
49F39154FB5CBB16,#customize/head_warfighter_2_3
49F87FEA0795F314,#killstreaks_hitman_desc
4A074278887C6B59,concussion_grenade_flashed_mp
4AD671DA4DCFBC47,#splashes_flag_assault
4B1DA62193DC3461,ping_equipment_tripwire_hostile
4BAF19C817080EF4,cos_rex_112_betacombatrecord
4C20C252849A1853,#lua_menu/mapname_m_tower2
4C307CAB0F44EE09,ui_rew_icon_contract_scavenger
4CCC181AD59EF0D6,#splashes/front_flip
4CEEEBE07F859779,#coop_game_play/skiptimer_used_splash
4D147E88F17FCD11,#intel_mp/scorestreaks_generic_desc
4D4A206025EF5E09,#lua_menu/mapname_invasion
4D839AAA438D5DE4,#intel_mp/attachment_0_generic_desc
4D9AEE7AD97621FA,rex_mp_aar_weapon_reward_unlock
4E0E0F91BD665068,#challenge_outfitter_epic_set_desc
4E2577E51A183478,com_fallback_weaponcosmetic
4E25EAB418A3EDBD,#splashes/right_flip
5024E6B57C90E174,#lua_menu/mapname_bsptransition
50D25310A4018254,#splashes/robj_ot_desc
514EAED48B412555,#lua_menu/mapname_farm_19
5182CE73072BA84E,#customize/head_stryker_3_3
5212A49A24479217,#splashes_proximityassist_desc
521BC854FFD6CB4B,#customize/head_warfighter_3_1
5273024F237CB078,#customize/body_ghost_1_4
5273074F237CB8F7,#customize/body_ghost_1_1
5273084F237CBAAA,#customize/body_ghost_1_2
52A9668E6269FE2E,#challenge_outfitter_rare
52CD9C54C50AE07E,#splashes/bio_labs_lpcon_alpha_desc
52E9DD8FB91C6EC2,ui_rex_icon_eq_zip_gun
52FBA06CFC340F6B,#lua_menu/mapname_arn_zone1
52FDE8A720CD23A0,#mp_chyron/mp_lone_gw_allies_2
52FDE9A720CD2553,#mp_chyron/mp_lone_gw_allies_3
52FDEBA720CD28B9,#mp_chyron/mp_lone_gw_allies_1
52FDEEA720CD2DD2,#mp_chyron/mp_lone_gw_allies_4
531E9F2E205EE095,ping_killstreak_attack_helo
53F856EFFAEC6FD9,rex_mp_killstreak_tablet_select_target_backer
5405903E23B6DB88,missile_controls/screen_target_hit
5416521B0651A6E5,#lua_menu/mapname_lone_gw
54AB70E3FE99380D,ui_rex_icon_op_sas_1_1_mid
553D0ECD7ED1DA61,#splashes/br_gulag_jail_break_desc
55A399D2C425AEA2,#customize/head_ftl_3_1
5605C72686F728E6,veh_sat_derived_port_tav_amphib
5610611514B6BA4B,#lua_menu/mapname_m_gulag_redux
57FEE4D97475A28A,ui_rex_icon_att_ar_akilo_drum_762s_v0
5800AF24EB4D78B7,#medals_mp_kill_ss_emp_drone_desc
58CD36A24AB7F775,#challenge_outfitter_legendary_desc
58E0D883BAB8368D,#medals_mp_kill_ss_emp_drone
58E81A4F2684F780,#customize/body_ghost_2_3
58E81B4F2684F933,#customize/body_ghost_2_2
58E81C4F2684FAE6,#customize/body_ghost_2_1
58E8214F26850365,#customize/body_ghost_2_4
593D83AC21312F86,rew_mp_aar_progression_rank_up
5992F8E9F91AAAC0,#splashes/jup_mapobjtest_end
59AAE8730BA5873C,#customize/head_stryker_2_4
59CBBE020EDADF51,omnvars/mp/gametypes/omnvars_dom_ctdm.csv
5A40F3F7C66FFAF9,#intel_mp/aerial_support_short_desc
5B1377054F307B0E,#jup_ob_event_challenges/codmas_7
5B1378054F307CC1,#jup_ob_event_challenges/codmas_6
5C84F0FC08D678A3,#challenge_outfitter_legendary
5CD7BF6A04D263E7,soldier/core_soldier
5D0C2FC299E1CDAA,#lua_menu/mapname_bit_farm
5E0C6FCCD04FED30,#splashes/superman
5E7C6589C16FE4D1,#lua_menu/mapname_m_canal
5F7E08BD946F11CE,mega_death_machine_gun
60331DB74EA85785,#splashes/disabled_breacher_drone
60DC07B2D1CA70B6,#lua_menu/mapname_kyoto
613B018442DDD46B,rex_mp_mm_global_eu_nw
6142A3E7F088C577,ui_rex_icon_op_ghost_1_1_mid
6166F1844302F426,rex_mp_mm_global_eu_sw
6169E57720CAADD6,#customize/head_ghost_1_4
6169E77720CAB13C,#customize/head_ghost_1_2
6169EA7720CAB655,#customize/head_ghost_1_1
62276520BA159E83,#killstreaks/king_uav
62E57B525FE404A3,#splashes/req_cash_collected
62EBEB5505FC1334,#splashes_flag_defend_desc
630B4EBA50709208,SUPER_MP/REDEPLOY_DRONE_BEACON
63105637B705A937,#perks/perk_package_activate_headhunter
63120284F373A39F,VEHICLES/TWIN_HELI
6346115509845096,#customize/head_warfighter_1_4
63461355098453FC,#customize/head_warfighter_1_2
6346165509845915,#customize/head_warfighter_1_1
64412B7CB883C2FC,#challenge_outfitter_variant_triplet_desc
644F8AEA842F320D,rex_mp_apex_unlock_splash_normal
645F98731249EA4C,#customize/head_stryker_1_3
645F99731249EBFF,#customize/head_stryker_1_2
645F9A731249EDB2,#customize/head_stryker_1_1
6543120615C5C16A,#killstreaks/king_precision_airstrike
658C807CA1E09360,ui_rex_icon_att_ar_akilo_mag_lrg762s_v0
65B84112689CFED3,#mp_chyron/mp_bounty_allies_1
65B84212689D0086,#mp_chyron/mp_bounty_allies_2
65B84312689D0239,#mp_chyron/mp_bounty_allies_3
65B84412689D03EC,#mp_chyron/mp_bounty_allies_4
65D40C11790DDA26,REX_VEHICLES/6X6_RADAR_FLATBED
65E9550E6D9A9354,cos_rex_113_betarewards
66152375A89455B0,#mp_chyron/mp_bounty_axis_1
66152575A8945916,#mp_chyron/mp_bounty_axis_3
66152675A8945AC9,#mp_chyron/mp_bounty_axis_2
66152875A8945E2F,#mp_chyron/mp_bounty_axis_4
66F5109EA572FBE6,veh_sat_derived_port_civ_lnd_dirt_bike_wz
6776205F3F07BBEE,loot_stem_card_rarity5
6776215F3F07BDA1,loot_stem_card_rarity4
6776225F3F07BF54,loot_stem_card_rarity3
6776235F3F07C107,loot_stem_card_rarity2
6776245F3F07C2BA,loot_stem_card_rarity1
6776255F3F07C46D,loot_stem_card_rarity0
67EC2F5FA17DFFF7,ui_rex_icon_att_sm_psierra41_ubgl_v0
68337E684EEEA5FB,#challenge_outfitter_rare_set_desc
68F10C3BFF92D4F4,#challenge_outfitter_variant_triplet
69029F26CB113EE1,#splashes/jup_mapobjtest_start
6AB69E7FB529C67A,#killstreaks_refresh_desc
6B29BC2E1423985E,veh_sat_derived_mil_boat_rigid_tactical_raft_wz
6B801CEC5C154FB6,#splashes/req_cash_dropped
6C4CF070FD31CF4A,ui_rex_icon_att_ub_gl01_v0
6C67F5140589600B,ui_rex_icon_eq_gren_stun
6D398AE14EC34B01,#challenge_outfitter_rare_set
6DF3E64311607DCB,rex_mp_mm_global_na_sw
6DF3F84311609C61,rex_mp_mm_global_na_se
6DF3FA4311609FC7,rex_mp_mm_global_na_sc
6DF414EA7D117FFE,#intel_mp/objective_attack_generic_desc
6E20D64311875086,rex_mp_mm_global_na_nw
6E20E44311876850,rex_mp_mm_global_na_ne
6E20EA4311877282,rex_mp_mm_global_na_nc
6E9F6DC101B1655B,ZODIAC/CALLOUT_SOLAR
6F346F32730BA9BA,ping_killstreak_railgun_turret_hostile
6F450C1336934578,sat_blackcell_loading_loop
6F8C71EB57DDEECE,rex_mp_apex_unlock_splash_bright
6F925160361C1A15,ZODIAC/CALLOUT_OLDMINES
7094CE9FECA7BAA0,#challenge_outfitter_epic_set
70AA1E23B6E6D8F1,#customize/body_synaptic_2_2
7107A60EAD7A19A4,#challenge_outfitter_legendary_set_desc
7196B2FDEF5AED5D,omnvars/mp/gametypes/omnvars_steppedProgressBar.csv
7212BB7EC8637DCA,#splashes/hp_secured_capture_bot
721D045203ABCD5A,dawg_turret
736BDB540B821010,#customize/body_stryker_1_1
736BDD540B821376,#customize/body_stryker_1_3
736BDE540B821529,#customize/body_stryker_1_2
736CCDAB1BE1C0B6,rex_warzone_vds_anim
742B99D00728FFDD,ui_rex_icon_op_kofi_1_1_mid
745B03BECBF81275,veh_sat_derived_mil_light_heli_wz
75261377AB42332D,ping_killstreak_air_lockdown_hostile
752A15A979EF0C1E,#intel_mp/scorestreak_assists_short_desc
75619059C6580967,ui_rex_ingame_hud_inventory_looting_icon_searching
75B64CFA664679DC,#challenge_outfitter_master
76B3EFB0312BDA26,rex_mp_killstreak_smartphone_boot_up_hanbit
76CE5AC75DE155D4,#equipment_trophy_ready
76DEB413A2643862,LP/MAX_ELIMINATION_SR_REACHED
77094B2B75722828,rex_mp_aar_weapon_reward_unlock_owned
77095CBE4FF0082A,brloot_train_recon_tablet
770F353386B35F94,#mp_br_ingame/insure_slot_backpack_desc
77858479035A10B7,loot_stem_card_customweapon
7788CC9B79CD2D62,rex_mp_nuke_splash_backer_glow
78D813BD03A1FD24,missile_controls/screen_login
78EEC62025931138,#mp_chyron/mp_lone_gw_axis_3
78EEC720259312EB,#mp_chyron/mp_lone_gw_axis_2
78EEC8202593149E,#mp_chyron/mp_lone_gw_axis_1
78EECD2025931D1D,#mp_chyron/mp_lone_gw_axis_4
79808FA7D74AD12C,ZODIAC/CALLOUT_RD
79B992C34377D764,ui_rex_icon_wpn_prog_bp_ar_kilo2_v10
7AC4953A21E4D7A4,#splashes/back_flip
7AEC6EA6874BDB8D,ui_rex_icon_att_scope_arxvz01_v0
7B5F3423BD8BE953,#customize/body_synaptic_3_1
7B5F3523BD8BEB06,#customize/body_synaptic_3_2
7B5F3623BD8BECB9,#customize/body_synaptic_3_3
7B5F3723BD8BEE6C,#customize/body_synaptic_3_4
7B6712E5C389036E,ping_fieldupgrade_recondrone_hostile_rex
7BBEBE9D77C656CC,rex_mp_equipment_bomb_defuse
7BE35DD38B886131,ZODIAC/CALLOUT_ADMIN
7D2083909D8CCE22,#lua_menu/mapname_wallmarket
7F2AEE91C77890CF,rew_splash_dashes_small
7F5BC6F0CC8C83F7,loot_stem_card_invisible
7F71CEA9871AD630,ui_rex_icon_loot_minijugg
0F6E01AA39342111,sat_deadzone_tester_trigger_left_scale
0FBD6F89BE29E47E,rex_ui_cursor_move_click
1065CD86254FDF8D,rex_ui_cursor_arrow_contextual
13A91FCAAB0A0223,sat_ui_icon_telemetry_battery_default
1752328F7C2126DB,rex_overlay_tablet_mapselect_background
282120F1CF724B59,rex_ui_cursor_arrow_normal
2E73927F201D0409,rex_overlay_tablet_killstreak_reticle
310F6317562EB9E9,ui_hud_score_bar
32FB81852E78DE20,rex_ui_cursor_move_hover
35A765170A592589,rex_vehicles/cougar
35E6F64AE04DB9B4,sat_deadzone_tester_trigger_right_scale
3A4FFC881763DB6C,rex_overlay_tablet_killstreak_atlas_texture_logo
3C7A1DBDBF0E329C,sat_ui_icon_xp_player_active_sm
3F37396F968F827F,wz_killstreaks/airdrop_desc
41EADFDA19A5C70E,secondary_ultra_light_rex
499248C6D754CB93,rex_overlay_tablet_smartphone_reticle_locked
4F1E2A13FC2C4DA0,ui_offhand_1h_vm_nvg6_v0
56C538492E79FC23,rex_overlay_tablet_killstreak_button
62F8412A986D34BC,rex_ui_cursor_arrow_active
6588E8B508F74C5C,rex_ui_cursor_ibeam
76B70C1DD4A77D6B,rex_overlay_tablet_killstreak_map
7EFB2B3A55BD2434,setting_image_crosshairdotscale
0001800004600508,oldbrushgetitemspawnentryxaf80
00808E20E6A00308,coupler_titlecolor_0x8891086797
01C9B0438E216426,ui_menu_benchmark_texture
027487D6AE53A15D,rex_team_death_match_bigmap
02B2FB68045FDAF8,bc_equipment_action_sensor
03B66DDBE86513E4,rex_dmz_loading_waveform
059541C8719105EF,hud_reticle_med_09_wc_h
059546C871910E6E,hud_reticle_med_09_wc_g
05C576DA7F0F3C4A,ui_rex_icon_quicknav_active_unlocks
05F8344DD9A283E6,bc_equipment_incoming_sensor
076525F4259560B4,bc_fieldupgrade_action_ddos
07E611C2E3FC23E7,ui_rex_menu_spinner_checkpoint
0A0880955DDF0C8F,bc_killstreak_action_rcxd
0C9E2BF702943B4E,ui_icon_options_favorite_glow
0DF28F396F5AEA27,ui_rex_icon_att_sm_psierra41_barrel_v0
0F041B62CE652492,ping_fieldupgrade_soundveil_hostile_rex
10A9D6454C809481,sfx_front
126DBF43E18D4FA3,ping_loot_stim
12A7F03AC14261BC,ui_rex_icon_att_sn_svictor98_barrel_v0
12E332F051E7DBFA,ping_fieldupgrade_seeker_hostile
12EB5D08408B485D,cafoliage_vehsubmarine_0xfd9460ed5f3677f0ull
1473B3F381DFE946,#customize_taunt_26
1473B4F381DFEAF9,#customize_taunt_27
1473BDF381DFFA44,#customize_taunt_28
14773BF381E30635,#customize_taunt_30
15011D742BED6FA9,hud_score_zc_backer
16B9654EFD6D1CC9,ping_fieldupgrade_inflatabledecoy_hostile_rex
172157295674342A,ui_rex_icon_xp_battlepass_premium_boost_active
1883E2A64D21617B,#customize/body_warfighter_1_1
18CA59F33ADBBCDE,bc_killstreak_incoming_escort
1911AFB016515A5F,bc_killstreak_killfirm_dawg
19A9F5790E5D4B17,ping_fieldupgrade_deployablecover_hostile_rex
1AF9F9BD597A3D4F,ui_icon_ranked_play_logo_base_solid_small
1BDE975F959C512B,hud_icon_squad_dead
1C58A4DB1C6D1EF1,bc_killstreak_incoming_rcxd
1DB75F02C8702DC3,ui_menu_cac_allocation_pip_full
1E4C2B633B8F4561,rex_loot_bandage
22253DCCA3C1220D,ping_fieldupgrade_armorbox_hostile_rex
22680F58BB9CB6EF,aar_clock
2418B932211AF8E6,ui_icon_xp_player_active
24539990397CA0C7,sat_ui_icon_social_private
24E708828B5B772E,ping_fieldupgrade_ammobox_hostile_rex
28E44E076B5D8621,hud_vds_dmz_glow
2BB659A1D3AFFFC9,ui_bp_atlas_reward_unlock_hvt_jup
2DDF801F2DCFF987,bc_killstreak_incoming_drone_swarm
2E318E1948BA60AC,bc_killstreak_killfirm_sniper_drone
2F3EB552BDD1FCA9,ui_rex_lobby_playlist_friend_icon
303CAC54954C12D4,hud_koschei_complex_widget_arrow
30811EDCC444FB51,bc_killstreak_action_dawg
31899B595FB24752,bc_killstreak_action_sniper_drone
33A054BBA1CC1C8A,bc_killstreak_incoming_uav
33B539AFE8AE9D06,ping_equipment_foam_hostile
34AAC5ADAD3EFCF6,sat_ui_common_line_glow
34BA63BB64B94F63,hud_reticle_long_05_zm_g
34BA70BB64B9657A,hud_reticle_long_05_zm_h
35DDEC2FBE26F607,ui_hud_hit_marker_friendly
365C3D1B01C8AEA0,ping_loot_killstreak_railgun_turret
399BD50FEEC78762,ui_jup_menu_mission_select_button_gradient
3A6838AC211CF768,ui_rex_icon_att_sn_svictor98_stock_v0
3B690BBFD74265A8,bc_equipment_action_screamer
3B7101CB9C954BFE,bc_killstreak_incoming_gunship
3BDA3D872298ECFA,ui_bp_progress_bar_gradient
3BE0AAAD4E5A8C90,ui_whizby_center_blur
3E5EF4157F2B19D4,getnoderesend0xd7f72ab4efa5d13dull
3FAB8FF77CD2ECAD,bc_killstreak_killfirm_rcxd
3FB653239E99FB7E,ui_icon_xp_token_battlepass_active
400B3CAFB921034E,ping_fieldupgrade_medbox_hostile_rex
4224AFFE92AB4D8F,sat_ui_common_corner_glow
429353C8B3D13033,ui_hud_streak_list_backer
431347A42A1ABC8B,ui_bp_auto_spend_banner
438DC6C20965FC39,ui_bp_purchase_button_gradient
482671E620238E70,ui_jup_menu_gear_select_vignette
48548153078F8AF5,hud_reticle_thermal01_glow
48D0748239B31153,ui_bp_atlas_black_cell_sector
498C45F628C5B614,ui_rex_icon_obit_execution
4A39775CB354AE16,ui_bp_aar_button_topo
4A83D19C5575556D,hud_reticle_long_05_zm
4A9A294EE04C5C57,hud_koschei_complex_widget_backer
4BDCF5F2D8B735ED,overridecolorboots258845762
4C2335B31E7C2BFD,ping_loot_equipment_screamer
4D29534504557543,bc_killstreak_incoming_dawg
4D4557A9064827D3,ui_cer_wzftue_mission_check_icon
504BEE88802B214A,veh_rex_air_heli_blima_fast_unload_sp
51367B8F48BC26AE,ui_mp_br_infil_altimeter_arrow
539576F793BC2DA8,viewanim_maxrange_0xb048767e0883bad9ull
53F8C19B4E89079D,bc_killstreak_incoming_carepackage
5413F0E8AF0890FD,ui_menu_codhq_icon_motd
549860FD5DB1022D,bc_killstreak_action_combat_drone
555EA03A47D0B5B5,ping_loot_fieldupgrade_ddos
563CB7989E08DC1F,ui_rex_icon_att_sn_svictor98_mag_v0
57832F864AA05AC8,ui_rex_menu_mode_select_vignette
587AE73EDA97B9F9,ping_loot_container
59C3D66DE5CB9366,bc_fieldupgrade_incoming_trophy
59F40EEB760C2E7B,ping_fieldupgrade_trophy_hostile_rex
5AB27DCE72D3E244,ui_rex_icon_obit_IMPACT
5ADC0C6BA2B61E13,ui_icon_xp_token_weapon_active
5B1375054F3077A8,#jup_ob_event_challenges/codmas_5
5B1376054F30795B,#jup_ob_event_challenges/codmas_4
5B1379054F307E74,#jup_ob_event_challenges/codmas_1
5B137B054F3081DA,#jup_ob_event_challenges/codmas_3
5B137C054F30838D,#jup_ob_event_challenges/codmas_2
5C76914528A5CEDD,ui_bp_blackcell_button_outline
5D259DECAD19F9E3,ui_bp_inspect_panel_fluff
5D3524C74FD6C4E5,ui_rex_icon_att_sm_psierra41_stock_v0
5D470BFF6A27B57A,ui_menu_codhq_icon_nav
5F1C55F5FF9C8EA6,intropopups_chargedist_glowbundleoutline
603028DCB70E9790,hud_reticle_med_09_wc
60E61909C95033EF,ui_bp_inspect_banner
61AD8FB3C13B3524,rthundgetcivilian0xa0d7185e96c76abfull
61C72DB98B15D02E,ui_rex_icon_att_sm_psierra41_mag_v0
659E231E18A8043E,ui_gradient_radial_out
65EA70F6B3FB8CC8,ping_loot_killstreak_combat_drone
66407AE0C596B782,ui_jup_menu_mission_select_bg
69F452327775D890,sat_ui_menu_line_glow
69FCB2E853C5A28F,ui_icon_operator_base
6F949C4963746CE3,sat_ui_icon_social_lock
71EBC83C18C00CF5,ui_gradient_radial_in
74121973E37676C6,gamemodefeatureflags_mp
74BD8B989D2CFD51,bc_killstreak_incoming_JUGG
7652BC5F1E4200DE,ui_rex_loadout_gunsmith_backer
7758D43EC0FD5A3B,bc_fieldupgrade_incoming_scrambler
77982791B5E3A0E4,updatelocal_notequipped_pointstextnew
7B749DE06854FCEC,ping_loot_killstreak_glider
7D85FCADF47F39AA,bc_killstreak_incoming_counteruav
7F2DC9E8D1376E8E,sat_ui_icon_social_filter
7F7FF1BF5B9FFDFB,stateroomunpinned14293028ull
