hash,name
0007C3795C566261,tag_screen_all_relays_on
000B7B3BEF224430,t10_hst_archway_wood_left_01_mesh
00132FA967161EEC,construction_hardhat_lowres_01
002B2DC49F1EBABA,cyclops_s4_construction_wall_facade_piece_01_a_extend_left_mesh
002CAAD5380098BC,j_cosmetic_backpouchlstrapb
002CABD538009A6F,j_cosmetic_backpouchlstrapc
002CADD538009DD5,j_cosmetic_backpouchlstrapa
0035C7496D118A40,j_empty_ammo_belt_01
0035C9496D118DA6,j_empty_ammo_belt_03
0035CA496D118F59,j_empty_ammo_belt_02
0042DE87EB371644,pillar_concrete_01_16x128_corner
00443E345E97541C,tag_cover_panel_01_dst
00473126D9EFCC52,j_radar_rot_01
004C897C7F16F6B8,tag_engine_pod_le_dst
004E3732081C7D5C,un_office_clipboard_01
006CAAE0937F4144,jnt_vfx
007AC2412DD67EC2,t10_sabotage_construction_fence_corrugated_03_lod0
00826EF5244D5EB5,j_sidegilly_d_ri
0087B997CB85358D,t10_kitchen_market_stalls_food_tray_04_mesh
00A0E1CAE165123A,tag_fastrope_front_ri
00A46EF5246A451B,j_sidegilly_d_le
00AC3BDE012DF700,j_keypad2
00AC3CDE012DF8B3,j_keypad3
00AC3EDE012DFC19,j_keypad1
00AC3FDE012DFDCC,j_keypad6
00AC40DE012DFF7F,j_keypad7
00AC41DE012E0132,j_keypad4
00AC42DE012E02E5,j_keypad5
00AC45DE012E07FE,j_keypad8
00AC46DE012E09B1,j_keypad9
00B4C1CAE17584E4,tag_fastrope_front_le
00B71B287E1B8E13,tag_origin_raven
00B9C29562AABCB1,debris_shell_casing_floor_pile_03
00D984A0AC659D48,j_cosmetic_strap
00F7E733DB329CCD,floor_wood_splintered_end_stack_02_burned
0100ACD0C83809D8,p9_foliage_grass_wild_01_cluster_01_lod3
0111E04A6B472EF5,tag_fx_thigh_le
0114C22ED0F20AF0,ee_furniture_loveseat_fabric_01
011D1FFB445FC5BE,tag_front_right_armor_dst
01225E55CB059343,tag_glass_4
01226155CB05985C,tag_glass_1
01226355CB059BC2,tag_glass_3
01226455CB059D75,tag_glass_2
012892569A24E912,tag_turret_front
012A55ADFADFFFD0,j_cosmetic_radio_02
012A56ADFAE00183,j_cosmetic_radio_03
012A58ADFAE004E9,j_cosmetic_radio_01
012A5BADFAE00A02,j_cosmetic_radio_04
01347F11FBBBBF20,j_cosmetic_leg_pouches_le_1
01348211FBBBC439,j_cosmetic_leg_pouches_le_2
013941BBDED1AD47,j_cover_releasebutton
014EC04A6B7AA6B3,tag_fx_thigh_ri
0197B9C175F1C067,j_ammoboxplate
01A8120A973B26C0,un_office_desk_phone_01
01A8A2331312ABC2,j_pin_bend_down
01B6D4E8114F1EB7,tag_origin_hydraulic_3_b
01B6D5E8114F206A,tag_origin_hydraulic_3_a
01BAF859D75C1C3B,un_office_marker_yellow_01
01BF84521429BF65,j_right_blade
01C4C8AA7C3646A2,j_magnifier
01CA068F7DB46D28,tag_napkin_4
01CA0B8F7DB475A7,tag_napkin_1
01CA0C8F7DB4775A,tag_napkin_2
01CA0D8F7DB4790D,tag_napkin_3
01CB773329675447,tag_present
01D33D380BC285D6,me_boardgame_backgammon_01_b
01D857E8189D1B93,tool_cordless_drill_01
01E422F872520EA3,j_wire_005
01E424F872521209,j_wire_007
01E426F87252156F,j_wire_001
01E428F8725218D5,j_wire_003
01E42EF872522307,j_wire_009
01E64E0FF32083A2,j_cosmetic_ak_pouch_ri
01E7A4F872552160,j_wire_017
01E7A6F8725524C6,j_wire_015
01E7A8F87255282C,j_wire_013
01E7AAF872552B92,j_wire_011
01F82075F785D25B,ee_street_cement_curb_ramp_thick_32_b_lod0
01F83D9853F7A0C6,revolver_06_jnt
01FB238578E695A8,decor_worn_curtains_small_02
01FEFB8FD014C841,j_cosmetic_gear
0217E154AFEBDABE,building_roof_lip_concrete_01_corner_outside
02188EEF597E6FE2,t10_food_market_olives_01_geo_export
021B16FE859B2A49,un_military_duffle_bag_small_open_01
02229E012BB48F60,j_forehead_add_ri_007
02229F012BB49113,j_forehead_add_ri_006
0222A2012BB4962C,j_forehead_add_ri_003
0222A3012BB497DF,j_forehead_add_ri_002
0222AC012BB4A72A,j_forehead_add_ri_009
02311E0FF3601D8C,j_cosmetic_ak_pouch_le
0236E5468CFEF366,j_canopy
02509E4518986268,j_cosmetic_flashbang_pouch_c
02509F451898641B,j_cosmetic_flashbang_pouch_b
0250A045189865CE,j_cosmetic_flashbang_pouch_a
0255AE54F95413B8,decor_barbed_wire_razor_32_01
0262CD00C53D0249,sat_electronics_hjk_electrical_panel_01_lid
026E705219687681,window_exterior_metal_bar_d_1
027271AFC99F9468,j_hiptwist_le_attach
0272A2A8BD8FAB76,j_kurta_simmesh_9
0272A3A8BD8FAD29,j_kurta_simmesh_8
0272A8A8BD8FB5A8,j_kurta_simmesh_3
0272A9A8BD8FB75B,j_kurta_simmesh_2
0272AAA8BD8FB90E,j_kurta_simmesh_1
0272ABA8BD8FBAC1,j_kurta_simmesh_0
0272ADA8BD8FBE27,j_kurta_simmesh_6
0272AEA8BD8FBFDA,j_kurta_simmesh_5
0272AFA8BD8FC18D,j_kurta_simmesh_4
02767641F4289A57,tag_gunner_weapon1
02767741F4289C0A,tag_gunner_weapon2
02767841F4289DBD,tag_gunner_weapon3
027C6DBD01299BCE,j_hood_01
027D1C5357BE0B04,j_hair_le_03
027D1D5357BE0CB7,j_hair_le_02
027D1E5357BE0E6A,j_hair_le_01
027EBD40416FB2C2,tag_nav_light_front
02802E0CB1D64654,tag_keyboard_light_green_01
0280310CB1D64B6D,tag_keyboard_light_green_02
0284BA93B32A5858,j_screen_01_on_1
0284BC93B32A5BBE,j_screen_01_on_3
0284BD93B32A5D71,j_screen_01_on_2
0296ACC49E499CC0,j_leaf2
0296ADC49E499E73,j_leaf3
0296AFC49E49A1D9,j_leaf1
0296B0C49E49A38C,j_leaf6
0296B1C49E49A53F,j_leaf7
0296B2C49E49A6F2,j_leaf4
0296B3C49E49A8A5,j_leaf5
0296B6C49E49ADBE,j_leaf8
0296B7C49E49AF71,j_leaf9
0297FCF598208B39,j_index_ri_2_prop
02AA3AF1383C727A,lighting_fixture_ornate_iron_hanging_01_dest
02BB830E10F6D469,j_leg_4_pin
02C954ED669CDE43,j_cosmetic_flipper_aa
02D347ED66A51CB1,j_cosmetic_flipper_bb
02E2D6AF410C410B,tag_cage_origin
02E6CCBFDFC6D769,j_head_chunk_3_root
02ED717216301EBD,tag_wheel_front_right_scripted
02EDBCBDCF5878F8,jntbnd_sat_zm_rock_cluster_floating_02_fxsim_04
02EDBDBDCF587AAB,jntbnd_sat_zm_rock_cluster_floating_02_fxsim_05
02EDBEBDCF587C5E,jntbnd_sat_zm_rock_cluster_floating_02_fxsim_06
02EDC1BDCF588177,jntbnd_sat_zm_rock_cluster_floating_02_fxsim_01
02EDC2BDCF58832A,jntbnd_sat_zm_rock_cluster_floating_02_fxsim_02
02EDC3BDCF5884DD,jntbnd_sat_zm_rock_cluster_floating_02_fxsim_03
02F0A7A66E6C5E03,lt_upperjaw_jnt
02F862631DBCEF7B,j_timir
02FEF851F824498A,j_upper_suspension_plate_back_right_aim
03037A71B4D305E8,mc_liberty_falls_bowling_alley_pinsetter_housing_01_mesh
0304C58626B8BECA,j_pinky_ri_2_prop
0313B14CC25ED513,j_mask_top_fr
0319B30B98D044BD,revolver_03_fx
0335C24CC27BD85C,j_mask_top_le
0336059ABD4E261D,tag_wingtip_right
0339964984D5F2C6,j_spinelower_lift
0343EAF1DA905326,j_vent_l
034404F1DA907F54,j_vent_r
0350026A0431F850,jup_awning_parkinglot_arm_01_lod0
0357B24CC298A392,j_mask_top_ri
0361DBDCA40565E5,tag_bar_2_right
0363B0841028894F,jup_pillar_town_bar_03_lod0_patch_119
036646CA5C5FA391,ee_furniture_chair_metal_folding_seat_02
0369C3FF4D556670,j_shelf_cans_03
0369C4FF4D556823,j_shelf_cans_02
0369C5FF4D5569D6,j_shelf_cans_01
0369C7FF4D556D3C,j_shelf_cans_07
0369C8FF4D556EEF,j_shelf_cans_06
0369C9FF4D5570A2,j_shelf_cans_05
0369CAFF4D557255,j_shelf_cans_04
0369CDFF4D55776E,j_shelf_cans_09
0369CEFF4D557921,j_shelf_cans_08
039D2CC05EEED683,tag_ik_wrist_loc_ri
039D5B46A205B521,t10_stationary_paper_tray_black_01
039FD07B66CA4880,jup_sign_plane_exit_01_mesh
03A6DA8C0231D0BD,toy_plush_lochness_monster_01
03AD74DB97E63CDE,tag_rear_cab_door_rear_right_animate
03AEC22443D759B8,ee_plant_potted_large_01
03AEC42443D75D1E,ee_plant_potted_large_03
03AEC52443D75ED1,ee_plant_potted_large_02
03AEEBF5B5431D6A,j_cosmetic_bphandle
03B379FFC28EC4B3,j_cosmetic_innerbox
03C27D92058B99CF,tag_glass_bus_right_10_d2
03C27E92058B9B82,tag_glass_bus_right_10_d1
03C27F92058B9D35,tag_glass_bus_right_10_d0
03C28BAAF1C59E39,ee_trim_large_roof_corner_outside
03C31481AFF2BF60,t10_sabotage_debris_rappel_skylight_window_broken_hole_lod0
03CC0CC05F1610E5,tag_ik_wrist_loc_le
03CC8667982D3E9B,j_contrainer_arm_6
03CC8767982D404E,j_contrainer_arm_5
03CC8867982D4201,j_contrainer_arm_4
03CC8967982D43B4,j_contrainer_arm_3
03CC8A67982D4567,j_contrainer_arm_2
03CC8B67982D471A,j_contrainer_arm_1
03D241F91CC65F5E,tag_light_back_left
03EC4BB630CF7790,j_hkx113
03EC4CB630CF7943,j_hkx112
03EC4FB630CF7E5C,j_hkx117
03EC50B630CF800F,j_hkx116
03EC51B630CF81C2,j_hkx115
03EC52B630CF8375,j_hkx114
03EC55B630CF888E,j_hkx119
03EC56B630CF8A41,j_hkx118
03EF52B630D1B94C,j_hkx122
03EF53B630D1BAFF,j_hkx123
03EF54B630D1BCB2,j_hkx120
03EF55B630D1BE65,j_hkx121
03EFF1C4F9080D60,tag_display_system_online_03
03EFF2C4F9080F13,tag_display_system_online_02
03EFF3C4F90810C6,tag_display_system_online_01
03EFF8C4F9081945,tag_display_system_online_04
03F2B0BBCCA28B6C,tag_crystal_tempest_shard_03
03F2B1BBCCA28D1F,tag_crystal_tempest_shard_02
03F2B2BBCCA28ED2,tag_crystal_tempest_shard_01
03F6744F6230F372,tag_door_handleri
0404C7166DFC2181,j_frontgilly_d_ri
0405D21E0AD48A04,j_bottom1
0405D41E0AD48D6A,j_bottom3
0405D51E0AD48F1D,j_bottom2
040B91649379DA04,tag_door_left
041CB072913953E8,j_cosmetic_drawstring_ri_4
041CB1729139559B,j_cosmetic_drawstring_ri_5
041CB57291395C67,j_cosmetic_drawstring_ri_1
041CB67291395E1A,j_cosmetic_drawstring_ri_2
041CB77291395FCD,j_cosmetic_drawstring_ri_3
041D2EAC75BF2EC0,j_rope_007
041D2FAC75BF3073,j_rope_006
041D30AC75BF3226,j_rope_005
041D31AC75BF33D9,j_rope_004
041D32AC75BF358C,j_rope_003
041D33AC75BF373F,j_rope_002
041D34AC75BF38F2,j_rope_001
042153BC410F1F9B,ee_trim_concrete_panel_01
0441AF166E2FA6D7,j_frontgilly_d_le
046007CDA7BAEAE7,j_hybrid_scope
046ADAAD9068FE7B,lamp
04738B3F743455D2,j_body_animate
047579BD8128E725,j_cosmetic_radio_small
0478ACA82CBAEA6D,jup_ee_art_decor_barrels_01_black_snowcap_01_mesh
047942F1DB97381B,j_vent06
047943F1DB9739CE,j_vent05
047944F1DB973B81,j_vent04
047945F1DB973D34,j_vent03
047946F1DB973EE7,j_vent02
047947F1DB97409A,j_vent01
047EAA2891485805,tag_afr_wall_stone_static
0491C27A7AECFD56,sectionaldoor3_skin
049AE842FE31A3FA,j_manb_knee_ri
04AC66BD72B7D84A,j_power_port_module2
04AD1944DEA3DC06,j_link_21
04AD1A44DEA3DDB9,j_link_20
04ADF60E15954858,ee_trim_large_roof_32_destroyed_02
04AFC842FE43C9A4,j_manb_knee_le
04B09A44DEA6ED10,j_link_16
04B09C44DEA6F076,j_link_14
04B09D44DEA6F229,j_link_15
04B09E44DEA6F3DC,j_link_12
04B09F44DEA6F58F,j_link_13
04B0A044DEA6F742,j_link_10
04B0A144DEA6F8F5,j_link_11
04B24DD071C7E815,lm_structural_roof_trim_s_right_a_lod0
04B39D44DEA92800,j_link_09
04B39E44DEA929B3,j_link_08
04B3A544DEA93598,j_link_01
04B3A744DEA938FE,j_link_03
04B3A844DEA93AB1,j_link_02
04B3A944DEA93C64,j_link_05
04B3AA44DEA93E17,j_link_04
04B3AB44DEA93FCA,j_link_07
04B3AC44DEA9417D,j_link_06
04B9350827FDD641,j_magrel_latch
04BF72879CB74CD0,barber_cabinet_broken
04C24E06125BE513,j_cosmetic_shermaghnecka
04C24F06125BE6C6,j_cosmetic_shermaghneckb
04C25006125BE879,j_cosmetic_shermaghneckc
04C25106125BEA2C,j_cosmetic_shermaghneckd
04D33A5781D3C738,j_neck_02
04D33D5781D3CC51,j_neck_01
04D33E5781D3CE04,j_neck_06
04D3405781D3D16A,j_neck_04
04D3415781D3D31D,j_neck_05
04D55FB1BBB83F48,jntbnd_sat_zm_rock_cluster_floating_04_fxsim_02
04D560B1BBB840FB,jntbnd_sat_zm_rock_cluster_floating_04_fxsim_03
04D562B1BBB84461,jntbnd_sat_zm_rock_cluster_floating_04_fxsim_01
04D565B1BBB8497A,jntbnd_sat_zm_rock_cluster_floating_04_fxsim_04
04D566B1BBB84B2D,jntbnd_sat_zm_rock_cluster_floating_04_fxsim_05
04E68513D1EE4438,tag_glass_back_d1
04E68613D1EE45EB,tag_glass_back_d0
04E68713D1EE479E,tag_glass_back_d3
04E68813D1EE4951,tag_glass_back_d2
04E68913D1EE4B04,tag_glass_back_d5
04E68A13D1EE4CB7,tag_glass_back_d4
04F77945A3BBE121,j_ball_back_ri
050266370267FD5E,capacitor_02
0502FF5F43B82970,stone_roof_tile_01_lod0
0505D4004B725C60,tool_hammer_01_lod0
05085421568C6C40,trim_modular_corner
050C8847F648B131,stairs_industrial_staircase_rails_green_7
050E71E7DD678BDA,j_cosmetic_pouch_closed
050EB67A07F2C350,tag_light_on7_fx
050F51A1D78FE3A0,j_flag_dyn_lo_1
050F53A1D78FE706,j_flag_dyn_lo_3
050F54A1D78FE8B9,j_flag_dyn_lo_2
05142FE761464332,structural_casino_boat_overpass_bridge_truss_224
0517FCD51472BA36,j_sight_f
05346145A3EF6677,j_ball_back_le
053525210B9DCDAD,tag_light_front_left_2
054D9F813EF2DE39,j_sack_sdr1_ri
055037F614CD209E,j_eye_fx4
055039F614CD2404,j_eye_fx2
05503AF614CD25B7,j_eye_fx3
05503CF614CD291D,j_eye_fx1
0553B7813EF772AF,j_sack_sdr1_le
05578CADDDAB9086,j_rail_10
05578DADDDAB9239,j_rail_11
055983604F14B8C7,roof_asbestos_sheet_64x64_01_2sided
055B11ADDDAEA85C,j_rail_01
0560A79B2CA7DFBC,j_proc_wrist_le
0569CC03EB77746F,j_light_red_02_off
056E7F459002F255,j_nasolabial_ri_8
056E80459002F408,j_nasolabial_ri_7
056E81459002F5BB,j_nasolabial_ri_6
056E82459002F76E,j_nasolabial_ri_5
056E83459002F921,j_nasolabial_ri_4
056E84459002FAD4,j_nasolabial_ri_3
056E85459002FC87,j_nasolabial_ri_2
056E86459002FE3A,j_nasolabial_ri_1
05774D601DA8A0C4,j_proc_spinelower3
05774E601DA8A277,j_proc_spinelower2
058135D11541E4DB,j_cover_lid
0582979B2CC4AAF2,j_proc_wrist_ri
058329635CDD6259,sat_foliage_tree_black_spruce_large_forest_lod
059A935E7790DEBE,j_buckle
059B9F8CE3699584,tag_light_emergency_red_13_d0
059BA08CE3699737,tag_light_emergency_red_13_d1
05BF4BC2B6D8BF90,tag_headlight_left_flip_animate
05C0CA2468F6D526,j_aroger10_skull_02
05D1846EBB1F1C78,military_debris_bullet_casing_39mm
05DAB71AEAFF1672,tag_origin_part_wheel
05E8FC751D9259A5,j_wrist_ri_prop
05EAE1E1B9FEE76F,tag_beak_prop
05F0CF7BA4373F07,j_wing_ri_04_fx
05F1D27E7EB6C376,j_cylinder_release
05F62AC9794DF3CB,t10_decor_gun_display_box_01_mesh1
05F71100AF60BE73,j_cosmetic_pouchd
05F71400AF60C38C,j_cosmetic_poucha
05F71600AF60C6F2,j_cosmetic_pouchc
05F71700AF60C8A5,j_cosmetic_pouchb
05F72CF2964ED939,jup_decor_paver_concrete_resort_01_mesh
0601D1F57A4C36CB,jup_building_stone_wall_ornate_corner_64_thin_mesh
06038BA5FECD57FD,j_stone_07_le
060A9BA5FED391DB,j_stone_07_ri
061696A28549950D,j_cosmetic_radio_pin
0628993DC8BD45D7,tag_glass_overhead_rear_left_d2
06289A3DC8BD478A,tag_glass_overhead_rear_left_d1
06289B3DC8BD493D,tag_glass_overhead_rear_left_d0
062AA0A3A3FFE482,tag_front_upper_explosive_pipe_d0
062F69D6C6E84B1B,ee_wall_base_brick_pillar_small
06388F59E525627A,tag_leg_fl_flatten_piston_lower_aim
0640755B30DA5BAB,tag_block_base
0654C0D8ADEF919A,j_launcher_attach
065F9C8371A589A4,j_cosmetic_med_pouch
066F2B32D2F3D7C9,j_ammobox
069482616D3670A7,uk_brick_corner_12_64_02
06A8B875BDDAB240,j_cosmetic_minibeaner
06AAC92774431B1F,horse_lp
06B6FEDAFB6592C5,j_panel2_screen_green_up
06C2A97A8691E595,furniture_wood_nightstand_rustic_01
06CA39319AFB6AA7,tag_wing_left_chunk
06CAB2FF7EDD5536,p7_sin_netting_plastic_camo_drape_lod0
06CC3E338DF99136,j_body_internal
06D8D29287C41DCD,geo_t10_app_signage_fast_foward_storefront_01_lod0
06DD215A10385EBF,me_olive_oil_soap_cube_store_stack_01
06E508BF2DA2C831,jumbled_electrical_wire_loop_small_
0704CBC7D4FE636B,hanging_lamp_lantern_geo
071F37A60FD4CE79,jup_barrier_wood_railing_docks_64_mesh
071FD8F5F7B4C548,j_spoke_outer_le
07245F8699FEB210,tag_window_left
0726B0F5F7BA9FFE,j_spoke_outer_ri
0729F8A05040CE3F,jup_furniture_highrise_02a_desk_01
07377CF2F5BFF434,uk_house_baseboard_stairs_endcap_bottom_02
07377FF2F5BFF94D,uk_house_baseboard_stairs_endcap_bottom_01
074517B962A21EF8,ee_trim_church_wood_door_arch
074F2F0742664F76,j_9_d
075340CA9B0D21CF,j_charginghandle
0757E914CBFD9AD5,j_batons
0761123889DE60F4,shoot18_rubble_1_03
076940EC24385D5F,tag_front_right_foreleg_dst
07730B9F80A5ECB4,j_cosmetic_cqc1_upperpouch
0785196B0F32940F,decor_misc_props_01_bucket_metal
079701B8B1927278,door_glass_metal_01_mp
079D002E84B0803E,j_bar_a_rear_left_tgt
07AE5E5ED3EF0F26,rubble_pile_large_04_
07B4222111AAE3C0,tag_roof_light_right
07B53FFE4F02BF2F,j_drill
07BB44F15EB2357A,j_cuff_1
07BC82A3B2711438,tag_glass_bus_right_12_d1
07BC83A3B27115EB,tag_glass_bus_right_12_d0
07BC85A3B2711951,tag_glass_bus_right_12_d2
07E83BCC618F561B,j_dyn_knife
07ED106FA7D16380,jup_decor_library_bookcase_01_lod0
07FA3F818316891C,tag_tailgate_latch_left
07FC6548E484123F,j_feed_tray
08026D0E8C4D1BC3,j_drone1
08026E0E8C4D1D76,j_drone2
08026F0E8C4D1F29,j_drone3
0808DB15F37BD16A,j_cosmetic_camelbacklmidstrapend
0814AB475E9295F5,j_wheel
0816FF61A71D4F7C,tag_ramp_ri_piston_lower_aim
08171139CC28E6A9,aset_rock_cliffs_xl_ubhubhyda_lod1
082074AAC0F283FF,furniture_wooden_step_stool_01
0821E9C1F0BCEAD8,tag_mainenginerudder_l2_animate
0827A9AE61065C50,j_cosmetic_beltc
0827AAAE61065E03,j_cosmetic_beltb
0827ABAE61065FB6,j_cosmetic_belta
082F1BE723D5A1AA,decor_barrels_gameplay_water_lod_0
08309A9BD84AE2B6,j_axle_center_aim
083655893436F282,revolver_02_jnt
0843C87F7B25F248,uk_rusty_drawer_b
0843C97F7B25F3FB,uk_rusty_drawer_c
0843CB7F7B25F761,uk_rusty_drawer_a
0843CE7F7B25FC7A,uk_rusty_drawer_d
084D1D1D9568A64C,j_cosmetic_tape_01_a
084D1F1D9568A9B2,j_cosmetic_tape_01_c
084D201D9568AB65,j_cosmetic_tape_01_b
0852EB6358B64C03,tag_wheel_back_right_spin
0853886861B221F0,j_cosmetic_canteen_e
0853896861B223A3,j_cosmetic_canteen_d
08538C6861B228BC,j_cosmetic_canteen_a
08538E6861B22C22,j_cosmetic_canteen_c
08538F6861B22DD5,j_cosmetic_canteen_b
085B3470B2E5DE64,j_lid_rail
085C0E66353E35EE,tag_origin_base
0866ECCAC38ACB92,tag_drone_attach_004_d0
08682D6519DBE932,mout_catwalk_railing_stairs_l_02
08697B7A41BBE676,tag_leg_rr_foot
086C581CB5B3F503,floor_wood_splintered_end_stack_04_burned
0877FEAC6E83B1F7,tag_isotope
088452604CACC970,j_boot_top_le
088EA4EA122B3F5F,jup_building_water_tower_catwalk_mesh
08A3594116C5C5E0,j_wires
08A39A4116C63453,j_wire2
08A39B4116C63606,j_wire1
08ABA809095EBB44,j_arm_ri
08ACF8CEEAA8B64C,tag_blade_01_dst
08AD57BCD097BA9C,j_stone_02_le
08B56D878D0A54B7,j_linen_root
08CEA844F127C640,j_proc_pinky_le_1
08CF47BCD0B485D2,j_stone_02_ri
08E8D0090992AD5A,j_arm_le
08F61A7DF4C8C581,tag_main_handle_red_light_on
08FA91914DCDB623,kitchen_plastic_measuring_cup_01
090DD378D5AD6AFE,t10_food_market_meats_combined_11_lod0_mesh
091266916337F070,tag_piston_roof_rear_l_base_tgt
09359D0265BC6A5F,trim_concrete_02_224
0936B13E68359D95,j_manb_root
094CA4D0DD0052D6,ee_roof_metal_corner_side_end
095518BD62721BDF,uk_walls_drywall_01_debris_med_02
095519BD62721D92,uk_walls_drywall_01_debris_med_01
095961E6EB49A6B0,j_shaft_front_left_aim
09665ABDB11BA268,sgon_saw_escape_fort_ground_gl_7da918d6_2
096F9FB6A2535881,glass_lod0
0970BA090A062190,j_arm_4c
0970BB090A062343,j_arm_4b
0970BC090A0624F6,j_arm_4a
097179CABD2978ED,t10_food_market_meats_destr_combined_08_lod0_mesh
09723AF14DB89320,roof_asbestos_sheet_64x32_01_2sided
09740E46AC99E674,j_carry_shoulder_le
097AB0090A0E6517,j_arm_1a
097AB1090A0E66CA,j_arm_1b
097AB2090A0E687D,j_arm_1c
097E83090A120177,j_arm_02
097E84090A12032A,j_arm_01
0981B9090A149310,j_arm_3b
0981BA090A1494C3,j_arm_3c
0981BC090A149829,j_arm_3a
0983B576BEE5939C,t10_machinery_cargo_lift_02_nobutton_base_0_mesh
0985A0090A18516C,j_arm_2a
0985A2090A1854D2,j_arm_2c
0985A3090A185685,j_arm_2b
09949FDBD127DCFE,j_proc_spineupper
09A2D0BE232F3D54,j_body_lower
09A98035F2BADF67,tag_block_right_03_follower
09BB2D36E399B346,sat_terrain_mine_tunnel_01_mesh
09C4ABEAB41B220C,tag_grip_show
09C6D53C232D92C0,building_horse_window_frame_01
09CCEE46ACE5D8EA,j_carry_shoulder_ri
09D0EA5EB737C35D,uk_decor_window_curtain_01_tied_r
09D0EC5EB737C6C3,uk_decor_window_curtain_01_tied_l
09D5C415D5FE8388,ee_furniture_table_pool_cue
09D9DD9CACAED94D,tag_conduit_01_destr
09E5118230AAAE36,tool_security_padlock_hasp_01
09EB90DC29A56B49,tag_laser_show
09EC000EAFAFD628,j_feedmech_release_latch
09EDB9003D5C5C97,t10_food_market_fruits_combined_02_lod0_mesh
09FA431A8C71B520,j_aac_rubble_concrete_chunk_05_chunks_002
09FA441A8C71B6D3,j_aac_rubble_concrete_chunk_05_chunks_003
09FA451A8C71B886,j_aac_rubble_concrete_chunk_05_chunks_000
09FA461A8C71BA39,j_aac_rubble_concrete_chunk_05_chunks_001
09FA491A8C71BF52,j_aac_rubble_concrete_chunk_05_chunks_004
09FA4A1A8C71C105,j_aac_rubble_concrete_chunk_05_chunks_005
0A00F602985210AA,inner_parts
0A03E5A1D3ABA11B,j_cosmetic_lropebagropea
0A03E6A1D3ABA2CE,j_cosmetic_lropebagropeb
0A03E7A1D3ABA481,j_cosmetic_lropebagropec
0A03E8A1D3ABA634,j_cosmetic_lropebagroped
0A03E9A1D3ABA7E7,j_cosmetic_lropebagropee
0A03EAA1D3ABA99A,j_cosmetic_lropebagropef
0A374673C4AC0BEC,j_door_06_big
0A4A39B859E2A92C,j_cosmetic_rcarabinera
0A4A3CB859E2AE45,j_cosmetic_rcarabinerb
0A54E13994A30F20,hsb_bone5
0A54E23994A310D3,hsb_bone4
0A54E33994A31286,hsb_bone7
0A54E43994A31439,hsb_bone6
0A54E53994A315EC,hsb_bone1
0A54E73994A31952,hsb_bone3
0A54E83994A31B05,hsb_bone2
0A54EE3994A32537,hsb_bone8
0A60456232B85BDD,tag_ub_show
0A6229EC21236F94,roof_asbestos_sheet_64x64_02_2sided
0A6624E2ABA345F6,j_pable
0A664191E8D30E38,uk_house_baseboard_stairs_endcap_top_02
0A664491E8D31351,uk_house_baseboard_stairs_endcap_top_01
0A74BCB0FFD6C37D,j_proc_ring_le_1
0A75C41983F1CD94,j_cosmetic_crouch_straps_le
0A764FADCDF40578,j_ties_b
0A7A235C3FCECD96,j_ghillie_07_av2
0A8A630FC18D2511,j_ejectorbottom
0A8D9DEB37C922DC,tag_afr_ruin_wall_stone_static
0A956CFBB7E7D4FB,j_magic_box
0AADEC54F30C115C,tag_boltcutter_attach
0AB7B06CC0D7AB7C,t10_sabotage_window_armory_west_ext_frame_02_mesh
0AC40B1E057BDF64,j_axle2_front_left_aim
0ACBE4DC1A824473,j_flower_base
0ACEA419843DC00A,j_cosmetic_crouch_straps_ri
0AD779298F835874,j_wires_1
0ADA02BA08A840D6,tag_sink_002
0ADA03BA08A84289,tag_sink_003
0ADA04BA08A8443C,tag_sink_004
0ADAC90CBF455049,un_office_paper_stack_01
0ADD7CC03AECD2B1,j_cosmetic_smokering
0AE362317509BE1F,electrical_box_multi_port_01
0AE785113CFAA226,sat_decor_ht_skyscraper_flowerbed_01_lod1
0AEAB57BBF9CBE3C,tag_prop_r_animate
0AF73D58C3C1616A,j_bullet
0AF8AFBDDE0CAFEC,j_dorsal_mid
0B10E1298FB3CE73,j_wires01
0B2EADCA00E8B07B,seat0_ri_jnt
0B3154AEE83345A8,j_cosmetic_backbag_06
0B3155AEE833475B,j_cosmetic_backbag_07
0B3156AEE833490E,j_cosmetic_backbag_04
0B3157AEE8334AC1,j_cosmetic_backbag_05
0B3158AEE8334C74,j_cosmetic_backbag_02
0B3159AEE8334E27,j_cosmetic_backbag_03
0B315BAEE833518D,j_cosmetic_backbag_01
0B3DC3BB7D47673A,tag_antenna_right
0B491990973C6328,tag_spoiler_ri_in
0B4ADD2434C49D8B,toy_plastic_tricycle_01_handle_bar
0B4C3BF1FB18D6DB,j_cosmetic_lclipa
0B4DF96B07F30FB1,jup_pillar_support_beam_wood_01_mesh
0B5025909742963A,tag_spoiler_ri_ob
0B512213D6BA97F0,t10_food_market_goods_ginger_01_lod0_mesh
0B594A8946D47E78,j_dynamic_l_fronthairlockc
0B594B8946D4802B,j_dynamic_l_fronthairlockb
0B594C8946D481DE,j_dynamic_l_fronthairlocka
0B59518946D48A5D,j_dynamic_l_fronthairlockd
0B5B1EDA801C41D0,tag_steering_yoke_ri_animate
0B5E89F0F21325CD,me_periph_palm_tree_a_branches
0B6390BEF53917C8,j_tool_execution_cinderblock_piece_02
0B6393BEF5391CE1,j_tool_execution_cinderblock_piece_01
0B6871D14B79498C,tag_resupply_lid_dst
0B7E1E36258BF106,j_cosmetic_backgunbeltepin
0B86361C259621BF,tag_door_rear
0B89BFF543A74D32,tag_rudder_base_left
0B91EBE8173A8D0C,tag_origin_hydraulic_2_b
0B91EEE8173A9225,tag_origin_hydraulic_2_a
0B9312E2C0C79170,tag_light_mirror_right_d0
0B9313E2C0C79323,tag_light_mirror_right_d1
0B969C5674992872,tag_light_back
0B9FB85CA20CB8ED,me_electric_generator_01_destroyed
0BA2AC548160A635,jup_decor_security_cctv_ceiling_dome_interior_01
0BA6C2BBC2FD889A,j_door_ri
0BAAA27C1421F810,j_tail_5_prop
0BB7A7BBC30BCDEC,j_door_mr
0BB7BDBBC30BF34E,j_door_ml
0BBAA2BBC30DFB44,j_door_le
0BBD713FFFC58BD4,j_slidelock
0BCCAF65D0777BDD,tag_knife_fx_2
0BCDF871BE6F0D20,j_proc_radio_le_a
0BCDFB71BE6F1239,j_proc_radio_le_b
0BCEB1BBC31EBDCB,j_door_fr
0BCEBFBBC31ED595,j_door_fl
0BD187FEF7900781,j_water
0BD779FEF7945B65,j_watch
0BD84F4F5D302CCE,shoot18_rubble_2_04
0BD8504F5D302E81,shoot18_rubble_2_05
0BDC9FBBC32ADC91,j_door_bl
0BDCA9BBC32AED8F,j_door_br
0BDE29E0BC5BBA0F,receiver_jnt
0BE3CDF3B7603F38,tag_pivot
0BE45FA15BC6A2D6,tag_bed_sidewall_right_animate
0BE788E00E687017,r_frontleg3_jnt
0BF71B557A3929ED,uk_tool_car_engine_hoist_01_folded
0BFE68CBBEABE032,t10_wires_electrical_ceiling_03_long_0_mesh
0C0EC0058B5949B8,t10_machinery_coal_transport_bucket_large_01
0C105A2B1C959685,tag_left
0C147BC6FBB68A66,tag_axle_back_aim
0C19AD60A884590B,tag_control_desk
0C21264EEA600A1A,tag_back_seats_dst
0C2983C7CE594916,tag_spedometer_arrow
0C2B632B1CAC6D88,tag_lens
0C2BE4ACBEE49190,j_chain30
0C2BE5ACBEE49343,j_chain31
0C2EE9ACBEE6CFE6,j_chain21
0C2EEAACBEE6D199,j_chain20
0C3270ACBEE9EB22,j_chain10
0C3271ACBEE9ECD5,j_chain11
0C397CACBEF01E34,j_chain70
0C397DACBEF01FE7,j_chain71
0C3C81ACBEF25C8A,j_chain61
0C3C82ACBEF25E3D,j_chain60
0C3FE8ACBEF54166,j_chain50
0C3FE9ACBEF54319,j_chain51
0C436DACBEF8593C,j_chain41
0C436EACBEF85AEF,j_chain40
0C47D870E5B8AC27,tag_door_back_right_animate
0C4B9DD7BFC76BDC,tag_nose_gear_door_right_follower
0C4D1351DF3C903F,geo_frag_001
0C4D1551DF3C93A5,geo_frag_003
0C4D80ACBF00CE0A,j_chain90
0C4D81ACBF00CFBD,j_chain91
0C50E5ACBF03AF80,j_chain81
0C50E6ACBF03B133,j_chain80
0C59B5664FB93E66,j_axel_front_left_tgt
0C5F7BEB115BD26E,tag_mouth_fx
0C674D1D6E9DFC28,j_bar_back_right_aim
0C6ED61F80E48AD2,j_laptop_top
0C77D70CC316BE36,tag_flatbed_wall_right_animate
0C80FA20B0DD47D7,j_proc_wristfronttwist1_acc4_le
0C8240ADA281D7A1,decor_bicycles_01_damaged
0C831F6A33EF5CCE,tag_screen_disarmed
0C8676BBC3BB16E4,j_door_01
0CA0A8892778FB10,tag_wall
0CAA0F19B193E190,j_cheek_add_ri_001
0CAA1119B193E4F6,j_cheek_add_ri_003
0CAA1219B193E6A9,j_cheek_add_ri_002
0CAA1319B193E85C,j_cheek_add_ri_005
0CAA1419B193EA0F,j_cheek_add_ri_004
0CAA1519B193EBC2,j_cheek_add_ri_007
0CAA1619B193ED75,j_cheek_add_ri_006
0CAA1719B193EF28,j_cheek_add_ri_009
0CAA1819B193F0DB,j_cheek_add_ri_008
0CAA572EF8D18309,me_litter_pile_large_01
0CB4DCAC61196888,ee_furniture_table_wood_side_01_part1
0CC7CED0DA9C8D3D,decor_vintage_rug_rolled_01
0CCA325526898ACC,tag_light_mirror_left_d1
0CCA335526898C7F,tag_light_mirror_left_d0
0CD63ED7A0F43F16,j_index_le_end
0CDA011D44AF172C,t10_hst_column_base_01_lp
0CDB07361B20B068,book_01_geo
0CED20043FC186D4,tag_eye_lookat
0CEE2D6B8E851F43,j_cosmetic_le_cloths_a_01
0CEE2E6B8E8520F6,j_cosmetic_le_cloths_a_02
0CEFE431B79A0459,tag_airbrake_piston_lower_aim
0CF0DF846BBFAFF2,j_towel_mid2
0CF0E0846BBFB1A5,j_towel_mid3
0CF495F0D6227827,zm_sat_locust_shop_01_window_trim_01_mesh
0D00C0794BB5EDBB,chair_folded_seat
0D0675C849FFFBC5,tag_antenna_ri_animate
0D0A1642E4648267,un_chain_hook_winch_yellow_chain
0D0C29585D0078D6,j_dummy_l_foot
0D1A0812EC4860E0,tag_missile_18
0D1A0912EC486293,tag_missile_19
0D1A1012EC486E78,tag_missile_10
0D1A1112EC48702B,tag_missile_11
0D1A1212EC4871DE,tag_missile_12
0D1A1312EC487391,tag_missile_13
0D1A1412EC487544,tag_missile_14
0D1A1512EC4876F7,tag_missile_15
0D1A1612EC4878AA,tag_missile_16
0D1A1712EC487A5D,tag_missile_17
0D1D8D12EC4B78B6,tag_missile_09
0D1D8E12EC4B7A69,tag_missile_08
0D1D9312EC4B82E8,tag_missile_03
0D1D9412EC4B849B,tag_missile_02
0D1D9512EC4B864E,tag_missile_01
0D1D9712EC4B89B4,tag_missile_07
0D1D9812EC4B8B67,tag_missile_06
0D1D9912EC4B8D1A,tag_missile_05
0D1D9A12EC4B8ECD,tag_missile_04
0D230552200CABB0,window_exterior_metal_bar_c_1
0D240112EC50A980,tag_missile_21
0D240212EC50AB33,tag_missile_20
0D33A7887EE58960,j_craftingtable_gunvice
0D55A73053A38C23,tag_bed
0D580DEB45AA6623,tag_screen_7_relays_on
0D5B93C72F9C3C32,kitchen_plastic_pint_cup_stack_01
0D664C69A9CCC010,uk_window_house_01_horizontal_frame
0D69A73053B4352D,tag_box
0D78B152E1FABC9D,tag_console
0D855AFFBC8D7E6C,j_grenade
0D883A75E8780A0E,j_flamecloth5
0D883B75E8780BC1,j_flamecloth4
0D883C75E8780D74,j_flamecloth3
0D883D75E8780F27,j_flamecloth2
0D883E75E87810DA,j_flamecloth1
0D8F16A8ABE81018,jup_accessory_fishing_store_fishing_line_01_lod0
0D953D44F4C9BAF6,j_lid_front_le_2_show
0D985DDA7C4F3D76,j_eyelidbulge_le_002
0D985EDA7C4F3F29,j_eyelidbulge_le_003
0D985FDA7C4F40DC,j_eyelidbulge_le_004
0D9860DA7C4F428F,j_eyelidbulge_le_005
0D9861DA7C4F4442,j_eyelidbulge_le_006
0D9862DA7C4F45F5,j_eyelidbulge_le_007
0D9863DA7C4F47A8,j_eyelidbulge_le_008
0D9864DA7C4F495B,j_eyelidbulge_le_009
0D99334AB5085800,j_gear1
0D99354AB5085B66,j_gear3
0D99364AB5085D19,j_gear2
0D99754AB508C826,j_gears
0D9AEDACC01C688F,j_chain_1
0D9B60DA7C517866,j_eyelidbulge_le_011
0D9B61DA7C517A19,j_eyelidbulge_le_010
0DA1945461B53884,tag_fx_left_wing
0DAF7A6C76DE1810,geo118
0DAF7B6C76DE19C3,geo119
0DAF826C76DE25A8,geo110
0DAF836C76DE275B,geo111
0DAF846C76DE290E,geo112
0DAF856C76DE2AC1,geo113
0DAF866C76DE2C74,geo114
0DAF876C76DE2E27,geo115
0DAF886C76DE2FDA,geo116
0DAF896C76DE318D,geo117
0DB27F6C76E05666,geo109
0DB2856C76E06098,geo103
0DB2866C76E0624B,geo102
0DB2886C76E065B1,geo100
0DB2896C76E06764,geo107
0DB28A6C76E06917,geo106
0DB28C6C76E06C7D,geo104
0DB6066C76E371A2,geo138
0DB6096C76E376BB,geo137
0DB60D6C76E37D87,geo133
0DB9736C76E660B0,geo121
0DB9746C76E66263,geo120
0DB9756C76E66416,geo123
0DB9766C76E665C9,geo122
0DB9786C76E6692F,geo124
0DB9796C76E66AE2,geo127
0DB97A6C76E66C95,geo126
0DB97B6C76E66E48,geo129
0DB97C6C76E66FFB,geo128
0DC07F6C76EC93C2,geo141
0DC3B8CC888366BF,j_pin_ri
0DC4BAA8B4D57D26,j_spine_0
0DC4BBA8B4D57ED9,j_spine_1
0DC908A086A3A5A8,tag_camera_barrel
0DD65CB06302C890,j_cosmetic_lstrap
0DE25E8694A301E6,jup_construction_building_support_pillar_01_32x32x36_mesh
0DEA96E4660CFF8E,j_pyork01
0DF53C0157F4BE31,tag_wheel_center_middle_left_flat
0DF63FFB968E4E32,tag_cover_panel_03_dst
0E080ACAFB6370F5,tag_crane_base_attach
0E08A4A788CE1002,seat1_ri_jnt
0E0A4760C873134B,j_cosmetic_antenna3_b
0E0A4860C87314FE,j_cosmetic_antenna3_a
0E116BF6B8A5D702,ee_signs_industrial_flammable_storage
0E129F9CFC57DEB0,tag_glass_quarter_left_d2
0E12A09CFC57E063,tag_glass_quarter_left_d3
0E12A19CFC57E216,tag_glass_quarter_left_d0
0E12A29CFC57E3C9,tag_glass_quarter_left_d1
0E12A59CFC57E8E2,tag_glass_quarter_left_d4
0E12A69CFC57EA95,tag_glass_quarter_left_d5
0E14A22D9D94F919,j_seat_material_le
0E160628E541816F,t10_signage_dealership_billboard_05_sign
0E1CDD7D12727C1D,j_wristwatch_minute
0E269811850815E4,j_cosmetic_backcaribeanera
0E3A0CF454C8782F,j_flash1
0E3A0DF454C879E2,j_flash2
0E3EC8A3BD8E067B,j_cosmetic_boots_le_1
0E3EC9A3BD8E082E,j_cosmetic_boots_le_2
0E43DD1FB54D19E4,tag_wall_front_top
0E4B983EEBFB6A1C,uk_tool_box_small_01
0E4EA323001137D0,tag_blood_9
0E4EA42300113983,tag_blood_8
0E4EAB2300114568,tag_blood_1
0E4EAD23001148CE,tag_blood_3
0E4EAE2300114A81,tag_blood_2
0E4EAF2300114C34,tag_blood_5
0E4EB02300114DE7,tag_blood_4
0E4EB12300114F9A,tag_blood_7
0E4EB2230011514D,tag_blood_6
0E55B95BFAEB2A58,section_03
0E55BA5BFAEB2C0B,section_02
0E55BB5BFAEB2DBE,section_01
0E55BE5BFAEB32D7,section_06
0E55BF5BFAEB348A,section_05
0E55C05BFAEB363D,section_04
0E57A6F116C10880,tag_glass_back_right_d0
0E57A7F116C10A33,tag_glass_back_right_d1
0E57A8F116C10BE6,tag_glass_back_right_d2
0E57A9F116C10D99,tag_glass_back_right_d3
0E57AAF116C10F4C,tag_glass_back_right_d4
0E57ABF116C110FF,tag_glass_back_right_d5
0E5A326B957BB590,t10_zm_display_case_door_dest_01_mesh
0E5FEB6FF4F7E867,j_cosmetic_caribeenerend
0E6668E405E23D33,j_knife_1
0E6B72EA360FA2B5,j_base_wrist_ri
0E6DCA2D9DE165E7,j_seat_material_ri
0E6FD106E4D4ADC3,tag_attach_chunk_e_dst
0E7C47A529413201,j_gasmask_end
0E838255413A121A,sat_aus_volt_machinery_tower_platform_01_mesh
0E8D72EA362C891B,j_base_wrist_le
0E91D88DED20C075,jup_structural_ladder_wallmounted_rung_mesh
0EA28AA72BE027C2,tag_trailer_door_hinges_left_b_animate
0EA3476999B21B9E,j_visor_inner
0EA6EA678BBE7710,j_boltpin
0EAACCF5ADA6F48E,tag_fx_10
0EAACDF5ADA6F641,tag_fx_11
0EADCAF5ADA926FF,tag_fx_08
0EADCDF5ADA92C18,tag_fx_05
0EADCEF5ADA92DCB,tag_fx_04
0EADCFF5ADA92F7E,tag_fx_07
0EADD0F5ADA93131,tag_fx_06
0EADD1F5ADA932E4,tag_fx_01
0EADD3F5ADA9364A,tag_fx_03
0EADD4F5ADA937FD,tag_fx_02
0EB3E8E39B4F2337,tag_stowed_back3_offset
0EB567A75B9C16A0,j_levator_le_2
0EB56AA75B9C1BB9,j_levator_le_1
0EB9D2681859F6B3,pice_g1
0EBD5668185D0CD6,pice_f1
0EC4626818633FE8,pice_d1
0EC76A6818658357,pice_c1
0ECAEE681868997A,pice_b1
0ECC173725B085F8,j_light_red_off
0ECE5668186B8009,pice_a1
0ED67AE85D0B7EE7,j_cosmetic_leg_pouches_ri_2
0ED67BE85D0B809A,j_cosmetic_leg_pouches_ri_1
0EDE3F615F45A650,storagefbxasc032boxfbxasc0321fbxasc032new
0EE79FC64DECAE6C,tag_plate_9
0EE7A0C64DECB01F,tag_plate_8
0EE7A3C64DECB538,tag_plate_5
0EE7A4C64DECB6EB,tag_plate_4
0EE7A5C64DECB89E,tag_plate_7
0EE7A6C64DECBA51,tag_plate_6
0EE7A7C64DECBC04,tag_plate_1
0EE7A9C64DECBF6A,tag_plate_3
0EE7AAC64DECC11D,tag_plate_2
0EEC7D73346041BD,tag_truck_bed_attach
0EF04F781EBEA2F2,crest_bottom
0EFA63DEA9CC2802,j_pec_ri
0F103FEB13D88585,j_ankle_ri_prop
0F1B9CEC79707943,j_spike1
0F1B9DEC79707AF6,j_spike2
0F269FBB409F6590,j_proc_spinelower_sidetip_ri
0F4533DEAA0BC1EC,j_pec_le
0F4FAF96D05CF03E,j_razor_wire_long_4
0F4FB096D05CF1F1,j_razor_wire_long_5
0F4FB196D05CF3A4,j_razor_wire_long_2
0F4FB296D05CF557,j_razor_wire_long_3
0F4FB496D05CF8BD,j_razor_wire_long_1
0F721B50105C05F3,t10_sabotage_window_armory_west_ext_frame_01_mesh
0F75F8C048F55DF2,clothing_military_uniform_fabric_stack_8
0F773E06A2BA647E,j_bunny
0F7F7FBB40EB5806,j_proc_spinelower_sidetip_le
0F808855358CAC2C,j_mid_ri_1_prop
0F82170DE35714AA,j_cheek_puff_le_3
0F82180DE357165D,j_cheek_puff_le_2
0F8F8292C2D6C22D,j_proc_metaknuckle_ri_1
0F959E86F55D861A,j_bomb
0F988E86F55FA0C1,j_bolt
0F9EC972C50B7D58,t10_building_zm_steel_elevator_door_right_mesh
0F9F5D02032CF0DD,duct_metal_circular_straight_64
0F9F8B86F565BA56,j_bong
0FA151EA2CB7999C,j_cosmetic_camelbackend
0FA28886F567EB14,j_boat
0FA7CA272726F4A2,j_suspension_front_right_tgt
0FAA68DA0EA14488,uk_file_drawer_a
0FAA6ADA0EA147EE,uk_file_drawer_c
0FAA6BDA0EA149A1,uk_file_drawer_b
0FAA6DDA0EA14D07,uk_file_drawer_d
0FB0668CCD73126D,j_cosmetic_back_pouch
0FB38986F5765FFA,j_body
0FBC8C566BE1BC06,j_panel1_screen_off
0FC0F0ADEEFA6637,j_hose_01
0FD316FB7E1FEE73,j_bandage_1_l
0FD334FB7E20216D,j_bandage_1_r
0FD741EFEFEFAF50,j_leg_4_b
0FD742EFEFEFB103,j_leg_4_c
0FD744EFEFEFB469,j_leg_4_a
0FDABC5629252724,building_elevator_shaft_support_rail_32
0FDC7BE4072043DE,j_knife10
0FDC7CE407204591,j_knife11
0FDFFD8FB7EBCF99,j_mask_low_ri
0FE0A2F4A926901F,tag_grenade_launcher_debris
0FE18E970F35D332,ee_fence_street_metal_02_30
0FE1CC40D8C637B6,j_dynamic_l_hairlockd
0FE1CE40D8C63B1C,j_dynamic_l_hairlockb
0FE1CF40D8C63CCF,j_dynamic_l_hairlockc
0FE1D140D8C64035,j_dynamic_l_hairlocka
0FE204F584A2CDD4,tag_glass_bus_left_02_d1
0FE205F584A2CF87,tag_glass_bus_left_02_d0
0FE206F584A2D13A,tag_glass_bus_left_02_d3
0FE207F584A2D2ED,tag_glass_bus_left_02_d2
0FE4D07E71ED22AF,j_suspensionpiston_rear_left_tgt
0FE53856292E4E5D,building_elevator_shaft_support_rail_48
0FE7158FB7F2170F,j_mask_low_le
0FE90B7C746F9456,j_shock_rod_back_left_aim
0FF28E970F444665,ee_fence_street_metal_02_62
1007F735457E710A,j_knee_front_ce
10091A8FB80F05F4,j_mask_low_fr
1015B02625426878,tag_fractured_screen_dmg_10
10177206A342E853,j_bun_1
10177306A342EA06,j_bun_2
10177406A342EBB9,j_bun_3
1018F4473925D169,j_lace_01
10192D26254572B6,tag_fractured_screen_dmg_09
10192E2625457469,tag_fractured_screen_dmg_08
1019332625457CE8,tag_fractured_screen_dmg_03
1019342625457E9B,tag_fractured_screen_dmg_02
101935262545804E,tag_fractured_screen_dmg_01
101935F4978708E3,j_optic
10193726254583B4,tag_fractured_screen_dmg_07
1019382625458567,tag_fractured_screen_dmg_06
101939262545871A,tag_fractured_screen_dmg_05
10193A26254588CD,tag_fractured_screen_dmg_04
101950591E605548,tag_elevator_le_animate
10212A7F95E640D1,j_shock_rod_front_right_aim
1027DA37FE5158E5,ee_building_base_corner_inside
10569ED6BC0E6977,dash_shaker_rgt_jnt
1068DFBD673F7583,j_toein_1_le_prop
106F71DDE22710D9,t10_zm_magic_box_bunny_mesh
1071D6F615EB1D49,t10_rdc_decor_cognitive_pool_monitors_screens_01_destr
1071F78058BA7C60,tag_cupcake_1
1071FA8058BA8179,tag_cupcake_2
1072585DCCACA8F4,j_cosmetic_small_bag_03
1072595DCCACAAA7,j_cosmetic_small_bag_02
10725A5DCCACAC5A,j_cosmetic_small_bag_01
10725B5DCCACAE0D,j_cosmetic_small_bag_00
10801D3CD6493A8F,j_support_box_top
1082DE514DFA106B,tag_neck_01
1083D4087350B607,j_zb_5_root
10849FFA855DD938,jup_electronics_security_system_camera_02_dyn_hinge
10853D132C1FABB2,tag_acog
10884E4F124801A1,j_metaring_le_1
108934527ABF0E5E,tag_piston_roof_rear_l_aim
1090618724B42FC0,j_hard_drive
109DB4A65D2E1942,structural_bracket_iron_rusted_32_thin_01
10A2789E3AA479C7,side_door_l_jnt
10ACBE9384592F84,tag_interior
10AF63A6019A920E,uk_sink_garage_dirty_01
10B65282519F2E1D,j_knife_tip
10B7B9AF3FA30D93,jup_structural_siding_metal_corrugated_128x32_mesh
10B93CB5DD72B9C6,edge_skirt_64_lr
10C44A8C21BF10A9,tag_turret_door_ri_animate
10CA0443CD132B2F,bathroom_urinal_devider
10CEC021A6F25702,dh_foliage_grass_01_lod0
10D4475681EDC5B9,j_opticunit
10EBEDAB1BFF56F2,jup_stairs_manor_ext_concrete_8step_96_mesh
10F02F55B4837010,j_dead_silence_disc_1
10F03255B4837529,j_dead_silence_disc_2
11003B4296F499AF,jup_ee_construction_log_02_mesh084
11003F4296F4A07B,jup_ee_construction_log_02_mesh088
110C850AC1E1207C,j_proc_spinelower_swivel
1114643C58D1D521,locker_hinge
11266AA1764E5AE5,tag_rear_cab_door_rear_left_animate
113040D2D15C4AE9,uk_janitor_mop_bucket_01_full
1132F2CA96EC0D58,j_cosmetic_tape_01
1132F4CA96EC10BE,j_cosmetic_tape_03
1132F5CA96EC1271,j_cosmetic_tape_02
11365BD66D387519,jup_lighting_pool_spotlight_01_mesh
113D183B327F43CA,me_window_frame_wood_single_01_brown_small_01
113D1BC733ACCC02,landing_gear_door_right1_jnt
114771F7609871A4,decor_bicycles_01_tire
114CE30759D056F0,j_cosmetic_utility_large_ri2
114CE60759D05C09,j_cosmetic_utility_large_ri1
11587A390C588D7D,tag_seat_back_animate
1163193EBB2B65CC,r_ear2
11631C3EBB2B6AE5,r_ear1
1165B476D9FB2122,j_clamp_river_dnri
11691591841629B6,tag_fx_prod
116C46E4D8EDA5AE,shield_buuble_geo
116E98B3D9AC31E7,t10_food_market_meats_combined_01_lod0_mesh
1171A4B790951594,tag_taclight
11804A947CFE8647,t10_sabotage_snow_armory_ext_west_04_generated
11808D5A57C50749,j_shouldertwist_ri_prop
118F66E71E345BCE,tag_skyhook_attach
1191060B768B5610,j_grenade_frag_2
1191070B768B57C3,j_grenade_frag_3
1191090B768B5B29,j_grenade_frag_1
11910A0B768B5CDC,j_grenade_frag_6
11910C0B768B6042,j_grenade_frag_4
11910D0B768B61F5,j_grenade_frag_5
119C8ADC45395FD0,ee_signs_industrial_high_voltage
119F37FBE76E6B23,me_lighting_fixtures_chain_01_chain
119FD20EF6D78CCC,j_clock_num_08
119FD30EF6D78E7F,j_clock_num_09
119FD60EF6D79398,j_clock_num_04
119FD70EF6D7954B,j_clock_num_05
119FD80EF6D796FE,j_clock_num_06
119FD90EF6D798B1,j_clock_num_07
119FDB0EF6D79C17,j_clock_num_01
119FDC0EF6D79DCA,j_clock_num_02
119FDD0EF6D79F7D,j_clock_num_03
11A33D2195BD9274,j_tape2
11A33E2195BD9427,j_tape3
11A3402195BD978D,j_tape1
11A35E0EF6DAB087,j_clock_num_12
11A35F0EF6DAB23A,j_clock_num_11
11A3600EF6DAB3ED,j_clock_num_10
11A3702195BDE91D,j_tapea
11BD77BC4407A25D,t10_rocks_jpn_volcanic_cliff_10_mesh
11C6B4814318E26E,tag_door_le
11D2E4CDDEE0DB77,tag_elevon_le_in
11D5208D4232AA7D,j_chinstrap_020
11D8848D42358A40,j_chinstrap_012
11D8858D42358BF3,j_chinstrap_013
11D8868D42358DA6,j_chinstrap_010
11D8878D42358F59,j_chinstrap_011
11D8888D4235910C,j_chinstrap_016
11D8898D423592BF,j_chinstrap_017
11D88A8D42359472,j_chinstrap_014
11D88B8D42359625,j_chinstrap_015
11D88E8D42359B3E,j_chinstrap_018
11D88F8D42359CF1,j_chinstrap_019
11DC078D42389EB0,j_chinstrap_005
11DC088D4238A063,j_chinstrap_004
11DC098D4238A216,j_chinstrap_007
11DC0A8D4238A3C9,j_chinstrap_006
11DC0B8D4238A57C,j_chinstrap_001
11DC0D8D4238A8E2,j_chinstrap_003
11DC0E8D4238AA95,j_chinstrap_002
11DC138D4238B314,j_chinstrap_009
11DC148D4238B4C7,j_chinstrap_008
11E475740E08E7F1,jup_ground_geo_snow_curb_flat_01_geo
11E700CDDEF1B415,tag_elevon_le_ob
11EE9AFE07DC8EB9,j_cosmetic_flap_01
11F443F44692697A,j_oxygen
11FD640819E9C957,j_disc_1
11FD650819E9CB0A,j_disc_2
11FD660819E9CCBD,j_disc_3
1205FCDC277D82F3,j_plate_front_right_tgt
1211848143587C58,tag_door_ri
12160F92E8A47350,j_clip
121D720C88186535,s4_cyclops_stairsteps_b_lod0_patch_09
1222AB261844E89B,ee_hook_metal_wall_mounted
12312692E8BB621D,j_claw
123173EFFDFC9896,t10_sfh_decor_license_plate_02_lod0
1238D2A26C5AD04B,misc_tools_wrench_01
1239184C73739043,t10_ava_furniture_living_room_marble_console_table_01_lod0
123B5BACCA942470,tag_screen01_on_02
123B5CACCA942623,tag_screen01_on_03
123B5EACCA942989,tag_screen01_on_01
123B5FACCA942B3C,tag_screen01_on_06
123B60ACCA942CEF,tag_screen01_on_07
123B61ACCA942EA2,tag_screen01_on_04
123B62ACCA943055,tag_screen01_on_05
123B65ACCA94356E,tag_screen01_on_08
123B66ACCA943721,tag_screen01_on_09
123B6A49AEBBE21B,j_animated
123EE3ACCA97415F,tag_screen01_on_10
1246AF88385814A4,front_shockabsorberend_ri
1259F5193CC7854E,t10_hst_decor_sconce_ornate_01_lod0
126596191DC1EBB4,lab
1275BC4B161DD5CB,j_dead_silence_dial
127E37D8F13FE335,tag_barrel_core_fx
1280A38145C7ED4D,tag_steering_left
1283D788388C06BA,front_shockabsorberend_le
128425F307B04E2C,cyclops_s4_construction_wall_facade_piece_01_a_right_mesh
128865BD5895CD25,hatch_hydraulics_bottom_jnt
12935E5FAA03775D,sat_window_ht_skyscraper_ext_windowframe_03_lod0
129E3226E7B79757,building_corrugated_metal4x8_simple
129FFAA2D9182395,tag_front_pipe_destr
12B048A1380EE1BE,p7_conduit_metal_1_body_lod0
12C84031185490DD,t10_food_market_fruit_drink_04_lod0_mesh
12CA8E95847E7F77,j_innerlip_top_001
12CD7EFFBAE8BAE1,roof_asbestos_sheet_64x64_03
12F5C59B7F9F7C3F,p7_spl_pirate_brig_cell_door_lod0
12F95E41A33CED4E,gravel_pile_01_lr
13057E11BD665BEF,j_bridge
13061D1F8523C354,jup_construction_building_support_pillar_01_40x40x8_dmg_mesh
1310019D126F2B41,t10_per_storm_column_airport_ext_01_mesh
1310F951EE838303,j_falcon
131EDFBFCC65BEDF,j_dummy_r_wrist
13307BD64C6FEBBC,tag_tail_fin_animate
1332A2B2463FC262,j_ub_barrel
133B7D210C934891,tag_gunner_turret1_animate
1341ACB17B30F9A9,me_electrical_garage_arm_base_01
1342A7B94DD7BB5C,tag_wing_left_fx
13534A46A4ED1138,j_stone_left_arm
1355913FB8B97EAF,j_panel1_screen_close
136074688C637C4D,ee_book_shelf_long
13608E9D3B23F480,un_office_hard_drive_large_01
136960459514BEDD,low1_r
136DEB354D42F5E7,panel_02_jnt
136DFE8208E1BBA9,tag_origin_bucket
136F6DA4F76B9AD7,jup_foliage_tree_base_01
1378301EE7244194,tag_light_parking_back_left_d2
1378321EE72444FA,tag_light_parking_back_left_d0
1378331EE72446AD,tag_light_parking_back_left_d1
1384581DF8369D56,j_phone
139709BD9657915A,t10_app_topaz_electronics_hallway_wires_01_mesh1
1399EFCA8974D344,uk_house_handrails_8
13A213FD6B510FB3,tag_door_hingele
13B743FD6B63BD4D,tag_door_hingeri
13CDF03A8F538A51,tag_claw_le_prop
13D06CF58DE887A6,j_proc_spinelower_backside_ri_back
13D07E6A4CB00C37,building_elevator_shaft_top
13D33DA372A1BE8F,t10_decor_statue_gladiator_arena_02_0_mesh
13D397D686F969E3,decor_rope_thick_draped_01_proxy_bonesim6
13D398D686F96B96,decor_rope_thick_draped_01_proxy_bonesim5
13D399D686F96D49,decor_rope_thick_draped_01_proxy_bonesim4
13D39BD686F970AF,decor_rope_thick_draped_01_proxy_bonesim2
13D3A4D686F97FFA,decor_rope_thick_draped_01_proxy_bonesim9
13D3A5D686F981AD,decor_rope_thick_draped_01_proxy_bonesim8
13D9A45F8B63C067,tag_cover_panel_08_dst
13DDE5CAD03A5AA1,base_t10_lighting_wall_fluorescent_light_transmissive_01_lod0
13EF2C452604666E,tag_launcher_arm_piston_upper_aim
13F020B5F2DAF100,j_cosmetic_grenade_pouch
141434BE83F88F28,tag_fork_animate
14191846CA32C9F5,gravel_pile_02_lr
1425E4747A51D195,j_cosmetic_smallbottle_01
1427B095A27745C4,j_ub_barrel_guard
1437C4305708AD8A,tag_cab
144BE130571987DB,tag_cog
144DCB70883C4DD3,jup_pillar_column_base_01_24x8_mesh
144FB4EDF039598B,tag_license_back
14542AF30EEE9554,j_pelvishelpertip_ri
14578676302D7759,tag_drone_attach_010_d0
1458A5DEF78D8828,j_cosmetic_grenade_a
1458A8DEF78D8D41,j_cosmetic_grenade_b
14632879F08795AE,me_kitchen_turkish_tea_machine_01
14682FFD41BC5729,mout_barrier_concrete_144_d
1471D330573A3F4E,tag_cpu
1475D3CBBFD25649,jup_military_patrol_boat_spotlight_01_mesh
148292E02B195AB8,j_underbrow_add_le_001
148295E02B195FD1,j_underbrow_add_le_002
1494877966EEE4DA,decor_yellow_drug_brick_01
149D860714204B52,ee_ladder_metal_service_collapsed
14A0DDF59CF855DE,mx_decor_hanging_ceramic_pot_wall_b
14A0DEF59CF85791,mx_decor_hanging_ceramic_pot_wall_c
14A0DFF59CF85944,mx_decor_hanging_ceramic_pot_wall_d
14A0E0F59CF85AF7,mx_decor_hanging_ceramic_pot_wall_e
14A57B62D37D3917,r_eyelidupper0_jnt
14AEF6323232D0B7,jup_sign_hotel_japan_02_mesh
14B1732B1C7FC698,j_cosmetic_lropebagd
14B1782B1C7FCF17,j_cosmetic_lropebaga
14B1792B1C7FD0CA,j_cosmetic_lropebagb
14B17A2B1C7FD27D,j_cosmetic_lropebagc
14C2FFD02D5728AE,j_pipe_back_end_le_01
14DE1C5395A2FA4C,sat_libra_floor_interior_panel_glass_01_mesh
14DE3B7A6779E3C7,handle_l_jnt
14E476E7C3983A20,j_stock
14EC8C51D1DA41D8,barrier_wooden_slats_01_woodslats_kit_single_post_04
14EC8D51D1DA438B,barrier_wooden_slats_01_woodslats_kit_single_post_05
14EC9151D1DA4A57,barrier_wooden_slats_01_woodslats_kit_single_post_01
14EC9251D1DA4C0A,barrier_wooden_slats_01_woodslats_kit_single_post_02
14EC9351D1DA4DBD,barrier_wooden_slats_01_woodslats_kit_single_post_03
14EEE492F3595029,machinery_generator_trailer_01_lights_pole1
14F4FDBE1B293B3A,j_tail_3_prop
15034D2B8DFAECA8,sat_wall_wood_log_doorframe_04_lod0
1517D648D07ACDEA,j_bolt_guide
151CB9ADE26986A1,j_cosmetic_caribeenera
1520F85A97084D56,j_cosmetic_caribeaner
1531950E72082E56,j_cosmetic_thigh
1541AA8481EA1AF0,j_clamp_river02_dnri
154FD071CFFBA091,j_crest
15595E60CC34FC60,j_cosmetic_antenna2_b
15596160CC350179,j_cosmetic_antenna2_a
155E196719C1B928,support_beam_05
155E1A6719C1BADB,support_beam_04
155E1D6719C1BFF4,support_beam_01
155E1F6719C1C35A,support_beam_03
15672245221CCD48,j_raygun
15709BD4748C3A53,tag_pipe_long
1577083C80BD6C59,eu_decor_bicycle_c_back
157CB88134434BE0,jup_window_town_library_01
157CBB81344350F9,jup_window_town_library_02
158547F1EE959C99,tag_window_back_right_corner
158926A72ED8D3D3,uk_storage_metal_cage_02
158BBC8008DB342E,tag_light_emergency_red_09_d1
158BBD8008DB35E1,tag_light_emergency_red_09_d0
158EE5ADC886C4E3,utility_plastic_cart_01
158EF5EC12983896,un_office_l_r_desk_01_short
15D04BD149B0B645,t10_construction_panel_corrugated_damaged_04_mesh
15D32B17DE0C215C,j_pipe_back_end_ri_01
15D9454939DF3091,london_coffee_machine_cup
15D97BDD5634E3E5,j_bar_a_rear_right_aim
15E3CE6DE00BE96F,tag_pistol_offset
15F095E4E48887A2,sat_leo_archway_plaster_01_mesh
16029D22232ED198,j_cosmetic_medical_y_strap
1612CAA7F9787A55,tag_seat
161B5A5C064E2F6F,tag_turret_rocket_le
1621AED11C151A03,tag_barrel_4
1621B1D11C151F1C,tag_barrel_1
1621B3D11C152282,tag_barrel_3
1621B4D11C152435,tag_barrel_2
16227D5DEE563408,j_cosmetic_svd_pouch_02
1622805DEE563921,j_cosmetic_svd_pouch_01
16249EA1BF9F92B2,sat_storage_guild_large_shipping_container_01_mesh
162A95E07EFDA668,decal_01
1637BCD8E5A18DC1,lamp_wire
163A0D159FC236AB,j_sai_ri
16528FC7BEA3BA77,building_wire_clamp_01
1655861CFB46617C,sectionaldoor1_skin
166AEB7A9E5BDF07,sphere_jnt
1678C624731CDD0C,j_periorbital_le_2
1678C724731CDEBF,j_periorbital_le_3
1678C924731CE225,j_periorbital_le_1
167FA5040E054DB9,j_proc_spinelower_backtip_ri_new
168498DDC118C3AD,jup_zm_merc_defend_computer_destroyed_05_mesh
168705BDFC7E58D3,ar_05_fx
16A03D15A0193B6D,j_sai_le
16A0F42623BF919C,tag_door_trailer_back_right_d0
16A4C17672D349E2,j_carrying_handle
16A6690BF7045D12,j_index_ri_1_prop
16AB0E806BB35974,tag_heel_plate_left_d0
16AFDC4DC60BF1CF,tag_gunner1_barrel_animate
16B1AED1515E1358,tag_rotor_chunk_b3_dst
16B83702C2376EEB,j_proc_collar_r
16B84502C23786B5,j_proc_collar_l
16C767852FE97210,tag_light_emergency_red_08_d0
16C768852FE973C3,tag_light_emergency_red_08_d1
16C8612A4C087094,cyclops_s4_ext_window_frame_01c_mesh
16D881FAAE1AB0A0,j_holster_2
16D882FAAE1AB253,j_holster_3
16D884FAAE1AB5B9,j_holster_1
16E0073AD3269F85,tag_engine_fx
16EE1426613B9F89,electronics_headphones_01_
16F6D0919EC94AE2,uk_street_road_curb_ramp_256_01
16FCEADBF30196B3,j_cosmetic_vest_zipper
1709D51412CFC512,j_cosmetic_vest_knife
170BA7FD78AE4DDC,j_ptt_le
17139CFB3E98C174,j_cosmetic_side_bag_03
17139DFB3E98C327,j_cosmetic_side_bag_02
17139EFB3E98C4DA,j_cosmetic_side_bag_01
171AABCA2569C351,window_blinds_office_closed_01_long
172A8DF4D4E83302,tag_engine_dst
17348CC29DDD63D3,j_slidestop
175131A6717D57CA,j_tablet
17582A11FA1DF0BA,aac_wall_clock_01_lod0
1767EFAB90FADCD8,seat3_ri_jnt
1768FDE6AB727197,t10_ava_furniture_door_tv_cabinet_01_mesh
176E95744E66DAA0,ht_skyscraper_ext_windowframe_02_lod0
17A8991D9DAAFEA8,uk_chair_folding_01_b
17A89A1D9DAB005B,uk_chair_folding_01_c
17A910CD648FFEA5,me_food_butchery_hook_c
17B5DD4CFB0D02C4,t10_signage_wood_welcome
17B7D1C5865B9D12,tag_hatch_animate
17BC389FA3040969,t10_ava_trim_mooring_hole_yacht_01_mesh
17D788AC8481830E,tag_glass_side_back_left_d5
17D789AC848184C1,tag_glass_side_back_left_d4
17D78AAC84818674,tag_glass_side_back_left_d3
17D78BAC84818827,tag_glass_side_back_left_d2
17D78CAC848189DA,tag_glass_side_back_left_d1
17D78DAC84818B8D,tag_glass_side_back_left_d0
17DD21883132691F,kitchen_plastic_large_cup_01
17E0CAC7B10FFFD5,gib_old_cannon_balls_02_lod0
17E202C6F7DC53DF,antenna2_l0
17EC558FF3E78501,tag_lights
17F12C2E41D68040,j_ring_le_3
17F12D2E41D681F3,j_ring_le_2
17F12E2E41D683A6,j_ring_le_1
17F12F2E41D68559,j_ring_le_0
17F8F3FD37DD4ED6,j_interior_hand_ring5_end
180C3C767CC62C90,j_proc_par_deltoid_ri
1810CAB8775F6655,pipe_01
1811E964EF1AAA2C,in_structural_trim_stone_40_lod0
181450923E26DB0D,j_cosmetic_scarf_center
1814F2D1483139DC,j_proc_radio_buff_le
181B6B2D658BCB82,in_structural_trim_base_stone_40_mesh
181BDF9662C8A30D,tag_barrel_spin_le_animate
181CA89548389493,utility_vent_large_02_box_8
181FB5729A8E671D,j_lid_front_ri_2_hide
1823121C52FD5756,tag_wheel_front_left_spin
1827396978354D9F,j_cosmetic_knife
182D2615346B6FDB,berlin_patio_chair_lod0
1830E8184F39E4F0,fastrope_clasp_ri_jnt
1836E2D1484E0512,j_proc_radio_buff_ri
1855CBF124E2580C,j_hopper
185787AA0F923F4F,j_screen_3a
185788AA0F924102,j_screen_3b
1859CE7AF98E3D62,j_zb_8_root
185A6AAA0F9443DF,j_screen_2b
185A6BAA0F944592,j_screen_2a
185D90AA0F96BA48,j_screen_1b
185D93AA0F96BF61,j_screen_1a
186143AA0F9A2048,j_screen_05
186144AA0F9A21FB,j_screen_04
186147AA0F9A2714,j_screen_01
186149AA0F9A2A7A,j_screen_03
18614AAA0F9A2C2D,j_screen_02
186173AA0F9A71D8,j_screen_0e
186174AA0F9A738B,j_screen_0d
186175AA0F9A753E,j_screen_0g
186176AA0F9A76F1,j_screen_0f
186177AA0F9A78A4,j_screen_0a
186179AA0F9A7C0A,j_screen_0c
18617AAA0F9A7DBD,j_screen_0b
18651C767D121F06,j_proc_par_deltoid_le
1865A76D5F814C86,roof_asbestos_sheet_64x128_01_2sided
18716C7BE380B3D1,tag_claw_bottom_hook_animated
1871FC67203BE25A,tag_camera_ball_barrel
1873883AE38396FF,l_backleg1_jnt
187694E310960F71,j_grp_wristwatch_minute
1877ACCA240DA04F,j_cosmetic_radio_main
18896BB085C9DDC3,j_elbow_le_prop
18916B5327ECF416,machinery_water_pump_01_generator
18A7ED6BDAB80662,joint_for_orientation
18AF39005F909F6C,tag_air_brake_dst
18B4BD046312ACAD,me_kitchen_tea_cup_01_pot_single
18B4FD82D3116283,roof_asbestos_sheet_128x128_01_2sided
18B5B9856173D689,sat_zm_chimney_stone_01_mesh
18B6E2883D9F73A5,debris_coal_edge_buildup_64_01
18B91A6A2AB77A55,string_2
18C405ECABE5B1F3,j_corner_1
18C406ECABE5B3A6,j_corner_2
18C407ECABE5B559,j_corner_3
18C408ECABE5B70C,j_corner_4
18C409ECABE5B8BF,j_corner_5
18C40AECABE5BA72,j_corner_6
18C40BECABE5BC25,j_corner_7
18C40CECABE5BDD8,j_corner_8
18D16CAA0FF96DAA,j_screen_on
18D599875D4BEB16,un_structural_cornerstone_90_neoclassical_64
18E2C572AFC4BA96,uk_nursery_dresser_worn_01
18EDF1B61279473C,r_ripmid0_jnt
18EED4A4CB899601,l_wing4
18EED5A4CB8997B4,l_wing3
18EED6A4CB899967,l_wing2
18EED7A4CB899B1A,l_wing1
18F417039A7DD6C0,j_cosmetic_back_pouch_02
18F41A039A7DDBD9,j_cosmetic_back_pouch_01
18FA84670017C3FA,tag_attach_rotor_chunk_c_dst
1903AD713DB3B59D,tag_wingtip_pivot_ri_animate
19065D1C0DC419CC,tag_hammer_animate_le
1906FACB2E8D86C2,j_grenade_empty
190B73459AD9C80C,buildup_dirt_plaster_01_32
19181E9B59F2183C,tag_stow_back_mid_attach
191C6F459AE83473,buildup_dirt_plaster_01_64
19295290BCC20400,building_corrugated_metal4x8
19295E90BCC21864,building_corrugated_metal4x4
192F2349176EB06C,seat1_le_jnt
19356FA67353EEFE,jup_accessory_plane_protective_equipment_wall_box_01_mesh
19378AFC48306C71,landing_gear_front_jnt
194F451EB5C94DC8,tube_01_jnt
1956DEF1556D6E8B,tag_barrel_spin_ri_animate
195CCA6FBC7FD5FB,tag_origin_pointconstraint1
195F5EA6E98084BF,j_shroud
1960DACBB626EF12,tag_fx_headlight_right
19685543DE27D6F7,t10_food_market_fruit_cup_04_lod0_mesh
19695B1F7F68DF7A,sat_raid_decor_basketball_01_mesh
196C13A882E3BBD0,tag_glass_bus_right_04_d2
196C14A882E3BD83,tag_glass_bus_right_04_d3
196C15A882E3BF36,tag_glass_bus_right_04_d0
196C16A882E3C0E9,tag_glass_bus_right_04_d1
197166D392B9D498,tag_wall_03_a
197168D392B9D7FE,tag_wall_03_c
197169D392B9D9B1,tag_wall_03_b
19848CDA31901986,tag_canister_4
19848EDA31901CEC,tag_canister_2
19848FDA31901E9F,tag_canister_3
198491DA31902205,tag_canister_1
19A202CE7CEDA480,tag_tailgate_hitch_left
19AA94F4468CA444,tag_lift_bot_arm_extension_animate
19AB8AC314322F71,ee_bathroom_toilet_divider_door_01
19B67355F9320E24,j_towel_mid3_side1
19B67655F932133D,j_towel_mid3_side2
19D78D072F8AF711,military_cp_crafting_crate_wood
19D98184F6C489A6,pole_low
19DBCF3A529DADA3,tag_roadwheel_chunk_dst
19E4E0D2A75A14B5,tag_animated
19E7916394D1EC40,tag_wheel_steer_front_right_animate
19EBE45A4525D7AF,j_stationary_train_car_cargo_01
1A0132379DBFF530,j_rtopbackbagstrap
1A14262393049214,un_office_desk_01_short
1A1E80F3E34FE309,ind_flood_light_standing_off_bulb
1A247C22FCEDB881,bridge_rail_hook_01_1
1A3F261EBAFAE17E,jup_building_stone_wall_ornate_corner_32_mesh
1A45FEEDFE6BC190,j_padlock
1A4AD28E6292209C,j_cosmetic_legbag
1A512FE5E3AC9300,jup_structural_window_prison_bars_steel_64x96_mesh
1A5A376BA2052770,mayhem_export_cloth_500
1A5A386BA2052923,mayhem_export_cloth_501
1A5A396BA2052AD6,mayhem_export_cloth_502
1A5A3A6BA2052C89,mayhem_export_cloth_503
1A5A3B6BA2052E3C,mayhem_export_cloth_504
1A5A3C6BA2052FEF,mayhem_export_cloth_505
1A5A3D6BA20531A2,mayhem_export_cloth_506
1A5A3E6BA2053355,mayhem_export_cloth_507
1A5A3F6BA2053508,mayhem_export_cloth_508
1A5A406BA20536BB,mayhem_export_cloth_509
1A5C122670BE38F8,j_panel2_screen_down
1A5DBB6BA2083D93,mayhem_export_cloth_512
1A5DBC6BA2083F46,mayhem_export_cloth_511
1A5DBD6BA20840F9,mayhem_export_cloth_510
1A5DBE6BA20842AC,mayhem_export_cloth_517
1A5DBF6BA208445F,mayhem_export_cloth_516
1A5DC06BA2084612,mayhem_export_cloth_515
1A5DC16BA20847C5,mayhem_export_cloth_514
1A5DC56BA2084E91,mayhem_export_cloth_518
1A613D6BA20B5050,mayhem_export_cloth_526
1A613E6BA20B5203,mayhem_export_cloth_527
1A613F6BA20B53B6,mayhem_export_cloth_524
1A61406BA20B5569,mayhem_export_cloth_525
1A61416BA20B571C,mayhem_export_cloth_522
1A61426BA20B58CF,mayhem_export_cloth_523
1A61436BA20B5A82,mayhem_export_cloth_520
1A61446BA20B5C35,mayhem_export_cloth_521
1A614B6BA20B681A,mayhem_export_cloth_528
1A614C6BA20B69CD,mayhem_export_cloth_529
1A64406BA20D8B40,mayhem_export_cloth_539
1A64416BA20D8CF3,mayhem_export_cloth_538
1A64486BA20D98D8,mayhem_export_cloth_531
1A64496BA20D9A8B,mayhem_export_cloth_530
1A644A6BA20D9C3E,mayhem_export_cloth_533
1A644B6BA20D9DF1,mayhem_export_cloth_532
1A644C6BA20D9FA4,mayhem_export_cloth_535
1A644D6BA20DA157,mayhem_export_cloth_534
1A644E6BA20DA30A,mayhem_export_cloth_537
1A644F6BA20DA4BD,mayhem_export_cloth_536
1A67C86BA210A82F,mayhem_export_cloth_549
1A67CB6BA210AD48,mayhem_export_cloth_544
1A67CC6BA210AEFB,mayhem_export_cloth_545
1A67CD6BA210B0AE,mayhem_export_cloth_546
1A67CE6BA210B261,mayhem_export_cloth_547
1A67CF6BA210B414,mayhem_export_cloth_540
1A67D06BA210B5C7,mayhem_export_cloth_541
1A67D16BA210B77A,mayhem_export_cloth_542
1A67D26BA210B92D,mayhem_export_cloth_543
1A6B4C6BA213BE52,mayhem_export_cloth_559
1A6B4D6BA213C005,mayhem_export_cloth_558
1A6B4E6BA213C1B8,mayhem_export_cloth_557
1A6B4F6BA213C36B,mayhem_export_cloth_556
1A6B506BA213C51E,mayhem_export_cloth_555
1A6B516BA213C6D1,mayhem_export_cloth_554
1A6B526BA213C884,mayhem_export_cloth_553
1A6B546BA213CBEA,mayhem_export_cloth_551
1A6B556BA213CD9D,mayhem_export_cloth_550
1A6EB96BA216AD60,mayhem_export_cloth_562
1A6EBA6BA216AF13,mayhem_export_cloth_563
1A6EBB6BA216B0C6,mayhem_export_cloth_560
1A6EBC6BA216B279,mayhem_export_cloth_561
1A6EBD6BA216B42C,mayhem_export_cloth_566
1A6EBE6BA216B5DF,mayhem_export_cloth_567
1A6EBF6BA216B792,mayhem_export_cloth_564
1A6EC06BA216B945,mayhem_export_cloth_565
1A6EC36BA216BE5E,mayhem_export_cloth_568
1A6EC46BA216C011,mayhem_export_cloth_569
1A723C6BA219C1D0,mayhem_export_cloth_575
1A723D6BA219C383,mayhem_export_cloth_574
1A723E6BA219C536,mayhem_export_cloth_577
1A723F6BA219C6E9,mayhem_export_cloth_576
1A72416BA219CA4F,mayhem_export_cloth_570
1A72426BA219CC02,mayhem_export_cloth_573
1A72436BA219CDB5,mayhem_export_cloth_572
1A72486BA219D634,mayhem_export_cloth_579
1A72496BA219D7E7,mayhem_export_cloth_578
1A753F6BA21BFCC0,mayhem_export_cloth_588
1A75406BA21BFE73,mayhem_export_cloth_589
1A75476BA21C0A58,mayhem_export_cloth_580
1A75486BA21C0C0B,mayhem_export_cloth_581
1A75496BA21C0DBE,mayhem_export_cloth_582
1A754A6BA21C0F71,mayhem_export_cloth_583
1A754C6BA21C12D7,mayhem_export_cloth_585
1A754D6BA21C148A,mayhem_export_cloth_586
1A754E6BA21C163D,mayhem_export_cloth_587
1A78C46BA21F1496,mayhem_export_cloth_599
1A78C56BA21F1649,mayhem_export_cloth_598
1A78CA6BA21F1EC8,mayhem_export_cloth_593
1A78CB6BA21F207B,mayhem_export_cloth_592
1A78CC6BA21F222E,mayhem_export_cloth_591
1A78CD6BA21F23E1,mayhem_export_cloth_590
1A78CE6BA21F2594,mayhem_export_cloth_597
1A78CF6BA21F2747,mayhem_export_cloth_596
1A78D06BA21F28FA,mayhem_export_cloth_595
1A78D16BA21F2AAD,mayhem_export_cloth_594
1A7C8F6DC45FCA28,j_cosmetic_radio_pouch_02
1A7C906DC45FCBDB,j_cosmetic_radio_pouch_03
1A7C926DC45FCF41,j_cosmetic_radio_pouch_01
1A7C956DC45FD45A,j_cosmetic_radio_pouch_04
1A82B2FAAE01B797,tag_fx_r
1A82B8FAAE01C1C9,tag_fx_l
1A82F0FAAE0220F1,tag_fx_4
1A82F1FAAE0222A4,tag_fx_3
1A82F2FAAE022457,tag_fx_2
1A82F3FAAE02260A,tag_fx_1
1A8B277AB81686C6,tag_door_front_right_d0
1A8B59EFF6931018,j_leg_3_a
1A8B5BEFF693137E,j_leg_3_c
1A8B5CEFF6931531,j_leg_3_b
1A8E947C756372FC,fence_corrugated_metal_02_128_frame
1A8F7C0B1B71BAFF,j_spoon
1A91B98EB96FD1F4,pedals_a
1AADBEFCD0D9A5BC,tail_rotor_null
1AB59F0B1B92C5B5,j_spork
1ABA5344214DF8F3,j_spring2
1ABA5444214DFAA6,j_spring1
1AC0EFA122D0155E,tag_ring
1AC8D3069C1FD648,j_ear_le
1ACFAB069C25B0FE,j_ear_ri
1AD42EB94660570B,j_door_10_big
1AD559F9EEE72AEF,ee_trim_large_roof_16
1AD8B8D937B39C82,metal_scrap_debris_09_lod0
1ADC65F9EEED5E01,ee_trim_large_roof_32
1ADF61F9EEEF8D0C,ee_trim_large_roof_48
1AE3013414670154,tag_stowed_backpack_hide
1AE41CAB8AF0BD4B,j_elbow_bulge_ri
1AE659F9EEF59E22,ee_trim_large_roof_64
1AED36D7B6DD134B,jup_furniture_exterior_bench_01_mesh
1AFF02E672947FC3,tag_tanker
1B03041CBEA0FD4D,j_cosmetic_medical
1B12BBF6F3AB9AF4,j_emptylink01
1B12BCC98086FD2E,j_cosmetic_medbag
1B12BDF6F3AB9E5A,j_emptylink03
1B12BEF6F3ABA00D,j_emptylink02
1B1A83382345E9B3,j_bunkerbuster_grenade
1B203CEC682378D3,eu_decor_bicycle_c_pedals
1B252EE181257D62,sniper_02_jnt
1B298B9D33287819,t10_terrain_ground_geo_snow_curb_flat_edge_end_lod0
1B2C719D9D4F8A96,tag_hood_left_animate
1B2D7AE560BA9CA2,phone_destr
1B2F63D350949DDD,sat_storage_guild_large_shipping_container_02_mesh
1B4286D845E42CDD,tag_origin_long
1B4A4CAB8B47C20D,j_elbow_bulge_le
1B4B2D55BF6F36B6,lift_door_jnt
1B539909949FD466,uk_kitchen_cabinet_glass_kit_01_door_top_r1
1B6012440E3B265E,aset_rock_cliffs_m_uboxeeada_lod1
1B678F91AD08693D,tag_door_rear_top_left
1B6AB9B53677BB7D,j_cosmetic_camelbackrtopstrapend
1B785F21B94DE560,j_plunger_02
1B786021B94DE713,j_plunger_03
1B786221B94DEA79,j_plunger_01
1B7EF0BDAAC5DD50,irrigation_hose_8
1BA5D3F4089200D4,crest_top
1BAA42FDA0E1219C,j_helmet_hide
1BAFDBC5E20911CF,j_canopy_mid
1BB0C1D79F884DB2,loader_rot_top_extra_jnt
1BB6B925E37020B7,tag_keyboard_light_off_02
1BB6BA25E370226A,tag_keyboard_light_off_01
1BB9AD0994F6A994,uk_kitchen_cabinet_glass_kit_01_door_top_l1
1BC7C51D197841E0,j_cosmetic_arpouch_a
1BCF12E68F2B60AA,tag_rear_cab_door_back_animate
1BD0D59FF2CBC442,damaged_2_blinds
1BD3DFB74D028F1F,spine4_jnt
1BD3E3C49AA47CAD,tag_barrel_hide
1BDDD7FAAF291520,tag_fx11
1BDDD8FAAF2916D3,tag_fx10
1BDDD9FAAF291886,tag_fx13
1BDDDAFAAF291A39,tag_fx12
1BDDDBFAAF291BEC,tag_fx15
1BDDDCFAAF291D9F,tag_fx14
1BE51CC1E6475DAD,uk_small_window_balcony_01
1BE641CB85037540,ee_window_plaster_frame_01
1BE644CB85037A59,ee_window_plaster_frame_02
1BE8F431E7D0CAFC,j_cosmetic_pouch_small_b
1BE8F731E7D0D015,j_cosmetic_pouch_small_a
1BF2DD305B25B8E5,tag_lid
1BFCCB9A3DAFB6E9,sat_virgo_building_mid_vista_01_lod0
1C006B5E4DC1FDD7,tag_gunner_turret1_base_animate
1C069D40C2B2323E,j_shaft
1C07ABAF58B57544,t10_app_signage_beepers_store_07
1C07ACAF58B576F7,t10_app_signage_beepers_store_06
1C0AB57392E3C0EE,j_mana_root
1C0D165A07529FC7,j_belt_01
1C0F2A0722CAD817,container_barrel_plastic_01_open_white
1C0FC004A9AE8335,tag_knife
1C161C1BE490DC02,j_ghillie_14_av2
1C2035015F9D83F8,j_cosmetic_sydcoat_20
1C2037015F9D875E,j_cosmetic_sydcoat_22
1C2038015F9D8911,j_cosmetic_sydcoat_23
1C2198219C33D5A5,j_taser
1C23B60EA3E7EC50,tag_turret_offset
1C25BDA58F2CD247,uk_street_road_curb_ramp_32_01a
1C25BEA58F2CD3FA,uk_street_road_curb_ramp_32_01b
1C2A26015FA5BF00,j_cosmetic_sydcoat_11
1C2A27015FA5C0B3,j_cosmetic_sydcoat_10
1C2A29015FA5C419,j_cosmetic_sydcoat_12
1C2A2A015FA5C5CC,j_cosmetic_sydcoat_15
1C2A2B015FA5C77F,j_cosmetic_sydcoat_14
1C2A2C015FA5C932,j_cosmetic_sydcoat_17
1C2A2D015FA5CAE5,j_cosmetic_sydcoat_16
1C301B5F7E1D23F3,j_lock02
1C301C5F7E1D25A6,j_lock01
1C32B9FC54ED345B,uk_foliage_plant_potted_fern_02
1C32BAFC54ED360E,uk_foliage_plant_potted_fern_01
1C3427B1ED338CD2,saw_decor_mc_church_interior_wall_02_lod0
1C3FC3CFC57DAF0C,j_gun_adjust_le
1C4909B115B04B96,ee_utility_pole_gripper_01_mid
1C4AAD40C2EC1A3A,j_shard
1C6762EDAD1BEC65,door_top
1C7EE4AAC814BCDA,tag_tail_dst
1C7FDCDC93B818CF,j_cosmetic_smoke
1C871296D0C98B23,jup_construction_crane_tower_08_mesh
1C96E59D130457AC,t10_electronics_fir_center_ground_wire_01_mesh
1C9D20859F8D63C6,pasted__polysurface61
1CA6FAC71CCA6A43,j_smoke_1
1CA72AC71CCABBD3,j_smoke_a
1CA72BC71CCABD86,j_smoke_b
1CAA499D97AD4FFB,tag_wing_le_animate
1CBB367336FB8C76,sat_wall_wood_log_doorframe_02_lod0
1CBDF1C51BABA6A0,j_upperspineprotectorlowmain
1CC03B8332B3BD39,tag_rear_fx
1CC446FAA896F8BF,binder_left
1CC51E9784E7233A,sgon_zm_t10_garnet_superterrain_gl_7da918d6_2_high
1CD64416153A4CFA,j_glider_nose_right_top
1CD95CA3A3908A0F,stationary_train_car_cargo_door_left_01
1CD95DA3A3908BC2,stationary_train_car_cargo_door_left_02
1CF6EDF372B7DAEA,j_uppergroinprotectorlegs
1CFC45631132F63C,tag_missile
1D016584178041E8,j_ammo_cover
1D0AE8F9472B9013,tag_wind_deflector
1D0C130EE5E210D4,j_proc_tapes
1D201A505524EBF8,j_l_arm01
1D29F8E975355A1A,sat_door_falu_fishing_wood_white_01_lod0
1D2CA0830459124B,j_handle_ri_02
1D2CA183045913FE,j_handle_ri_01
1D2F05C54374FF07,tag_ik_loc_ri_seat_ctrl
1D308BFA4B2FE69E,tag_orange
1D37AB3B3B1B3B51,j_cosmetic_bcd_vest_tube
1D4092B444FEB2B9,tag_wheel_front_right_follower
1D5764F49D0E5C6D,red_component_bin_filled_01_empty
1D598C191CFD2048,arm_02
1D598F191CFD2561,arm_01
1D5D9E2F371EB036,root_jnt
1D60F8CFC7175632,tag_fx_center
1D64853B3A05F411,t10_tool_car_lug_wrench_01
1D678FDB0E26FB68,tag_ramp_lower_flap
1D6D480BB0FC0388,tag_bogey_debris
1D75BFA3C652B500,building_awning_rusted_metal_corrugated_64
1D8FF4B98750F509,j_backbinder
1D92AE3FB91BA7BB,j_fan_01
1D92AF3FB91BA96E,j_fan_02
1D92B03FB91BAB21,j_fan_03
1D98F3D8EEE1B67D,ee_wall_base_brick_corner_90_out
1DA009F2FF13C4A9,ar_03_fx
1DA3FF2070654775,uk_house_handrails_corner_01
1DB655A539E65E71,j_uppergum
1DBFAECD1398AA16,j_trident
1DC5F0627D65C730,pcube2
1DC5F1627D65C8E3,pcube3
1DC5F3627D65CC49,pcube1
1DC5F4627D65CDFC,pcube6
1DC5F5627D65CFAF,pcube7
1DC5F7627D65D315,pcube5
1DC5FA627D65D82E,pcube8
1DC5FB627D65D9E1,pcube9
1DEB1BC12DEDE66A,kitchen_appliance_toaster_oven_old_door
1DF2325FD203383D,side_door_r_jnt
1DF3B2D73A646E4E,tag_gunner_turret2_slide_animate
1DF5141D3A3BE298,tag_cockpit_glass_rear_right
1DF8D48EAAA14050,j_keyboard_on_02
1DF8D58EAAA14203,j_keyboard_on_03
1DF8D78EAAA14569,j_keyboard_on_01
1DF8D88EAAA1471C,j_keyboard_on_06
1DF8D98EAAA148CF,j_keyboard_on_07
1DF8DA8EAAA14A82,j_keyboard_on_04
1DF8DB8EAAA14C35,j_keyboard_on_05
1DF8DE8EAAA1514E,j_keyboard_on_08
1DF8DF8EAAA15301,j_keyboard_on_09
1DFBDB8EAAA3820C,j_keyboard_on_11
1DFBDC8EAAA383BF,j_keyboard_on_10
1DFBDE8EAAA38725,j_keyboard_on_12
1E0025C9C109C42E,tag_rotor_chunk_c2_dst
1E0DE79E5EBD4C9F,ee_roof_metal_flat_128x128
1E11AB60D547B8F9,compass_2_jnt
1E13433418A501FB,j_cosmetic_helmet
1E1925C2AAF5DE4E,r_shoulderhelper1_jnt
1E30D1F9A2AE0D11,container_water_jug_01
1E3FB1E2B48D407C,j_mag_release_button
1E5614618CC5D176,ee_post_metal_painted_01_base
1E628EE1D215F838,j_ub_release_lever
1E646EF522D7958B,j_cosmetic_mag_pouches_c
1E680CAAD9A6DCE9,j_leg_back_right_01
1E6B45DF86153DE4,tag_light_r_wing1
1E711EC524BA4250,jup_accessory_fishing_store_fishing_lure_01_lod0
1E73A71079F219C1,jumbled_electrical_wire_loop_big
1E79910B850187D8,j_hair_ri_01
1E79930B85018B3E,j_hair_ri_03
1E79940B85018CF1,j_hair_ri_02
1E79960B85019057,j_hair_ri_04
1E7CEE882BF94686,j_bullet_18
1E7CF4882BF950B8,j_bullet_12
1E7CF5882BF9526B,j_bullet_13
1E7CF6882BF9541E,j_bullet_10
1E7CF7882BF955D1,j_bullet_11
1E7CF8882BF95784,j_bullet_16
1E7CF9882BF95937,j_bullet_17
1E7CFA882BF95AEA,j_bullet_14
1E7CFB882BF95C9D,j_bullet_15
1E7FC72FC4FA8183,sat_locust_zm_fishing_house_roof_end_cap_64_mesh
1E8073882BFC5E5C,j_bullet_09
1E807409BAE6E4B3,j_light_02_off
1E8074882BFC600F,j_bullet_08
1E8077882BFC6528,j_bullet_05
1E8078882BFC66DB,j_bullet_04
1E8079882BFC688E,j_bullet_07
1E807A882BFC6A41,j_bullet_06
1E807B882BFC6BF4,j_bullet_01
1E807D882BFC6F5A,j_bullet_03
1E807E882BFC710D,j_bullet_02
1E88C5DA83B99104,j_balton_lower
1E8A29EC5520273C,tag_leg_rr_heel
1E8A88174CD3D7E9,j_axle2_front_right_aim
1E9580FEAC2D0126,tag_right_prop_swing_arm
1EA2345609DD2EBC,j_ammo_9
1EA2355609DD306F,j_ammo_8
1EA2385609DD3588,j_ammo_5
1EA2395609DD373B,j_ammo_4
1EA23A5609DD38EE,j_ammo_7
1EA23B5609DD3AA1,j_ammo_6
1EA23C5609DD3C54,j_ammo_1
1EA23E5609DD3FBA,j_ammo_3
1EA23F5609DD416D,j_ammo_2
1EA3641C8903AE6A,wheel_front_l_aim_jnt
1EA4FCB2D69C7474,t10_app_signage_beepers_store_07_wire
1EA506989E6AA067,tag_rear_door_small_animate
1EA62CE52EC39968,j_main_light_01_off
1EA87017272B3F5F,j_smoke
1EB443A64ECA575D,j_badge
1EC03585392B4108,j_cosmetic_buttbag_nub_b
1EC03885392B4621,j_cosmetic_buttbag_nub_a
1EC30FE0773D3348,j_cosmetic_bcd_vest_dangle_e
1EC310E0773D34FB,j_cosmetic_bcd_vest_dangle_d
1EC312E0773D3861,j_cosmetic_bcd_vest_dangle_f
1EC313E0773D3A14,j_cosmetic_bcd_vest_dangle_a
1EC315E0773D3D7A,j_cosmetic_bcd_vest_dangle_c
1EC316E0773D3F2D,j_cosmetic_bcd_vest_dangle_b
1ECAFA1514D6FBF6,tag_geo_008
1ECAFB1514D6FDA9,tag_geo_009
1ECB001514D70628,tag_geo_002
1ECB011514D707DB,tag_geo_003
1ECB031514D70B41,tag_geo_001
1ECB041514D70CF4,tag_geo_006
1ECB051514D70EA7,tag_geo_007
1ECB061514D7105A,tag_geo_004
1ECB071514D7120D,tag_geo_005
1ECE041514D942CB,tag_geo_014
1ECE071514D947E4,tag_geo_011
1ECE081514D94997,tag_geo_010
1ECE091514D94B4A,tag_geo_013
1ECE0A1514D94CFD,tag_geo_012
1EEC71A31D38F1E9,trim22
1EEC73A31D38F54F,trim24
1EF6DABD5696688C,ptorus13
1EF6DCBD56966BF2,ptorus11
1EFA54AD0EEEEC4F,j_stomach
1EFA5671D5BF4009,j_clamp_lever_uple
1F032E4B21D5920E,wires_01_jnt
1F1BD1E967EC0237,equipment_toolbox_02_orange_destr_s1_f1
1F277ADBD4255768,tag_wheel_center_back_right_dst
1F2DBFAAB59B6F57,pedal_l_jnt
1F2DFB8782C406C4,wire_10
1F2DFC8782C40877,wire_11
1F31788782C71102,wire_09
1F31798782C712B5,wire_08
1F317A8782C71468,wire_07
1F317B8782C7161B,wire_06
1F317C8782C717CE,wire_05
1F317D8782C71981,wire_04
1F317E8782C71B34,wire_03
1F317F8782C71CE7,wire_02
1F31808782C71E9A,wire_01
1F34B660D220D928,j_cosmetic_antenna5_a
1F34B960D220DE41,j_cosmetic_antenna5_b
1F38292250CFABE7,j_cosmetic_camelbackrropestrapb
1F3ED696AEA93197,j_shouldertwist_ri
1F53EE96AEBBB669,j_shouldertwist_le
1F578E499DF18CC8,j_proc_hat
1F57D72FCFFC7DD4,j_suspensionspring_left_aim
1F78DA5EE733A65C,tag_right_aphid_missile
1F7AE2BF578F9988,tag_glass_bus_right_01_d1
1F7AE3BF578F9B3B,tag_glass_bus_right_01_d0
1F7AE4BF578F9CEE,tag_glass_bus_right_01_d3
1F7AE5BF578F9EA1,tag_glass_bus_right_01_d2
1F7B118823F4B0D0,j_buffer
1F7C27A6A7CB6150,mc_cabin_01_stair_set_01_mesh
1F82B44C48A68CAB,j_shield
1F85A714583FC320,j_cosmetic_ar_mag_hard_leg_a
1F91036029A6B0EC,fastrope_base_ri_jnt
1F96292536C10BD0,tag_glider_fx
1FAC0B2422E6DDDC,j_mana_origin
1FC6D6C2EE9A1860,j_proc_par_backneckguard
1FCA1F102234CC73,tube_04_jnt
1FD7CDD4AA4BBE84,tag_wing_rr
1FDE8F74DF23FC7E,tag_gun_door_right_animate
1FE30EFDE6F4A8F8,j_hammer
1FE77FD395C3D053,tag_wall_02_a
1FE780D395C3D206,tag_wall_02_b
1FE781D395C3D3B9,tag_wall_02_c
1FFC4A3FC3082999,rt_upperjaw_jnt
1FFE3ADEA55981E8,j_cosmetic_grenade_ri
2011AAE31B5846C2,j_cosmetic_mags
201BD3D4AA859582,tag_wing_fl
20202ADEA5764D1E,j_cosmetic_grenade_le
20282F91D4D36AD9,tag_wing_right_02_debris
203FF0B594A57C98,camerasuport0_jnt
20422A24D74D8A0E,tag_mainenginerudder_r2_animate
20481E821E6C8BBF,tag_front_bumper
204D5E89F10ED073,tag_door_trailer_rear_right_d0
204F8E8F4AF3BE38,tag_ik_loc_ri_pointconstraint1
20504AFCA0366980,jup_stairs_manor_railing_support_end_mesh
20508F720B3F22DF,uk_appliance_fridge_mini_01
20509BAF81992BD7,tag_armament_attach
205B7FFA72B603F3,tag_wheel_middle_right_scripted
205DC9F4E48FF173,tag_ik_foot_loc_ri_seat_0
205F784A42516180,j_clouds
206624CB366DF6B1,uk_walls_drywall_01_64x64_dmg
20686D4C527BF494,tag_on_20
20686F4C527BF7FA,tag_on_22
206F574C5281EDE0,tag_on_02
206F594C5281F146,tag_on_00
206F5B4C5281F4AC,tag_on_06
206F5C4C5281F65F,tag_on_07
206F5D4C5281F812,tag_on_04
206F614C5281FEDE,tag_on_08
2072DA4C52850250,tag_on_15
2072DB4C52850403,tag_on_14
2072DC4C528505B6,tag_on_17
2072DE4C5285091C,tag_on_11
2072DF4C52850ACF,tag_on_10
2072E04C52850C82,tag_on_13
2072E64C528516B4,tag_on_19
2076E3413F0526D0,j_ammo_012
2076E4413F052883,j_ammo_013
2076E5413F052A36,j_ammo_010
2076E6413F052BE9,j_ammo_011
2076E9413F053102,j_ammo_014
2076EA413F0532B5,j_ammo_015
2098D6C79B40A2E3,tag_wingtip_pivot_le_animate
20B1C2F9C23E61FF,j_suspensionspring_rear_left_tgt
20B24C53BD4FC34D,j_wall_cable_02_ri
20B6051E3954C45A,j_bipod_leg_02_lower
20B6F1D1532D04C3,t10_ava_signage_garages_01_lod0
20C61A67963C3D58,j_boltrel
20D075DEA60BB83B,j_cosmetic_grenade_02
20D076DEA60BB9EE,j_cosmetic_grenade_01
20DE76BB2B633B6B,tag_antenna_le_animate
20E2B4BF699B4C83,tomato
20F1A5C37CB8F92D,sat_decor_globe_01_globe
20FEA8F61DEF3614,tag_engine_slide
210172EFF99D0BD3,j_leg_2_a
210173EFF99D0D86,j_leg_2_b
210174EFF99D0F39,j_leg_2_c
210F770F7528DA93,ee_roof_metal_corner_bent_02
210F780F7528DC46,ee_roof_metal_corner_bent_01
21144AB27BFC2570,tag_door_left_dst
2116C592CA0A4245,r_shoulderhelper0_jnt
211799AA017A866A,j_cosmetic_rwrist_strapbb
21179AAA017A881D,j_cosmetic_rwrist_strapbc
212010E9800B1815,elevator_pillar_01_base_01_lod0_patch_01
212188AA0182BE0C,j_cosmetic_rwrist_strapaa
21218BAA0182C325,j_cosmetic_rwrist_strapab
21259D4CEDEA49FD,j_hinge_le
212CAD4CEDF083DB,j_hinge_ri
213B6DDF71C0D7A2,tag_eye_ri_weakpoint
21528448D6D785A2,uk_brick_wall_trim_02_128
2169F893CBB84079,j_cosmetic_dump_pouch_b_le
216D7BE7A45D260A,tag_handle
216F511AE84BFB77,com_gas_pipes01_lod0
21769B6B798EF06B,tag_wrist_watch
217B6A6E7EA95B46,j_ankle_front_ce
217D90747013AF1E,j_cosmetic_puffy_coat_ri_1
21802CAE6F326297,j_cosmetic_beads
218072B7ABC8AE13,tag_window_left1
218073B7ABC8AFC6,tag_window_left2
218074B7ABC8B179,tag_window_left3
218075B7ABC8B32C,tag_window_left4
218076B7ABC8B4DF,tag_window_left5
218ADB9E0A7114BC,table_lp
2192E0ADA39B367F,j_cosmetic_water_bag_handle
2198650EB6FE0F32,j_feedtray
21A5F41BA682EE45,uk_decor_window_curtain_02_r
21A6061BA6830CDB,uk_decor_window_curtain_02_l
21A6A1FB48F3ACD6,tag_fx_head_center_throat
21C1AED74CF70EEA,j_back_loader_lever
21C4062FA3101D82,j_lizard
21DE0751E51450A6,lawn_chair_d
21DE0851E5145259,lawn_chair_e
21DE0A51E51455BF,lawn_chair_c
21DE0C51E5145925,lawn_chair_a
21EF07F9B4588606,j_screen_red
21FE118A93827D34,barrier_traffic_concrete_block_01
21FE138A9382809A,barrier_traffic_concrete_block_03
21FE5FDF831ACE56,j_zb_4_root
2219DB7954F22A6E,j_mid_le_1_prop
221C90A7D51C37C8,j_vine_side
221E4AD0681CBEC0,j_shelf_cans_030
221E4BD0681CC073,j_shelf_cans_031
221E4CD0681CC226,j_shelf_cans_032
221E4DD0681CC3D9,j_shelf_cans_033
221E4ED0681CC58C,j_shelf_cans_034
221E4FD0681CC73F,j_shelf_cans_035
221E50D0681CC8F2,j_shelf_cans_036
221E51D0681CCAA5,j_shelf_cans_037
221E52D0681CCC58,j_shelf_cans_038
221E53D0681CCE0B,j_shelf_cans_039
2221CDD0681FD330,j_shelf_cans_023
2221CED0681FD4E3,j_shelf_cans_022
2221CFD0681FD696,j_shelf_cans_021
2221D0D0681FD849,j_shelf_cans_020
2221D1D0681FD9FC,j_shelf_cans_027
2221D2D0681FDBAF,j_shelf_cans_026
2221D3D0681FDD62,j_shelf_cans_025
2221D4D0681FDF15,j_shelf_cans_024
2221D7D0681FE42E,j_shelf_cans_029
2221D8D0681FE5E1,j_shelf_cans_028
222550D06822E7A0,j_shelf_cans_016
222551D06822E953,j_shelf_cans_017
222552D06822EB06,j_shelf_cans_014
222553D06822ECB9,j_shelf_cans_015
222554D06822EE6C,j_shelf_cans_012
222555D06822F01F,j_shelf_cans_013
222556D06822F1D2,j_shelf_cans_010
222557D06822F385,j_shelf_cans_011
22255ED06822FF6A,j_shelf_cans_018
22255FD06823011D,j_shelf_cans_019
2228F4AB820F8E05,j_liquid1
222911DDB084B22C,lm_decor_parliament_corinthian_column_01_capitol
222DF53BFED8A23D,handle_r_jnt
222E52B0A9B31270,tag_wing_right_debris
22364FD068315920,j_shelf_cans_045
223650D068315AD3,j_shelf_cans_044
223651D068315C86,j_shelf_cans_047
223652D068315E39,j_shelf_cans_046
223653D068315FEC,j_shelf_cans_041
223654D06831619F,j_shelf_cans_040
223655D068316352,j_shelf_cans_043
223656D068316505,j_shelf_cans_042
22453A184EF9F980,ee_utility_pole_street_light_on
224B0B01739B0B49,j_stone_base
224C1F6E3365E76B,j_cabinet_door
2256BB86C73D6146,t10_electronics_pitch_camera_standing_01
2261AC6B70F667AF,j_year_01
2263611624518849,tag_missile_hydraulic_large_middle1
226652CAA829AE18,railfbxasc03264fbxasc032new_ncl1_1
2279A11DA449E658,j_cosmetic_tape_02_b
2279A21DA449E80B,j_cosmetic_tape_02_c
2279A41DA449EB71,j_cosmetic_tape_02_a
2279F420FA25820B,ht_square_building_window_a_01_bake_lod0
227F1B8630F26F5D,tag_grip_hide2
22A174839D6A5402,decor_fire_axe_01
22ACCF0428120D20,building_elevator_shaft_cap_wheel
22B07EFB893F3CEB,j_bandage_3_r
22B08CFB893F54B5,j_bandage_3_l
22C5B07FCB9EA057,ee_furniture_table_wood_round_small_part1
22C5B27FCB9EA3BD,ee_furniture_table_wood_round_small_part3
22DB6FB17597D75A,edge_skirt_512_lr
22FA624DA86B79B0,tag_screen
22FC42FE098D6773,equipment_ac_unit_01_cage_02
22FEC2A67A4725D6,lm_structural_roof_trim_96_a
2300E7B45A39E730,me_tool_harvest_blade_02
2302A6A4123595AF,tag_stowed_back_sledgehammer
2303A031BE8842F4,elevator_jnt
232124EF4ACF9E90,j_cloth_simmesh_20_end
23398720EF283112,tag_hitch
23483F2AF8C061A9,tag_wall_03_add010
234BD95EDD8A1C8F,tag_turret_rocket_dst
235A0278D676FF68,j_tongue_3
235A0378D677011B,j_tongue_2
235A0478D67702CE,j_tongue_1
235A0578D6770481,j_tongue_0
235A0878D677099A,j_tongue_5
235A0978D6770B4D,j_tongue_4
23622D38B78F4AAF,sat_shipping_container_broken_01_mesh1
2366606BA7411820,mayhem_export_cloth_430
2366616BA74119D3,mayhem_export_cloth_431
2366636BA7411D39,mayhem_export_cloth_433
2366656BA741209F,mayhem_export_cloth_435
2366666BA7412252,mayhem_export_cloth_436
2366676BA7412405,mayhem_export_cloth_437
2366686BA74125B8,mayhem_export_cloth_438
2366696BA741276B,mayhem_export_cloth_439
2366FF0963E37262,me_construction_plank_bridge_a_04_burn_01_anim_bone
2369E36BA7442C90,mayhem_export_cloth_423
2369E46BA7442E43,mayhem_export_cloth_422
2369E56BA7442FF6,mayhem_export_cloth_421
2369E66BA74431A9,mayhem_export_cloth_420
2369E76BA744335C,mayhem_export_cloth_427
2369E86BA744350F,mayhem_export_cloth_426
2369E96BA74436C2,mayhem_export_cloth_425
2369EA6BA7443875,mayhem_export_cloth_424
2369ED6BA7443D8E,mayhem_export_cloth_429
2369EE6BA7443F41,mayhem_export_cloth_428
236CE66BA7466780,mayhem_export_cloth_416
236CE76BA7466933,mayhem_export_cloth_417
236CE86BA7466AE6,mayhem_export_cloth_414
236CE96BA7466C99,mayhem_export_cloth_415
236CEA6BA7466E4C,mayhem_export_cloth_412
236CEB6BA7466FFF,mayhem_export_cloth_413
236CEC6BA74671B2,mayhem_export_cloth_410
236CED6BA7467365,mayhem_export_cloth_411
236CF46BA7467F4A,mayhem_export_cloth_418
236CF56BA74680FD,mayhem_export_cloth_419
236F9D60B6F9E4A2,sat_equipment_cable_spline_mesh
2370696BA7497BF0,mayhem_export_cloth_409
23706A6BA7497DA3,mayhem_export_cloth_408
2370726BA7498B3B,mayhem_export_cloth_400
2370736BA7498CEE,mayhem_export_cloth_403
2370746BA7498EA1,mayhem_export_cloth_402
2370756BA7499054,mayhem_export_cloth_405
2370766BA7499207,mayhem_export_cloth_404
2370776BA74993BA,mayhem_export_cloth_407
2370786BA749956D,mayhem_export_cloth_406
2373F06BA74C972C,mayhem_export_cloth_478
2373F16BA74C98DF,mayhem_export_cloth_479
2373F46BA74C9DF8,mayhem_export_cloth_474
2373F56BA74C9FAB,mayhem_export_cloth_475
2373F66BA74CA15E,mayhem_export_cloth_476
2373F76BA74CA311,mayhem_export_cloth_477
2373F86BA74CA4C4,mayhem_export_cloth_470
2373F96BA74CA677,mayhem_export_cloth_471
2373FA6BA74CA82A,mayhem_export_cloth_472
2373FB6BA74CA9DD,mayhem_export_cloth_473
23772E3478E59EB2,j_lid_front_ri_4_show
2377756BA74FAF02,mayhem_export_cloth_469
2377766BA74FB0B5,mayhem_export_cloth_468
2377776BA74FB268,mayhem_export_cloth_467
2377786BA74FB41B,mayhem_export_cloth_466
2377796BA74FB5CE,mayhem_export_cloth_465
23777A6BA74FB781,mayhem_export_cloth_464
23777B6BA74FB934,mayhem_export_cloth_463
23777C6BA74FBAE7,mayhem_export_cloth_462
23777D6BA74FBC9A,mayhem_export_cloth_461
23777E6BA74FBE4D,mayhem_export_cloth_460
237846687E871C1D,lod0_patch_09
237AE26BA7529E10,mayhem_export_cloth_452
237AE36BA7529FC3,mayhem_export_cloth_453
237AE46BA752A176,mayhem_export_cloth_450
237AE56BA752A329,mayhem_export_cloth_451
237AE66BA752A4DC,mayhem_export_cloth_456
237AE76BA752A68F,mayhem_export_cloth_457
237AE86BA752A842,mayhem_export_cloth_454
237AE96BA752A9F5,mayhem_export_cloth_455
237AEC6BA752AF0E,mayhem_export_cloth_458
237AED6BA752B0C1,mayhem_export_cloth_459
237DE56BA754D900,mayhem_export_cloth_445
237DE66BA754DAB3,mayhem_export_cloth_444
237DE76BA754DC66,mayhem_export_cloth_447
237DE86BA754DE19,mayhem_export_cloth_446
237DE96BA754DFCC,mayhem_export_cloth_441
237DEA6BA754E17F,mayhem_export_cloth_440
237DEB6BA754E332,mayhem_export_cloth_443
237DEC6BA754E4E5,mayhem_export_cloth_442
237DF16BA754ED64,mayhem_export_cloth_449
237DF26BA754EF17,mayhem_export_cloth_448
2388746BA75E2082,mayhem_export_cloth_498
2388756BA75E2235,mayhem_export_cloth_499
2388766BA75E23E8,mayhem_export_cloth_496
2388776BA75E259B,mayhem_export_cloth_497
2388786BA75E274E,mayhem_export_cloth_494
2388796BA75E2901,mayhem_export_cloth_495
23887A6BA75E2AB4,mayhem_export_cloth_492
23887B6BA75E2C67,mayhem_export_cloth_493
23887C6BA75E2E1A,mayhem_export_cloth_490
23887D6BA75E2FCD,mayhem_export_cloth_491
238BE16BA7610F90,mayhem_export_cloth_481
238BE26BA7611143,mayhem_export_cloth_480
238BE36BA76112F6,mayhem_export_cloth_483
238BE46BA76114A9,mayhem_export_cloth_482
238BE66BA761180F,mayhem_export_cloth_484
238BE76BA76119C2,mayhem_export_cloth_487
238BE86BA7611B75,mayhem_export_cloth_486
238BE96BA7611D28,mayhem_export_cloth_489
238BEA6BA7611EDB,mayhem_export_cloth_488
238C60A91FF9C2C0,tag_window_cockpit_right3
238C61A91FF9C473,tag_window_cockpit_right2
238C62A91FF9C626,tag_window_cockpit_right1
238C67A91FF9CEA5,tag_window_cockpit_right4
23903CBA70AC5A9B,j_proc_radio_base_le_02
239A6AFD8273D2B4,tag_light_front_center
239B3CFB95D3E2F4,uk_brick_top_row_corner
23A5F753CA379705,tag_attach_chunk_gear_ri_dst
23AA33FE8675E260,j_underchin
23AB2714E9EE47C7,j_gasmask_1
23AB2814E9EE497A,j_gasmask_2
23AB2914E9EE4B2D,j_gasmask_3
23BD23DDC6C4BDB7,t10_decor_fast_food_trash_bin_01
23BF3DC22F90C5AF,j_dummy_stock
23C89B1D28EA901C,horse_low_marmoset
23D04C525B56718A,ee_furniture_lounge_table
23D79452AF783A4F,tag_leg_fl_flatten_piston_upper_aim
23E553F62ECEEE7F,tag_light_l_wing
23EEA76A0540713B,tag_right_upper_explosive_pipe_d0
23F5666F3BA58E7F,j_cable2_mrkt1
23F5676F3BA59032,j_cable2_mrkt2
23FADD6B92215520,tag_cover_panel_3
23FADE6B922156D3,tag_cover_panel_2
23FADF6B92215886,tag_cover_panel_1
23FAE46B92216105,tag_cover_panel_4
23FDA5E7C9A2DBD4,sat_debris_glass_shard_04
23FDA6E7C9A2DD87,sat_debris_glass_shard_05
23FDA8E7C9A2E0ED,sat_debris_glass_shard_07
24076C7DCBBB3AA5,j_glider_nose_left_bottom
240ABB697F917184,j_ghillie_proc_rot_clavicle_le1
240D155BF815F149,j_indexbulge_le_1
240F3C6A9F1C751C,j_towel_master
241A49F63CEA9CF4,j_remote
2426200D10B88BA5,fan_base_jnt
2432423775F6BFA2,tag_gear_door_front_le_animate
243853345AEC330F,sat_decor_post_bag_01_mesh
24491E86126D91A5,j_proc_stowed_chest
244BBA6BCBABD4FB,tongue1_jnt
247E246955CD80A6,tag_drone_attach_008_d0
24997878D7866BDC,j_tongue11
249CE900271B202B,geo_high
249DC426B3618F1A,j_pilot_chute
24A2690E8AFC0954,tag_fuse_02
24A26C0E8AFC0E6D,tag_fuse_01
24A75EBF0C1355A8,lm_utility_elevator_01_call_button
24AD8007E3E5DCC7,j_fan
24BB0453C998EC57,ammo_box_02_open_full
24BF09408DCC8E02,j_head_end
24C63BDBE1C626CF,tag_windshield_front
24C7E22B38A6BADF,j_cosmetic_helmet_01
24C7E32B38A6BC92,j_cosmetic_helmet_02
24C7E42B38A6BE45,j_cosmetic_helmet_03
24C96007E3FE211F,j_fin
24D1EBF2F3FAD4E2,j_military_shooting_target_arm_01
24D30291E344DA58,sat_zm_cable_post_wood_pole_01mesh
24D34AE862CD718D,tag_death_fx
24D4DF1C3CA6BF81,tag_screen_yellow
24E05D1DF494A83A,j_cosmetic_hood_ri_01
24E2BDE0CA41503A,receiver_geo
24E7F6900F5FB68E,tag_plow
24F0EE55B9F4820F,tag_light_yellow_off
24F2C57BDC1BBE41,t10_topaz_window_exterior_stone_6pane_02_lod0
24F42D2672189433,tag_lights_on
25042014716D220C,tag_ruddervator_left
250EB9D48368262A,j_keys
251A0BCD084AEEE2,j_proc_spinelower_backside_le
251AAA2D5D1E2842,tag_door_roll_base
251FE3F19E6AFAD6,j_gear_8
251FE9F19E6B0508,j_gear_2
251FEAF19E6B06BB,j_gear_3
251FECF19E6B0A21,j_gear_1
251FEDF19E6B0BD4,j_gear_6
251FEEF19E6B0D87,j_gear_7
251FEFF19E6B0F3A,j_gear_4
251FF0F19E6B10ED,j_gear_5
25237D8DC6AC3D77,j_limb_base_right
252CBADEACCB318F,jup_foliage_pine_debris_03_mesh
252E80F924BEE51C,j_screen_off
253025EEDE082E84,lm_structural_railing_int_corner_03_right_a
253759CD280B7548,j_cosmetic_wire_04
25375ECD280B7DC7,j_cosmetic_wire_01
25375FCD280B7F7A,j_cosmetic_wire_02
253760CD280B812D,j_cosmetic_wire_03
253BE293C3832093,j_stake_left_02
254884B07D9E7D44,dial_01_jnt
2557A52E8A1D9E5A,j_suspension_front_right
255CF7CF01D1EDF7,j_cosmetic_smokeb
255CF8CF01D1EFAA,j_cosmetic_smokea
255ED8D82C7CA5F6,front_left_axle_z
25637676323FA920,bone_0
25637776323FAAD3,bone_1
25637876323FAC86,bone_2
25637976323FAE39,bone_3
25637A76323FAFEC,bone_4
25637B76323FB19F,bone_5
25637C76323FB352,bone_6
25637D76323FB505,bone_7
25637E76323FB6B8,bone_8
25637F76323FB86B,bone_9
2565F5C78FA448EC,sat_jap_machinery_express_train_connection_3_4b_lod0
256DD95E7D072B31,j_ribbon_cable_r
256DE35E7D073C2F,j_ribbon_cable_l
256DE85E7D0744AE,j_ribbon_cable_c
2573DFDAAEF98E8C,tag_glass_lightbar_right_d2
2573E1DAAEF991F2,tag_glass_lightbar_right_d0
2573E2DAAEF993A5,tag_glass_lightbar_right_d1
257FF3CD08A1794C,j_proc_spinelower_backside_ri
2583A1FC3F42E2D9,j_proc_shoulder_ri
258AA98CE2A537B5,j_lighter_cam
258AB9FC3F492A4F,j_proc_shoulder_le
258BE7B56B58F6DF,tag_turret_pitch
258C209B2638B970,tag_stop_sign_animate
2599510B1773825B,tag_leg_rr_base_rotate
259CB56AD1A9A0CC,geo_01
25A14E31FA4064D7,t10_food_market_meats_combined_12_lod0_mesh
25B1FC328326924E,tag_fx_tail_light_left
25B2C7D067E7CB91,j_trunk_right
25B7E8F73A664F5A,sat_construction_cart_farm_wooden_01_mesh
25C10FAC6EDCFE3F,t10_electronics_fir_center_ground_wire_06_mesh
25C315B876FD304E,j_legs_02_upper_leg
25E7073A48978E35,accessory_buoy_old_red_01
25FDBE41D73219EB,jup_rock_beach_coral_02_mesh
2606B63C3A8C83DE,tag_door_rear_left_d0
2607472BD9464006,uk_building_exterior_concrete_stairs_worn_02
26120EEA6D10D0A0,group6011
262964C6761BB648,j_mag_556n_5
262965C6761BB7FB,j_mag_556n_4
262967C6761BBB61,j_mag_556n_6
262968C6761BBD14,j_mag_556n_1
26296AC6761BC07A,j_mag_556n_3
26296BC6761BC22D,j_mag_556n_2
262A0438941507BD,j_chute_c_bottom
262F709F3B670E48,tag_door_bottom_panel_front_l
263369B947D9B3D7,j_cosmetic_rarmpadbuckle
2643429062E4BBA9,tag_launcher_arm_animate
26495A25A8D9B9FB,t10_food_market_fruit_drink_02_lod0_mesh
264AD8C506A69222,j_proc_radio_base
2662EC4EF4AA18DB,ee_furniture_table_wood_side_01
266ED17F94967A0A,j_proc_hip_lift_le
267199111523E327,sat_signage_forge_server_fui_plane_04_mesh
2671E45DC0B7F01A,tag_light_back_center
26741525B642B6D7,t10_decor_icicle_without_snow_128_01
2683CF60D5E2C5A3,j_cosmetic_antenna4_a
2683D060D5E2C756,j_cosmetic_antenna4_b
26892694010C0408,clothing_retail_store_mannequin_base
268C45E25A811292,p7_conduit_metal_2_strap_sml_lod0
269235C458FB1BF2,hay_pile_high_01_grass
2697E7BE9227DC8B,jup_lighting_japanese_lantern_02_mesh
269920D3066AA861,bathroom_toiletpaper_dispenser_01
2699B8D10A67E89B,destruction_corner_brick_red_small
269DE97F94BE1394,j_proc_hip_lift_ri
26A102463DEAAF6A,tag_light_on1_fx
26A398B98060F651,tag_missile_clamp_left_piston_upper_aim
26B456BE3ABF85B8,j_cigar
26C5D6441247D48F,j_fire_select
26CBB5808A7DF570,ee_sign_frame_light
26D8446C9383E63B,j_stone_right_arm
26D90CDA36AFCCD0,j_forehead_le_1
26DC29B8C3233580,j_eyelidbulge_ri_002
26DC2AB8C3233733,j_eyelidbulge_ri_003
26DC2DB8C3233C4C,j_eyelidbulge_ri_006
26DC2EB8C3233DFF,j_eyelidbulge_ri_007
26DC2FB8C3233FB2,j_eyelidbulge_ri_004
26DC30B8C3234165,j_eyelidbulge_ri_005
26DC33B8C323467E,j_eyelidbulge_ri_008
26DFB0B8C32650BC,j_eyelidbulge_ri_011
26DFB1B8C326526F,j_eyelidbulge_ri_010
26E00D844E67C8A8,tag_origin_part_mirror_left
26EED94CDF0DC78B,tag_tv_shell
2700DE0A615E2B08,joystick_bottom_jnt
27093218C438C03E,sat_jap_machinery_express_train_wagon_window_broken_lod0
270B95429032D711,final_door_lp
2721253818F9E86A,j_puzzle
27337DC2F29523F6,pcube123
27448C5CF502F768,j_shell_ejector_plate
2745EEEE3386963B,tag_shield_dn_fx
274A6457638E7060,j_head_prop
274C748F2685060F,tag_fx_right_wing
275177C24BC519BE,j_limb_right_axle
275769D555870775,ee_sign_building_address_workers
27763824F61F2332,irrigation_hose_bend_02
277BEF7FA0F3393C,pot_clay_02_pieces_bright
277E198D5E3BEFB2,wheel_rear_right
277FCB828EDCF9A1,ee_street_cement_curb_thick_01_lod0
278101881EB12E05,sat_furniture_stone_bench_02_lod0shape
27844E2C8ABB3F5D,sat_tool_radar_station_mop
27944555566FECBB,sat_aus_vista_cliff_bight_01_lod0
27A3ADAAE7D6E102,j_note
27B4ADAAE7E55435,j_nose
27B60D43E763F258,j_armor_box_bottom_buckle_1
27B61043E763F771,j_armor_box_bottom_buckle_2
27B88EB00743F780,sat_libra_electronics_monitor_screen_01b_mesh
27C455D627F2FD08,t10_kitchen_pot_hanging_01_mesh
27C6A2E4B224B915,j_sidegilly_b_le
27CA993A59FDB932,j_dblmg_offset
27CEDC548EF4E12B,j_cosmetic_lthighbaga
27CEDD548EF4E2DE,j_cosmetic_lthighbagb
27CEE31E09E34DAF,tag_back
27E0CB9473A41E6A,j_ub_carrier
27EBD312D32CE48B,tag_stick_r_rot
27EE0D4E4B9A4056,tag_interior_light_control_ambient
27EE93A1F1D2B41F,uk_house_door_interior_dbl_frame_01_68w_no_hinge
27F16F6058395D4B,j_chute_a_bottom
27F859F9F5A6D874,j_cosmetic_pistol_mag_pouch_b
27F85CF9F5A6DD8D,j_cosmetic_pistol_mag_pouch_a
27FE86E4256DD290,tag_glass_left
280482E4B259E3D3,j_sidegilly_b_ri
2805C91E0A1263F1,tag_base
28142F84D6E64B97,window_industrial_frame_64x72_01
28221DB11D321C73,t10_street_payphone_01_nobase_dead_lod0
28357A0C0D5C14EB,tag_nose_gear_door_left_follower
2835B5CD88104083,uk_file_open_drawer_a
2835B6CD88104236,uk_file_open_drawer_b
2835B7CD881043E9,uk_file_open_drawer_c
2835B8CD8810459C,uk_file_open_drawer_d
2835C058F3C8995E,t10_furniture_wine_cellar_shelf
283E5D9DA7E70B8B,jup_sign_actibase_01_lod1_jup_sign_actibase_01_mesh
285082BA85F54562,woodbeam_02_lod0
2854E29FC39EEFC6,me_food_butchery_meat_02_dyn
2860A60DC527964A,wheel_right_jnt
28676B262A7BDAE8,steel_ladderlod0
286994FEE14A670B,j_bowstring_le_01
286995FEE14A68BE,j_bowstring_le_02
286996FEE14A6A71,j_bowstring_le_03
289E74366C1B19D3,t10_sfh_decor_vintage_poster_05
28A46CCCD85D783C,j_proc_radio_base_le
28B24E4849FC8478,jnt_branch
28C65CCCD87A4372,j_proc_radio_base_ri
28C76A29E2EA1F27,tag_main_rotor_blade_03_blur
28CFB53C0F63D45F,tag_light_red_fx
28D22C018877FDE8,tag_screen02_off
28D764DB538FDFB6,metal_dyn_s1_f2
28D765DB538FE169,metal_dyn_s1_f3
28D82D00D44DD0FC,j_katana
28E4B3D5ED1CABF7,j_carabiner_gate
28FF3649FE3ECD3E,tag_block_right_01
2904362648EC881A,tag_door_back_left_animate
290BEAB1CC8335DF,back_lowerstruts_le
291A3A882291DC39,tag_landing_gear_attach
291A7A4279087ABD,liquid
291D05A26F7EF6C8,j_gas_cap
291FF7995D00AC4A,un_military_backpack_open_01
29212FA12A1EA500,tag_rope
292595FB8C478240,j_bandage_2_r
2925B3FB8C47B53A,j_bandage_2_l
2928FD40B4B91955,j_bar_back_left_tgt
2929C70B22F1D599,j_spine
292A180B22F25F3C,j_spin2
292A190B22F260EF,j_spin3
292A1B0B22F26455,j_spin1
29320AA7A2D63F83,j_tarp_01
2935B1B6846F6F03,uk_brick_top_row_64
293AC30B23004200,j_spike
29505DDED68C4801,t10_signage_signboard_03_hinge_sign
295B4EA12A5051F4,tag_root
295D8B1CC27C59E9,shirt_flag_final
295F22CE4DF5C72A,tag_camera_fx
296C59E0654FDA39,tag_gunner_flash1
297212B1CCDA2D09,back_lowerstruts_ri
297D5F3E06503A90,j_chain_r_7
297D603E06503C43,j_chain_r_6
297D613E06503DF6,j_chain_r_5
297D623E06503FA9,j_chain_r_4
297D633E0650415C,j_chain_r_3
297D643E0650430F,j_chain_r_2
297D653E065044C2,j_chain_r_1
297D6D3E0650525A,j_chain_r_9
297D6E3E0650540D,j_chain_r_8
29AE0D0A12964F8F,j_battery
29AFC3233466B008,j_carry_head
29B03C05202BE502,tag_mf_launcher_le_animate
29B6700E4DAD2904,tag_tail_rotor_blade_03_blur
29BB235D20C2E8B5,building_roof_lip_concrete_01_64
29C4C715EB0C6014,uk_brick_broken_chunk_half_02
29C4CA15EB0C652D,uk_brick_broken_chunk_half_01
29C5335D20CB586A,building_roof_lip_concrete_01_32
29C5AFA158AD51A3,j_part_1
29C5B0A158AD5356,j_part_2
29C5B1A158AD5509,j_part_3
29C5CB1AA6487E11,t10_machinery_commercial_scale_01_lod0_geo
29CAB3A9C5E4A259,tag_origin_part_wheel_bl
29CBC16C4C7F51CB,clothing_retail_store_mannequin_blouse_01
29CBC26C4C7F537E,clothing_retail_store_mannequin_blouse_02
29CC1F5D20D1551C,building_roof_lip_concrete_01_16
29CFEDF2E4046C4F,j_cosmetic_grabstrapa_ri_1
29CFEEF2E4046E02,j_cosmetic_grabstrapa_ri_2
29CFEFF2E4046FB5,j_cosmetic_grabstrapa_ri_3
29CFFD74ACDE6BD0,jup_pipe_05_valve_01_lod0_jup_pipe_05_valve_01_mesh_ext_1
29D1363097AB37A6,j_cheek_puff_ri
29E7E8CEC45ED5F6,tag_leg_fr_piston_upper_aim
29F1715811C6A010,ee_military_hazmat_tape_03
29F1735811C6A376,ee_military_hazmat_tape_01
29F1755811C6A6DC,ee_military_hazmat_tape_07
29F1775811C6AA42,ee_military_hazmat_tape_05
29F1785811C6ABF5,ee_military_hazmat_tape_04
29F70C50981E0A2C,j_leg_back_02_upper
29FF91179A412DB4,j_cosmetic_wire_lf_b_jnt
2A004E3097D2D130,j_cheek_puff_le
2A1989CAEF96C29C,j_legextra_ri
2A19EDE0B30F6BD0,tag_tail_fold_animate
2A2061CAEF9C9D52,j_legextra_le
2A26AF387A38640E,tag_turret_animate
2A28D6A44FC82049,t10_decor_polythene_bags_01_geo
2A38FB6BF13CDCE4,j_cosmetic_radio1
2A394B6BF13D64D4,j_cosmetic_radioa
2A3F6264D3AE71A4,uk_brick_wall_trim_01_8_endcap
2A3FA9B26243D180,ee_trim_small_roof_48_destroyed
2A6B5B5BD3464AEF,t10_storm_wall_concrete_dmg_no_rebar_01_mesh
2A8EF9FD27A5552C,tag_foam_02
2A8EFAFD27A556DF,tag_foam_03
2A8EFCFD27A55A45,tag_foam_01
2A9BD2D39C67955C,tag_wall_01_c
2A9BD3D39C67970F,tag_wall_01_b
2A9BD4D39C6798C2,tag_wall_01_a
2A9DA33C33536968,j_screen_on_05
2A9DA43C33536B1B,j_screen_on_04
2A9DA63C33536E81,j_screen_on_06
2A9DA73C33537034,j_screen_on_01
2A9DA93C3353739A,j_screen_on_03
2A9DAA3C3353754D,j_screen_on_02
2AAAED1DE5264BDB,sat_ava_rocks_sm_cliff_01_lod0
2AB08E99ECCC3AF7,mout_catwalk_support_brace_cube_96x96
2ABF896BAB0B7450,mayhem_export_cloth_760
2ABF8A6BAB0B7603,mayhem_export_cloth_761
2ABF8B6BAB0B77B6,mayhem_export_cloth_762
2ABF8C6BAB0B7969,mayhem_export_cloth_763
2ABF8D6BAB0B7B1C,mayhem_export_cloth_764
2ABF8E6BAB0B7CCF,mayhem_export_cloth_765
2ABF8F6BAB0B7E82,mayhem_export_cloth_766
2ABF906BAB0B8035,mayhem_export_cloth_767
2ABF916BAB0B81E8,mayhem_export_cloth_768
2ABF926BAB0B839B,mayhem_export_cloth_769
2AC28C6BAB0DAF40,mayhem_export_cloth_773
2AC28D6BAB0DB0F3,mayhem_export_cloth_772
2AC28E6BAB0DB2A6,mayhem_export_cloth_771
2AC28F6BAB0DB459,mayhem_export_cloth_770
2AC2906BAB0DB60C,mayhem_export_cloth_777
2AC2916BAB0DB7BF,mayhem_export_cloth_776
2AC2926BAB0DB972,mayhem_export_cloth_775
2AC2936BAB0DBB25,mayhem_export_cloth_774
2AC2966BAB0DC03E,mayhem_export_cloth_779
2AC2976BAB0DC1F1,mayhem_export_cloth_778
2AC60F6BAB10C3B0,mayhem_export_cloth_746
2AC6106BAB10C563,mayhem_export_cloth_747
2AC6116BAB10C716,mayhem_export_cloth_744
2AC6126BAB10C8C9,mayhem_export_cloth_745
2AC6136BAB10CA7C,mayhem_export_cloth_742
2AC6146BAB10CC2F,mayhem_export_cloth_743
2AC6156BAB10CDE2,mayhem_export_cloth_740
2AC61D6BAB10DB7A,mayhem_export_cloth_748
2AC61E6BAB10DD2D,mayhem_export_cloth_749
2AC9926BAB13D820,mayhem_export_cloth_759
2AC9936BAB13D9D3,mayhem_export_cloth_758
2AC99A6BAB13E5B8,mayhem_export_cloth_751
2AC99B6BAB13E76B,mayhem_export_cloth_750
2AC99C6BAB13E91E,mayhem_export_cloth_753
2AC99D6BAB13EAD1,mayhem_export_cloth_752
2AC99E6BAB13EC84,mayhem_export_cloth_755
2AC99F6BAB13EE37,mayhem_export_cloth_754
2AC9A06BAB13EFEA,mayhem_export_cloth_757
2AC9A16BAB13F19D,mayhem_export_cloth_756
2ACD1A6BAB16F50F,mayhem_export_cloth_729
2ACD1D6BAB16FA28,mayhem_export_cloth_724
2ACD1E6BAB16FBDB,mayhem_export_cloth_725
2ACD1F6BAB16FD8E,mayhem_export_cloth_726
2ACD206BAB16FF41,mayhem_export_cloth_727
2ACD216BAB1700F4,mayhem_export_cloth_720
2ACD226BAB1702A7,mayhem_export_cloth_721
2ACD236BAB17045A,mayhem_export_cloth_722
2ACD246BAB17060D,mayhem_export_cloth_723
2AD01E6BAB1931B2,mayhem_export_cloth_739
2AD01F6BAB193365,mayhem_export_cloth_738
2AD0206BAB193518,mayhem_export_cloth_737
2AD0216BAB1936CB,mayhem_export_cloth_736
2AD0226BAB19387E,mayhem_export_cloth_735
2AD0236BAB193A31,mayhem_export_cloth_734
2AD0256BAB193D97,mayhem_export_cloth_732
2AD0266BAB193F4A,mayhem_export_cloth_731
2AD0276BAB1940FD,mayhem_export_cloth_730
2AD38B6BAB1C20C0,mayhem_export_cloth_702
2AD38C6BAB1C2273,mayhem_export_cloth_703
2AD38D6BAB1C2426,mayhem_export_cloth_700
2AD38E6BAB1C25D9,mayhem_export_cloth_701
2AD38F6BAB1C278C,mayhem_export_cloth_706
2AD3906BAB1C293F,mayhem_export_cloth_707
2AD3916BAB1C2AF2,mayhem_export_cloth_704
2AD3926BAB1C2CA5,mayhem_export_cloth_705
2AD3956BAB1C31BE,mayhem_export_cloth_708
2AD3966BAB1C3371,mayhem_export_cloth_709
2AD61CDF286DB574,pole_01_jnt
2AD70E6BAB1F3530,mayhem_export_cloth_715
2AD70F6BAB1F36E3,mayhem_export_cloth_714
2AD7106BAB1F3896,mayhem_export_cloth_717
2AD7126BAB1F3BFC,mayhem_export_cloth_711
2AD7136BAB1F3DAF,mayhem_export_cloth_710
2AD7146BAB1F3F62,mayhem_export_cloth_713
2AD7156BAB1F4115,mayhem_export_cloth_712
2AD71A6BAB1F4994,mayhem_export_cloth_719
2AD71B6BAB1F4B47,mayhem_export_cloth_718
2AE7DBF82DAEA504,j_cosmetic_bag_b1
2AE7DDF82DAEA86A,j_cosmetic_bag_b3
2AE7DEF82DAEAA1D,j_cosmetic_bag_b2
2AEF156BAB33D2F6,mayhem_export_cloth_788
2AEF166BAB33D4A9,mayhem_export_cloth_789
2AEF1B6BAB33DD28,mayhem_export_cloth_782
2AEF1C6BAB33DEDB,mayhem_export_cloth_783
2AEF1D6BAB33E08E,mayhem_export_cloth_780
2AEF1E6BAB33E241,mayhem_export_cloth_781
2AEF1F6BAB33E3F4,mayhem_export_cloth_786
2AEF206BAB33E5A7,mayhem_export_cloth_787
2AEF216BAB33E75A,mayhem_export_cloth_784
2AEF226BAB33E90D,mayhem_export_cloth_785
2AF21A6BAB36114C,mayhem_export_cloth_799
2AF21B6BAB3612FF,mayhem_export_cloth_798
2AF21E6BAB361818,mayhem_export_cloth_795
2AF21F6BAB3619CB,mayhem_export_cloth_794
2AF2206BAB361B7E,mayhem_export_cloth_797
2AF2216BAB361D31,mayhem_export_cloth_796
2AF2226BAB361EE4,mayhem_export_cloth_791
2AF2236BAB362097,mayhem_export_cloth_790
2AF2246BAB36224A,mayhem_export_cloth_793
2AF2256BAB3623FD,mayhem_export_cloth_792
2AF2D1837B590276,t10_decor_firewood_04_stack_lod0
2AF39E4BBFBDF050,j_cosmetic_water_bag_strap_le_b
2AF39F4BBFBDF203,j_cosmetic_water_bag_strap_le_c
2AF3A14BBFBDF569,j_cosmetic_water_bag_strap_le_a
2AFC62A141831BA1,tag_turret_rear
2B08E6FB2739D21B,revolver_01_fx
2B169F15CE8E0726,j_safety_nomrkt
2B1EBE3A074D26B0,j_blade
2B229E9F80F3C47A,tag_shelf1_2
2B2D6C73C107E460,tag_shell_eject
2B3F85DBC477DB87,j_speaker
2B421DDB8FCD4604,jup_urz_archway_stone_half_01_mesh
2B43E141BCDFAFE5,wire_mid
2B4C5DB09C1DCD00,j_suspensionspring_rear_right_tgt
2B54DEB293045E98,j_cosmetic_lanyard_02
2B54E1B2930463B1,j_cosmetic_lanyard_01
2B5C59CCBBB9CC90,tag_passenger4
2B5C5ACCBBB9CE43,tag_passenger5
2B5C5BCCBBB9CFF6,tag_passenger6
2B5C5ECCBBB9D50F,tag_passenger1
2B5C5FCCBBB9D6C2,tag_passenger2
2B5C60CCBBB9D875,tag_passenger3
2B5C60D4438ED7A7,ar_05_jnt
2B61C8E119159137,tag_roof_light_center_damaged
2B6D8DC21BC01C14,j_latch_1
2B6D90C21BC0212D,j_latch_2
2B6FD7BFD01B0C52,tag_left_drive_wheel_front
2B92545116739A87,lm_wall_rooftop_metal_lip_curve_01
2B92555116739C3A,lm_wall_rooftop_metal_lip_curve_02
2BA36D6DDE661F97,j_rbackbagstrap
2BA5FD73284B743C,tag_right_prop_back
2BB5C5F00040D0DC,j_leg_1_c
2BB5C6F00040D28F,j_leg_1_b
2BB5C7F00040D442,j_leg_1_a
2BB835A236189AAC,eu_street_painted_railing_01_mesh
2BBB76DD2B9E83F0,jup_decor_metal_plate_bolt_02
2BBB79DD2B9E8909,jup_decor_metal_plate_bolt_01
2BC0A2838C164910,j_cord02
2BC0A3838C164AC3,j_cord03
2BC0A5838C164E29,j_cord01
2BC13F6A1EEE673B,j_suspensionbar_rear_left_aim
2BC4339247E4486F,s4_ger_food_can_03
2BC43C9247E457BA,s4_ger_food_can_08
2BD488DA299950B9,j_axel_back_right_tgt
2BD4F5477322B810,j_whip8
2BD4F6477322B9C3,j_whip9
2BD4FE477322C75B,j_whip1
2BD4FF477322C90E,j_whip2
2BD500477322CAC1,j_whip3
2BD501477322CC74,j_whip4
2BD502477322CE27,j_whip5
2BD503477322CFDA,j_whip6
2BD504477322D18D,j_whip7
2BD59A5440C14557,j_straps_jiggler_topfront
2BDD771005DAB2D1,saw_decor_mc_church_interior_wall_01_lod0
2BE7ACC6FA0CBD14,furniture_restaurant_table_01
2BF0C9F82E8F9AF0,j_cosmetic_bag_07
2BF0CAF82E8F9CA3,j_cosmetic_bag_06
2BF0CBF82E8F9E56,j_cosmetic_bag_05
2BF0CCF82E8FA009,j_cosmetic_bag_04
2BF0CDF82E8FA1BC,j_cosmetic_bag_03
2BF0CEF82E8FA36F,j_cosmetic_bag_02
2BF0CFF82E8FA522,j_cosmetic_bag_01
2BF0D0F82E8FA6D5,j_cosmetic_bag_00
2BF28FBC95045FF1,j_lock
2BF498718D70CBCA,j_jaw_le
2C07E73068DF1588,compass_1_jnt
2C100CA8DF79C7B6,ee_street_cement_curb_thick_64_lod0
2C10D50E8E2A997A,s4_afr_rock_e_mesh
2C14DE1EB2436918,tag_main_engine_door_right
2C15556FBE528351,ee_book_office_folder_02_confidential
2C19131A6101BBA3,j_string_81
2C191B1A6101C93B,j_string_89
2C24B0718D9A1854,j_jaw_ri
2C24E69F0F679D2A,tag_bucket
2C29F294EFF976F1,tag_turret_sensor_yaw_animate
2C2F1FD8FAAAB728,tag_light_parking_front_left_d2
2C2F21D8FAAABA8E,tag_light_parking_front_left_d0
2C2F22D8FAAABC41,tag_light_parking_front_left_d1
2C32C8706344990C,tag_armored_hatch_doors_r_animate
2C3E459F0E5BD11E,j_suspensionpiston_rear_right_aim
2C3E971A6121B82C,j_string_35
2C3E991A6121BB92,j_string_37
2C3FF1FDE2C0F6B8,structural_bracket_iron_rusted_32_90_01
2C42181A6124C936,j_string_46
2C421A1A6124CC9C,j_string_40
2C421B1A6124CE4F,j_string_41
2C42221A6124DA34,j_string_48
2C42456049DDC880,joint700
2C42466049DDCA33,joint701
2C42476049DDCBE6,joint702
2C42486049DDCD99,joint703
2C42496049DDCF4C,joint704
2C424A6049DDD0FF,joint705
2C424B6049DDD2B2,joint706
2C424C6049DDD465,joint707
2C424D6049DDD618,joint708
2C424E6049DDD7CB,joint709
2C439C07E7E3D0FE,j_gps
2C451E1A6127093F,j_string_52
2C451F1A61270AF2,j_string_51
2C45C86049E0DCF0,joint713
2C45C96049E0DEA3,joint712
2C45CA6049E0E056,joint711
2C45CB6049E0E209,joint710
2C45CC6049E0E3BC,joint717
2C45CD6049E0E56F,joint716
2C45CE6049E0E722,joint715
2C45CF6049E0E8D5,joint714
2C45D26049E0EDEE,joint719
2C45D36049E0EFA1,joint718
2C489E1A612A1896,j_string_68
2C48A51A612A247B,j_string_63
2C48A71A612A27E1,j_string_61
2C48A91A612A2B47,j_string_67
2C494B6049E3F160,joint726
2C494C6049E3F313,joint727
2C494D6049E3F4C6,joint724
2C494E6049E3F679,joint725
2C494F6049E3F82C,joint722
2C49506049E3F9DF,joint723
2C49516049E3FB92,joint720
2C49526049E3FD45,joint721
2C49596049E4092A,joint728
2C495A6049E40ADD,joint729
2C4C271A612D3738,j_string_75
2C4C291A612D3A9E,j_string_77
2C4C2C1A612D3FB7,j_string_70
2C4CCE6049E705D0,joint739
2C4CCF6049E70783,joint738
2C4CD66049E71368,joint731
2C4CD76049E7151B,joint730
2C4CD86049E716CE,joint733
2C4CD96049E71881,joint732
2C4CDA6049E71A34,joint735
2C4CDB6049E71BE7,joint734
2C4CDC6049E71D9A,joint737
2C4CDD6049E71F4D,joint736
2C4EAA07E7EDF04D,j_gum
2C4F7C9822745D2F,tag_wall_01_add010
2C4FD56049E9478C,joint748
2C4FD66049E9493F,joint749
2C4FD96049E94E58,joint744
2C4FDA6049E9500B,joint745
2C4FDB6049E951BE,joint746
2C4FDC6049E95371,joint747
2C4FDD6049E95524,joint740
2C4FDE6049E956D7,joint741
2C4FDF6049E9588A,joint742
2C4FE06049E95A3D,joint743
2C52A71ECEBBD2FB,electronics_cellphone_pile_02
2C535A6049EC5F62,joint759
2C535B6049EC6115,joint758
2C535C6049EC62C8,joint757
2C535D6049EC647B,joint756
2C535E6049EC662E,joint755
2C535F6049EC67E1,joint754
2C53606049EC6994,joint753
2C53616049EC6B47,joint752
2C53626049EC6CFA,joint751
2C53636049EC6EAD,joint750
2C56C76049EF4E70,joint762
2C56C86049EF5023,joint763
2C56C96049EF51D6,joint760
2C56CA6049EF5389,joint761
2C56CB6049EF553C,joint766
2C56CC6049EF56EF,joint767
2C56CD6049EF58A2,joint764
2C56CE6049EF5A55,joint765
2C56D16049EF5F6E,joint768
2C56D26049EF6121,joint769
2C59FA6995D0578E,tag_light_on5_fx
2C5A4A6049F262E0,joint775
2C5A4B6049F26493,joint774
2C5A4C6049F26646,joint777
2C5A4D6049F267F9,joint776
2C5A4E6049F269AC,joint771
2C5A4F6049F26B5F,joint770
2C5A506049F26D12,joint773
2C5A516049F26EC5,joint772
2C5A566049F27744,joint779
2C5A576049F278F7,joint778
2C5DCD6049F57750,joint788
2C5DCE6049F57903,joint789
2C5DD56049F584E8,joint780
2C5DD66049F5869B,joint781
2C5DD76049F5884E,joint782
2C5DD86049F58A01,joint783
2C5DD96049F58BB4,joint784
2C5DDA6049F58D67,joint785
2C5DDB6049F58F1A,joint786
2C5DDC6049F590CD,joint787
2C60D26049F7B5A6,joint799
2C60D36049F7B759,joint798
2C60D86049F7BFD8,joint793
2C60D96049F7C18B,joint792
2C60DA6049F7C33E,joint791
2C60DB6049F7C4F1,joint790
2C60DC6049F7C6A4,joint797
2C60DD6049F7C857,joint796
2C60DE6049F7CA0A,joint795
2C60DF6049F7CBBD,joint794
2C64DA5347460FA2,london_coffee_machine
2C67D7661ED4F720,tag_geo_frag_a_014
2C67D8661ED4F8D3,tag_geo_frag_a_015
2C67D9661ED4FA86,tag_geo_frag_a_016
2C67DA661ED4FC39,tag_geo_frag_a_017
2C67DB661ED4FDEC,tag_geo_frag_a_010
2C67DC661ED4FF9F,tag_geo_frag_a_011
2C67DD661ED50152,tag_geo_frag_a_012
2C67DE661ED50305,tag_geo_frag_a_013
2C67E3661ED50B84,tag_geo_frag_a_018
2C67E4661ED50D37,tag_geo_frag_a_019
2C6B5A661ED80B90,tag_geo_frag_a_007
2C6B5B661ED80D43,tag_geo_frag_a_006
2C6B5C661ED80EF6,tag_geo_frag_a_005
2C6B5D661ED810A9,tag_geo_frag_a_004
2C6B5E661ED8125C,tag_geo_frag_a_003
2C6B5F661ED8140F,tag_geo_frag_a_002
2C6B60661ED815C2,tag_geo_frag_a_001
2C6B68661ED8235A,tag_geo_frag_a_009
2C6B69661ED8250D,tag_geo_frag_a_008
2C6BA7F2D48D31F1,j_kettle
2C6E5F661EDA49E6,tag_geo_frag_a_038
2C6E65661EDA5418,tag_geo_frag_a_032
2C6E66661EDA55CB,tag_geo_frag_a_033
2C6E67661EDA577E,tag_geo_frag_a_030
2C6E68661EDA5931,tag_geo_frag_a_031
2C6E69661EDA5AE4,tag_geo_frag_a_036
2C6E6A661EDA5C97,tag_geo_frag_a_037
2C6E6B661EDA5E4A,tag_geo_frag_a_034
2C6E6C661EDA5FFD,tag_geo_frag_a_035
2C71E4661EDD61BC,tag_geo_frag_a_029
2C71E5661EDD636F,tag_geo_frag_a_028
2C71E8661EDD6888,tag_geo_frag_a_025
2C71E9661EDD6A3B,tag_geo_frag_a_024
2C71EA661EDD6BEE,tag_geo_frag_a_027
2C71EB661EDD6DA1,tag_geo_frag_a_026
2C71EC661EDD6F54,tag_geo_frag_a_021
2C71ED661EDD7107,tag_geo_frag_a_020
2C71EE661EDD72BA,tag_geo_frag_a_023
2C71EF661EDD746D,tag_geo_frag_a_022
2C801361C5D24813,t10_food_market_hanging_sausage_01_lod0_mesh
2C85CA1E08AD0FBB,j_slide
2C89289446946247,lm_stairs_interior_concrete_01_2
2C92F2E08FA7EEA3,tag_carry_pin_ik_loc_ri
2C9C3E04422C92FC,j_gate_02
2C9C4104422C9815,j_gate_01
2C9EBAB6CDFCC292,tag_ac130_camera
2CA7CC1E08C9F987,j_sling
2CAEB465B4745368,j_straps_topbackright
2CB8ED67EC0262B2,tag_hood_animate
2CBDA18558998239,j_chainepin
2CC2D2E08FD0DC05,tag_carry_pin_ik_loc_le
2CC37523C39C0A81,chandelier_body_geo
2CC405EBB9515AD6,j_bullet_group
2CE0982BA038066B,j_ankle_ri_twist
2CE31389CC012CCF,j_cosmetic_buttbag_le
2CE4FD29A33878D8,tag_rear_cab_door_front_left_animate
2CEA430E18DB72D0,furniture_dresser_damaged_shelf_handle
2CF3940511B9D32F,misc_tools_hammer_01_low
2D00AD11F86BD8DC,revolver_02_fx
2D019569DB593F18,tag_glass_overhead_front_left_d4
2D019669DB5940CB,tag_glass_overhead_front_left_d5
2D019969DB5945E4,tag_glass_overhead_front_left_d0
2D019A69DB594797,tag_glass_overhead_front_left_d1
2D019B69DB59494A,tag_glass_overhead_front_left_d2
2D019C69DB594AFD,tag_glass_overhead_front_left_d3
2D125389CC290A51,j_cosmetic_buttbag_b1
2D21265ACB46375F,j_ghillie_hiptwist_le
2D29A5EFAC792E36,jup_pillar_library_column_01_mesh
2D3BCB0B237D02FC,j_frontgilly_e_ri
2D42A30B2382DDB2,j_frontgilly_e_le
2D4E80E7F3E950E3,l_frontleg1_jnt
2D60F5BBFB5265A6,sat_locust_zm_lighthouse_support_02_mesh
2D6D25C42DEB995F,j_belt_1
2D6D26C42DEB9B12,j_belt_2
2D6D27C42DEB9CC5,j_belt_3
2D6D66C42DEC07D2,j_belt_r
2D6D78C42DEC2668,j_belt_l
2D6E0B4D367D0B34,j_cosmetic_chemlight_02
2D6E0E4D367D104D,j_cosmetic_chemlight_01
2D6F7A4C8F9B7740,tag_glass_side_right_d4
2D6F7B4C8F9B78F3,tag_glass_side_right_d5
2D6F7E4C8F9B7E0C,tag_glass_side_right_d0
2D6F7F4C8F9B7FBF,tag_glass_side_right_d1
2D6F804C8F9B8172,tag_glass_side_right_d2
2D6F814C8F9B8325,tag_glass_side_right_d3
2D8648E4BFE008CD,tag_piston_roof_front_l_aim
2D874E5ACB9D2E89,j_ghillie_hiptwist_ri
2D892BFFF9D3C3BB,tag_wheel_trailer_front_right_d0
2DB9A724427C6A86,ee_mat_rubber_04_lod0
2DBBA87565162DCC,lift_extend_middle_01_jnt
2DC25817E7718590,tag_casing_panel_05
2DC25917E7718743,tag_casing_panel_04
2DC25B17E7718AA9,tag_casing_panel_06
2DC25C17E7718C5C,tag_casing_panel_01
2DC25E17E7718FC2,tag_casing_panel_03
2DC25F17E7719175,tag_casing_panel_02
2DD908A87CE298D4,furniture_wood_folding_chair_worn_01
2DDA9691F6808A45,sat_aus_window_control_room_interior_frame_01_mesh
2DEA0F61795EA6C5,wood_pillar_cap_mc_mesh
2DF19FE7984B96D2,j_fan_blade
2E17B244B7E7B056,jup_ee_structural_hanging_scaffold_set_05_mesh
2E2343EB7B0555C0,me_tool_harvest_blade_01_dirty11
2E25151ECC5CA46F,tag_piston_roof_front_l_base_aim
2E28152D20F04E68,sat_decor_coin_gold_pile_sml_mesh
2E2884A06B82AFFB,lm_door_glass_metal_frame_r
2E3AB120FD1DABE0,crest_bottom_tip
2E40F62BAB704E79,tag_brushguard
2E5060747E44DD92,pipe_jnt
2E53BF4592FDA765,seat0_le_jnt
2E56B4106B75D2AD,me_food_butchery_rope_b
2E7ECD373598E16E,j_cosmetic_fanny_pack_a
2E813555BE42241D,t10_storage_oxygen_tank_rus_01_geo
2E8364B4967211CD,wall_05
2E8EFF0C36973B11,j_charginghandle_left
2E961AEE71BDBA2E,sgon_sat_q3_bridge_boat_chopshop_gl_7da918d6_2
2E9BEE0075A3351B,ball_jnt
2E9D7F912B1DC690,tag_control_bomb_deploy
2EAE286A1088BA39,j_magwell
2EBED2B297B6CE8E,mout_catwalk_cap_short_01
2ED0D7DD8BB2319D,t10_fk3_pillar_plaster_stone_01_mesh1
2ED3948198EC1082,tag_light_emergency_red_12_d1
2ED3958198EC1235,tag_light_emergency_red_12_d0
2EE89D9177888BF6,j_proc_spinelower_backtip_le
2EF163E87E9542F6,tag_dial
2EF216D430EC683B,sat_construction_carrier_beam_01_8_lod0
2EF311335D06446C,t10_decor_rocking_horse_01_mesh
2EFC1E7F2B1356DF,j_clamp_front_dnle
2EFD7D91779AB1A0,j_proc_spinelower_backtip_ri
2F05779AB4223440,j_stone_06_le
2F10A6F792F383E9,in_light_lamp_post_street_01_mesh
2F133E1A2B3FC179,ee_periph_city_ukraine_house_09
2F213BE87EBE22C0,tag_dish
2F245DE87EC0925D,tag_dirt
2F275F26019B7947,tag_turret_right
2F28E2B41657C885,j_steeraxel_front_left_tgt
2F30BD8AE17DCFAD,jup_sign_commercial_placard_grocery_03_mesh
2F376362620A834E,tag_right_cradle_flap_animate
2F429F9AB4562656,j_stone_06_ri
2F4C06F87E93E0E3,j_sphere
2F544B9CF2F0F3A8,j_dummy_r_foot
2F5F26329BE15354,t10_construction_damaged_steel_beam
2F62467F2B6A4E09,j_clamp_front_dnri
2F69603CBC6430E0,t10_hst_decor_roman_emperor_statue_01_lod0
2F6EE87733B7D003,t10_construction_floor_medium_support_01_lod2
2F7850F2D683A8A2,t10_mc_decor_pond_miniature_mesh
2F834442ABA5E928,j_cosmetic_geist_knife
2F83FF4DD40AFB63,j_hat_1
2F84004DD40AFD16,j_hat_2
2F842F4DD40B4CF3,j_hat_a
2F84304DD40B4EA6,j_hat_b
2F84314DD40B5059,j_hat_c
2F84324DD40B520C,j_hat_d
2F84334DD40B53BF,j_hat_e
2F8D1EB9CE4186F0,j_cosmetic_sleeping_bag_c
2F8D1FB9CE4188A3,j_cosmetic_sleeping_bag_b
2F8D20B9CE418A56,j_cosmetic_sleeping_bag_a
2FA86F7C462995C7,j_cosmetic_helmet_1
2FAC68F4C943F949,un_office_fingerprint_scanner_01
2FB2BD0BAD3310E5,j_shock_rod_back_right_tgt
2FD1B119838F51F9,j_potion
2FD7F4EF23A415B9,j_hip_front_ri
2FDE0CEF23A8AA2F,j_hip_front_le
2FE3647C652FE1F8,tag_nosecone
2FE77C7127045AB0,j_ee_electric_cattle_prod
2FEC129D58D4891B,dome_01_jnt
2FF02B269903079F,decor_firestation_set_pants
2FFCED0E9C2EAE5A,zm_ee_gate_crypt_01_lod0
2FFF586B42D9C956,tag_headlight_left
3010FCEF23D3E898,j_hip_front_ce
30137D9065F4C29D,front_axle_ri
3016797F74A15029,wire_static_geo
301992C26FE912CF,pplane150
301E37331876B0EB,mp_wz2_sierra_cafe_roundsign_mesh
301F9E0081ACA1CC,j_wristtwist4_ri
302CCCA9CC87CDD9,j_manb_arm_le
303D08DB5CFF2261,t10_terrain_excavated_cliff_section_01_mesh
30450566AE66890C,j_gear_ri_08
30450666AE668ABF,j_gear_ri_09
30450966AE668FD8,j_gear_ri_04
30450A66AE66918B,j_gear_ri_05
30450C66AE6694F1,j_gear_ri_07
30450E66AE669857,j_gear_ri_01
30450F66AE669A0A,j_gear_ri_02
30451066AE669BBD,j_gear_ri_03
30488A66AE69A0E2,j_gear_ri_19
30488B66AE69A295,j_gear_ri_18
30488C66AE69A448,j_gear_ri_17
30488D66AE69A5FB,j_gear_ri_16
30488E66AE69A7AE,j_gear_ri_15
30488F66AE69A961,j_gear_ri_14
30489266AE69AE7A,j_gear_ri_11
30489366AE69B02D,j_gear_ri_10
3049543443955133,tag_glass_lightbar_left_d2
30495534439552E6,tag_glass_lightbar_left_d1
3049563443955499,tag_glass_lightbar_left_d0
304BF966AE6C9356,j_gear_ri_20
304D920ABEA6BE36,in_structural_trim_stone_28_lod0
3051436CD0F14006,j_base_arm_ri
3054DA10EDD3B544,j_trunk_left
3059A91CF9A26910,tag_landing_door_right_02
3059AC1CF9A26E29,tag_landing_door_right_01
305A2960E166FBC9,j_cosmetic_flash_grenade
306B8D90663F53A3,front_axle_le
306C2A929FEB3500,j_cosmetic_grabstrapb_ri_1
306C2C929FEB3866,j_cosmetic_grabstrapb_ri_3
306C2D929FEB3A19,j_cosmetic_grabstrapb_ri_2
30729C46C7376564,jup_urz_pillar_wood_old_town_01_mesh
30805B6CD118D990,j_base_arm_le
3084F4A9CCD287A7,j_manb_arm_ri
308D4C5C2C5AB9F8,jup_ee_construction_log_04_mesh106
3098D0EA1B5677E8,j_cosmetic_combox
309A536AF568E5C6,j_stock_release
30A523E1ACCB47E3,j_lip_top_le_1
30A524E1ACCB4996,j_lip_top_le_2
30A525E1ACCB4B49,j_lip_top_le_3
30A526E1ACCB4CFC,j_lip_top_le_4
30A5C43727C84468,j_proc_backneckguard
30A9D709E890A60F,j_armor_box_top
30CA1972835425B0,j_rock_00
30CA1A7283542763,j_rock_01
30CA1B7283542916,j_rock_02
30CA1C7283542AC9,j_rock_03
30CA1D7283542C7C,j_rock_04
30CA247C97C0E0EC,tag_screen_2_relays_on
30CA2F98D4F6EC43,j_neclace_01
30CD9E7283573D86,j_rock_11
30CD9F7283573F39,j_rock_10
30D93C4EABD6F8D8,j_cosmetic_mag_02
30D93F4EABD6FDF1,j_cosmetic_mag_01
30DE86E796B3AAE5,tag_tail_rotor_animate
30DF540578B2859C,t10_food_market_meats_destr_combined_07_lod0_mesh
30E4FF4564850F58,ee_roofing_storage_support_beam_01
30F91C9726CFC6EE,j_circle
30FA2A353445E160,j_selector_switch
3102A2489B0EB370,xmodel_mesh_371340c37ed611f0a286387c76494675_node
310F48E34FA4F8EB,dyn_head
31154ECF8E0B16E3,uk_walls_drywall_01_32x64
31233507F454FA4C,tag_akimbo_fx
3127E7F22895BF01,j_strap5_base_le
312D26B6DED31F68,t10_sab_terrain_snow_edge_strip_01_lod0
312FF73CDBD441F7,tag_neck
3144B6FF0177ED05,furniture_school_desk_02
3149C4D791129830,hsb_bone50
3149D6A6A0F08CC4,r_backleg2_jnt
3149DFF228B297CF,j_strap5_base_ri
314C1516B9E76229,tag_door_bottom_panel_rear_l
314D47D79115ACA0,hsb_bone43
314D48D79115AE53,hsb_bone42
314D49D79115B006,hsb_bone41
314D4AD79115B1B9,hsb_bone40
314D4BD79115B36C,hsb_bone47
314D4CD79115B51F,hsb_bone46
314D4DD79115B6D2,hsb_bone45
314D51D79115BD9E,hsb_bone49
314D52D79115BF51,hsb_bone48
314EDCA9D8A7024B,tag_door_combo_left
315754D7911E173C,hsb_bone18
315755D7911E18EF,hsb_bone19
315758D7911E1E08,hsb_bone14
315759D7911E1FBB,hsb_bone15
31575AD7911E216E,hsb_bone16
31575BD7911E2321,hsb_bone17
31575CD7911E24D4,hsb_bone10
31575DD7911E2687,hsb_bone11
31575ED7911E283A,hsb_bone12
31575FD7911E29ED,hsb_bone13
315978A4676A0001,j_metamid_le_1_prop
315A93EA144282F1,bsh_boat_bell_01_lod0
315E46D791241E20,hsb_bone32
315E47D791241FD3,hsb_bone33
315E48D791242186,hsb_bone30
315E49D791242339,hsb_bone31
315E4AD7912424EC,hsb_bone36
315E4BD79124269F,hsb_bone37
315E4CD791242852,hsb_bone34
315E4DD791242A05,hsb_bone35
315E50D791242F1E,hsb_bone38
315E51D7912430D1,hsb_bone39
315EA8A9B838648A,utility_vent_large_02_box_16
31607B8AFD4FA68F,electronics_fire_alarm_trigger_02
3161C9D791273290,hsb_bone25
3161CAD791273443,hsb_bone24
3161CBD7912735F6,hsb_bone27
3161CCD7912737A9,hsb_bone26
3161CDD79127395C,hsb_bone21
3161CED791273B0F,hsb_bone20
3161CFD791273CC2,hsb_bone23
3161D0D791273E75,hsb_bone22
3161D5D7912746F4,hsb_bone29
3161D6D7912748A7,hsb_bone28
3165ACA9B83E8A04,utility_vent_large_02_box_32
3176A8A9B84CF66B,utility_vent_large_02_box_64
3178B429CA320F71,j_cosmetic_vest_strap
317AC7C651714B0C,tv_lp
317DA30089746BC8,tag_accessory_01
3186D44E275B4452,tag_boom_shock_lower_aim
31878EB60C222ACB,tag_door_rear_right_d0
318C5D24C4261AA5,j_light_purple
3196CDCCEEA81E4B,tag_leg_back_right
3197BCE1FD8083F8,tag_engine_ri_rotate_animate
31A1171D40E27EE6,j_cosmetic_misc_pouch
31A3918E1128F79C,j_cosmetic_mask_3_1
31AAADD0ACA1143A,tag_joystick_1
31B4B7B26A59B15C,j_conversion_kit_9p_magrelease
31B68FD121F0D271,medical_jar_therm_07
31CBFA304A9D5F44,tag_taxi_sign
31D33BEAA409D188,tag_body_hatch_a_parts_animate
31E774CFCF7234D5,tag_light_front_right
31EA2EE58821BAD6,polysurface28wefwe
31EEB358919C23A3,tube_bottom
31F31305BE5D5C7C,tag_fx_head_le_throat
31F4DA6CE4B99A3E,j_left_blade
32014C67F220A9A9,j_note1
320DA6AF8438BE20,j_cosmetic_mag_pouch_02
320DA7AF8438BFD3,j_cosmetic_mag_pouch_03
320DA9AF8438C339,j_cosmetic_mag_pouch_01
3211AF7B4A044168,tag_light_fog_left_d2
3211B17B4A0444CE,tag_light_fog_left_d0
3211B27B4A044681,tag_light_fog_left_d1
323A5DE1CE835427,tag_cab_bounce
3241972C5F79ABE6,tag_gunner_turret1_d0
324920D0D5C446D8,j_cosmetic_gloves_b1
324AE346D65AA8C0,tag_wheel_middle1_left
324B65069503BE6D,t10_usa_outback_stone_planter
324D461AB67CC710,tag_resupply_box_dst
3268B8806A7C1863,tag_light_on8_fx
326E3ACE95B9E5B4,j_military_shooting_target_rail_01
327005987BF996A8,tag_seat_006
327006987BF9985B,tag_seat_007
327007987BF99A0E,tag_seat_004
327008987BF99BC1,tag_seat_005
32852EB63E090BEB,sat_furniture_ht_skyscraper_int_front_desk_01_lod0
32A40F928D2216BF,sat_rocks_nordic_02_mesh
32A7ECFDD540CC4C,j_master
32B9B721BB94F9C6,hardware_wire_rope_end_a
32BD29BC32BF37A5,jup_us_window_mobile_home_frame_01_mesh
32C9028C2A51653D,t10_appliance_microwave_white_01_door
32CD989345D18938,tag_light_emergency_red_10_d1
32CD999345D18AEB,tag_light_emergency_red_10_d0
32D1E902833B4C93,tag_wheel_rear_right
32D447BCEC241860,lm_machinery_maint_ac_unit_02
32D8940235B16657,j_cosmetic_belt_01
32D8950235B1680A,j_cosmetic_belt_02
32D8960235B169BD,j_cosmetic_belt_03
32D9E398D4DF0840,j_proc_beener_le
32DAC32E7B4D9668,j_frontgilly_a_ri
32ECD4D4A399603F,tag_screen_3_relays_on
32FCB32E7B6A619E,j_frontgilly_a_le
3303BE4C7A211FE8,j_upper_brow_cn_004
3303C54C7A212BCD,j_upper_brow_cn_003
33058BFC3A990080,j_cosmetic_head
33128B17613A9A17,j_proc_hair
33177B528FC5E118,j_box01
33177D528FC5E47E,j_box03
33177E528FC5E631,j_box02
331780528FC5E997,j_box04
331782528FC5ECFD,j_box06
3321089148110435,building_elevator_shaft_door_backside
332DB59505825968,jup_comp_sn_01
3346516CAD542021,tag_tail_rotor_blade_04
3346526CAD5421D4,tag_tail_rotor_blade_03
3346536CAD542387,tag_tail_rotor_blade_02
3346546CAD54253A,tag_tail_rotor_blade_01
335292D0D6A61D10,j_cosmetic_gloves_03
335293D0D6A61EC3,j_cosmetic_gloves_02
335294D0D6A62076,j_cosmetic_gloves_01
335299D0D6A628F5,j_cosmetic_gloves_04
335AE9AB8F50438D,tag_light_interior
335DA53550DD9550,revolver_06_fx
33644C1A3A9CF161,seat2_ri_jnt
336B98C18FFBBBF3,j_frontfin_2
336B99C18FFBBDA6,j_frontfin_1
336DDE8C9EF12558,jntbnd_sat_zm_rock_cluster_floating_03_fxsim_03
336DDF8C9EF1270B,jntbnd_sat_zm_rock_cluster_floating_03_fxsim_02
336DE08C9EF128BE,jntbnd_sat_zm_rock_cluster_floating_03_fxsim_01
336DE38C9EF12DD7,jntbnd_sat_zm_rock_cluster_floating_03_fxsim_06
336DE48C9EF12F8A,jntbnd_sat_zm_rock_cluster_floating_03_fxsim_05
336DE58C9EF1313D,jntbnd_sat_zm_rock_cluster_floating_03_fxsim_04
336F2633A027C434,j_cosmetic_camelbackrstrapend
336F51507043BB13,j_fin_le
3372B3227BDC37AA,tag_sledgehammer_offset
337838A8FB9A4EA2,j_armor_box_bottom_handle_front
3380DF3233E26E82,tag_turret_dst
3382C30C88A57F24,tag_leg_fr_flatten
338381507054B5AD,j_fin_ri
339858253ED37CFA,tag_trigger_le
3398D27E34E53EDA,t10_wall_wood_trim_column_05_mesh1
339F996050E5DD44,pasted__un_stairs_exterior_concrete_128_lod3shape3
33A7AF22408BBB80,j_cosmetic_glovesd
33A7B422408BC3FF,j_cosmetic_glovesa
33A7B522408BC5B2,j_cosmetic_glovesb
33A7B622408BC765,j_cosmetic_glovesc
33AFFF418C0342F8,j_motor_0
33B000418C0344AB,j_motor_1
33CB326BB0468B80,mayhem_export_cloth_690
33CB336BB0468D33,mayhem_export_cloth_691
33CB356BB0469099,mayhem_export_cloth_693
33CB366BB046924C,mayhem_export_cloth_694
33CB376BB04693FF,mayhem_export_cloth_695
33CB386BB04695B2,mayhem_export_cloth_696
33CB396BB0469765,mayhem_export_cloth_697
33CB3A6BB0469918,mayhem_export_cloth_698
33CB3B6BB0469ACB,mayhem_export_cloth_699
33CC2C1EF97B32F2,dyn_pad
33CEB56BB0499FF0,mayhem_export_cloth_683
33CEB66BB049A1A3,mayhem_export_cloth_682
33CEB76BB049A356,mayhem_export_cloth_681
33CEB86BB049A509,mayhem_export_cloth_680
33CEB96BB049A6BC,mayhem_export_cloth_687
33CEBA6BB049A86F,mayhem_export_cloth_686
33CEBB6BB049AA22,mayhem_export_cloth_685
33CEBC6BB049ABD5,mayhem_export_cloth_684
33CEBF6BB049B0EE,mayhem_export_cloth_689
33D46F67FAFCDF88,t10_sbx_rocks_natural_pile_01_lod0
33DABAFB92ECAC1F,j_bandage_5_l
33DAD0FB92ECD181,j_bandage_5_r
33DC7A8243BF2210,j_flute
33DFB8B55DE51A84,j_mudflaps_le_01
33DFBBB55DE51F9D,j_mudflaps_le_02
33E6BA6BB05E3A50,mayhem_export_cloth_618
33E6BB6BB05E3C03,mayhem_export_cloth_619
33E6C26BB05E47E8,mayhem_export_cloth_610
33E6C36BB05E499B,mayhem_export_cloth_611
33E6C46BB05E4B4E,mayhem_export_cloth_612
33E6C56BB05E4D01,mayhem_export_cloth_613
33E6C66BB05E4EB4,mayhem_export_cloth_614
33E6C76BB05E5067,mayhem_export_cloth_615
33E6C86BB05E521A,mayhem_export_cloth_616
33E6C96BB05E53CD,mayhem_export_cloth_617
33E9BF6BB06078A6,mayhem_export_cloth_609
33E9C06BB0607A59,mayhem_export_cloth_608
33E9C56BB06082D8,mayhem_export_cloth_603
33E9C66BB060848B,mayhem_export_cloth_602
33E9C76BB060863E,mayhem_export_cloth_601
33E9C96BB06089A4,mayhem_export_cloth_607
33E9CA6BB0608B57,mayhem_export_cloth_606
33E9CB6BB0608D0A,mayhem_export_cloth_605
33E9CC6BB0608EBD,mayhem_export_cloth_604
33EBAC2240C58333,j_cosmetic_glove_a
33EBAD2240C584E6,j_cosmetic_glove_b
33ED466BB06393E2,mayhem_export_cloth_638
33ED476BB0639595,mayhem_export_cloth_639
33ED486BB0639748,mayhem_export_cloth_636
33ED496BB06398FB,mayhem_export_cloth_637
33ED4A6BB0639AAE,mayhem_export_cloth_634
33ED4B6BB0639C61,mayhem_export_cloth_635
33ED4C6BB0639E14,mayhem_export_cloth_632
33ED4D6BB0639FC7,mayhem_export_cloth_633
33ED4E6BB063A17A,mayhem_export_cloth_630
33ED4F6BB063A32D,mayhem_export_cloth_631
33F0B36BB06682F0,mayhem_export_cloth_621
33F0B46BB06684A3,mayhem_export_cloth_620
33F0B66BB0668809,mayhem_export_cloth_622
33F0B76BB06689BC,mayhem_export_cloth_625
33F0B86BB0668B6F,mayhem_export_cloth_624
33F0B96BB0668D22,mayhem_export_cloth_627
33F0BA6BB0668ED5,mayhem_export_cloth_626
33F0BB6BB0669088,mayhem_export_cloth_629
33F0BC6BB066923B,mayhem_export_cloth_628
33F4366BB0699760,mayhem_export_cloth_654
33F4376BB0699913,mayhem_export_cloth_655
33F4386BB0699AC6,mayhem_export_cloth_656
33F4396BB0699C79,mayhem_export_cloth_657
33F43A6BB0699E2C,mayhem_export_cloth_650
33F43B6BB0699FDF,mayhem_export_cloth_651
33F43C6BB069A192,mayhem_export_cloth_652
33F43D6BB069A345,mayhem_export_cloth_653
33F4426BB069ABC4,mayhem_export_cloth_658
33F4436BB069AD77,mayhem_export_cloth_659
33F7B96BB06CABD0,mayhem_export_cloth_647
33F7BA6BB06CAD83,mayhem_export_cloth_646
33F7BB6BB06CAF36,mayhem_export_cloth_645
33F7BC6BB06CB0E9,mayhem_export_cloth_644
33F7BD6BB06CB29C,mayhem_export_cloth_643
33F7BE6BB06CB44F,mayhem_export_cloth_642
33F7BF6BB06CB602,mayhem_export_cloth_641
33F7C06BB06CB7B5,mayhem_export_cloth_640
33F7C76BB06CC39A,mayhem_export_cloth_649
33F7C86BB06CC54D,mayhem_export_cloth_648
33FABE6BB06EEA26,mayhem_export_cloth_678
33FABF6BB06EEBD9,mayhem_export_cloth_679
33FAC46BB06EF458,mayhem_export_cloth_672
33FAC56BB06EF60B,mayhem_export_cloth_673
33FAC66BB06EF7BE,mayhem_export_cloth_670
33FAC76BB06EF971,mayhem_export_cloth_671
33FAC86BB06EFB24,mayhem_export_cloth_676
33FAC96BB06EFCD7,mayhem_export_cloth_677
33FACA6BB06EFE8A,mayhem_export_cloth_674
33FACB6BB06F003D,mayhem_export_cloth_675
33FE436BB07201FC,mayhem_export_cloth_669
33FE446BB07203AF,mayhem_export_cloth_668
33FE476BB07208C8,mayhem_export_cloth_665
33FE486BB0720A7B,mayhem_export_cloth_664
33FE496BB0720C2E,mayhem_export_cloth_667
33FE4A6BB0720DE1,mayhem_export_cloth_666
33FE4B6BB0720F94,mayhem_export_cloth_661
33FE4C6BB0721147,mayhem_export_cloth_660
33FE4D6BB07212FA,mayhem_export_cloth_663
33FE4E6BB07214AD,mayhem_export_cloth_662
3409721108BEEC59,tag_barrel_spin
340F604D44C96013,j_scope_knob
341B960C685BFC7F,j_proc_clav_placer_le
341BA9CEA1C3F389,tag_wrist_attach_le
341F775D9BE26C8C,j_shock_rod_front_left_aim
3427CD8722BC1FBF,j_dummy_gun_mag
3432744544420256,crest_top_tip
344DC86F8C457CB7,jup_tool_shovel_snow_01
344DC96F8C457E6A,jup_tool_shovel_snow_02
345096F22DF5ECD5,panel_04_jnt
34663590025C1D0F,tag_door_back_left_2
3467A6E608B4FBCB,j_groinb
3467A7E608B4FD7E,j_groina
3481BE0C68B2F3A9,j_proc_clav_placer_ri
348708FF62906436,tag_rudder_ri_animate
349690083B7E67EF,sign_billboard_metal_sectioned_01_support_mesh
34A010D5ED72DCCC,tag_gunner_turret2_null
34A071E75B5A5D1D,tag_turret_hydraulic_stabilizer_upper_aim
34AD23462A455C8F,cardboard_c_flap_a
34AD24462A455E42,cardboard_c_flap_b
34B507A162205548,tag_rocket_pod
34BB5159E3FE0621,punch_arm_jnt
34BCB01EDFE2A896,tag_latch
34D143581D058D2D,j_cosmetic_waterbag
34D369C0D7CC77A3,jup_ground_geo_tree_stump_01_geo
34D6E1E8A429C6A7,j_cosmetic_groinpada
34D6E2E8A429C85A,j_cosmetic_groinpadb
34E79106543504E9,j_spine4_prop
34E7A82FF0623FC6,j_nebulizer
34F8B0EE6BAF35F9,dun_fire_hose_wall_ship_01_lod0
351908BADBA944C2,j_roller
351DA95F2B35FBE4,j_cosmetic_antenna_02
351DAC5F2B3600FD,j_cosmetic_antenna_01
35242BC4BA850DAC,j_leg_3
35242CC4BA850F5F,j_leg_2
35242DC4BA851112,j_leg_1
35269387E1DF496A,bag_canvas_01_flat
35317E6AFEBC4C88,tag_door_right_rear_animate
3535FD7200D9C9EC,tag_geo_hellstorm_rear_engine
353E80C6224239E9,j_cosmetic_holster
353E9D5109CA65FE,tag_leg_rl_flatten_piston_lower_aim
353FB47DE665F36A,j_elevator_door_dbl_int_left
3541CE3A2F563894,tag_trailer_front_left_tire
354E6E604F19B930,joint630
354E6F604F19BAE3,joint631
354E70604F19BC96,joint632
354E71604F19BE49,joint633
354E72604F19BFFC,joint634
354E73604F19C1AF,joint635
354E74604F19C362,joint636
354E75604F19C515,joint637
354E76604F19C6C8,joint638
354E77604F19C87B,joint639
3551F1604F1CCDA0,joint623
3551F2604F1CCF53,joint622
3551F3604F1CD106,joint621
3551F4604F1CD2B9,joint620
3551F5604F1CD46C,joint627
3551F6604F1CD61F,joint626
3551F7604F1CD7D2,joint625
3551F8604F1CD985,joint624
3551FB604F1CDE9E,joint629
3551FC604F1CE051,joint628
355574604F1FE210,joint616
355575604F1FE3C3,joint617
355576604F1FE576,joint614
355577604F1FE729,joint615
355578604F1FE8DC,joint612
355579604F1FEA8F,joint613
35557A604F1FEC42,joint610
35557B604F1FEDF5,joint611
355582604F1FF9DA,joint618
355583604F1FFB8D,joint619
355877604F221D00,joint609
355878604F221EB3,joint608
35587F604F222A98,joint601
355880604F222C4B,joint600
355881604F222DFE,joint603
355882604F222FB1,joint602
355883604F223164,joint605
355884604F223317,joint604
355885604F2234CA,joint607
355886604F22367D,joint606
355BFE604F25383C,joint678
355BFF604F2539EF,joint679
355C02604F253F08,joint674
355C03604F2540BB,joint675
355C04604F25426E,joint676
355C05604F254421,joint677
355C06604F2545D4,joint670
355C07604F254787,joint671
355C08604F25493A,joint672
355C09604F254AED,joint673
355F1252FDF2C4F2,lamp_t10_lighting_lamp_metal_hanging_open_01_short
355F83604F285012,joint669
355F84604F2851C5,joint668
355F85604F285378,joint667
355F86604F28552B,joint666
355F87604F2856DE,joint665
355F88604F285891,joint664
355F89604F285A44,joint663
355F8A604F285BF7,joint662
355F8B604F285DAA,joint661
355F8C604F285F5D,joint660
3562F0604F2B3F20,joint652
3562F1604F2B40D3,joint653
3562F2604F2B4286,joint650
3562F3604F2B4439,joint651
3562F4604F2B45EC,joint656
3562F5604F2B479F,joint657
3562F6604F2B4952,joint654
3562F7604F2B4B05,joint655
3562FA604F2B501E,joint658
3562FB604F2B51D1,joint659
356673604F2E5390,joint645
356674604F2E5543,joint644
356675604F2E56F6,joint647
356676604F2E58A9,joint646
356677604F2E5A5C,joint641
356678604F2E5C0F,joint640
356679604F2E5DC2,joint643
35667A604F2E5F75,joint642
35667F604F2E67F4,joint649
356680604F2E69A7,joint648
356E5FCADF165F6A,sat_fabric_ship_flag_wall_01_lod0
357082604F36C192,joint698
357083604F36C345,joint699
357084604F36C4F8,joint696
357085604F36C6AB,joint697
357086604F36C85E,joint694
357087604F36CA11,joint695
357088604F36CBC4,joint692
357089604F36CD77,joint693
35708A604F36CF2A,joint690
35708B604F36D0DD,joint691
3573EF604F39B0A0,joint681
3573F0604F39B253,joint680
3573F1604F39B406,joint683
3573F2604F39B5B9,joint682
3573F3604F39B76C,joint685
3573F4604F39B91F,joint684
3573F5604F39BAD2,joint687
3573F6604F39BC85,joint686
3573F7604F39BE38,joint689
3573F8604F39BFEB,joint688
3581C3BD5B1AFAD6,j_cosmetic_smoke_grenade_a
3581EE1566307EB2,j_proc_wristfronttwist1_acc5_le
358923A6FAF5BA68,tag_vise_low4
358928A6FAF5C2E7,tag_vise_low1
358929A6FAF5C49A,tag_vise_low2
35892AA6FAF5C64D,tag_vise_low3
3590AF7B77567217,tag_ramp_le_piston_upper_aim
3597434E78EC295E,j_cosmetic_price_bag_zipper_04
3597454E78EC2CC4,j_cosmetic_price_bag_zipper_02
3597464E78EC2E77,j_cosmetic_price_bag_zipper_03
3597484E78EC31DD,j_cosmetic_price_bag_zipper_01
35B0BDB24244B6E2,bridge_support_structure_top_braces_02_1
35BE4C344C5FF32C,ee_signs_industrial_close_the_door
35D1D681A51B8736,tag_light_lightbar_left_d1
35D1D781A51B88E9,tag_light_lightbar_left_d0
35DA8F54C95CBBD6,t10_barrier_chain_metal_rusty_01_link_96_s10
35DE1054C95FCCE0,t10_barrier_chain_metal_rusty_01_link_96_s05
35DE1154C95FCE93,t10_barrier_chain_metal_rusty_01_link_96_s04
35DE1254C95FD046,t10_barrier_chain_metal_rusty_01_link_96_s07
35DE1354C95FD1F9,t10_barrier_chain_metal_rusty_01_link_96_s06
35DE1454C95FD3AC,t10_barrier_chain_metal_rusty_01_link_96_s01
35DE1654C95FD712,t10_barrier_chain_metal_rusty_01_link_96_s03
35DE1754C95FD8C5,t10_barrier_chain_metal_rusty_01_link_96_s02
35DE1C54C95FE144,t10_barrier_chain_metal_rusty_01_link_96_s09
35DE1D54C95FE2F7,t10_barrier_chain_metal_rusty_01_link_96_s08
35DE7361E0D25ED2,j_rope_9
35DE7461E0D26085,j_rope_8
35DE7561E0D26238,j_rope_7
35DE7661E0D263EB,j_rope_6
35DE7761E0D2659E,j_rope_5
35DE7861E0D26751,j_rope_4
35DE7961E0D26904,j_rope_3
35DE7A61E0D26AB7,j_rope_2
35DE7B61E0D26C6A,j_rope_1
35EDC08DE867F20D,j_bag_right
35EFF01D389FD631,uk_metal_frame_warehouse_128
35FB02CF9C20F181,mesh_right
35FC4993D3DB2A9D,tag_nose_tip
360FB312B948E7CD,window_office_trim_01_72
3619AD5EA0C5180C,j_piston_rear_left_aim
361B46BADC84A3F0,j_roll18
361B47BADC84A5A3,j_roll19
361B4EBADC84B188,j_roll10
361B4FBADC84B33B,j_roll11
361B50BADC84B4EE,j_roll12
361B51BADC84B6A1,j_roll13
361B52BADC84B854,j_roll14
361B53BADC84BA07,j_roll15
361B54BADC84BBBA,j_roll16
361B55BADC84BD6D,j_roll17
361C6DACDFF845C2,zero_j_shouldertwist_ri
361ECBBADC87BBC6,j_roll09
361ECCBADC87BD79,j_roll08
361ED1BADC87C5F8,j_roll03
361ED2BADC87C7AB,j_roll02
361ED3BADC87C95E,j_roll01
361ED5BADC87CCC4,j_roll07
361ED6BADC87CE77,j_roll06
361ED7BADC87D02A,j_roll05
361ED8BADC87D1DD,j_roll04
361FA97F5F6C9C2F,j_cash_box
362245F4178A48A2,j_boltrelease
362252BADC8AD702,j_roll38
362253BADC8AD8B5,j_roll39
362254BADC8ADA68,j_roll36
362255BADC8ADC1B,j_roll37
362256BADC8ADDCE,j_roll34
362257BADC8ADF81,j_roll35
362258BADC8AE134,j_roll32
362259BADC8AE2E7,j_roll33
36225ABADC8AE49A,j_roll30
36225BBADC8AE64D,j_roll31
3625BFBADC8DC610,j_roll21
3625C0BADC8DC7C3,j_roll20
3625C1BADC8DC976,j_roll23
3625C2BADC8DCB29,j_roll22
3625C3BADC8DCCDC,j_roll25
3625C4BADC8DCE8F,j_roll24
3625C5BADC8DD042,j_roll27
3625C6BADC8DD1F5,j_roll26
3625C7BADC8DD3A8,j_roll29
3625C8BADC8DD55B,j_roll28
362A2A4825A12EDD,furniture_wall_bars
362C4ABADC931DEF,j_roll42
362C4BBADC931FA2,j_roll41
362C4CBADC932155,j_roll40
362E291611B9FD63,tag_grapple
36347CAD1585FFD6,j_weakspot
363633C392B39E6F,revolver_01_jnt
3642B83E6285AD96,j_light_01_off
3643A560F2D49B10,j_cosmetic_flap_01_b
3643A660F2D49CC3,j_cosmetic_flap_01_c
3643A860F2D4A029,j_cosmetic_flap_01_a
3643AB60F2D4A542,j_cosmetic_flap_01_d
3643AC60F2D4A6F5,j_cosmetic_flap_01_e
364489698A2558FE,j_ghillie_proc_rot_clavicle_ri1
364A7574FD390DDC,furniture_dresser_damaged_handle_right
3662CB4568860BCD,j_lower_lid
36665C982A3B2354,sign_clock_02
36673DACE037DFAC,zero_j_shouldertwist_le
366E4C18C4A4F822,tag_missile_hydraulic_large_middle
3686C5AB859F13EB,tag_chunk_gear_ri_dst
36911CFB0936B5B1,j_straps
36915AFB09371F0B,j_strap1
36915BFB093720BE,j_strap2
369724AE3B49B8B2,uk_walls_drywall_01_32x120
36A4D192FDE34A8E,j_chin
36A7F09C8C8968FB,bench_mesh
36AF6F568CF296DD,tag_light_blue
36BFE6053E55D10B,j_shell01
36C1A503A117C06E,j_mana_arm_le
36CBF8C202C54C43,t10_union_decor_planter_01_lod0
36E09E235AC3AEFE,j_door_ri_top
36EA2D56EB9BF4E5,tag_window_right
36ED96B8E20A3F2B,j_straps_jiggler_topback
36F1EFD82B8931E5,j_sidepanel
36F6D3096743B9E1,sat_decor_life_raft_cage_01_lod0
36F800D2B314BC47,sat_window_ht_skyscraper_ext_windowframe_01_lod0
36F889E1095DFB98,j_b_016
36F88AE1095DFD4B,j_b_017
36F88BE1095DFEFE,j_b_014
36F88CE1095E00B1,j_b_015
36F88DE1095E0264,j_b_012
36F88EE1095E0417,j_b_013
36F88FE1095E05CA,j_b_010
36F890E1095E077D,j_b_011
36F9F3D1705621C0,j_eyelash_top_le_4
36F9F4D170562373,j_eyelash_top_le_5
36F9F8D170562A3F,j_eyelash_top_le_1
36F9F9D170562BF2,j_eyelash_top_le_2
37093FE006507FC3,me_kitchen_tea_cup_01_plate
370C7503A1575A58,j_mana_arm_ri
3710C52AF5D53668,uk_house_gutter_pipe_bracket_01
371F1989D0FEC59D,dyn_wrap
37283888AD7AB875,tongue3_jnt
372CBF40287D775C,j_frontgilly_c_le
373E4DDD93217C0A,uk_electrical_geiger_meter_01
3741A39CD79BDF16,j_thighbagbag
37451AEFBE41D5B0,joint70
37451BEFBE41D763,joint71
37451CEFBE41D916,joint72
37451DEFBE41DAC9,joint73
37451EEFBE41DC7C,joint74
37451FEFBE41DE2F,joint75
374520EFBE41DFE2,joint76
374521EFBE41E195,joint77
374522EFBE41E348,joint78
374523EFBE41E4FB,joint79
37477DC2424E5A97,tag_wheel_middle2_left
37489DEFBE44EA20,joint63
37489EEFBE44EBD3,joint62
37489FEFBE44ED86,joint61
3748A0EFBE44EF39,joint60
3748A1EFBE44F0EC,joint67
3748A2EFBE44F29F,joint66
3748A3EFBE44F452,joint65
3748A4EFBE44F605,joint64
3748A7EFBE44FB1E,joint69
3748A8EFBE44FCD1,joint68
374C20EFBE47FE90,joint56
374C21EFBE480043,joint57
374C22EFBE4801F6,joint54
374C23EFBE4803A9,joint55
374C24EFBE48055C,joint52
374C25EFBE48070F,joint53
374C26EFBE4808C2,joint50
374C27EFBE480A75,joint51
374C2EEFBE48165A,joint58
374C2FEFBE48180D,joint59
374EAF40289A4292,j_frontgilly_c_ri
374F23EFBE4A3980,joint49
374F24EFBE4A3B33,joint48
374F2BEFBE4A4718,joint41
374F2CEFBE4A48CB,joint40
374F2DEFBE4A4A7E,joint43
374F2EEFBE4A4C31,joint42
374F2FEFBE4A4DE4,joint45
374F30EFBE4A4F97,joint44
374F31EFBE4A514A,joint47
374F32EFBE4A52FD,joint46
3752AAEFBE4D54BC,joint38
3752ABEFBE4D566F,joint39
3752AEEFBE4D5B88,joint34
3752AFEFBE4D5D3B,joint35
3752B0EFBE4D5EEE,joint36
3752B1EFBE4D60A1,joint37
3752B2EFBE4D6254,joint30
3752B3EFBE4D6407,joint31
3752B4EFBE4D65BA,joint32
3752B5EFBE4D676D,joint33
37562FEFBE506C92,joint29
375630EFBE506E45,joint28
375631EFBE506FF8,joint27
375632EFBE5071AB,joint26
375633EFBE50735E,joint25
375634EFBE507511,joint24
375635EFBE5076C4,joint23
375636EFBE507877,joint22
375637EFBE507A2A,joint21
375638EFBE507BDD,joint20
37599CEFBE535BA0,joint12
37599DEFBE535D53,joint13
37599EEFBE535F06,joint10
37599FEFBE5360B9,joint11
3759A0EFBE53626C,joint16
3759A1EFBE53641F,joint17
3759A2EFBE5365D2,joint14
3759A3EFBE536785,joint15
3759A6EFBE536C9E,joint18
3759A7EFBE536E51,joint19
375D6144B251ABE0,pplane7
375D6244B251AD93,pplane6
375D6344B251AF46,pplane5
375D6444B251B0F9,pplane4
375D6544B251B2AC,pplane3
375D6644B251B45F,pplane2
375D6744B251B612,pplane1
375D6F44B251C3AA,pplane9
375D7044B251C55D,pplane8
376483651D31C612,j_bipod_left
3774A6EFBE6A3456,joint98
3774A7EFBE6A3609,joint99
3774ACEFBE6A3E88,joint92
3774ADEFBE6A403B,joint93
3774AEEFBE6A41EE,joint90
3774AFEFBE6A43A1,joint91
3774B0EFBE6A4554,joint96
3774B1EFBE6A4707,joint97
3774B2EFBE6A48BA,joint94
3774B3EFBE6A4A6D,joint95
37782BEFBE6D4C2C,joint89
37782CEFBE6D4DDF,joint88
37782FEFBE6D52F8,joint85
377830EFBE6D54AB,joint84
377831EFBE6D565E,joint87
377832EFBE6D5811,joint86
377833EFBE6D59C4,joint81
377834EFBE6D5B77,joint80
377835EFBE6D5D2A,joint83
377836EFBE6D5EDD,joint82
377E0C4492F10164,decor_bicycles_01_damaged_wheel_f
3790D76F1946597F,j_gun1
379AF65FB4101A36,j_bipod
379D55C456293F5B,tag_origin_combo
37B870CB3250F926,j_palm_ri
37C4339EC1A03EA1,j_cosmetic_fcarabiner
37C54AE1E1AF13AA,t10_hst_decor_statue_lady_fortuna_01_lod0
37C69BB04E63832E,wire_mesh_01
37CC8DD02109DD93,j_tail_4
37CC90D02109E2AC,j_tail_1
37CC92D02109E612,j_tail_3
37CC93D02109E7C5,j_tail_2
37CCE99F47B8B464,t10_fabric_modern_bathroom_rug_01_lod0
37D5E88AA3E6628C,j_cosmetic_rarmpadflap
37D8073C45CC5FE7,j_bipod_left_hide
37E788CB327892B0,j_palm_le
37F531954638D493,tag_bottom_new_light_off
38038B8046612A62,tag_trunk_animate
380BF07EAC20DB21,base_lp
380FDEA884C0121A,lm_structural_roof_trim_256_a
3823EF431B91A07F,j_cosmetic_backminibaga
38256BEA39559F10,tag_glass_bus_left_01_d0
38256CEA3955A0C3,tag_glass_bus_left_01_d1
38256DEA3955A276,tag_glass_bus_left_01_d2
38256EEA3955A429,tag_glass_bus_left_01_d3
382DA81BE00D076A,tag_neck_le_weakpoint
382EFFA935AAA29D,tag_grip_hide
38316509B3EB0712,ee_signs_industrial_extinguisher
3836AF3ADF021508,j_mouthcorner_ri
3837C9F08945FEF7,tag_spoiler_le_02_animate
3842374525FF4503,tag_leg_rr_piston_lower_aim
38506EF4043C24A2,j_ghillie_shouldertwist_ri
38520B22E665A596,uk_brick_top_row_160
3854F93B3CC4A591,j_shovel
38589F3ADF1EE03E,j_mouthcorner_le
386887E00B1AF621,tail_tip
38712215AEDE4DB0,jup_construction_crane_tower_07_mesh
387ABA1E0AB95407,j_powerbutton
387CF3772B9FFEC0,j_cosmetic_locket_chain_01
387CF5772BA00226,j_cosmetic_locket_chain_03
387CF6772BA003D9,j_cosmetic_locket_chain_02
38814B683F70DBEF,j_face
388707E38B59F2F7,j_cosmetic_boltcutters_01
3898E3AA6DB65D15,t10_furniture_chair_admin_01
389B3EF4047BBE8C,j_ghillie_shouldertwist_le
389F06B2593651FC,j_dynamic_r_fronthairb
389F09B259365715,j_dynamic_r_fronthaira
38A876306C2E6C09,tag_off
38B3B27D6742982E,j_pipe_wheel
38BFDA00CD7D9073,j_cosmetic_rucksack
38CB921E47798BF0,tag_light_three_off_2
38CB931E47798DA3,tag_light_three_off_3
38CB941E47798F56,tag_light_three_off_0
38CB951E47799109,tag_light_three_off_1
38CB961E477992BC,tag_light_three_off_6
38CB971E4779946F,tag_light_three_off_7
38CB981E47799622,tag_light_three_off_4
38CB991E477997D5,tag_light_three_off_5
38CB9C1E47799CEE,tag_light_three_off_8
38CB9D1E47799EA1,tag_light_three_off_9
38CFEDC6BD573BA5,cyclops_s4_int_atrium_officewall_windows_02_mesh
38D817F7527172D3,j_wire
38E537F7527C338F,j_wine
38E75311E1EA7906,bag_canvas_01_verticle_row
38EC926B61E2C746,j_ammobelt_feeder_plate
38ECB07B2B626840,j_elbow_le_geo_high
38F01FFD7E126F95,tag_player_grp
38F18CBBB024C5E9,tag_top_light_stop
38F571BCB14BE5F3,tag_rod_upper_hide
38F6CB8D63C7FAE4,tag_lift_arm_front_animate
38FC93FB1883BCE8,building_hanging_tarps_02_white
390D670D5C5AE601,j_towel_top
391125F752A14FE4,j_wick
391618D02221C23B,j_tail01
391619D02221C3EE,j_tail02
39161AD02221C5A1,j_tail03
39161BD02221C754,j_tail04
39161CD02221C907,j_tail05
391C1FA4E1980A4C,j_cosmetic_glasses_01
39235DC27B911C24,j_cans_20
392A47C27B971570,j_cans_02
392A48C27B971723,j_cans_03
392A4AC27B971A89,j_cans_01
392A4BC27B971C3C,j_cans_06
392A4CC27B971DEF,j_cans_07
392A4DC27B971FA2,j_cans_04
392A4EC27B972155,j_cans_05
392A51C27B97266E,j_cans_08
392A52C27B972821,j_cans_09
392DCAC27B9A29E0,j_cans_15
392DCBC27B9A2B93,j_cans_14
392DCCC27B9A2D46,j_cans_17
392DCDC27B9A2EF9,j_cans_16
392DCEC27B9A30AC,j_cans_11
392DCFC27B9A325F,j_cans_10
392DD0C27B9A3412,j_cans_13
392DD1C27B9A35C5,j_cans_12
392DD6C27B9A3E44,j_cans_19
392DD7C27B9A3FF7,j_cans_18
392E894566E271B6,j_plate_front_left_tgt
3941A5EAAC1DB881,sat_decor_tree_display_01_lod0
394A800092CE1F3B,ee_furniture_pew_wood_church
394D5371E4BFD1A5,j_crate
3957F7B91F568F4F,cardboard_box_small_01
3958FA03F752B875,tag_back_off
395C71F93FB4247F,j_metamid_le_1
3960C19A3DE46A24,tag_door_back_right_d0
3961E0FE7D3E8F27,t10_zm_opal_dark_aether_mushroom_02_mesh1
39656E4062F3D203,military_debris_bullet_casing_223
3973E8C2B7802EA8,tag_wheel_back_right_flat
3979D87ED59370A0,tag_block_left_03_follower
398418DB81B79BAC,j_sling_pivot_dyn
398A3D132ABAFE4C,construction_window_frames_metal_double_01_white
39A7E23CED05C2FB,j_head_chunk_9_root
39AA52029DA5058E,sat_signage_forge_server_fui_plane_01_mesh
39C1A6E96015EE2C,j_straps_bottombackright
39C398F079C50AF8,trash_plastic_bin_green_lid_01
39C433C82AA87CDD,j_dummy_l_knee
39C63437AC03AC5C,tag_chunk_door_le_dst
39C6C914F6FC0186,j_cosmetic_syliner_pouch
39CA8CE940DD1728,j_barrel_carryhandle
39E552D9A0DF836E,j_mouth01
39E8636CDCA2A573,tag_turret_hide
39F2E767712CA4EF,j_cosmetic_bag_flaps_01_a
39F2E867712CA6A2,j_cosmetic_bag_flaps_01_b
39F2E967712CA855,j_cosmetic_bag_flaps_01_c
39F326D50F001CEF,tag_trailer_door_hinges_left_a_animate
39F33E4ADE72E343,tag_trailer_door_left_handle_animate
39F976A51F36FB16,r_ear1_jnt
39FA6A7D50602626,j_left_latch
3A03BE75E8B2E724,tag_attach_rotor_chunk_a_dst
3A09600D438F0FA8,j_cosmetic_buttbag_d
3A09650D438F1827,j_cosmetic_buttbag_a
3A09660D438F19DA,j_cosmetic_buttbag_b
3A09670D438F1B8D,j_cosmetic_buttbag_c
3A180F6BC7D7DEFC,sat_ht_skyscraper_int_elevator_entrance_lod0
3A21F3C32CDECCE6,j_caribeaner
3A26FD49985D8DCF,j_cosmetic_groinprotector
3A2834EEB3ADF53D,jup_window_town_library_03_mesh1
3A2850EA083F27CA,tag_bomb_bay_trap_right_animate
3A301064275CAEF7,j_ace_s
3A301E62F4E9D080,me_window_frame_wood_single_01_white_damaged_02
3A374EF0059D7E1D,j_rotor_bl
3A3750F0059D8183,j_rotor_br
3A389C053D6C7F2E,tag_chunk_d_dst
3A3960A15AC5E9E7,cord_base
3A425FD5D873B417,j_clavicle_le_prop
3A444EF005A80879,j_rotor_fl
3A4468F005A834A7,j_rotor_fr
3A4D8AFE8D198031,tag_player_camera
3A5E9E915D34E530,j_cosmetic_rhib_rope_016
3A5E9F915D34E6E3,j_cosmetic_rhib_rope_017
3A5EA0915D34E896,j_cosmetic_rhib_rope_014
3A5EA1915D34EA49,j_cosmetic_rhib_rope_015
3A5EA2915D34EBFC,j_cosmetic_rhib_rope_012
3A5EA4915D34EF62,j_cosmetic_rhib_rope_010
3A5EA5915D34F115,j_cosmetic_rhib_rope_011
3A6BA3DA70D9318F,electronics_fire_alarm_01
3A6D8214C5199B3A,ee_food_fruit_pineapple_01
3A6E0E8EA293317B,j_cosmetic_rcarabinerbstringa
3A6E0F8EA293332E,j_cosmetic_rcarabinerbstringb
3A6FDFE721F70E6C,j_glowstringb
3A6FE2E721F71385,j_glowstringa
3A79E2CB5341A4A6,chandelier_b_bottom_rot_jnt
3A7BDE8641403B1F,j_cosmetic_dump_pouch_rolled
3A887E7E74C85648,j_cosmetic_le_cloths_c_02
3A88817E74C85B61,j_cosmetic_le_cloths_c_01
3A89EB8F037C1428,tag_wingtip_left
3A8F92DCDE530893,j_cosmetic_dump_pouch_rolled_a
3A9C49C7D7FB494A,un_propane_gas_tank_tall_med
3AA7178A7042E66A,j_chain_02
3ABC2ABB7FBF9A38,tag_glass_hatch_d2
3ABC2BBB7FBF9BEB,tag_glass_hatch_d3
3ABC2CBB7FBF9D9E,tag_glass_hatch_d0
3ABC2DBB7FBF9F51,tag_glass_hatch_d1
3ABC30BB7FBFA46A,tag_glass_hatch_d4
3ABC31BB7FBFA61D,tag_glass_hatch_d5
3AC64FB6021FC1B7,kitchen_plates_broken2
3ACAE8DE6915887F,tag_wall_l_bottom
3ACFE8CF2FDA8A6A,j_leg_back_left_01
3AE4CE0E70901671,tag_spout
3AECC22FC893A610,j_d_hat_1
3AF204BBF90849B1,clothing_military_uniform_fabric_stack_16
3AF277F82C98EB8B,jup_structural_window_prison_bars_steel_32x96_mesh
3B017FFEFD8CFA84,tag_fx_at_mine
3B0307BBC0EFE7D4,tag_bench_01
3B0762BA1B5CCE71,j_elevator_door_int_left
3B27C81BA39AA926,j_prop_19
3B27C91BA39AAAD9,j_prop_18
3B27CE1BA39AB358,j_prop_13
3B27CF1BA39AB50B,j_prop_12
3B27D01BA39AB6BE,j_prop_11
3B27D11BA39AB871,j_prop_10
3B27D21BA39ABA24,j_prop_17
3B27D31BA39ABBD7,j_prop_16
3B27D41BA39ABD8A,j_prop_15
3B27D51BA39ABF3D,j_prop_14
3B2B4F1BA39DC462,j_prop_28
3B2B501BA39DC615,j_prop_29
3B2B511BA39DC7C8,j_prop_26
3B2B521BA39DC97B,j_prop_27
3B2B531BA39DCB2E,j_prop_24
3B2B541BA39DCCE1,j_prop_25
3B2B551BA39DCE94,j_prop_22
3B2B561BA39DD047,j_prop_23
3B2B571BA39DD1FA,j_prop_20
3B2B581BA39DD3AD,j_prop_21
3B2EBC1BA3A0B370,j_prop_31
3B2EBD1BA3A0B523,j_prop_30
3B32431BA3A3CEAC,j_prop_40
3B32441BA3A3D05F,j_prop_41
3B35C81BA3A6E682,j_prop_51
3B35C91BA3A6E835,j_prop_50
3B38CF1BA3A9283E,j_prop_60
3B38D01BA3A929F1,j_prop_61
3B3A95EBB1FCACE8,equipment_military_radio_old_black_06
3B3BFE38BE18029E,j_proc_wristfronttwist1_acc1_le
3B3C541BA3AC4014,j_prop_71
3B3C551BA3AC41C7,j_prop_70
3B42DF619D4E07BC,ee_painting_medium_01
3B52D4B16108DA02,j_leg_back_le
3B546A4E25E2340C,j_dogtag
3B7F9AFF02307660,tag_rocket_right1
3B7F9DFF02307B79,tag_rocket_right2
3B82528338D6692C,j_periorbital_ri_008
3B82538338D66ADF,j_periorbital_ri_009
3B82568338D66FF8,j_periorbital_ri_004
3B82578338D671AB,j_periorbital_ri_005
3B82588338D6735E,j_periorbital_ri_006
3B82598338D67511,j_periorbital_ri_007
3B939DD9A8F6DFCA,j_steeringshaft_front_right_tgt
3B95309D206262E2,j_attachment_2_ri
3BA2A71BAD47331A,tag_wing_elevon_right_outer
3BA7DB81BC2629E8,roof_asbestos_sheet_broken_01_2sided
3BB03494F6B6A2F6,j_craw_2_ri_prop
3BB8BCB1615F646C,j_leg_back_ri
3BBA78AC37D147DA,chandelier_chain_geo
3BBE0EBDC71F26E9,tag_front_camera_attach
3BBF5FD0F3DE5179,tag_shell_eject_hatch
3BC5FB37D5AB6C87,ee_furniture_table_wood_furniture_coffee
3BC6C39F7ECC31AF,j_fannypack
3BD00ED8E92F5048,t10_furniture_wood_side_table_circle_vintage_01
3BD2751BB5642938,uk_decor_window_curtain_01_r
3BD2831BB5644102,uk_decor_window_curtain_01_l
3BD34008E2EE856A,tag_main_rotor_blade_02_blur
3BD6299F3FB560B2,j_cosmetic_carabiner_vest
3BD6BB5A01C32977,sat_jap_machinery_express_train_connection_1_2a_lod0
3BE0009D20A1FCCC,j_attachment_2_le
3BE6D10AFAC47243,j_apples
3BFA277993F18CC8,tag_throttle
3C0274AD9AB9DA26,arm_jnt
3C02E1FB9766A124,j_bandage_4_l
3C02E7FB9766AB56,j_bandage_4_r
3C044E9102D3B186,uk_scaffold_kit_open_256_03
3C15FB5DC9DB20DA,tag_hybrid
3C2409AF4EB67BCF,bio_gr_arid_grass_small_sparse_01_002
3C269034BC71094C,ee_furniture_chair_leather_worn_lounge
3C2FE31388155C88,j_cosmetic_hood_le_01
3C3143BBFBEFDAD0,j_cosmetic_antenna1
3C3145BBFBEFDE36,j_cosmetic_antenna3
3C3146BBFBEFDFE9,j_cosmetic_antenna2
3C3147BBFBEFE19C,j_cosmetic_antenna5
3C3148BBFBEFE34F,j_cosmetic_antenna4
3C37196BC8A1B758,tag_plate_cake_2
3C371C6BC8A1BC71,tag_plate_cake_1
3C4A55245E3101E4,tag_light_top_left
3C4D6B2952D712CE,doorknob3_lod0
3C5066C717587B4D,j_machine_mainroot
3C52AF545B844C74,j_neck_2
3C52B0545B844E27,j_neck_3
3C57194C743B6F19,front_lowerstruts_le
3C5FB0C67CADDF5D,sgon_saw_q2_vignette_hacienda_airstrip_gl_7da918d6_2_high
3C62BBFCA432ED68,j_cosmetic_bagrstrap
3C62E255DD3FDBDF,j_tube01
3C62E355DD3FDD92,j_tube02
3C62E455DD3FDF45,j_tube03
3C6C17DA2383E03F,j_carry_spine4
3C6C6AEF1EE472F7,p7_conduit_metal_1_union_lod0
3C6CB3795224C253,j_chute_a_mid_cord_1
3C6CB4795224C406,j_chute_a_mid_cord_2
3C6CB5795224C5B9,j_chute_a_mid_cord_3
3C6CB6795224C76C,j_chute_a_mid_cord_4
3C6CB7795224C91F,j_chute_a_mid_cord_5
3C6CB8795224CAD2,j_chute_a_mid_cord_6
3C6CB9795224CC85,j_chute_a_mid_cord_7
3C6CBA795224CE38,j_chute_a_mid_cord_8
3C6CBB795224CFEB,j_chute_a_mid_cord_9
3C88562D7549426C,un_foliage_cactus_saguaro_medium_01_buds
3C9FD8FD1B16E659,sign_t10_ava_signage_shop_restaurant_01
3CA602010D852582,tag_light_lightbar_right_d0
3CA603010D852735,tag_light_lightbar_right_d1
3CAEAACDFA028022,tag_gunner2_turret_null
3CB0414C7487DBE7,front_lowerstruts_ri
3CBA688F11EE62A3,j_l_handle_strap1
3CBA698F11EE6456,j_l_handle_strap2
3CBA6A8F11EE6609,j_l_handle_strap3
3CBA6B8F11EE67BC,j_l_handle_strap4
3CBA6C8F11EE696F,j_l_handle_strap5
3CBA6D8F11EE6B22,j_l_handle_strap6
3CBA6E8F11EE6CD5,j_l_handle_strap7
3CC2DC9C9F67EE35,tag_main_rotor_blade_01_rot
3CD9E114CC758F35,ee_military_chemical_missile_stacked_01
3CDCCCFA734C8797,tag_light_screen_off
3CDF0F844CB0D7C1,jup_furniture_wood_table_small_01_lod0_patch_61
3CDF31DFC1E29B6A,sat_debris_dirt_floating_island_01_lod0
3CE4EB6BB58DFB3C,mayhem_export_cloth_188
3CE4EC6BB58DFCEF,mayhem_export_cloth_189
3CE4EF6BB58E0208,mayhem_export_cloth_184
3CE4F06BB58E03BB,mayhem_export_cloth_185
3CE4F16BB58E056E,mayhem_export_cloth_186
3CE4F26BB58E0721,mayhem_export_cloth_187
3CE4F36BB58E08D4,mayhem_export_cloth_180
3CE4F46BB58E0A87,mayhem_export_cloth_181
3CE4F56BB58E0C3A,mayhem_export_cloth_182
3CE4F66BB58E0DED,mayhem_export_cloth_183
3CE8706BB5911312,mayhem_export_cloth_199
3CE8716BB59114C5,mayhem_export_cloth_198
3CE8726BB5911678,mayhem_export_cloth_197
3CE8736BB591182B,mayhem_export_cloth_196
3CE8746BB59119DE,mayhem_export_cloth_195
3CE8756BB5911B91,mayhem_export_cloth_194
3CE8766BB5911D44,mayhem_export_cloth_193
3CE8776BB5911EF7,mayhem_export_cloth_192
3CE8786BB59120AA,mayhem_export_cloth_191
3CE8796BB591225D,mayhem_export_cloth_190
3CEAC1369056135E,dyn_bolt
3CEB53E09ED80BD8,tail_jnt
3CF0E24977705A77,j_ring1
3CF124497770CA9D,j_rings
3CF2636BB5995180,mayhem_export_cloth_148
3CF2646BB5995333,mayhem_export_cloth_149
3CF26B6BB5995F18,mayhem_export_cloth_140
3CF26C6BB59960CB,mayhem_export_cloth_141
3CF26D6BB599627E,mayhem_export_cloth_142
3CF26E6BB5996431,mayhem_export_cloth_143
3CF26F6BB59965E4,mayhem_export_cloth_144
3CF2706BB5996797,mayhem_export_cloth_145
3CF2716BB599694A,mayhem_export_cloth_146
3CF2A46794F12806,j_ghillie_10_av2
3CF5E86BB59C6956,mayhem_export_cloth_159
3CF5EE6BB59C7388,mayhem_export_cloth_153
3CF5EF6BB59C753B,mayhem_export_cloth_152
3CF5F06BB59C76EE,mayhem_export_cloth_151
3CF5F16BB59C78A1,mayhem_export_cloth_150
3CF5F26BB59C7A54,mayhem_export_cloth_157
3CF5F36BB59C7C07,mayhem_export_cloth_156
3CF5F46BB59C7DBA,mayhem_export_cloth_155
3CF5F56BB59C7F6D,mayhem_export_cloth_154
3CF96F6BB59F8492,mayhem_export_cloth_168
3CF9706BB59F8645,mayhem_export_cloth_169
3CF9716BB59F87F8,mayhem_export_cloth_166
3CF9726BB59F89AB,mayhem_export_cloth_167
3CF9736BB59F8B5E,mayhem_export_cloth_164
3CF9746BB59F8D11,mayhem_export_cloth_165
3CF9766BB59F9077,mayhem_export_cloth_163
3CF9776BB59F922A,mayhem_export_cloth_160
3CF9786BB59F93DD,mayhem_export_cloth_161
3CF99202A4B8684F,barrier_chain_link_fence_32_01
3CFCDC6BB5A273A0,mayhem_export_cloth_171
3CFCDD6BB5A27553,mayhem_export_cloth_170
3CFCDE6BB5A27706,mayhem_export_cloth_173
3CFCDF6BB5A278B9,mayhem_export_cloth_172
3CFCE06BB5A27A6C,mayhem_export_cloth_175
3CFCE16BB5A27C1F,mayhem_export_cloth_174
3CFCE26BB5A27DD2,mayhem_export_cloth_177
3CFCE36BB5A27F85,mayhem_export_cloth_176
3CFCE46BB5A28138,mayhem_export_cloth_179
3CFCE56BB5A282EB,mayhem_export_cloth_178
3CFD37912D386480,tag_rear_cab_door_front_animate
3D005193AEEABC0C,tag_viewfinder_pitch_animate
3D005F6BB5A58810,mayhem_export_cloth_104
3D00606BB5A589C3,mayhem_export_cloth_105
3D00616BB5A58B76,mayhem_export_cloth_106
3D00636BB5A58EDC,mayhem_export_cloth_100
3D00646BB5A5908F,mayhem_export_cloth_101
3D00656BB5A59242,mayhem_export_cloth_102
3D00666BB5A593F5,mayhem_export_cloth_103
3D006B6BB5A59C74,mayhem_export_cloth_108
3D006C6BB5A59E27,mayhem_export_cloth_109
3D03626BB5A7C300,mayhem_export_cloth_117
3D03636BB5A7C4B3,mayhem_export_cloth_116
3D03646BB5A7C666,mayhem_export_cloth_115
3D03656BB5A7C819,mayhem_export_cloth_114
3D03666BB5A7C9CC,mayhem_export_cloth_113
3D03676BB5A7CB7F,mayhem_export_cloth_112
3D03686BB5A7CD32,mayhem_export_cloth_111
3D03696BB5A7CEE5,mayhem_export_cloth_110
3D03706BB5A7DACA,mayhem_export_cloth_119
3D03716BB5A7DC7D,mayhem_export_cloth_118
3D06E76BB5AADAD6,mayhem_export_cloth_128
3D06E86BB5AADC89,mayhem_export_cloth_129
3D06ED6BB5AAE508,mayhem_export_cloth_122
3D06EE6BB5AAE6BB,mayhem_export_cloth_123
3D06EF6BB5AAE86E,mayhem_export_cloth_120
3D06F06BB5AAEA21,mayhem_export_cloth_121
3D06F16BB5AAEBD4,mayhem_export_cloth_126
3D06F26BB5AAED87,mayhem_export_cloth_127
3D06F36BB5AAEF3A,mayhem_export_cloth_124
3D06F46BB5AAF0ED,mayhem_export_cloth_125
3D0A6C6BB5ADF2AC,mayhem_export_cloth_139
3D0A6D6BB5ADF45F,mayhem_export_cloth_138
3D0A706BB5ADF978,mayhem_export_cloth_135
3D0A716BB5ADFB2B,mayhem_export_cloth_134
3D0A726BB5ADFCDE,mayhem_export_cloth_137
3D0A736BB5ADFE91,mayhem_export_cloth_136
3D0A746BB5AE0044,mayhem_export_cloth_131
3D0A756BB5AE01F7,mayhem_export_cloth_130
3D0A766BB5AE03AA,mayhem_export_cloth_133
3D0A776BB5AE055D,mayhem_export_cloth_132
3D0DF8A60EAC1255,street_ground_snow_pile_01_geo
3D14FDBC5E1DF73F,ee_foliage_bush_cypress_01_sml
3D371BFB95E43FC9,tag_wing_left
3D445426C6D85C1F,j_groinprotector
3D720499370A58CA,j_smokestring
3D76CC93B5F36482,j_magrel2
3D84B3DA5DEAD329,sat_libra_construction_hull_cap_01_mesh
3D8EA649E98B7C20,tag_weakpoint2
3D8EA749E98B7DD3,tag_weakpoint3
3D8EA949E98B8139,tag_weakpoint1
3D8EAA49E98B82EC,tag_weakpoint6
3D8EAB49E98B849F,tag_weakpoint7
3D8EAC49E98B8652,tag_weakpoint4
3D8EAD49E98B8805,tag_weakpoint5
3D8EB049E98B8D1E,tag_weakpoint8
3D8EB149E98B8ED1,tag_weakpoint9
3DA6E59AB60093DC,ee_wall_precast_concrete_02
3DAA09ADF8FD7658,j_cosmetic_thigh_knife
3DBA70DF7AD0C7E2,decor_playground_set_seesaw
3DD72CF7F50BE0F8,j_cosmetic_medium_bag_zipper_04
3DD731F7F50BE977,j_cosmetic_medium_bag_zipper_01
3DD732F7F50BEB2A,j_cosmetic_medium_bag_zipper_02
3DD733F7F50BECDD,j_cosmetic_medium_bag_zipper_03
3DDE840D913B7D94,tag_glass_bus_left_05_d0
3DDE850D913B7F47,tag_glass_bus_left_05_d1
3DDE860D913B80FA,tag_glass_bus_left_05_d2
3DDE870D913B82AD,tag_glass_bus_left_05_d3
3DF7DCE42BB95EF9,tag_canopy_hatch_animate
3DFAFB29E5FA1862,tag_gunner_barrel2_animate
3E0954A9DAB844F2,base_t10_terrain_rock_snow_hill_large_01_lod0
3E0E21B9ABE78BD3,j_toemid_2_le_prop
3E33684B19988DBC,j_machine_door_ri
3E396BB32755B0F7,j_refrigerator_lower_door
3E3A404B199E6872,j_machine_door_le
3E3A7D09790F7BF1,j_bipod_left_leg
3E3A993F618268DB,uk_street_road_curb_256_01
3E3EEDF2C3936578,j_cosmetic_tourniquet_01
3E3EFBD3020E8150,j_string_138
3E3F03D3020E8EE8,j_string_130
3E3F06D3020E9401,j_string_133
3E3F08D3020E9767,j_string_135
3E3F09D3020E991A,j_string_136
3E3F0AD3020E9ACD,j_string_137
3E420BD30210D257,j_string_126
3E458DD30213E514,j_string_112
3E458FD30213E87A,j_string_110
3E4590D30213EA2D,j_string_111
3E45B98B2DBDD4C2,j_missile
3E47F7D047C3FDE5,tag_canopy_piston_b_lower_aim
3E48F4D30216C9F0,j_string_101
3E48F6D30216CD56,j_string_103
3E48F7D30216CF09,j_string_102
3E48F9D30216D26F,j_string_104
3E48FAD30216D422,j_string_107
3E48FDD30216D93B,j_string_108
3E4A653A63D09DD4,j_cosmetic_ar1_camelback_handlea
3E4D5C4431D3A981,tag_wing_left_back
3E4DC047C1A18FA6,t10_electronics_fir_center_ground_wire_03_mesh
3E5000D3021CFD02,j_string_161
3E51D007F2532ADF,j_eye
3E52FFD3021F3126,j_string_158
3E5300D3021F32D9,j_string_159
3E5306D3021F3D0B,j_string_153
3E5307D3021F3EBE,j_string_150
3E530AD3021F43D7,j_string_157
3E530CD3021F473D,j_string_155
3E5684D3022248FC,j_string_149
3E5685D302224AAF,j_string_148
3E5688D302224FC8,j_string_145
3E5689D30222517B,j_string_144
3E568AD30222532E,j_string_147
3E568BD3022254E1,j_string_146
3E568ED3022259FA,j_string_143
3E568FD302225BAD,j_string_142
3E5A97605455A9E0,joint560
3E5A98605455AB93,joint561
3E5A99605455AD46,joint562
3E5A9A605455AEF9,joint563
3E5A9B605455B0AC,joint564
3E5A9C605455B25F,joint565
3E5A9D605455B412,joint566
3E5A9E605455B5C5,joint567
3E5A9F605455B778,joint568
3E5AA0605455B92B,joint569
3E5E1A605458BE50,joint573
3E5E1B605458C003,joint572
3E5E1C605458C1B6,joint571
3E5E1D605458C369,joint570
3E5E1E605458C51C,joint577
3E5E1F605458C6CF,joint576
3E5E20605458C882,joint575
3E5E21605458CA35,joint574
3E5E24605458CF4E,joint579
3E5E25605458D101,joint578
3E5F13559AB9646E,j_upper_suspension_plate_front_right_aim
3E611D60545AF940,joint546
3E611E60545AFAF3,joint547
3E611F60545AFCA6,joint544
3E612060545AFE59,joint545
3E612160545B000C,joint542
3E612260545B01BF,joint543
3E612360545B0372,joint540
3E612460545B0525,joint541
3E612B60545B110A,joint548
3E612C60545B12BD,joint549
3E64A060545E0DB0,joint559
3E64A160545E0F63,joint558
3E64A860545E1B48,joint551
3E64A960545E1CFB,joint550
3E64AA60545E1EAE,joint553
3E64AB60545E2061,joint552
3E64AC60545E2214,joint555
3E64AD60545E23C7,joint554
3E64AE60545E257A,joint557
3E64AF60545E272D,joint556
3E682760546128EC,joint528
3E68286054612A9F,joint529
3E682B6054612FB8,joint524
3E682C605461316B,joint525
3E682D605461331E,joint526
3E682E60546134D1,joint527
3E682F6054613684,joint520
3E68306054613837,joint521
3E683160546139EA,joint522
3E68326054613B9D,joint523
3E6BAC60546440C2,joint539
3E6BAD6054644275,joint538
3E6BAE6054644428,joint537
3E6BAF60546445DB,joint536
3E6BB0605464478E,joint535
3E6BB16054644941,joint534
3E6BB26054644AF4,joint533
3E6BB36054644CA7,joint532
3E6BB46054644E5A,joint531
3E6BB5605464500D,joint530
3E6F196054672FD0,joint502
3E6F1A6054673183,joint503
3E6F1B6054673336,joint500
3E6F1C60546734E9,joint501
3E6F1D605467369C,joint506
3E6F1E605467384F,joint507
3E6F1F6054673A02,joint504
3E6F206054673BB5,joint505
3E6F2360546740CE,joint508
3E6F246054674281,joint509
3E6F4388D889EFAD,j_cosmetic_collar_knife
3E6FDAD381C7E626,t10_int_food_tea_pastry_01_lod0
3E721C6054696AC0,joint515
3E721D6054696C73,joint514
3E721E6054696E26,joint517
3E721F6054696FD9,joint516
3E7220605469718C,joint511
3E7221605469733F,joint510
3E722260546974F2,joint513
3E722360546976A5,joint512
3E72286054697F24,joint519
3E722960546980D7,joint518
3E7264234C72D3EE,trc_hanging_lights_arc1_unlit_lod0
3E76FDE284068935,tag_bipod_hide
3E7C157C5245B7C2,l_earend_jnt
3E8A2360547E0886,joint588
3E8A2460547E0A39,joint589
3E8A2960547E12B8,joint582
3E8A2A60547E146B,joint583
3E8A2B60547E161E,joint580
3E8A2C60547E17D1,joint581
3E8A2D60547E1984,joint586
3E8A2E60547E1B37,joint587
3E8A2F60547E1CEA,joint584
3E8A3060547E1E9D,joint585
3E8A909188E39CA7,window_blinds_office_open_02
3E8AC85E39B96676,j_elbow_ri_geo_high
3E8DA8605481205C,joint599
3E8DA9605481220F,joint598
3E8DAC6054812728,joint595
3E8DAD60548128DB,joint594
3E8DAE6054812A8E,joint597
3E8DAF6054812C41,joint596
3E8DB06054812DF4,joint591
3E8DB16054812FA7,joint590
3E8DB2605481315A,joint593
3E8DB3605481330D,joint592
3E8F02E2D4CE1D14,back_upperstruts_le
3E9E8850FE40C7DB,tag_front_wheel_animate
3E9FF107F2958443,j_end
3EA335A4B3500B48,ee_electronics_pos_cash_computer
3EA85783ED871741,j_suspension_front_left_tgt
3EB509427A9D4898,right_02
3EB50A427A9D4A4B,right_03
3EB50F427A9D52CA,right_04
3EB5E336655AC618,j_refrigerator_upper_door
3EBE6A0E9E0DE60E,tag_wheel_trailer_front_left_d0
3EBFD4B2E65866E0,tool_heavy_duty_jack_01
3EC35EBE0521DF28,ee_mansion_int_railing_stairway_8x12_02
3EC361BE0521E441,ee_mansion_int_railing_stairway_8x12_01
3EC89D0B2CC81EB5,ee_appliance_kitchen_industrial_stove_01_part1
3EE5E94E57859690,tag_leg_rl_piston_upper_aim
3EE7E2E2D51A0F8A,back_upperstruts_ri
3EEA7C361BDB8028,tag_glass_overhead_front_right_d3
3EEA7D361BDB81DB,tag_glass_overhead_front_right_d2
3EEA7E361BDB838E,tag_glass_overhead_front_right_d1
3EEA7F361BDB8541,tag_glass_overhead_front_right_d0
3EEA82361BDB8A5A,tag_glass_overhead_front_right_d5
3EEA83361BDB8C0D,tag_glass_overhead_front_right_d4
3EF1A928AC359612,j_firesel
3EF21C6558AD1501,side_jnt
3EFAC1DB1DAA8C8C,j_ring_ri_1
3EFAC2DB1DAA8E3F,j_ring_ri_0
3EFAC3DB1DAA8FF2,j_ring_ri_3
3EFAC4DB1DAA91A5,j_ring_ri_2
3F00A4760940CD61,t10_food_market_hanging_plastic_bags_02_lod0_mesh
3F014EC71AE56324,lighting_track_lights_fixture_full_01_light
3F09E18CB9081B31,j_panel1_screen_down
3F0D529DF8F9C0F9,building_support_wood_beam_03
3F18907C9082CA68,tag_drone_attach_011_d0
3F2230058CDA8DBE,j_perch
3F2A9CC12A45318A,tag_wheel_back_left_spin
3F2C1754EA36986D,uk_house_gutter_pipe_elbow_section_01
3F37A665F0BAA24B,tag_phone_fx
3F3CFA01922977EF,landing_gear_door_right2_jnt
3F445A51D62D5210,j_cosmetci_heavy_bag_03
3F445B51D62D53C3,j_cosmetci_heavy_bag_02
3F445C51D62D5576,j_cosmetci_heavy_bag_01
3F445D51D62D5729,j_cosmetci_heavy_bag_00
3F4C061F3BF69424,tag_glass_bus_left_07_d2
3F4C071F3BF695D7,tag_glass_bus_left_07_d3
3F4C081F3BF6978A,tag_glass_bus_left_07_d0
3F4C091F3BF6993D,tag_glass_bus_left_07_d1
3F5180826C72A841,tag_trailer_door_hinges_right_b_animate
3F61C97DE8CCCBF2,tag_display_base
3F65E3BBB9F47048,j_cosmetic_spinelower_backtip_le_new
3F6C0A4A6B2B185C,j_proc_wristfronttwist1_acc3_le
3F6F1BCD6D466870,l_lipupper2_jnt
3F7DD7EB1F81B7AB,hsb_geo1
3F83EAEB8D6E0BA0,j_fuse_switch
3F8DA1306F95DB11,tag_hat
3F90EB6FDAE53FE5,s4_rus_tea_set_01
3F98200ACA8B133C,j_shades
3F9C8E6CE0E337F1,jup_decor_sm2_gold_coin_pile_01_mesh
3FB003B877E4E7E0,ee_furniture_cabinet_wood_display_01
3FB46ACBBBE30C6E,tag_page_off_4
3FB46CCBBBE30FD4,tag_page_off_2
3FB46DCBBBE31187,tag_page_off_3
3FB46FCBBBE314ED,tag_page_off_1
3FBA035D5FC207C3,j_glider_frame_left
3FBA2E9806CD366B,j_canopy_right_back
3FCAF4E75975A3D8,tag_idler_wheel_left
3FDFC1A105A0BD24,tag_origin_orientconstraint1
3FE7E710C1EF37F7,wires_generic_01_hanging_b_lod0
3FF48C374293869A,j_cosmetic_knifea
3FF53E7B0C13DFF2,ee_furniture_table_pool_cue_holder_set_01
3FF7B75B29FEDD7B,j_intena
3FF7D8F9276352F4,j_cosmetic_svd_pouch_b
3FF7DBF92763580D,j_cosmetic_svd_pouch_a
3FFF3176CE9C8976,lm_shop_shelves_01
4005B3224497C2DD,j_manb_foot_le
4008B4491930949B,j_door_07_big
400CC322449DFCBB,j_manb_foot_ri
4010E956CB325F51,t10_storage_crate_plastic_01_geo
40138AB1D31CA7EF,j_button_right
401447B6AD1C29B5,tag_origin_animate_scripted
4019FE6425CC6EEE,tag_crane_slide_b_animate
402C2DE4CE67AEB6,tag_tail_stabilizer_dst
402F2DA7E6D324EB,j_rec_cap
403358E7DC1F5178,j_strap
403A040E15694A3F,t10_sfh_stairs_wood_worn_8_steps_01_lod0
40400C5A45AFC541,t10_ava_signage_garages_01_back
4044ED7446D8F2B9,j_support_box_top_buckle_right
40557C63DAAA5886,j_tv90s
406053A3FFA77164,light_shade_rigged_72
40693FFDDBA84BCC,down188
406940FDDBA84D7F,down189
406943FDDBA85298,down184
406944FDDBA8544B,down185
406946FDDBA857B1,down187
40694AFDDBA85E7D,down183
406C1ABA77572CE0,j_dor_04
406C1BBA77572E93,j_dor_05
406C1CBA77573046,j_dor_06
406C1DBA775731F9,j_dor_07
406C21BA775738C5,j_dor_03
406C26BA77574144,j_dor_08
406C27BA775742F7,j_dor_09
406C921DE10A5C16,lighting_hanging_modern_restuarant_01_32_geo
406FA2BA775A49CF,j_dor_12
406FA3BA775A4B82,j_dor_11
406FA4BA775A4D35,j_dor_10
407737FDDBB47B90,down148
40773FFDDBB48928,down140
407745FDDBB4935A,down146
407746FDDBB4950D,down147
407A3CFDDBB6B9E6,down159
407A47FDDBB6CC97,down156
407A48FDDBB6CE4A,down155
407A49FDDBB6CFFD,down154
407DC3FDDBB9D522,down168
407DC4FDDBB9D6D5,down169
407DC6FDDBB9DA3B,down167
407DC7FDDBB9DBEE,down164
407DC8FDDBB9DDA1,down165
407DCAFDDBB9E107,down163
407DCBFDDBB9E2BA,down160
407DCCFDDBB9E46D,down161
408BBCC9DFC5B627,ee_cart_stainless_steel_rolling
408EC0FDDBC8433C,down139
40B1CF754ADDDAD7,j_cosmetic_pouch_mag_ar_bungie_b
40B1D0754ADDDC8A,j_cosmetic_pouch_mag_ar_bungie_a
40B5D9D64F3831FA,hanging_lamp_short_lantern_geo
40B692E40BC73667,bottom_low2
40BEFFC738BDA390,j_cosmetic_cowl_rightf
40BF01C738BDA6F6,j_cosmetic_cowl_rightd
40BF02C738BDA8A9,j_cosmetic_cowl_righte
40BF03C738BDAA5C,j_cosmetic_cowl_rightb
40BF04C738BDAC0F,j_cosmetic_cowl_rightc
40BF06C738BDAF75,j_cosmetic_cowl_righta
40C8B5A36FCE996D,j_cosmetic_pistol_pouch
40D6EFC154968CE9,ee_trim_small_roof_128
40D7904FA54DE126,j_dyn_collar_r
40D7AA4FA54E0D54,j_dyn_collar_l
40E30B38F014345B,ee_mansion_int_railing_column_01
40E45387920AAC4E,sat_locust_zm_fishing_house_roof_shingle_single_02_mesh
40E5F7DB5850D788,tag_light_parking_front_right_d1
40E5F8DB5850D93B,tag_light_parking_front_right_d0
40E5FADB5850DCA1,tag_light_parking_front_right_d2
40E8326F65D63507,middle_left_axle
40F3C104C45CCEF0,ar_04_jnt
410FDF7FD5ADBF5D,revolver_07_jnt
41174A73E8820DFD,j_door_09_big
412EB6B5B79B2DE9,buoy_01_set_05_buoy_long_rot_09_jnt
41303ED1908483B8,dummy_knee_dist_ri
41336FCB13A80B7B,tag_cannon_chunk_dst
413D0BE1A1AF3D34,tag_attach_chunk_ramp_dst
414D0F99C5905FF6,j_cosmetic_carabiner1_pin
41597FC496C4A527,clothing_rack_lod0
416CF05ADA0C5155,tag_wheel_eject
4184E7128402260B,j_manc_wrist_le
418DF9ECBC653BB3,un_office_pen_pencil_holder_02
41995811EAEB74C5,tag_engine_le_paddle_ot_animate
41B48AE59E8CADE8,debris_coal_edge_buildup_32_01
41BCBBDEB26AC277,debris_corrugated_panels_metal_flat_white_large
41C3909F579A19EF,j_cosmetic_backpack_zipper_a
41C3919F579A1BA2,j_cosmetic_backpack_zipper_b
41CFE71284421185,j_manc_wrist_ri
41D9CB1BFFB70738,j_tassle
41DD9B56E99E856A,j_flap_proc
41DE7087115E0443,j_belt
41F6566CDF239325,j_ejectortop
41F67C871172AA88,j_beer
41FAA9FF71E6A4A9,furniture_cafe_rail_system_straight_damaged_32
4201D0F2884A0DAD,j_fire_sel
4204BDFF71EF1B2A,furniture_cafe_rail_system_straight_damaged_64
42058583829EC4E9,j_sidelock_4
42058683829EC69C,j_sidelock_3
42058783829EC84F,j_sidelock_2
42058883829ECA02,j_sidelock_1
422929456338ACED,tag_bar_3_left
424A44E01B74E576,tag_attach_chunk_f_dst
424AAD967B546476,j_ttcl_main9
424AAE967B546629,j_ttcl_main8
424AB7967B547574,j_ttcl_main7
424AB8967B547727,j_ttcl_main6
425270BE3DA99A38,j_cosmetic_camelbackrtopstrap
4252CDC5CFF951FE,uk_plaster_brick_pillar_01
4255BA789A9FBFA0,j_proc_neckmask_m
4256833F083FFF79,ee_furniture_chair_metal_folding_legs_02
42593D4CADC97434,wood_stick_jnt
425D7B2245A622B2,t10_food_market_goods_lettuce_01_lod0_mesh
427E6A223FA1FB0C,wheel_front_r_base_jnt
428786CABF93EF28,j_cosmetic_flash_pouch
42925E61AB59FCF0,j_rear_suspension_source
4294B4673B3AD0C3,jup_furniture_barrel_table_01_lod0_jup_furniture_barrel_table_0
42958BFE9F9A9EBE,tool_electric_chisel
42968D358ACDE614,tag_door_interior_02
42A777B8CD1438A3,j_lip_bot_ri_1
42A778B8CD143A56,j_lip_bot_ri_2
42A779B8CD143C09,j_lip_bot_ri_3
42A77AB8CD143DBC,j_lip_bot_ri_4
42AE9984A6AA515A,uk_brick_single_01
42B234A642FCA325,j_cosmetic_hatchet
42B697CF7FBFD808,cyclops_s4_ext_corner_bottom_vent_decor_03_lod0_patch_13
42B7E64F0A5CA61A,j_switch_left
42B8DC6C7047686D,j_bag_mid
42BC65D8003E7FDB,t10_terrain_excavated_cliff_corner_01_mesh
42C59035E33EFE81,j_ghillie_hip_proc_le
42CB3833ED5EF697,lighting_fixtures_security_lamp_01_glass
42D2631EE6F47324,tag_light_front_right_2
42D59CC3B01DAA63,tag_cockpit_glass_front_right
42DB360D836C8848,t10_fence_chainlink_lrg_128_mesh
42DBD961E3EF1EB3,legs_jnt
42DC1E101C9C5035,sat_wall_wood_log_doorframe_01_lod0
42E5B5FBEDC2257F,light_wire_rigged_r_72
42E78835E35BD74F,j_ghillie_hip_proc_ri
42EA101C92B5E318,wires_generic_01_hanging_lod0
42F2EFC9DAE3A172,shotgun_03_fx
42F3FC25DC690B1B,tarp_jnt
42F88C4AB25533F8,tag_rear_right_landing_gear_piston_upper_aim
42FD2E4986C1C628,j_ufo_3
42FD2F4986C1C7DB,j_ufo_2
42FD304986C1C98E,j_ufo_1
42FD354986C1D20D,j_ufo_4
4316FE8F626B98E2,buoy_01_set_05_buoy_long_rot_08_jnt
4320C5B42A5EC5EE,chain_t10_lighting_lamp_metal_hanging_open_01_short_destr
43216C0165B16705,tag_gun_door_left_animate
432BDF6ED37A3153,j_rail_mid
432DF11387E88C79,mil_office_01_shipping_container_casting_01_corner_lod0
4330A75C6E076CE1,sat_column_classical_capital_01_mesh
4333125501FEA60E,flk_crate_01
43395C1DD0CD0147,window_cover_set_bamboo_blinds_damaged_48_white
43451728F026F6CE,j_cosmetic_gps
434A7AA3C3AD0334,tag_flaps_left
434F0228F02F27A4,j_cosmetic_gun
43511AFB9B2710FF,j_bandage_7_r
435130FB9B273661,j_bandage_7_l
436C7FAF5E572343,mayhem_export_cloth_4
436C80AF5E5724F6,mayhem_export_cloth_7
436C81AF5E5726A9,mayhem_export_cloth_6
436C82AF5E57285C,mayhem_export_cloth_1
436C83AF5E572A0F,mayhem_export_cloth_0
436C84AF5E572BC2,mayhem_export_cloth_3
436C85AF5E572D75,mayhem_export_cloth_2
436C8AAF5E5735F4,mayhem_export_cloth_9
436C8BAF5E5737A7,mayhem_export_cloth_8
43742D0AEC956490,tag_door_back_left2
4379B45447E13979,tag_light_top_body
43861554273917E0,floor_wood_splintered_end_stack_06
4397190A12D5FC91,h1_me_armada_satellite_dish_lod0
439E2B5DD5892B08,uk_tool_box_large_01
439E2E5DD5893021,uk_tool_box_large_02
439E305DD5893387,uk_tool_box_large_04
43A3BDED16A0BFCA,hatch_jnt
43AF93E2785689B1,t10_ground_geo_snow_curb_flat_01
43B0EAF034A72718,j_frnt_cloth_simmesh_41
43B0ECF034A72A7E,j_frnt_cloth_simmesh_43
43B0EFF034A72F97,j_frnt_cloth_simmesh_44
43B469F034AA34BC,j_frnt_cloth_simmesh_38
43B56FFB5BA1E7F7,t10_food_market_meats_packaged_02_lod0_mesh
43CBBF44177B6223,j_zmbjaw
43D704F9E7680FAE,chandellier
43D9197016DA3F9C,boot_r_lod0
43DCB83F0BA3D9C5,x1_rcxd_controller_01
43EEE0EE8FFF8107,j_cosmetic_wire_mid_c_jnt
43F1EA6283E71415,j_cosmetic_rope_bundle_ri
43FB834A756C1573,pipe_titan_fitting_02
440245E1C5A075F4,j_axel_back_left_tgt
4413EA628403FA7B,j_cosmetic_rope_bundle_le
441686AD22F97D70,l_04
44168CAD22F987A2,l_02
44168DAD22F98955,l_03
4417B0892C750610,t10_signage_wall_sign_01_lod0
4418517FC5183183,j_knee_le_prop
44226612921A5856,j_cosmetic_spinelower_back_le
4427B9697C66A7DC,j_light_01_on
4427DEB32850B1A2,t10_zmb_bubblegum_ball_prop
442A42BAAEBB2206,uk_kitchen_cabinet_kit_01_btm_corner_a_lod0
443466D043D6BA2E,j_forehead_le_003
4434830ABFF5861B,tag_mainenginerudder_r1_animate
4436303290A6AAF8,tag_wheel_middle_left_spin
44364612922ACB00,j_cosmetic_spinelower_back_ri
443BCF3C269C3D12,tag_conduit_01_intact
4448299A6F1EFE35,geo_0
444F1C26338995E0,j_pizza0
444F1D2633899793,j_pizza1
444F1E2633899946,j_pizza2
444F1F2633899AF9,j_pizza3
444F202633899CAC,j_pizza4
444F212633899E5F,j_pizza5
444F22263389A012,j_pizza6
444F23263389A1C5,j_pizza7
4463DC01B981C3C0,side_door_front1_r_jnt
44681FEAC3844B32,sat_decor_civilian_extinguisher_case_lid
446D408B89B8BE5C,tag_camera_ball_turret
44841EBCC789DB23,j_shaft_front_right_tgt
4487C58DC82927DD,j_mana_knee_le
4488EBDB85C0D964,shotgun_01_fx
448C9000AEDB81D6,ee_trim_wall_large_01_corner_out_45_left
448DDD44EA4EE71D,j_pelvishelper_ri
448ED58DC82F61BB,j_mana_knee_ri
448F7C41EBBF9CAA,j_limb_left
448FD0CEE9E251E5,j_bipod_legright
44C4BB82BDCB5664,sat_manticore_chimney_mansion_01_mesh
44D1889FE868728C,tag_drone_attach_015_d0
44DC1DC8DFCA26EA,j_back_equip_end_le
44E2A1F43DE50960,tag_fx_hand_le
44E5ED44EA997823,j_pelvishelper_le
44F744CDE503ECB1,tag_debris_tail_boom_r
44FA16BF41C53DA2,j_cosmetic_lace_02_le
44FC8D5FB5C5601B,ee_utility_pole_gripper_01_small
450FB4CFE13B9B58,mout_catwalk_railing_stairs_r_02
451FC9F43E18FB76,tag_fx_hand_ri
4526BEC0F486DC84,j_pinky_le_2
4526BFC0F486DE37,j_pinky_le_3
4526C0C0F486DFEA,j_pinky_le_0
4526C1C0F486E19D,j_pinky_le_1
452DE1C030523F0C,j_lid_front_le_1_hide
4534B442A317446A,j_proc_lift_clavicle_le
454B4EE59FA7C47C,j_mouth_add_ri_008
454B4FE59FA7C62F,j_mouth_add_ri_009
454B52E59FA7CB48,j_mouth_add_ri_004
454B53E59FA7CCFB,j_mouth_add_ri_005
454B54E59FA7CEAE,j_mouth_add_ri_006
454B55E59FA7D061,j_mouth_add_ri_007
454B57E59FA7D3C7,j_mouth_add_ri_001
454B59E59FA7D72D,j_mouth_add_ri_003
454BA5B9BE2B0181,dyn_mask
454CE949F68DB867,ee_food_fruit_watermelon_02
454CEA49F68DBA1A,ee_food_fruit_watermelon_01
454ED3E59FAADC52,j_mouth_add_ri_019
454ED4E59FAADE05,j_mouth_add_ri_018
454ED5E59FAADFB8,j_mouth_add_ri_017
454ED6E59FAAE16B,j_mouth_add_ri_016
454ED7E59FAAE31E,j_mouth_add_ri_015
454ED8E59FAAE4D1,j_mouth_add_ri_014
454ED9E59FAAE684,j_mouth_add_ri_013
454EDAE59FAAE837,j_mouth_add_ri_012
454EDBE59FAAE9EA,j_mouth_add_ri_011
454EDCE59FAAEB9D,j_mouth_add_ri_010
455242E59FADCEC6,j_mouth_add_ri_020
4556147927ACE230,tag_screen_6_relays_on
4559E09021209E6A,tag_phy1
455F6C10FEA6622E,j_teabag
455FFEBF421BC80C,j_cosmetic_lace_02_ri
4563CC42A33EDDF4,j_proc_lift_clavicle_ri
4565A19A701187A9,geo30
4565A49A70118CC2,geo35
4567844BF404953E,s4_cyclops_stairsteps_a_mesh1
4568AB8D792AD51C,j_cosmetic_vest_radio
456C249A7016D1F0,geo19
456C259A7016D3A3,geo18
456C2C9A7016DF88,geo11
456C2D9A7016E13B,geo10
456C2E9A7016E2EE,geo13
456C2F9A7016E4A1,geo12
456C309A7016E654,geo15
456C329A7016E9BA,geo17
456C339A7016EB6D,geo16
456FAB9A7019ED2C,geo68
456FB19A7019F75E,geo66
456FB29A7019F911,geo67
456FB39A7019FAC4,geo60
456FB59A7019FE2A,geo62
4573309A701D0502,geo79
4573329A701D0868,geo77
4573359A701D0D81,geo74
4573369A701D0F34,geo73
4576A89A702006C1,geo49
4579A09A70222F00,geo55
4579A29A70223266,geo57
4579A39A70223419,geo56
4579A49A702235CC,geo51
4579AD9A70224517,geo58
457F0E07F5F86FD3,j_box
457F1B07F5F885EA,j_bow
45842F9A702B7682,geo88
4584309A702B7835,geo89
4584319A702B79E8,geo86
4584329A702B7B9B,geo87
4584339A702B7D4E,geo84
4584349A702B7F01,geo85
4584359A702B80B4,geo82
4584369A702B8267,geo83
4584379A702B841A,geo80
45879C9A702E6590,geo91
45879D9A702E6743,geo90
45879E9A702E68F6,geo93
45879F9A702E6AA9,geo92
4587A09A702E6C5C,geo95
4587A19A702E6E0F,geo94
4587A39A702E7175,geo96
4587A49A702E7328,geo99
4587A59A702E74DB,geo98
45A10E07F6155639,j_bat
45A11B07F6156C50,j_bag
45B3C06058200610,joint490
45B3C160582007C3,joint491
45B3C26058200976,joint492
45B3C36058200B29,joint493
45B3C46058200CDC,joint494
45B3C56058200E8F,joint495
45B3C66058201042,joint496
45B3C760582011F5,joint497
45B3C860582013A8,joint498
45B3C9605820155B,joint499
45B4F0353509B5E3,lm_door_glass_metal_frame_wall_01
45B6C36058224100,joint483
45B6C460582242B3,joint482
45B6C56058224466,joint481
45B6C66058224619,joint480
45B6C760582247CC,joint487
45B6C8605822497F,joint486
45B6C96058224B32,joint485
45B6CA6058224CE5,joint484
45B6CD60582251FE,joint489
45B6CE60582253B1,joint488
45BBD205F7CC10B2,spin_jnt
45C16C2B6F0D4361,j_light_02_green
45C92407F636CDAF,j_bun
45CB786970414496,gib_old_cannon_balls_01_lod0
45CE935A966637E9,tag_leg_rr_ankle
45CEC8605836DB60,joint418
45CEC9605836DD13,joint419
45CED0605836E8F8,joint410
45CED1605836EAAB,joint411
45CED2605836EC5E,joint412
45CED3605836EE11,joint413
45CED4605836EFC4,joint414
45CED5605836F177,joint415
45CED6605836F32A,joint416
45CED7605836F4DD,joint417
45D24D605839F336,joint409
45D24E605839F4E9,joint408
45D253605839FD68,joint403
45D254605839FF1B,joint402
45D25560583A00CE,joint401
45D25660583A0281,joint400
45D25760583A0434,joint407
45D25860583A05E7,joint406
45D25960583A079A,joint405
45D25A60583A094D,joint404
45D55460583C34F2,joint438
45D55560583C36A5,joint439
45D55660583C3858,joint436
45D55760583C3A0B,joint437
45D55860583C3BBE,joint434
45D55960583C3D71,joint435
45D55A60583C3F24,joint432
45D55B60583C40D7,joint433
45D55C60583C428A,joint430
45D55D60583C443D,joint431
45D8C160583F2400,joint421
45D8C260583F25B3,joint420
45D8C360583F2766,joint423
45D8C460583F2919,joint422
45D8C560583F2ACC,joint425
45D8C660583F2C7F,joint424
45D8C760583F2E32,joint427
45D8C860583F2FE5,joint426
45D8C960583F3198,joint429
45D8CA60583F334B,joint428
45DC446058423870,joint454
45DC456058423A23,joint455
45DC466058423BD6,joint456
45DC476058423D89,joint457
45DC486058423F3C,joint450
45DC4960584240EF,joint451
45DC4A60584242A2,joint452
45DC4B6058424455,joint453
45DC506058424CD4,joint458
45DC516058424E87,joint459
45DCEA3F4B61A9A7,j_door_03_big
45DFC76058454CE0,joint447
45DFC86058454E93,joint446
45DFC96058455046,joint445
45DFCA60584551F9,joint444
45DFCB60584553AC,joint443
45DFCC605845555F,joint442
45DFCD6058455712,joint441
45DFCE60584558C5,joint440
45DFD560584564AA,joint449
45DFD6605845665D,joint448
45E064680391401A,tag_pistons_base_rear_l_tgt
45E34C60584864B6,joint478
45E34D6058486669,joint479
45E3526058486EE8,joint472
45E353605848709B,joint473
45E354605848724E,joint470
45E3556058487401,joint471
45E35660584875B4,joint476
45E3576058487767,joint477
45E358605848791A,joint474
45E3596058487ACD,joint475
45E65160584AA30C,joint469
45E65260584AA4BF,joint468
45E65560584AA9D8,joint465
45E65660584AAB8B,joint464
45E65760584AAD3E,joint467
45E65860584AAEF1,joint466
45E65960584AB0A4,joint461
45E65A60584AB257,joint460
45E65B60584AB40A,joint463
45E65C60584AB5BD,joint462
45F59881B7BB30E9,sat_decor_coin_gold_pile_lrg_mesh
46006C1ADA04CFCD,tag_body_hatch_b_parts_animate
460282926A2ADFB3,j_hook_main
460681C502CE4EEF,j_cosmetic_ar2_comsradio
460F534511CDBCFB,j_proc_idle_knuckle_le_1
461F4F3054499EC3,gib_brit_qf_5_25_inch_gun_cannon_01_lod0
462798A200F008AA,j_light
4632C34577A08C01,toy_plastic_tricycle_01_tire_1
4639251CED191348,j_lowerelbow_le
463FFD1CED1EEDFE,j_lowerelbow_ri
464C63C0217B3A9C,ee_roof_metal_flat_128x32_dmg
465397185FD6B8CC,j_cosmetic_goggles_01
465683D512371D9A,tag_roof_hatch_rear_animate
465B42B78C41DEF5,j_innercorner_ri_001
4661BAD5C1CBB971,tag_broken
466488EE8F7D46D3,j_fan_front_le
4669245E2AEBC6C0,j_bandage_1
4669265E2AEBCA26,j_bandage_3
4669275E2AEBCBD9,j_bandage_2
4669285E2AEBCD8C,j_bandage_5
4669295E2AEBCF3F,j_bandage_4
46692A5E2AEBD0F2,j_bandage_7
46692B5E2AEBD2A5,j_bandage_6
466E422231036489,s4_usa_furniture_casino_table_blackjack_01_mesh
46745998E4558BCF,j_innercorner_le_001
46788D65E7365398,j_combox
4678B8EE8F8E416D,j_fan_front_ri
46816B4F12EEDCF9,decor_hanged_clothes_01_sweater
46846B6944D8D5AE,tag_light_green_off
4687F19487A62D73,tag_door_front_right_chunk_dst
468AB91E2DA15B4B,ee_gym_weight_metal_dumbbell_stand
468FDD0E27CDC6E5,tag_interior_light_control_amber
46A8C05693251883,irrigation_hose_connector
46AA0E58D746864B,me_old_wooden_table_01
46B91CAEE562926C,tag_glass_bus_right_03_d3
46B91DAEE562941F,tag_glass_bus_right_03_d2
46B91EAEE56295D2,tag_glass_bus_right_03_d1
46B91FAEE5629785,tag_glass_bus_right_03_d0
46B951B916F0946B,j_toeend_le
46BFDFE836C23CDD,square_old_01a
46C07F8C9D16B31E,j_bar_b_rear_right_aim
46C53FAEE73C227D,building_corrugated_metal2x8_simple
46C54EDC894006C0,tag_gas_can
46C56CDC894039BA,tag_gas_cap
46CA3822A0A751B1,tag_tailgate_animate
46CAD44033A1F2FE,j_meteor
46CBFA3D4D58BD25,j_ghillie_11_av2
46D2C633DA91E7CE,j_bangs_4
46D2C833DA91EB34,j_bangs_2
46D2C933DA91ECE7,j_bangs_3
46D2CB33DA91F04D,j_bangs_1
46D37CD7F4334053,t10_storage_service_tank_01_destroyed_mesh
46E3F714624851C9,s4_cyclops_stairsteps_24x16_mesh
46EB14E759FE5F95,ar_03_jnt
46F2C32ED716E40E,jup_mx_furniture_store_cig_display_01_mesh
46F56813337C488C,t10_storage_shelf_metal_02b_mesh
46F93776E51EE4B8,j_door_back
46FC5ABB878B7E8B,j_cabinet_ri_door
46FD057FFAAA4E5F,door_metal_single_hinge_frame_01_right
470351B9172ECCE5,j_toeend_ri
470550BD5FD7B0FC,tag_right_tail_fx
47071DA27DAD54C5,j_lid_front_le_1_show
47087BC76437A2E7,un_wood_construction_barrier_guardrail_64
4711AE226DCD2256,sat_decor_window_modern_blinds_forge_04_mesh
4714392630AFDBBA,tag_top_hull_hatch_left_animate
4721B0EAB73267CB,t10_construction_broken_giant_pipe_01_mesh
472920B83596CBC0,t10_furniture_office_chair_01_base_lod0
472DEE4DBD5D497F,tag_script
473BD9667054C909,j_cosmetic_lsmallbag
475139C80C695197,mesh1
4752BCB37AAF0E8A,j_lid_front_le_3_hide
4757E80234513E71,j_loose_crystal
475B82E6A35F6296,tag_front_left_leg_dst
476A1F3F06B49320,j_queen
4777AFDD61DBB2FE,hay_pile_low_01_grass
477C10BE49B39F5B,j_cosmetic_radioantdend
477F5F634455DBFC,j_tie_1
477F60634455DDAF,j_tie_0
477F61634455DF62,j_tie_3
477F62634455E115,j_tie_2
4780D69D6FA7E69E,cyclops_s4_int_atrium_centerart_chandelier_shard_00_mesh
4780E155E6010CAA,tag_doorgun_player
478226852E834B6B,j_cosmetic_strap_clip
4791AC840BE3C1F8,j_legs_03_lower_leg
47A3DB2E4344F24F,tag_cockpit_glass_rear_right_dmg2
47A3DC2E4344F402,tag_cockpit_glass_rear_right_dmg1
47B49920F7EC8AAD,j_pelt
47E024F60534A0A4,left_wheel
47E94C67B64FF6FB,p7_bottle_glass_liquor_expensive_09_empty
4822FDDA33B60157,j_proc_metaknuckle_le_1
482382245E79A3DC,j_pin_b
482383245E79A58F,j_pin_c
482385245E79A8F5,j_pin_a
4825AD9F48CC0E83,tag_cannard_left
482B20352A8DDFE9,j_cosmetic_plate_carrier
4831E916F5F4F618,j_proc_spinelower_swivel_lift
483FCE17BE87CDF0,jup_decor_plant_peace_lily_01_mesh
485220A097D08D91,building_cable_post_wood_pole_bottom
48524DE28FD634E7,ar_01_fx
4859319D0901335E,j_stiger
48613A8E1472C330,j_chamber
48751DE52E867566,j_pet_head
4884780AA6CE9D47,tag_lift_arm_rear_animate
488C8A82FDE8493D,j_cosmetic_dropleg_a
48A46CFA06415860,jup_decor_plant_succulent_planter_01_mesh
48AB5F69E132F97B,tag_left_prop_back
48B6494C572F4B3E,jup_ranch_wind_mill_02
48BD31CF0378F173,tag_debris_tail_plane
48CD3407B76F8C13,buoy_02_02_rot_jnt
48D41B09A11F75F2,toy_stuffed_animal_giraffe_dmg_01
48DD69CB06E63CC9,tag_tailgate_latch_right
48E1D06CDDCAE69F,j_ring_ri_2_prop
48F1ACD4B5EECDB3,tag_light_two_off_1
48F1ADD4B5EECF66,tag_light_two_off_2
48F1AED4B5EED119,tag_light_two_off_3
48F1AFD4B5EED2CC,tag_light_two_off_4
48F1B0D4B5EED47F,tag_light_two_off_5
48F1B1D4B5EED632,tag_light_two_off_6
48F1B2D4B5EED7E5,tag_light_two_off_7
48F1B3D4B5EED998,tag_light_two_off_8
48F1B4D4B5EEDB4B,tag_light_two_off_9
48F7610B2DFF12E7,tag_pistogrip_attach
48FB281E8C5EFB48,tag_deathfx
48FC9775A48C8B35,roof_asbestos_sheet_64x64_03_2sided
4900900AE5953C59,sat_locust_zm_fishing_house_roof_shingle_single_01_mesh
493774698E109ED0,tag_trailer_ramp_animate
493DD4807282E70C,ee_book_shelf_medium
494EBE94389169D2,tag_stock_show
495160A89ED3E64B,back_shockabsorber_ri
49530538B68684D4,j_suspension_back_aim_right
4959C08E48EFB365,ribbon_01
4960396182F60DFC,lm_decor_parliament_corinthian_column_01_shaft_end
496CED50857F2890,j_cosmetic_camelbackrmidstrapend
496DEB9D37B95F7F,tag_rudder_base_right
496E5D6A62DC63F7,headset_lft_jnt
496F42A0F306816E,j_magrelease
497F831F741D4CA7,jup_urz_sign_elite_estate_01_mesh
4988162BD021CCB4,j_cosmetic_camelbackrropestrapbend
498D7837D888C870,j_panel2_screen_close
499B8E1F378F0811,roof_asbestos_sheet_32x64_02_2sided
49A7C4D98567D9BF,p7_rebar_single_11_lod0
49A8036C73B7252E,j_bag_lid
49CEC34A3BCD6D23,screen_arm_jnt
49D3F536F214B32C,sat_vista_carrier_mast_01_mesh
49D5EB295187B1C9,light_c
49D837A5BA58EE6C,uk_tool_car_floor_jack_01
49D83AA5BA58F385,uk_tool_car_floor_jack_02
49E34700E6D29610,j_cosmetic_vest
49EDEF1BA66B67DC,lm_window_frame_metal_03_a_glass
49F1080000EC473B,j_safetylock
49F5F8580FBAE128,s4_afr_wooden_table_01_mesh
49FD69FB340C10A0,j_r_handle_strap6
49FD6AFB340C1253,j_r_handle_strap7
49FD6BFB340C1406,j_r_handle_strap4
49FD6CFB340C15B9,j_r_handle_strap5
49FD6DFB340C176C,j_r_handle_strap2
49FD6EFB340C191F,j_r_handle_strap3
49FD70FB340C1C85,j_r_handle_strap1
4A0E093FCE25046F,j_fort_01
4A15E81B5C1918B3,machinery_generator_trailer_01_base_lg_geo
4A1B45446E406559,j_suspensionspring_right_aim
4A1D079CE87BDA0E,j_stone_13_le
4A4950E2DE965C57,tag_mine_debris
4A4DC59C3035DAF3,machinery_ac_unit_condenser_01
4A4F078514B10404,ee_furniture_table_wood_furniture_coffee_part1
4A5778442BAE2A56,st_floor_center_reception_desk_mesh76
4A5F2060DAAB842F,construction_doors_wood_single_a_01_green
4A6099D7F7B8C7C8,ee_trim_large_roof_8
4A66A42E1C9D5561,j_boot_mid_ri
4A708FD6351C8320,j_screen_middle_05
4A7090D6351C84D3,j_screen_middle_04
4A7093D6351C89EC,j_screen_middle_01
4A7095D6351C8D52,j_screen_middle_03
4A7096D6351C8F05,j_screen_middle_02
4A71E86BA860215F,tag_pedal_r_rot
4A73B6220C1063F4,jup_sign_commercial_logo_burgertown_name_02_mesh
4A7411C586C330F2,furniture_school_desk_01_lid
4A7FCB23E140453C,tag_ramp_cover_animate
4A8A6DC0C228DEAC,tag_fx_armor_chest_ri
4A8CEA5F89EA3479,uk_kitchen_cabinet_kit_01_door_top_32_r1
4A9060BBB7C05A91,j_ub_mag
4A9328D5014BB1CC,j_thumb_le_1_prop
4A9640B84E58C642,j_scythe
4AA48C2E1CD28DB7,j_boot_mid_le
4AAECC7289E6AD9F,j_steeringshaft_front_left_aim
4AB23DD21771575E,j_cosmetic_knife_long
4AB3B58F4679400A,j_main_light_side_on
4AC9F65F8A1DF6FB,uk_kitchen_cabinet_kit_01_door_top_32_l1
4ACA0D924D599733,j_skirt_le_end
4ADDDB7DE027648A,j_ub_trigger
4AE26F8282AA66D6,j_belly
4AF3427A95EC8205,j_cosmetic_camelbacklmidstrap
4AFDCF65F9EBE19D,accessory_old_hanging_buoy_01_tail_01
4B0382A7017FED02,t10_signage_seafood_market_05_destr_signage
4B06BEE93DAE31A4,j_spring_ik_ri_1
4B0AB299140BDA41,tag_brushguard_animate
4B123355E5AF7EAA,j_cosmetic_wire_tip_a_jnt
4B2036DC4A071192,j_bolt_rel_pivot
4B49F746AF7D5653,j_mover
4B657D43145CA6F8,j_skull_ik_1
4B6FBEADF6984E06,j_proc_groinprotector
4B792EE880EE868B,pipe_aim_pos_loc
4B83AC71EF50BC79,j_crown
4B8503FFD8F7B57E,j_ejectioncover
4B87F2FF87E5A030,tag_light_one_on_2
4B87F3FF87E5A1E3,tag_light_one_on_3
4B87F4FF87E5A396,tag_light_one_on_0
4B87F5FF87E5A549,tag_light_one_on_1
4B87F6FF87E5A6FC,tag_light_one_on_6
4B87F7FF87E5A8AF,tag_light_one_on_7
4B87F8FF87E5AA62,tag_light_one_on_4
4B87F9FF87E5AC15,tag_light_one_on_5
4B87FCFF87E5B12E,tag_light_one_on_8
4B87FDFF87E5B2E1,tag_light_one_on_9
4B88D6C93492DDA5,dial_02_jnt
4B924370B5AA725A,t10_sabotage_debris_rappel_skylight_window_broken_hole_snow
4B958BB8AC61DB8A,tag_shield_up_fx
4BA716B561D675B7,cord_receiver
4BA7F017E26232FD,j_pipe_2_ri
4BB10E0C1BD736E7,door_wood_single_green_rl
4BB3DF341AC6FB2B,receptacle
4BBEF3AFEB336EB6,j_binder
4BC987C4C0D64CC9,wire_ri_jnt_07
4BD47335CBF60958,jup_lighting_berlin_hanging_light_large_01_mesh
4BDB1FB3A742A0BC,j_ub_chamber
4BDB97AF66B48B21,j_mag_pusher
4BDC5490D91D6FC2,building_corrugated_metal2x8
4BDC5890D91D768E,building_corrugated_metal2x4
4BF9249F1619D5DA,t10_furniture_market_counter_d_corner_no_top_mesh
4BFB0C07A271C82A,sat_pillar_ht_skyscraper_int_column_01_lod0
4BFFEE10FF8892BD,tag_origin_basket
4C010017E2AE7703,j_pipe_2_le
4C03F4E932D07630,j_upper_brow_ri_008
4C0400E932D08A94,j_upper_brow_ri_004
4C077FE932D39838,j_upper_brow_ri_013
4C0780E932D399EB,j_upper_brow_ri_012
4C0781E932D39B9E,j_upper_brow_ri_011
4C0782E932D39D51,j_upper_brow_ri_010
4C0784E932D3A0B7,j_upper_brow_ri_016
4C0785E932D3A26A,j_upper_brow_ri_015
4C0786E932D3A41D,j_upper_brow_ri_014
4C0DA09B58F5488C,mx_lighting_pool_table_fixture_01_b
4C0E4F966C6F2654,j_strap_le_3
4C0E50966C6F2807,j_strap_le_2
4C0E51966C6F29BA,j_strap_le_1
4C0E848512B4B208,pole_jnt
4C19369AEBDF9287,track_512
4C1F0D34B230C26E,j_proc_hiptwist_mid
4C1F1D12A9D507C5,t10_ava_door_handle_yacht_hatch_door_01_mesh
4C21811E1EEFECA3,tag_beam
4C282C7F12CB0489,j_sling_clampring
4C2B2A6625BDD18E,tag_engine_prop
4C2E9D6A7AA71FE3,j_scarf
4C2E9E6A7AA72196,j_scare
4C32196AAA2AF332,j_joint
4C33A516352C4E3D,j_clamp_back_dnri
4C34052CBD59820A,object040
4C34062CBD5983BD,object041
4C34F52125DAEA70,ee_mansion_int_staircase_8x12_02
4C36980ED9BC0752,tag_origin_part_heel_plate_left
4C3AEE2CBD5F79A3,object025
4C3AF02CBD5F7D09,object027
4C3AF12CBD5F7EBC,object020
4C41FE2CBD65B381,object001
4C42002CBD65B6E7,object007
4C42022CBD65BA4D,object005
4C45022CBD67F024,object011
4C48022F54C5D9DE,j_squint_ri_1
4C4A4C0652A64BCB,aset_nature_rock_l_vecsch2qx_lod0
4C5CF8966CB266D0,j_strap_left
4C63393C1F63537D,uk_house_handrails_128
4C6DDACF97B2BFC5,dish_bracket_bot_01_jnt
4C78F1815B95DC84,j_legextra_le_end
4C8BB5163576DF43,j_clamp_back_dnle
4C8E9F2D6A99C618,tag_cartridge_holder
4C91E491B9B3434A,patio_umbrella_open_01
4C9612D5D9F3BA5C,buoy_01_set_02_buoy_long_rot_03_jnt
4CB044359A0347FA,j_selector_02
4CB147703FDED894,top_rotor_jnt
4CC42A05A3308A28,dartboard
4CC79CB6F50E577D,j_zb_7_root
4CCCD61F075D05A8,dyn_mug
4CDF70D23FF3672C,tag_light_emergency_red_03_d1
4CDF71D23FF368DF,tag_light_emergency_red_03_d0
4CE12AECD61DC024,rock_cliff_test_02_final_geo
4CF410E991B0E705,tag_wheel_back_right_follower
4CF7413819F79907,tag_boom_shock_upper_aim
4CF8205940BA396C,tag_disabled
4CFECA2FE9B9E3B3,j_cosmetic_scarf
4D029B251144E5A8,j_proc_deltoid_ri
4D0C72DABF62F103,j_mudflaps_ri_02
4D0C73DABF62F2B6,j_mudflaps_ri_01
4D0DAEA328516F23,tag_front
4D248B251161B0DE,j_proc_deltoid_le
4D2A4405A8464E60,mayhem_export_cloth_1040
4D2A4505A8465013,mayhem_export_cloth_1041
4D2A4605A84651C6,mayhem_export_cloth_1042
4D2A4705A8465379,mayhem_export_cloth_1043
4D2A4805A846552C,mayhem_export_cloth_1044
4D2A4905A84656DF,mayhem_export_cloth_1045
4D2A4A05A8465892,mayhem_export_cloth_1046
4D2A4B05A8465A45,mayhem_export_cloth_1047
4D2A4C05A8465BF8,mayhem_export_cloth_1048
4D2A4D05A8465DAB,mayhem_export_cloth_1049
4D2A53A0C702B605,tag_turret_fx
4D2DC705A84962D0,mayhem_export_cloth_1053
4D2DC805A8496483,mayhem_export_cloth_1052
4D2DC905A8496636,mayhem_export_cloth_1051
4D2DCA05A84967E9,mayhem_export_cloth_1050
4D2DCB05A849699C,mayhem_export_cloth_1057
4D2DCC05A8496B4F,mayhem_export_cloth_1056
4D2DCD05A8496D02,mayhem_export_cloth_1055
4D2DD105A84973CE,mayhem_export_cloth_1059
4D2DD205A8497581,mayhem_export_cloth_1058
4D2F9E677D9D7674,j_radio1
4D30CA05A84B9DC0,mayhem_export_cloth_1066
4D30CB05A84B9F73,mayhem_export_cloth_1067
4D30CC05A84BA126,mayhem_export_cloth_1064
4D30CD05A84BA2D9,mayhem_export_cloth_1065
4D30CE05A84BA48C,mayhem_export_cloth_1062
4D30CF05A84BA63F,mayhem_export_cloth_1063
4D30D005A84BA7F2,mayhem_export_cloth_1060
4D30D105A84BA9A5,mayhem_export_cloth_1061
4D30D805A84BB58A,mayhem_export_cloth_1068
4D30D905A84BB73D,mayhem_export_cloth_1069
4D344D05A84EB230,mayhem_export_cloth_1079
4D344E05A84EB3E3,mayhem_export_cloth_1078
4D345505A84EBFC8,mayhem_export_cloth_1071
4D345605A84EC17B,mayhem_export_cloth_1070
4D345705A84EC32E,mayhem_export_cloth_1073
4D345805A84EC4E1,mayhem_export_cloth_1072
4D345905A84EC694,mayhem_export_cloth_1075
4D345A05A84EC847,mayhem_export_cloth_1074
4D345B05A84EC9FA,mayhem_export_cloth_1077
4D345C05A84ECBAD,mayhem_export_cloth_1076
4D37D405A851CD6C,mayhem_export_cloth_1008
4D37D505A851CF1F,mayhem_export_cloth_1009
4D37D805A851D438,mayhem_export_cloth_1004
4D37D905A851D5EB,mayhem_export_cloth_1005
4D37DA05A851D79E,mayhem_export_cloth_1006
4D37DC05A851DB04,mayhem_export_cloth_1000
4D37DD05A851DCB7,mayhem_export_cloth_1001
4D37DE05A851DE6A,mayhem_export_cloth_1002
4D37DF05A851E01D,mayhem_export_cloth_1003
4D3B5905A854E542,mayhem_export_cloth_1019
4D3B5B05A854E8A8,mayhem_export_cloth_1017
4D3B5C05A854EA5B,mayhem_export_cloth_1016
4D3B5D05A854EC0E,mayhem_export_cloth_1015
4D3B5E05A854EDC1,mayhem_export_cloth_1014
4D3B5F05A854EF74,mayhem_export_cloth_1013
4D3B6005A854F127,mayhem_export_cloth_1012
4D3B6105A854F2DA,mayhem_export_cloth_1011
4D3B6205A854F48D,mayhem_export_cloth_1010
4D3EC605A857D450,mayhem_export_cloth_1022
4D3EC905A857D969,mayhem_export_cloth_1021
4D3ECA05A857DB1C,mayhem_export_cloth_1026
4D3ECB05A857DCCF,mayhem_export_cloth_1027
4D3ECC05A857DE82,mayhem_export_cloth_1024
4D3ECD05A857E035,mayhem_export_cloth_1025
4D3ED005A857E54E,mayhem_export_cloth_1028
4D3ED105A857E701,mayhem_export_cloth_1029
4D41C905A85A0F40,mayhem_export_cloth_1035
4D41CA05A85A10F3,mayhem_export_cloth_1034
4D41CB05A85A12A6,mayhem_export_cloth_1037
4D41CC05A85A1459,mayhem_export_cloth_1036
4D41CD05A85A160C,mayhem_export_cloth_1031
4D41CE05A85A17BF,mayhem_export_cloth_1030
4D41CF05A85A1972,mayhem_export_cloth_1033
4D41D005A85A1B25,mayhem_export_cloth_1032
4D41D505A85A23A4,mayhem_export_cloth_1039
4D41D605A85A2557,mayhem_export_cloth_1038
4D46C04E4C4BD534,un_satellite_dish_02
4D52C805A86880C0,mayhem_export_cloth_1084
4D52C905A8688273,mayhem_export_cloth_1085
4D52CA05A8688426,mayhem_export_cloth_1086
4D52CB05A86885D9,mayhem_export_cloth_1087
4D52CC05A868878C,mayhem_export_cloth_1080
4D52CD05A868893F,mayhem_export_cloth_1081
4D52CE05A8688AF2,mayhem_export_cloth_1082
4D52CF05A8688CA5,mayhem_export_cloth_1083
4D52D405A8689524,mayhem_export_cloth_1088
4D52D505A86896D7,mayhem_export_cloth_1089
4D564B05A86B9530,mayhem_export_cloth_1097
4D564C05A86B96E3,mayhem_export_cloth_1096
4D564D05A86B9896,mayhem_export_cloth_1095
4D564E05A86B9A49,mayhem_export_cloth_1094
4D564F05A86B9BFC,mayhem_export_cloth_1093
4D565005A86B9DAF,mayhem_export_cloth_1092
4D565105A86B9F62,mayhem_export_cloth_1091
4D565205A86BA115,mayhem_export_cloth_1090
4D565905A86BACFA,mayhem_export_cloth_1099
4D565A05A86BAEAD,mayhem_export_cloth_1098
4D69B24809750D36,building_hanging_tarps_04_white
4D69E2BA00A992C4,jo_s4_rus_tea_pot
4D6B0E46F407448E,j_cloth_simmesh_8_end
4D756DAF0858C170,j_chainhpin
4D77898E0B280807,j_ghillie_wristfronttwist1_le
4D80F4E0B1C3D1CA,j_light_on
4D8DC33E3535AAAB,tag_turret1_mount_hydraulic_aim
4D8E24F356CAC379,front_wheel_door_l_jnt
4D9617099D39B333,building_elevator_shaft_support_rail_8
4DA7618E0B50E7D1,j_ghillie_wristfronttwist1_ri
4DA8860B3823E78B,j_spear
4DAE74FF8F815F32,tag_left_tail_wing
4DB63A5E0B5033B7,tag_drone_attach_009_d0
4DB7705B02FBE23D,j_ring_le_2_prop
4DBBE959699DD6CA,joint_console_a_green_light_on
4DC336DF777A7F3A,tag_hatch
4DC884CACB6B4CEB,j_mana_hip_le
4DD6DD9A9389A5C3,j_cosmetic_zippouch_02
4DD6DE9A9389A776,j_cosmetic_zippouch_01
4DDBA97E6323BCC4,tag_boom_arm_lower
4DFF25B5A1149B6C,tag_armor_08
4DFF26B5A1149D1F,tag_armor_09
4DFF29B5A114A238,tag_armor_04
4DFF2AB5A114A3EB,tag_armor_05
4DFF2BB5A114A59E,tag_armor_06
4DFF2CB5A114A751,tag_armor_07
4DFF2EB5A114AAB7,tag_armor_01
4DFF2FB5A114AC6A,tag_armor_02
4DFF30B5A114AE1D,tag_armor_03
4E02AAB5A117B342,tag_armor_19
4E02ABB5A117B4F5,tag_armor_18
4E02ACB5A117B6A8,tag_armor_17
4E02ADB5A117B85B,tag_armor_16
4E02AEB5A117BA0E,tag_armor_15
4E02AFB5A117BBC1,tag_armor_14
4E02B0B5A117BD74,tag_armor_13
4E02B1B5A117BF27,tag_armor_12
4E02B2B5A117C0DA,tag_armor_11
4E02B3B5A117C28D,tag_armor_10
4E0637FBA1CC2D46,j_bandage_6_l
4E0651FBA1CC5974,j_bandage_6_r
4E0A858220F2A390,back2
4E1284CACBA98565,j_mana_hip_ri
4E195ECC121E04AD,r_ear0_jnt
4E26182BAB4725CB,j_center
4E29AB3EE67862F8,tag_tail_chunk
4E39EE0FF20FBD3E,tag_leg_fl_flatten
4E3C81BC5CD82694,tag_turret_sensor_pitch_animate
4E4166681E793ED4,tag_chain1
4E4169681E7943ED,tag_chain2
4E4B6FBB7B96B539,t10_machinery_research_pod_support_01_camera_01_lod0
4E4C3B6051A3C0E7,j_cosmetic_cuffs_a
4E4C3C6051A3C29A,j_cosmetic_cuffs_b
4E4D29AEDC446851,equipment_ac_unit_wall_mount_02
4E4E7ED1CCEF6EC2,tag_elevon_le_mid
4E51896A46B491C0,j_nasolabial_le_1
4E518B6A46B49526,j_nasolabial_le_3
4E518C6A46B496D9,j_nasolabial_le_2
4E518D6A46B4988C,j_nasolabial_le_5
4E518E6A46B49A3F,j_nasolabial_le_4
4E518F6A46B49BF2,j_nasolabial_le_7
4E51906A46B49DA5,j_nasolabial_le_6
4E51926A46B4A10B,j_nasolabial_le_8
4E5626E9A0E6A33D,tag_attach_chunk_c_dst
4E56EE42CFDFDE3C,t10_ava_signage_clothing_sign_03_board_bottom
4E5C7BC36A78C14F,rail_80_new
4E604A517FF50C1B,building_door_wood_worn_out_01_lod0_part1
4E604B517FF50DCE,building_door_wood_worn_out_01_lod0_part2
4E628CBDAE184157,j_ankle_le_prop
4E63598B10E91013,j_rag01
4E635A8B10E911C6,j_rag02
4E635B8B10E91379,j_rag03
4E6FE44F744DB876,j_handle_top_le
4E7BF49B9F6F5C24,tag_keyboard_light_red_01
4E7BF79B9F6F613D,tag_keyboard_light_red_02
4E7D7B946D21DD62,uk_brick_wall_trim_03_64
4E849EC01763D723,j_cosmetic_smoke_a
4E849FC01763D8D6,j_cosmetic_smoke_b
4E84C44F745FDE20,j_handle_top_ri
4E92D2F704DC6CC2,j_forend
4EAEB64E8C1B84F2,j_projectile_04_base
4EB6F6ED58F240ED,debris_coal_rocks_01
4EB92D6BBFCBF4A0,mayhem_export_cloth_320
4EB92E6BBFCBF653,mayhem_export_cloth_321
4EB92F6BBFCBF806,mayhem_export_cloth_322
4EB9316BBFCBFB6C,mayhem_export_cloth_324
4EB9326BBFCBFD1F,mayhem_export_cloth_325
4EB9336BBFCBFED2,mayhem_export_cloth_326
4EB9346BBFCC0085,mayhem_export_cloth_327
4EB9356BBFCC0238,mayhem_export_cloth_328
4EB9366BBFCC03EB,mayhem_export_cloth_329
4EBCB06BBFCF0910,mayhem_export_cloth_333
4EBCB16BBFCF0AC3,mayhem_export_cloth_332
4EBCB26BBFCF0C76,mayhem_export_cloth_331
4EBCB36BBFCF0E29,mayhem_export_cloth_330
4EBCB46BBFCF0FDC,mayhem_export_cloth_337
4EBCB56BBFCF118F,mayhem_export_cloth_336
4EBCB66BBFCF1342,mayhem_export_cloth_335
4EBCB76BBFCF14F5,mayhem_export_cloth_334
4EBCBA6BBFCF1A0E,mayhem_export_cloth_339
4EBCBB6BBFCF1BC1,mayhem_export_cloth_338
4EBFB36BBFD14400,mayhem_export_cloth_306
4EBFB46BBFD145B3,mayhem_export_cloth_307
4EBFB56BBFD14766,mayhem_export_cloth_304
4EBFB66BBFD14919,mayhem_export_cloth_305
4EBFB76BBFD14ACC,mayhem_export_cloth_302
4EBFB86BBFD14C7F,mayhem_export_cloth_303
4EBFB96BBFD14E32,mayhem_export_cloth_300
4EBFBA6BBFD14FE5,mayhem_export_cloth_301
4EBFC16BBFD15BCA,mayhem_export_cloth_308
4EBFC26BBFD15D7D,mayhem_export_cloth_309
4EC3366BBFD45870,mayhem_export_cloth_319
4EC3376BBFD45A23,mayhem_export_cloth_318
4EC33E6BBFD46608,mayhem_export_cloth_311
4EC33F6BBFD467BB,mayhem_export_cloth_310
4EC3406BBFD4696E,mayhem_export_cloth_313
4EC3416BBFD46B21,mayhem_export_cloth_312
4EC3426BBFD46CD4,mayhem_export_cloth_315
4EC3436BBFD46E87,mayhem_export_cloth_314
4EC3446BBFD4703A,mayhem_export_cloth_317
4EC3456BBFD471ED,mayhem_export_cloth_316
4EC44FE0B2D6F934,j_light_01
4EC451E0B2D6FC9A,j_light_03
4EC452E0B2D6FE4D,j_light_02
4EC68FB4DFC4EF97,tag_engine_ri_door_ot_animate
4EC6BD6BBFD773AC,mayhem_export_cloth_368
4EC6BE6BBFD7755F,mayhem_export_cloth_369
4EC6C16BBFD77A78,mayhem_export_cloth_364
4EC6C26BBFD77C2B,mayhem_export_cloth_365
4EC6C36BBFD77DDE,mayhem_export_cloth_366
4EC6C46BBFD77F91,mayhem_export_cloth_367
4EC6C56BBFD78144,mayhem_export_cloth_360
4EC6C66BBFD782F7,mayhem_export_cloth_361
4EC6C76BBFD784AA,mayhem_export_cloth_362
4EC6C86BBFD7865D,mayhem_export_cloth_363
4EC98074C9F1583E,tag_fx_top
4EC9EC0F0CD8993F,j_cloth_simmesh_14_end
4ECA426BBFDA8B82,mayhem_export_cloth_379
4ECA436BBFDA8D35,mayhem_export_cloth_378
4ECA446BBFDA8EE8,mayhem_export_cloth_377
4ECA456BBFDA909B,mayhem_export_cloth_376
4ECA466BBFDA924E,mayhem_export_cloth_375
4ECA476BBFDA9401,mayhem_export_cloth_374
4ECA486BBFDA95B4,mayhem_export_cloth_373
4ECA496BBFDA9767,mayhem_export_cloth_372
4ECA4A6BBFDA991A,mayhem_export_cloth_371
4ECA4B6BBFDA9ACD,mayhem_export_cloth_370
4ECCF9605D669C4C,joint388
4ECCFA605D669DFF,joint389
4ECCFD605D66A318,joint384
4ECCFE605D66A4CB,joint385
4ECCFF605D66A67E,joint386
4ECD00605D66A831,joint387
4ECD01605D66A9E4,joint380
4ECD02605D66AB97,joint381
4ECD03605D66AD4A,joint382
4ECD04605D66AEFD,joint383
4ECDAF6BBFDD7A90,mayhem_export_cloth_342
4ECDB06BBFDD7C43,mayhem_export_cloth_343
4ECDB16BBFDD7DF6,mayhem_export_cloth_340
4ECDB26BBFDD7FA9,mayhem_export_cloth_341
4ECDB36BBFDD815C,mayhem_export_cloth_346
4ECDB46BBFDD830F,mayhem_export_cloth_347
4ECDB56BBFDD84C2,mayhem_export_cloth_344
4ECDB96BBFDD8B8E,mayhem_export_cloth_348
4ECDBA6BBFDD8D41,mayhem_export_cloth_349
4ED07E605D69B422,joint399
4ED07F605D69B5D5,joint398
4ED080605D69B788,joint397
4ED081605D69B93B,joint396
4ED082605D69BAEE,joint395
4ED083605D69BCA1,joint394
4ED084605D69BE54,joint393
4ED085605D69C007,joint392
4ED086605D69C1BA,joint391
4ED087605D69C36D,joint390
4ED0B26BBFDFB580,mayhem_export_cloth_355
4ED0B36BBFDFB733,mayhem_export_cloth_354
4ED0B46BBFDFB8E6,mayhem_export_cloth_357
4ED0B56BBFDFBA99,mayhem_export_cloth_356
4ED0B66BBFDFBC4C,mayhem_export_cloth_351
4ED0B76BBFDFBDFF,mayhem_export_cloth_350
4ED0B86BBFDFBFB2,mayhem_export_cloth_353
4ED0B96BBFDFC165,mayhem_export_cloth_352
4ED0BE6BBFDFC9E4,mayhem_export_cloth_359
4ED0BF6BBFDFCB97,mayhem_export_cloth_358
4EDAF1605D72CC10,joint348
4EDAF2605D72CDC3,joint349
4EDAF9605D72D9A8,joint340
4EDAFA605D72DB5B,joint341
4EDAFB605D72DD0E,joint342
4EDAFC605D72DEC1,joint343
4EDAFD605D72E074,joint344
4EDAFE605D72E227,joint345
4EDAFF605D72E3DA,joint346
4EDB00605D72E58D,joint347
4EDB416BBFE8FD02,mayhem_export_cloth_388
4EDB426BBFE8FEB5,mayhem_export_cloth_389
4EDB436BBFE90068,mayhem_export_cloth_386
4EDB446BBFE9021B,mayhem_export_cloth_387
4EDB456BBFE903CE,mayhem_export_cloth_384
4EDB466BBFE90581,mayhem_export_cloth_385
4EDB476BBFE90734,mayhem_export_cloth_382
4EDB496BBFE90A9A,mayhem_export_cloth_380
4EDB4A6BBFE90C4D,mayhem_export_cloth_381
4EDDF6605D750A66,joint359
4EDDF7605D750C19,joint358
4EDDFC605D751498,joint353
4EDDFD605D75164B,joint352
4EDDFE605D7517FE,joint351
4EDDFF605D7519B1,joint350
4EDE00605D751B64,joint357
4EDE01605D751D17,joint356
4EDE02605D751ECA,joint355
4EDE03605D75207D,joint354
4EDEAE6BBFEBEC10,mayhem_export_cloth_391
4EDEAF6BBFEBEDC3,mayhem_export_cloth_390
4EDEB06BBFEBEF76,mayhem_export_cloth_393
4EDEB26BBFEBF2DC,mayhem_export_cloth_395
4EDEB36BBFEBF48F,mayhem_export_cloth_394
4EDEB46BBFEBF642,mayhem_export_cloth_397
4EDEB56BBFEBF7F5,mayhem_export_cloth_396
4EDEB66BBFEBF9A8,mayhem_export_cloth_399
4EDEB76BBFEBFB5B,mayhem_export_cloth_398
4EE17D605D7825A2,joint368
4EE17E605D782755,joint369
4EE17F605D782908,joint366
4EE180605D782ABB,joint367
4EE181605D782C6E,joint364
4EE182605D782E21,joint365
4EE183605D782FD4,joint362
4EE184605D783187,joint363
4EE185605D78333A,joint360
4EE186605D7834ED,joint361
4EE4EA605D7B14B0,joint371
4EE4EB605D7B1663,joint370
4EE4EC605D7B1816,joint373
4EE4ED605D7B19C9,joint372
4EE4EE605D7B1B7C,joint375
4EE4EF605D7B1D2F,joint374
4EE4F0605D7B1EE2,joint377
4EE4F1605D7B2095,joint376
4EE4F2605D7B2248,joint379
4EE4F3605D7B23FB,joint378
4EE74EBABDC89D7B,wheel_front_jnt
4EE86D605D7E2920,joint304
4EE86E605D7E2AD3,joint305
4EE86F605D7E2C86,joint306
4EE870605D7E2E39,joint307
4EE871605D7E2FEC,joint300
4EE872605D7E319F,joint301
4EE873605D7E3352,joint302
4EE874605D7E3505,joint303
4EE879605D7E3D84,joint308
4EE87A605D7E3F37,joint309
4EEBF0605D813D90,joint317
4EEBF1605D813F43,joint316
4EEBF2605D8140F6,joint315
4EEBF3605D8142A9,joint314
4EEBF4605D81445C,joint313
4EEBF5605D81460F,joint312
4EEBF6605D8147C2,joint311
4EEBF7605D814975,joint310
4EEBFE605D81555A,joint319
4EEBFF605D81570D,joint318
4EEEF5605D837BE6,joint328
4EEEF6605D837D99,joint329
4EEEFB605D838618,joint322
4EEEFC605D8387CB,joint323
4EEEFD605D83897E,joint320
4EEEFE605D838B31,joint321
4EEEFF605D838CE4,joint326
4EEF00605D838E97,joint327
4EEF01605D83904A,joint324
4EEF02605D8391FD,joint325
4EF27A605D8693BC,joint339
4EF27B605D86956F,joint338
4EF27E605D869A88,joint335
4EF27F605D869C3B,joint334
4EF280605D869DEE,joint337
4EF281605D869FA1,joint336
4EF282605D86A154,joint331
4EF283605D86A307,joint330
4EF284605D86A4BA,joint333
4EF285605D86A66D,joint332
4EF66E3AE30FAB51,j_piston_rear_right_aim
4F0A3A3626B1BBD0,j_interior_hand_ring3_end
4F10492842CB5E5D,j_ghillie_proc_rot_clavicle_le
4F131E894587A821,bridge_structure_angleclips_01_1
4F16A2EFF8D8E5C9,j_projectile_03_base
4F17592842D1983B,j_ghillie_proc_rot_clavicle_ri
4F3B1194B114C57B,j_shock_02_rod_front_left_tgt
4F3BDAE1FA7CD6A4,j_eyelash_bot_le_2
4F3BDDE1FA7CDBBD,j_eyelash_bot_le_1
4F3EA427BC1AD4AD,ee_sign_plastic_floor_janitor_hinge_back
4F432A8BB463964B,leg_01
4F432B8BB46397FE,leg_02
4F432C8BB46399B1,leg_03
4F5A5F1DFA4A9D1B,j_drill_2_arm
4F7BE770E8A0F51D,j_hip_middle_le
4F7EB2FF1ED50B2D,folder_lp5_flap
4F81F770E8A57BFB,j_hip_middle_ri
4F8C3548C80F4240,wire_hanging_01_vertical_01
4FA6A242CADFB203,buoy_jnt
4FAE31F6FD88C123,tag_police_light_attach
4FB041D22B1F4313,tag_fractured_screen_01
4FB042D22B1F44C6,tag_fractured_screen_02
4FB043D22B1F4679,tag_fractured_screen_03
4FB044D22B1F482C,tag_fractured_screen_04
4FB045D22B1F49DF,tag_fractured_screen_05
4FB046D22B1F4B92,tag_fractured_screen_06
4FB047D22B1F4D45,tag_fractured_screen_07
4FB048D22B1F4EF8,tag_fractured_screen_08
4FB049D22B1F50AB,tag_fractured_screen_09
4FB3C6D22B225AE9,tag_fractured_screen_10
4FCD1B9013E482A6,floor_wood_plank_splintered_end_03_burned
4FCEA5D7F3308D07,j_towel_upflap1_le
4FD0090114D971B6,tag_guy5
4FD00A0114D97369,tag_guy4
4FD00B0114D9751C,tag_guy3
4FD00C0114D976CF,tag_guy2
4FD00D0114D97882,tag_guy1
4FD00E0114D97A35,tag_guy0
4FD0150114D9861A,tag_guy9
4FDBA0680EB7072B,j_door_rearl
4FDBAE680EB71EF5,j_door_rearr
4FE03D948B7932BC,j_flag_dyn_mid_2
4FE03E948B79346F,j_flag_dyn_mid_3
4FE040948B7937D5,j_flag_dyn_mid_1
4FED7255636C471D,p7_zm_ctl_light_lamp_vintage_01
4FEEDCC41425FFFD,tag_intakefanr
4FEEDEC414260363,tag_intakefanl
4FF2581B3E79B493,tag_playerride
4FF5A82E1C2C0EE8,j_bar_a_rear_left_aim
4FF6A5C138F5BD1D,j_dummy_gun_receiver
4FF986110534B1A4,j_teacup
5004E6323AAB7A53,j_screen_02_off
50101C6538F8D074,tag_gunner2_barrel_animate
50105BDCE59C69C0,tag_screen_07
50105CDCE59C6B73,tag_screen_06
50105DDCE59C6D26,tag_screen_05
50105EDCE59C6ED9,tag_screen_04
50105FDCE59C708C,tag_screen_03
501060DCE59C723F,tag_screen_02
501061DCE59C73F2,tag_screen_01
501062DCE59C75A5,tag_screen_00
501069DCE59C818A,tag_screen_09
50106ADCE59C833D,tag_screen_08
501C27AE4E1C3E88,j_cosmetic_bag_zipper_04
501C2CAE4E1C4707,j_cosmetic_bag_zipper_01
501C2DAE4E1C48BA,j_cosmetic_bag_zipper_02
501C2EAE4E1C4A6D,j_cosmetic_bag_zipper_03
502EBC9ABBB1E050,j_cosmetic_jacket_ri
50374F7C5EFFA67B,t10_accessory_airport_gantry_accordion_01_interior_lod0
504004956A9D2F43,jup_ground_geo_eroded_floor_01_mesh
504675AC04E93C28,j_wing_le_09_fx
5046E73FDCEC5C97,lid_rot_jnt
50501A6CB8E53B86,j_pdw_charging_handle
5053D32863DBFF90,j_cosmetic_wire_clav_pc_a
5061CBFC087E2BD8,door_metal_lock_round_01
506CA017ADCF9ED8,tag_bottle_1
50703A714EB57D26,tag_prop_l_null
507813A1E04C7D96,aset_nature_rock_l_vd3nbij_lod0
507DBDA9927D2C57,j_money_spin
5083597407F3BCE3,jup_accessory_duffel_bag_01_mesh
50869C9ABBFC1FC6,j_cosmetic_jacket_le
508C4907FCE834EA,j_cup
508D909823848DDB,ee_wall_wood_planks_22_white_01
509AAF7C62F4FA18,equipment_ac_unit_details_01_lod0
509AB7FF9F545990,tag_cover_panel_05_dst
50A00F8B178CD52B,tag_hood_right_animate
50AFC23C2697F79D,ee_post_metal_painted_01_pillar_128
50C56B8CFB1B6FA3,j_lighter_lid
50CFC54B7710D3D5,j_cosmetic_ar_mag_pouch
50D04107FD21F41E,j_cap
50D04507FD21FAEA,j_cat
50D04B07FD22051C,j_can
50DE5D1CA4F8317C,wheel_front_l_aim_loc
50E2770DDDC4F688,j_kneedq_le
50E94F0DDDCAD13E,j_kneedq_ri
50F484E3ECEFC2CA,tag_light_emergency_red_05_d1
50F485E3ECEFC47D,tag_light_emergency_red_05_d0
50F6DB779D7D5E57,toy_stuffed_animal_monkey_dmg_01
50F78077B37F18E7,j_bipod_leg_01_lower
50F9A6CB460A16ED,sat_aus_foliage_paper_daisy_01_lod0
50FB32DCE6643B08,tag_screen_on
5114E086C8389A8F,j_shield_le
51152E831EC007DD,tag_wall_r_bottom
511824C1DD1905E7,t10_construction_panel_corrugated_damaged_06_mesh
5118CB55FD19267A,geo_t10_app_signage_golden_bamboo_menu_01_lod0
5120A42933EEA6F7,j_periorbital_ri_1
5120A52933EEA8AA,j_periorbital_ri_2
5120A62933EEAA5D,j_periorbital_ri_3
512B9F221B5A2CC6,j_wristfronttwist1_ri
51349F54A28AEC2B,j_carry_mainroot
51379CB5E90F4551,tag_reverse_thrust_gate
513B053B6EADE7D6,tag_piston_roof_mid_l_base_tgt
514216D2845E38BE,j_image1_on
51442EA2E2A35EAE,dial_03_jnt
5147556BF4D69A71,tag_engine_le_door_ot_animate
514951718514E728,j_lip_bot_le_2
514952718514E8DB,j_lip_bot_le_3
514954718514EC41,j_lip_bot_le_1
514957718514F15A,j_lip_bot_le_4
514B3FC540D095E6,aac_kitchen_table_01_lod0
514F86E9B23767F9,tag_wheel_back_right_scripted
515271C2A6D5E7F3,lamp_t10_lighting_lamp_metal_hanging_open_01_short_destr
51548FEA65041507,bathroom_toilet_paper_holder_01
515BB7221B837950,j_wristfronttwist1_le
5160ACA9CC7797A0,j_radiator_up_1
5160AEA9CC779B06,j_radiator_up_3
5160AFA9CC779CB9,j_radiator_up_2
5160B0A9CC779E6C,j_radiator_up_5
5160B1A9CC77A01F,j_radiator_up_4
5160B2A9CC77A1D2,j_radiator_up_7
5160B3A9CC77A385,j_radiator_up_6
5160B5A9CC77A6EB,j_radiator_up_8
5163CF66F0E4F307,j_reargilly_e_le
516B55A9F91F70C2,pottery
5175405F316C589C,tag_missile_animate
51783CD813097EB5,r_foot0_jnt
517F23617AA36026,j_toeout_1_ri_prop
5181D07E6AB6C7FC,tag_exhaust2
5181DD0A280BB9D4,tag_fx_light_front_right
5181F925A7074E40,tag_light_l_navi
5184496799246AFD,j_pestle
519087A619433594,uk_brick_wall_trim_01_64
5193A766F10DD2D1,j_reargilly_e_ri
519774B0123E3113,kitchen_freezer_01_a
519AAFB0BEE987D0,tag_leg_fr_heel
51A0748B1FCEAFD8,tag_trailer_door_hinges_right_a_animate
51A17FA619519B2F,uk_brick_wall_trim_01_32
51AC0F615AE14380,tag_stow_back_mid
51B43382B6B937D5,tag_wheel_middle1_right
51B5E2154A492610,tag_turret_camera_dst
51B9E0307A1E4532,tag_jaw
51E1E4DA3996D574,window_industrial_frame_64x96_02
51E5F2CFEC76A3CE,tag_origin_flask
51FDFCA0AB349097,tag_trunk_panel
51FED90350803320,chain6
51FEDB0350803686,chain4
51FEDC0350803839,chain5
51FEDD03508039EC,chain2
51FEDE0350803B9F,chain3
52005CEB853940CB,c_t10_gear_rope_w_carabiner
522299E8AF8E1708,sat_rocks_nordic_01_mesh
522412494749CC50,j_forwardassist
5228DC12D419B40D,wall_refractory_brick_trim_64_01
522992AE73191BCF,landing_gear_door_left1_jnt
522F37E247E9FB8C,tag_trunk_panel_d0
5235103A6281B5F5,j_cosmetic_heavy_bag_strap_le
524378C565536C1C,r_ripupper2_jnt
52483D69703FC082,j_f_le
5271F03A62B52DB3,j_cosmetic_heavy_bag_strap_ri
52727833AE19BCE0,j_cosmetic_gloves_a
52727A33AE19C046,j_cosmetic_gloves_c
52727B33AE19C1F9,j_cosmetic_gloves_b
5273343915457583,tag_windshield_back
5275344DD1296C31,t10_building_zm_steel_elevator_door_left_lod0
528D4EE0EEC3D17C,j_gear_le_20
528FC51EEA6FD57B,tag_engine_ri_door_in_animate
529452E0EEC9F6F6,j_gear_le_08
529453E0EEC9F8A9,j_gear_le_09
529458E0EECA0128,j_gear_le_02
529459E0EECA02DB,j_gear_le_03
52945BE0EECA0641,j_gear_le_01
52945DE0EECA09A7,j_gear_le_07
52945EE0EECA0B5A,j_gear_le_04
52945FE0EECA0D0D,j_gear_le_05
529757E0EECC354C,j_gear_le_19
529758E0EECC36FF,j_gear_le_18
52975BE0EECC3C18,j_gear_le_15
52975CE0EECC3DCB,j_gear_le_14
52975DE0EECC3F7E,j_gear_le_17
52975EE0EECC4131,j_gear_le_16
52975FE0EECC42E4,j_gear_le_11
529760E0EECC4497,j_gear_le_10
52983BE4C5F9D7C5,ee_trim_large_roof_32_destroyed
529C6D8B295E40D0,j_enter
52A42F3186AAAFB3,tag_front_light_fx
52AAC44ECDFFECD9,j_head_pilot
52AAFB3C012377F8,j_keypad11
52AAFC3C012379AB,j_keypad10
52AAFE3C01237D11,j_keypad12
52AE256970964AEC,j_f_ri
52B22F2CA6564981,slider_h_arm_jnt
52BD3309E2144F73,j_cosmetic_uppergroinprotector
52C493992577E810,j_cosmetic_cqc1_comsradio
52D2E0256D81D8CE,j_cosmetic_ar1_comsradio
52D57FAA16D0A9C1,sat_jap_lighting_rectangle_ceiling_traditional_long_01_wood_lod
52D66FC8DACF60DA,ee_railing_wood_stairs_wall_mounted_angled_long_01
52D872E58F4EEE86,tag_back_upper_explosive_pipe_d0
52DD1D30E398DBB8,tag_right_wing_half
52DF4EE9502C23AF,lm_door_glass_metal_frame_l_32
52E139E14ED4B106,j_proc_orient_knuckle_le_1
532297AD9D4C6A3E,j_cosmetic_flashbang_a
5338CAE872B3D016,ee_signs_industrial_fire_hazard
534564D713015905,j_military_shooting_target_cart_wheel_08
534565D713015AB8,j_military_shooting_target_cart_wheel_07
534566D713015C6B,j_military_shooting_target_cart_wheel_06
534567D713015E1E,j_military_shooting_target_cart_wheel_05
534568D713015FD1,j_military_shooting_target_cart_wheel_04
534569D713016184,j_military_shooting_target_cart_wheel_03
53456AD713016337,j_military_shooting_target_cart_wheel_02
53456BD7130164EA,j_military_shooting_target_cart_wheel_01
53473E467FEC34F6,t10_furniture_bullet_train_seats_double_01_lod0
5352799C8C67FB69,tag_wheel_middle2_right_spin
535924C25391F3D7,roof_asbestos_sheet_64x64_diagonal_01_2sided
53647B084280E1B2,sat_zm_locust_animal_fur_02_mesh
53684E58D39EB584,tag_chassis_attach
536A3C6C8BDA6E45,barrier_wooden_fences_post_01
536EBEF99DD770AB,tag_ramp_upper
537389F5770CD7DD,j_eyelash_top_ri
5388C68C81D7A978,j_prop_sat_ww_scarab_parts_rifle_item
538CF7AEC8696A74,j_ring_ri_1_prop
53908E14450A5459,furniture_wall_horizontal_bar_1
53A96887A31B326C,l_shoulderhelper1_jnt
53B2033AB26722D5,tag_mag_show2
53B2D8B46FA3480E,tag_main_rotor_blade_04_rot
53B358C77EB9A128,barrier_wooden_slats_01_woodslats_kit_single_64_slat_01
53B35BC77EB9A641,barrier_wooden_slats_01_woodslats_kit_single_64_slat_02
53BAF38A842FD788,back_ring_rgt_jnt
53BBB758DCB9253F,railfbxasc032160fbxasc032new_ncl1_1
53BC51A5AA964063,uk_house_gutter_pipe_128_01
53C613A958F75027,j_hydraulic_top_01
53CB99F5775768E3,j_eyelash_top_le
53E8A7EC90BD6C1E,j_vine
53E97C78F5BFE9B4,tag_mf_launcher_ri_animate
53EF6A1F2442007B,tag_engine_ri_paddle_in_animate
53F99EEC90CBD006,j_vial
53FE3545C531B594,tag_wing_fold_left_follower
5402C02A0D5797CE,j_dummy_torso
541A703FB72751CC,j_carribeaner
543917B758563E2C,j_cosmetic_small_bag_strap_le_b
543918B758563FDF,j_cosmetic_small_bag_strap_le_c
54391AB758564345,j_cosmetic_small_bag_strap_le_a
544A06638C4D4B97,j_cosmetic_pouches_c_01
544A07638C4D4D4A,j_cosmetic_pouches_c_02
544A08638C4D4EFD,j_cosmetic_pouches_c_03
544BC154C4C2A872,frame_t10_ava_signage_shop_toy_01
54561D9C78F03736,par_kitchen_soaps_01_lod0
5462C3B38FB89607,jup_ee_art_s4_afr_rock_ground_a_snowcap_01_mesh
54663A08BE11D28B,j_slider
5477EDA8D1E44CC2,j_r_lid
547A4BF68B639C70,tag_leg_rr_flatten
548104A2ED0972C9,mg04
548105A2ED09747C,mg03
548106A2ED09762F,mg02
548107A2ED0977E2,mg01
54836D05AC10AA90,mayhem_export_cloth_1170
54836E05AC10AC43,mayhem_export_cloth_1171
54836F05AC10ADF6,mayhem_export_cloth_1172
54837005AC10AFA9,mayhem_export_cloth_1173
54837105AC10B15C,mayhem_export_cloth_1174
54837205AC10B30F,mayhem_export_cloth_1175
54837305AC10B4C2,mayhem_export_cloth_1176
54837405AC10B675,mayhem_export_cloth_1177
54837505AC10B828,mayhem_export_cloth_1178
54837605AC10B9DB,mayhem_export_cloth_1179
54867005AC12E580,mayhem_export_cloth_1163
54867105AC12E733,mayhem_export_cloth_1162
54867205AC12E8E6,mayhem_export_cloth_1161
54867305AC12EA99,mayhem_export_cloth_1160
54867405AC12EC4C,mayhem_export_cloth_1167
54867505AC12EDFF,mayhem_export_cloth_1166
54867605AC12EFB2,mayhem_export_cloth_1165
54867705AC12F165,mayhem_export_cloth_1164
54867A05AC12F67E,mayhem_export_cloth_1169
54867B05AC12F831,mayhem_export_cloth_1168
5489F305AC15F9F0,mayhem_export_cloth_1156
5489F505AC15FD56,mayhem_export_cloth_1154
5489F605AC15FF09,mayhem_export_cloth_1155
5489F705AC1600BC,mayhem_export_cloth_1152
5489F805AC16026F,mayhem_export_cloth_1153
5489F905AC160422,mayhem_export_cloth_1150
5489FA05AC1605D5,mayhem_export_cloth_1151
548A0105AC1611BA,mayhem_export_cloth_1158
548A0205AC16136D,mayhem_export_cloth_1159
548D7605AC190E60,mayhem_export_cloth_1149
548D7705AC191013,mayhem_export_cloth_1148
548D7E05AC191BF8,mayhem_export_cloth_1141
548D7F05AC191DAB,mayhem_export_cloth_1140
548D8105AC192111,mayhem_export_cloth_1142
548D8205AC1922C4,mayhem_export_cloth_1145
548D8305AC192477,mayhem_export_cloth_1144
548D8405AC19262A,mayhem_export_cloth_1147
548D8505AC1927DD,mayhem_export_cloth_1146
5490FD05AC1C299C,mayhem_export_cloth_1138
5490FE05AC1C2B4F,mayhem_export_cloth_1139
54910105AC1C3068,mayhem_export_cloth_1134
54910205AC1C321B,mayhem_export_cloth_1135
54910305AC1C33CE,mayhem_export_cloth_1136
54910405AC1C3581,mayhem_export_cloth_1137
54910505AC1C3734,mayhem_export_cloth_1130
54910605AC1C38E7,mayhem_export_cloth_1131
54910705AC1C3A9A,mayhem_export_cloth_1132
54910805AC1C3C4D,mayhem_export_cloth_1133
5492EC9FD7633996,j_cosmetic_ar1_camelback
54940205AC1E67F2,mayhem_export_cloth_1129
54940305AC1E69A5,mayhem_export_cloth_1128
54940405AC1E6B58,mayhem_export_cloth_1127
54940505AC1E6D0B,mayhem_export_cloth_1126
54940605AC1E6EBE,mayhem_export_cloth_1125
54940705AC1E7071,mayhem_export_cloth_1124
54940805AC1E7224,mayhem_export_cloth_1123
54940905AC1E73D7,mayhem_export_cloth_1122
54940A05AC1E758A,mayhem_export_cloth_1121
54940B05AC1E773D,mayhem_export_cloth_1120
549509D563855BDE,t10_kitchen_market_stalls_food_tray_07_lod0_mesh
54976F05AC215700,mayhem_export_cloth_1112
54977005AC2158B3,mayhem_export_cloth_1113
54977105AC215A66,mayhem_export_cloth_1110
54977205AC215C19,mayhem_export_cloth_1111
54977305AC215DCC,mayhem_export_cloth_1116
54977405AC215F7F,mayhem_export_cloth_1117
54977505AC216132,mayhem_export_cloth_1114
54977605AC2162E5,mayhem_export_cloth_1115
54977905AC2167FE,mayhem_export_cloth_1118
54977A05AC2169B1,mayhem_export_cloth_1119
549AE3090D96EC60,destruction_corner_brick_beige_large
549AF205AC246B70,mayhem_export_cloth_1105
549AF305AC246D23,mayhem_export_cloth_1104
549AF405AC246ED6,mayhem_export_cloth_1107
549AF505AC247089,mayhem_export_cloth_1106
549AF605AC24723C,mayhem_export_cloth_1101
549AF705AC2473EF,mayhem_export_cloth_1100
549AF805AC2475A2,mayhem_export_cloth_1103
549AF905AC247755,mayhem_export_cloth_1102
549AFE05AC247FD4,mayhem_export_cloth_1109
549AFF05AC248187,mayhem_export_cloth_1108
549E5C0C66C9E17C,tag_glass_bus_right_08_d2
549E5E0C66C9E4E2,tag_glass_bus_right_08_d0
549E5F0C66C9E695,tag_glass_bus_right_08_d1
54A26AC5C7F1F0B2,j_mesh05_3
54A26BC5C7F1F265,j_mesh05_2
54B2F905AC390936,mayhem_export_cloth_1198
54B2FA05AC390AE9,mayhem_export_cloth_1199
54B2FF05AC391368,mayhem_export_cloth_1192
54B30005AC39151B,mayhem_export_cloth_1193
54B30205AC391881,mayhem_export_cloth_1191
54B30305AC391A34,mayhem_export_cloth_1196
54B30405AC391BE7,mayhem_export_cloth_1197
54B30505AC391D9A,mayhem_export_cloth_1194
54B30605AC391F4D,mayhem_export_cloth_1195
54B5FE05AC3B478C,mayhem_export_cloth_1189
54B5FF05AC3B493F,mayhem_export_cloth_1188
54B60205AC3B4E58,mayhem_export_cloth_1185
54B60305AC3B500B,mayhem_export_cloth_1184
54B60405AC3B51BE,mayhem_export_cloth_1187
54B60505AC3B5371,mayhem_export_cloth_1186
54B60605AC3B5524,mayhem_export_cloth_1181
54B60705AC3B56D7,mayhem_export_cloth_1180
54B60805AC3B588A,mayhem_export_cloth_1183
54B60905AC3B5A3D,mayhem_export_cloth_1182
54C1894DC8BF58DF,tag_rudder_right
54C226930DDAEC69,tag_drone_attach_003_d0
54C27A69E8EC08EC,t10_food_market_meats_combined_04_lod0_mesh
54C669D8096B272E,tag_c4attach
54C93B4712AF3BA8,j_ri_ear
54D565109C4488F8,tag_main_rotor_blade_04_blur
54D68E1000D8E557,j_spoke_inner_ri
54EAA61000E9B729,j_spoke_inner_le
54FE41C3B2B47321,j_toein_1_ri_prop
54FF05F0D5315B51,door_bottom
5507CDF1B0F7856D,tag_steering_axis
5508F24A4BFE95E8,tag_missilepod_ri_02_animate
55193E3B27A2F101,j_grip_ring
5527944024B50100,t10_sabotage_decor_snow_wall_trim_03_straight_cap_01_mesh1
5530A2CBBC0F68CA,jup_gate_plane_ckpit_door_01_mesh
55651327F74D878A,tag_front_light_off
55753DE6B7452C9B,j_thumb_le_4
557540E6B74531B4,j_thumb_le_1
557541E6B7453367,j_thumb_le_0
557542E6B745351A,j_thumb_le_3
557543E6B74536CD,j_thumb_le_2
5589E7F03B5F6F4E,j_buckle_ri
558C5DC2390F0828,tag_muzzle_flash
558EE619EDEC706F,tag_light_trunk_right_d2
558EE719EDEC7222,tag_light_trunk_right_d1
558EE819EDEC73D5,tag_light_trunk_right_d0
5592005E4B52EF6F,tag_light_on4_fx
55A188E2BB7B6E34,ee_gym_weight_metal_plate_tree
55C4381A4C2C1E59,j_pullstrap
55C56585E05DD60F,jup_utility_street_curb_cement_rough_119_01_mesh
55D1C9CD646DAD10,j_steering_rod_back_right_aim
55D58974F3218FEC,ee_military_hazmat_tape_pile_02
55D58C74F3219505,ee_military_hazmat_tape_pile_01
55DC9DA181C64606,base_book_02a_lod0_mesh
55E41F92B78A72B6,sat_pillar_ht_skyscraper_decor_column_01_lod0
55E843A2DA1B44A4,ee_mansion_int_railing_212_01
55EFCFF03BB5F9B8,j_buckle_le
55F141B206A9EE4A,j_cosmetic_rightpoucha
55F277C895A732E8,tag_back_panel_intact
55FB03CBBF261098,j_steeraxel_front_right_aim
55FBB5E311B10752,j_mid_ri_end
5609420B19025DD1,misc_tools_hatchet_01
560A77953AC044B7,j_stone_1
5610487516DAC680,tag_window_door_right
5612566BC39650D0,mayhem_export_cloth_250
5612576BC3965283,mayhem_export_cloth_251
5612586BC3965436,mayhem_export_cloth_252
5612596BC39655E9,mayhem_export_cloth_253
56125A6BC396579C,mayhem_export_cloth_254
56125B6BC396594F,mayhem_export_cloth_255
56125C6BC3965B02,mayhem_export_cloth_256
56125D6BC3965CB5,mayhem_export_cloth_257
56125E6BC3965E68,mayhem_export_cloth_258
56125F6BC396601B,mayhem_export_cloth_259
5615596BC3988BC0,mayhem_export_cloth_243
56155A6BC3988D73,mayhem_export_cloth_242
56155B6BC3988F26,mayhem_export_cloth_241
56155C6BC39890D9,mayhem_export_cloth_240
56155D6BC398928C,mayhem_export_cloth_247
56155E6BC398943F,mayhem_export_cloth_246
56155F6BC39895F2,mayhem_export_cloth_245
5615606BC39897A5,mayhem_export_cloth_244
5615636BC3989CBE,mayhem_export_cloth_249
5615646BC3989E71,mayhem_export_cloth_248
5618DC6BC39BA030,mayhem_export_cloth_276
5618DD6BC39BA1E3,mayhem_export_cloth_277
5618DE6BC39BA396,mayhem_export_cloth_274
5618DF6BC39BA549,mayhem_export_cloth_275
5618E06BC39BA6FC,mayhem_export_cloth_272
5618E16BC39BA8AF,mayhem_export_cloth_273
5618E36BC39BAC15,mayhem_export_cloth_271
5618EA6BC39BB7FA,mayhem_export_cloth_278
5618EB6BC39BB9AD,mayhem_export_cloth_279
561C5F6BC39EB4A0,mayhem_export_cloth_269
561C606BC39EB653,mayhem_export_cloth_268
561C676BC39EC238,mayhem_export_cloth_261
561C686BC39EC3EB,mayhem_export_cloth_260
561C696BC39EC59E,mayhem_export_cloth_263
561C6A6BC39EC751,mayhem_export_cloth_262
561C6B6BC39EC904,mayhem_export_cloth_265
561C6C6BC39ECAB7,mayhem_export_cloth_264
561C6D6BC39ECC6A,mayhem_export_cloth_267
561C82B6A6F6521D,j_tacgear
561E52706F674C44,jup_zm_aether_landing_pad_medium_03
561E53706F674DF7,jup_zm_aether_landing_pad_medium_02
561E54706F674FAA,jup_zm_aether_landing_pad_medium_01
561FE66BC3A1CFDC,mayhem_export_cloth_218
561FE76BC3A1D18F,mayhem_export_cloth_219
561FEA6BC3A1D6A8,mayhem_export_cloth_214
561FEB6BC3A1D85B,mayhem_export_cloth_215
561FEC6BC3A1DA0E,mayhem_export_cloth_216
561FED6BC3A1DBC1,mayhem_export_cloth_217
561FEE6BC3A1DD74,mayhem_export_cloth_210
561FEF6BC3A1DF27,mayhem_export_cloth_211
561FF06BC3A1E0DA,mayhem_export_cloth_212
561FF16BC3A1E28D,mayhem_export_cloth_213
5620B7BE595FDBDC,j_cosmetic_shoulder_le
5621B0AF4D670930,par_sofa_01_lod0
5622EB6BC3A40E32,mayhem_export_cloth_209
5622EC6BC3A40FE5,mayhem_export_cloth_208
5622ED6BC3A41198,mayhem_export_cloth_207
5622EE6BC3A4134B,mayhem_export_cloth_206
5622EF6BC3A414FE,mayhem_export_cloth_205
5622F16BC3A41864,mayhem_export_cloth_203
5622F26BC3A41A17,mayhem_export_cloth_202
5622F36BC3A41BCA,mayhem_export_cloth_201
5622F46BC3A41D7D,mayhem_export_cloth_200
5626586BC3A6FD40,mayhem_export_cloth_232
5626596BC3A6FEF3,mayhem_export_cloth_233
56265A6BC3A700A6,mayhem_export_cloth_230
56265B6BC3A70259,mayhem_export_cloth_231
56265C6BC3A7040C,mayhem_export_cloth_236
56265D6BC3A705BF,mayhem_export_cloth_237
56265E6BC3A70772,mayhem_export_cloth_234
56265F6BC3A70925,mayhem_export_cloth_235
5626626BC3A70E3E,mayhem_export_cloth_238
5626636BC3A70FF1,mayhem_export_cloth_239
5629DB6BC3AA11B0,mayhem_export_cloth_225
5629DC6BC3AA1363,mayhem_export_cloth_224
5629DE6BC3AA16C9,mayhem_export_cloth_226
5629DF6BC3AA187C,mayhem_export_cloth_221
5629E06BC3AA1A2F,mayhem_export_cloth_220
5629E16BC3AA1BE2,mayhem_export_cloth_223
5629E26BC3AA1D95,mayhem_export_cloth_222
5629E76BC3AA2614,mayhem_export_cloth_229
5629E86BC3AA27C7,mayhem_export_cloth_228
563ADA6BC3B88330,mayhem_export_cloth_294
563ADB6BC3B884E3,mayhem_export_cloth_295
563ADC6BC3B88696,mayhem_export_cloth_296
563ADD6BC3B88849,mayhem_export_cloth_297
563ADE6BC3B889FC,mayhem_export_cloth_290
563ADF6BC3B88BAF,mayhem_export_cloth_291
563AE06BC3B88D62,mayhem_export_cloth_292
563AE16BC3B88F15,mayhem_export_cloth_293
563AE66BC3B89794,mayhem_export_cloth_298
563AE76BC3B89947,mayhem_export_cloth_299
563E5D6BC3BB97A0,mayhem_export_cloth_287
563E5E6BC3BB9953,mayhem_export_cloth_286
563E5F6BC3BB9B06,mayhem_export_cloth_285
563E606BC3BB9CB9,mayhem_export_cloth_284
563E616BC3BB9E6C,mayhem_export_cloth_283
563E626BC3BBA01F,mayhem_export_cloth_282
563E646BC3BBA385,mayhem_export_cloth_280
563E6B6BC3BBAF6A,mayhem_export_cloth_289
563E6C6BC3BBB11D,mayhem_export_cloth_288
563EFA3CB5315614,lod0_comb
563F57F9414DAB88,tag_interior_netting
5642A7BE597CA712,j_cosmetic_shoulder_ri
5644B8E7DDBBA01C,j_metapinky_le_1_prop
56565E54D61928C0,j_ghillie_16_av2
5656AC4ED64970B4,tag_door_back_bottom
565756755403B415,j_button1
56668751E70F9840,patch_06
566917158AAFADE0,j_wristfronttwist1_le_prop
56843C8A9166B686,p7_conduit_metal_1_straight_256_lod0
5684EE953B286B28,j_stone30
5684EF953B286CDB,j_stone31
5687F3953B2AA97E,j_stone21
5687F4953B2AAB31,j_stone20
5689CD5A01FBD3F8,j_cuffb
5689D05A01FBD911,j_cuffa
568B7A953B2DC4BA,j_stone10
568B7B953B2DC66D,j_stone11
568D0E55798D7DE5,tag_wheel_back_left_flat
568D89C2F538C893,j_move
568EDF953B30A630,j_stone01
569C77953B3C32D4,j_stone41
569C78953B3C3487,j_stone40
569D0C5C14834A52,tag_ik_target_right_foot
56AC7C1C9954DB97,tag_wheel_center_middle1_right
56B43D8578802F45,j_clavicle_ri_prop
56B978005444BE52,jup_ee_decor_mount_deer_01_mesh
56BFB2B21E3493CD,railfbxasc032160fbxasc032new001
56C7BE09B2DD1090,j_toemid_1_ri_prop
56D14EA493603826,j_screen_green
56D55DBF8C853BF1,j_charginghandlelever
56E7359E22D16E51,j_green
56F1644D09EDF5E3,tag_window_back_right
5704241F73D95FC4,barrel_recoil
570869EBD39703F0,tag_body_front
570A115FE8173482,j_wing_ri_01_fx
571F70F30BAEBA00,j_cosmetic_bakcpack_main
5729CD8D01905CD8,j_grenade_03
5729CE8D01905E8B,j_grenade_02
5729CF8D0190603E,j_grenade_01
5729D28D01906557,j_grenade_06
5729D38D0190670A,j_grenade_05
5729D48D019068BD,j_grenade_04
573CDC6F5A5FA48A,j_retainer_nomrkt
57400723951DE26C,j_ring_main
5748B5B9F292534A,j_lowergum
574B139ED7F24D5B,tag_thermal
574E05CA35DA4C2F,j_metamid_ri_1_prop
5753AF159515D1C4,tag_wheel_back_left_follower
5754F18F2302F035,mc_perimeter_wall_01_128_lod0_patch_36
575B7A1C757C1B6B,kitchen_plastic_pint_cup_01
575D0F18CF9FED50,j_frag_01
5762D2309F6E6ED3,uk_furniture_couch_leather
57636FAF221BC938,base_t10_signage_cardboard_busking_01_lod0
57641E0D476C0F5B,tag_mug_1
57641F0D476C110E,tag_mug_2
5764200D476C12C1,tag_mug_3
5764F87992A9913C,sat_frenetic_construction_wall_panel_support_beam_mesh
5768DD521139B710,l_lipmid0_jnt
576CE996BA24D12C,j_armor_box_bottom_handle_side_1
576CEC96BA24D645,j_armor_box_bottom_handle_side_2
57708DA26694AFA3,tag_a_001
57756D65E98DAFF0,j_axel_front_left_aim
57759C20CD997C0D,j_cosmetic_smoke_grenadea
57777A9359AA579A,tag_door_rear_right_animate
5787F4B96CFD7CC5,sat_bathroom_ht_skyscraper_int_sink_01_lod0
578A28BF57E4ED25,r_backleg1_jnt
578CAB73EF8F97D5,j_cosmetic_camelbacklropestrap
57A824E8713CB4AA,tag_main_rotor_animate
57AA08E98F8F99DB,j_clamp_river01_dnri
57AF535C1AAA67D4,j_barrel_1_mount
57B68B85F2CD04C9,mout_catwalk_64
57C39CA429D40401,j_arms
57D4ABEEBDCBD92C,j_proc_neckmask_ri
57D5E7C8D7E39BBE,jup_construction_gulag_cells_strip_01_mesh
57DC60885C9AF698,barrier_chain_link_fence_door_frame_128_01
57DC63885C9AFBB1,barrier_chain_link_fence_door_frame_128_02
57E0146062A893E0,joint292
57E0156062A89593,joint293
57E0166062A89746,joint290
57E0176062A898F9,joint291
57E0186062A89AAC,joint296
57E0196062A89C5F,joint297
57E01A6062A89E12,joint294
57E01B6062A89FC5,joint295
57E01E6062A8A4DE,joint298
57E01F6062A8A691,joint299
57E3976062ABA850,joint285
57E3986062ABAA03,joint284
57E3996062ABABB6,joint287
57E39A6062ABAD69,joint286
57E39B6062ABAF1C,joint281
57E39C6062ABB0CF,joint280
57E39D6062ABB282,joint283
57E39E6062ABB435,joint282
57E3A36062ABBCB4,joint289
57E3A46062ABBE67,joint288
57E69A6062ADE340,joint278
57E69B6062ADE4F3,joint279
57E6A26062ADF0D8,joint270
57E6A36062ADF28B,joint271
57E6A46062ADF43E,joint272
57E6A56062ADF5F1,joint273
57E6A66062ADF7A4,joint274
57E6A76062ADF957,joint275
57E6A86062ADFB0A,joint276
57E6A96062ADFCBD,joint277
57EA1F6062B0FB16,joint269
57EA206062B0FCC9,joint268
57EA256062B10548,joint263
57EA266062B106FB,joint262
57EA276062B108AE,joint261
57EA286062B10A61,joint260
57EA296062B10C14,joint267
57EA2A6062B10DC7,joint266
57EA2B6062B10F7A,joint265
57EA2C6062B1112D,joint264
57EA7E8B11D04EF8,sat_leo_electronics_stage_screen_01_mesh
57EC5E378A71A229,j_blade_grip_top
57EDA66062B41652,joint258
57EDA76062B41805,joint259
57EDA86062B419B8,joint256
57EDA96062B41B6B,joint257
57EDAA6062B41D1E,joint254
57EDAB6062B41ED1,joint255
57EDAC6062B42084,joint252
57EDAD6062B42237,joint253
57EDAE6062B423EA,joint250
57EDAF6062B4259D,joint251
57F1136062B70560,joint241
57F1146062B70713,joint240
57F1156062B708C6,joint243
57F1166062B70A79,joint242
57F1176062B70C2C,joint245
57F1186062B70DDF,joint244
57F1196062B70F92,joint247
57F11A6062B71145,joint246
57F11B6062B712F8,joint249
57F11C6062B714AB,joint248
57F4966062BA19D0,joint234
57F4976062BA1B83,joint235
57F4986062BA1D36,joint236
57F4996062BA1EE9,joint237
57F49A6062BA209C,joint230
57F49B6062BA224F,joint231
57F49C6062BA2402,joint232
57F49D6062BA25B5,joint233
57F4A26062BA2E34,joint238
57F4A36062BA2FE7,joint239
57F5556E8E54CF0F,sat_decor_ht_skyscraper_int_ceiling_art_02_lod0
57F7996062BC54C0,joint227
57F79A6062BC5673,joint226
57F79B6062BC5826,joint225
57F79C6062BC59D9,joint224
57F79D6062BC5B8C,joint223
57F79E6062BC5D3F,joint222
57F79F6062BC5EF2,joint221
57F7A06062BC60A5,joint220
57F7A76062BC6C8A,joint229
57F7A86062BC6E3D,joint228
57FB1E6062BF6C96,joint218
57FB1F6062BF6E49,joint219
57FB246062BF76C8,joint212
57FB256062BF787B,joint213
57FB266062BF7A2E,joint210
57FB276062BF7BE1,joint211
57FB286062BF7D94,joint216
57FB296062BF7F47,joint217
57FB2A6062BF80FA,joint214
57FB2B6062BF82AD,joint215
57FEA36062C2846C,joint209
57FEA46062C2861F,joint208
57FEA76062C28B38,joint205
57FEA86062C28CEB,joint204
57FEA96062C28E9E,joint207
57FEAA6062C29051,joint206
57FEAB6062C29204,joint201
57FEAC6062C293B7,joint200
57FEAD6062C2956A,joint203
57FEAE6062C2971D,joint202
58034E92DE76F770,sphere_wire01_jnt
5818656285750E56,j_tripod
582537B5EC20011E,crate_lid
5827266F2B54FFB5,uk_ladder_metal_worn_01
582BCC3AB8FC695E,l_lipbottom1_jnt
5832BA897A8D67DC,t10_kitchen_market_stalls_food_tray_01_mesh
583F8D40045C1203,top_jnt
5843CE53E1C17850,j_safety_ri
5845DB9568C61869,tag_mirror_left
58526CEBAE699004,j_cosmetic_puffy_coat_le_1
585293646D752081,j_cosmetic_lmedpack
5853A022595B8D26,tag_ammo_box_chunk_dst
5855E768F37A9438,tag_engine_left2
58623FCDF798CBF2,t10_zm_energy_barrier_02_mesh
58638FC79B924B19,j_bar_b_rear_left_aim
586B0B3C81A7D068,mout_catwalk_railing_64_spline
586F4039D375ECDD,sat_zm_locust_animal_fur_01_mesh
586F8924E87A6995,tag_winglet_right
5870C0A868CD53E8,tag_light_top_green
5873AD8B4779E47F,tag_prop_attach
5875554604134757,tag_sling_target
587E143251DF3C84,tag_origin_bumper_front
5881952F87F119CC,j_support_box_top_buckle_left
5888D192632822D1,wheel_rear_left
58946EF47E556B66,me_chainlink_fence_pole_lod0
5895BF0D08C5DE63,t10_per_archway_broken_cap_01_mesh
589A392B236E0D78,tag_luggage_03
589A3A2B236E0F2B,tag_luggage_02
589A3B2B236E10DE,tag_luggage_01
589BAE53E20BB7C6,j_safety_le
589FA9838C95A983,tag_fire_fx
58A122ABDE0530DF,j_bipod_right
58A89BBF9EFDBCBE,j_spring_ik_le_1
58B960B51A7931C1,j_cosmetic_antenna
58D736A5D058C0A1,tag_main_rotor_blade_01_blur
58E8BFAD01EA9F98,j_shock_rod_middle_left_aim
58F60D23A62DF18C,box028
58F7CB6B0F3EE0CD,j_offhand_briefcase_bomb_phone
58F801416CC2D5E1,j_lid_ri
58FCFF23A633F870,box002
58FD0023A633FA23,box003
58FD0223A633FD89,box001
58FD0623A6340455,box005
59008823A6371712,box013
59065C67EE753D23,sat_foliage_jungle_trees_periph_01_lod1
592575EA95A058B0,tag_rear_tail_fx
592BA8614A8DA5D3,furniture_dresser_damaged_handle_left
59301BDCCAFCAD84,j_beaker
5935E9416CF80E37,j_lid_le
5956679713A15200,debris_fabric_pile_04
596465D6AC921390,j_cosmetic_glowstick_02
596466D6AC921543,j_cosmetic_glowstick_03
596468D6AC9218A9,j_cosmetic_glowstick_01
596469D6AC921A5C,j_cosmetic_glowstick_06
59646AD6AC921C0F,j_cosmetic_glowstick_07
59646BD6AC921DC2,j_cosmetic_glowstick_04
59646CD6AC921F75,j_cosmetic_glowstick_05
59646FD6AC92248E,j_cosmetic_glowstick_08
596470D6AC922641,j_cosmetic_glowstick_09
5964C898278670B8,me_food_spice_sack_tall_spilled_01
59676DD6AC9456FF,j_cosmetic_glowstick_10
596E0CD1D433F91B,tag_gun_big
59700774C9602272,tag_gun_small
59748FFBEEDCD839,wire_ground_long_01
597DFC6FF82C1D31,tag_light_on6_fx
598509BD8BBB5AC0,j_mouth_add_le_020
5986411F10CD7850,j_cosmetic_wire_mid_b_jnt
59881D5AAC29052D,j_uxray
598C0FBD8BC183A0,j_mouth_add_le_006
598C10BD8BC18553,j_mouth_add_le_007
598C11BD8BC18706,j_mouth_add_le_004
598C12BD8BC188B9,j_mouth_add_le_005
598C13BD8BC18A6C,j_mouth_add_le_002
598C14BD8BC18C1F,j_mouth_add_le_003
598C16BD8BC18F85,j_mouth_add_le_001
598C1DBD8BC19B6A,j_mouth_add_le_008
598C1EBD8BC19D1D,j_mouth_add_le_009
598F92BD8BC49810,j_mouth_add_le_019
598F93BD8BC499C3,j_mouth_add_le_018
598F9ABD8BC4A5A8,j_mouth_add_le_011
598F9BBD8BC4A75B,j_mouth_add_le_010
598F9CBD8BC4A90E,j_mouth_add_le_013
598F9DBD8BC4AAC1,j_mouth_add_le_012
598F9EBD8BC4AC74,j_mouth_add_le_015
598F9FBD8BC4AE27,j_mouth_add_le_014
598FA0BD8BC4AFDA,j_mouth_add_le_017
598FA1BD8BC4B18D,j_mouth_add_le_016
59AF714D40626108,j_hair_back4
59AF764D40626987,j_hair_back1
59AF774D40626B3A,j_hair_back2
59AF784D40626CED,j_hair_back3
59B3F004D420E67C,p7_min_beer_bottle_cap_lod0
59B56D4178619620,jup_ee_accessory_ext_vent_door_02_mesh
59B78DDB869F6469,j_cosmetic_lpadstrapbd
59B78EDB869F661C,j_cosmetic_lpadstrapbc
59B78FDB869F67CF,j_cosmetic_lpadstrapbb
59BA75DB86A17178,j_cosmetic_lpadstrapab
59BA78DB86A17691,j_cosmetic_lpadstrapaa
59BB02D1AD7A35F0,sat_decor_nt_playground_swing_single_chain_03
59BB03D1AD7A37A3,sat_decor_nt_playground_swing_single_chain_02
59BB04D1AD7A3956,sat_decor_nt_playground_swing_single_chain_01
59C107FAFDB6A968,t10_rdc_decor_cognitive_pool_monitors_screens_01_b_destr
59C635DB2645ECF0,j_keyboard_off_06
59C636DB2645EEA3,j_keyboard_off_07
59C637DB2645F056,j_keyboard_off_04
59C638DB2645F209,j_keyboard_off_05
59C639DB2645F3BC,j_keyboard_off_02
59C63ADB2645F56F,j_keyboard_off_03
59C63CDB2645F8D5,j_keyboard_off_01
59C643DB264604BA,j_keyboard_off_08
59C644DB2646066D,j_keyboard_off_09
59C9C0DB26490EF8,j_keyboard_off_11
59C9C1DB264910AB,j_keyboard_off_10
59C9C3DB26491411,j_keyboard_off_12
59D77379FD400AA1,tag_ik_foot_loc_le_seat_0
59D87CC8DE9A61EC,j_cosmetic_front_ring_ri
59DF68EC22B9F55F,j_cable1_mrkt2
59DF69EC22B9F712,j_cable1_mrkt1
59E520F7BEAC9221,j_capsule
59EAE6C8F3A715BE,j_tray_holder_04
59EAE8C8F3A71924,j_tray_holder_02
59EAE9C8F3A71AD7,j_tray_holder_03
59EAEBC8F3A71E3D,j_tray_holder_01
5A2D3F4DBE5704F0,j_uppergroinprocuplow
5A2E332724C58B9C,j_pipe_front_end_le_01
5A2F9AF27B22A340,j_strap_148
5A2F9BF27B22A4F3,j_strap_149
5A2FA2F27B22B0D8,j_strap_140
5A2FA3F27B22B28B,j_strap_141
5A2FA4F27B22B43E,j_strap_142
5A2FA5F27B22B5F1,j_strap_143
5A2FA6F27B22B7A4,j_strap_144
5A2FA7F27B22B957,j_strap_145
5A2FA8F27B22BB0A,j_strap_146
5A2FA9F27B22BCBD,j_strap_147
5A3D96F27B2ED9D0,j_strap_104
5A3D97F27B2EDB83,j_strap_105
5A3D98F27B2EDD36,j_strap_106
5A3D99F27B2EDEE9,j_strap_107
5A3D9AF27B2EE09C,j_strap_100
5A3D9BF27B2EE24F,j_strap_101
5A3D9CF27B2EE402,j_strap_102
5A3D9DF27B2EE5B5,j_strap_103
5A3DA2F27B2EEE34,j_strap_108
5A3DA3F27B2EEFE7,j_strap_109
5A3E3975FF6B6DC3,j_knife_01
5A3E3A75FF6B6F76,j_knife_02
5A4099F27B3114C0,j_strap_117
5A409AF27B311673,j_strap_116
5A409BF27B311826,j_strap_115
5A409CF27B3119D9,j_strap_114
5A409DF27B311B8C,j_strap_113
5A409EF27B311D3F,j_strap_112
5A409FF27B311EF2,j_strap_111
5A40A0F27B3120A5,j_strap_110
5A40A7F27B312C8A,j_strap_119
5A40A8F27B312E3D,j_strap_118
5A429467ACFF4820,ee_sign_alphabet_cyrillic_01_large_08
5A429567ACFF49D3,ee_sign_alphabet_cyrillic_01_large_09
5A429D67ACFF576B,ee_sign_alphabet_cyrillic_01_large_01
5A429F67ACFF5AD1,ee_sign_alphabet_cyrillic_01_large_03
5A42A067ACFF5C84,ee_sign_alphabet_cyrillic_01_large_04
5A42A167ACFF5E37,ee_sign_alphabet_cyrillic_01_large_05
5A42A267ACFF5FEA,ee_sign_alphabet_cyrillic_01_large_06
5A441EF27B342C96,j_strap_128
5A441FF27B342E49,j_strap_129
5A4424F27B3436C8,j_strap_122
5A4425F27B34387B,j_strap_123
5A4426F27B343A2E,j_strap_120
5A4427F27B343BE1,j_strap_121
5A4428F27B343D94,j_strap_126
5A4429F27B343F47,j_strap_127
5A442AF27B3440FA,j_strap_124
5A442BF27B3442AD,j_strap_125
5A461967AD025FF6,ee_sign_alphabet_cyrillic_01_large_19
5A461A67AD0261A9,ee_sign_alphabet_cyrillic_01_large_18
5A461F67AD026A28,ee_sign_alphabet_cyrillic_01_large_13
5A462067AD026BDB,ee_sign_alphabet_cyrillic_01_large_12
5A462167AD026D8E,ee_sign_alphabet_cyrillic_01_large_11
5A462267AD026F41,ee_sign_alphabet_cyrillic_01_large_10
5A462367AD0270F4,ee_sign_alphabet_cyrillic_01_large_17
5A462467AD0272A7,ee_sign_alphabet_cyrillic_01_large_16
5A462567AD02745A,ee_sign_alphabet_cyrillic_01_large_15
5A462667AD02760D,ee_sign_alphabet_cyrillic_01_large_14
5A47A3F27B37446C,j_strap_139
5A47A4F27B37461F,j_strap_138
5A47A7F27B374B38,j_strap_135
5A47A8F27B374CEB,j_strap_134
5A47A9F27B374E9E,j_strap_137
5A47AAF27B375051,j_strap_136
5A47ABF27B375204,j_strap_131
5A47ACF27B3753B7,j_strap_130
5A47ADF27B37556A,j_strap_133
5A47AEF27B37571D,j_strap_132
5A492567AD04AA31,ee_sign_alphabet_cyrillic_01_large_25
5A492767AD04AD97,ee_sign_alphabet_cyrillic_01_large_23
5A492867AD04AF4A,ee_sign_alphabet_cyrillic_01_large_20
5A4C8E67AD079273,ee_sign_alphabet_cyrillic_01_large_30
5A552428F20E3FA5,tag_main_hole_red_light_on
5A555A4E7ACCEC09,j_right_arm
5A55BC872F184ED2,tag_origin_part_body_flatbed_container
5A588C0F7315B610,door_left_top_jnt
5A62DBAB19DEE808,j_bulkpaperd
5A62DCAB19DEE9BB,j_bulkpapere
5A62DDAB19DEEB6E,j_bulkpaperf
5A62E0AB19DEF087,j_bulkpapera
5A62E1AB19DEF23A,j_bulkpaperb
5A62E2AB19DEF3ED,j_bulkpaperc
5A6A56F4D31C1A66,uk_foliage_vine_englishivy_small_04
5A6A57F4D31C1C19,uk_foliage_vine_englishivy_small_05
5A7251EFDE1A64B1,j_hip_le_prop
5A742827B3FCC236,jup_sign_commercial_placard_grocery_04_mesh
5A75DF301DD0B6A6,uk_appliance_refrigerator_slim_01
5A7AB449FAC7E9E3,building_awning_rusted_metal_corrugated_128
5A83BC34BEEF7D71,decor_balcony_tarp_corner_01
5A9396CC06B3CAFE,j_proc_knuckle_le_1
5A997FE2FC3755B2,j_cosmetic_lanyard_h
5A9980E2FC375765,j_cosmetic_lanyard_i
5A9981E2FC375918,j_cosmetic_lanyard_f
5A9982E2FC375ACB,j_cosmetic_lanyard_g
5A9983E2FC375C7E,j_cosmetic_lanyard_d
5A9984E2FC375E31,j_cosmetic_lanyard_e
5A9985E2FC375FE4,j_cosmetic_lanyard_b
5A9986E2FC376197,j_cosmetic_lanyard_c
5A9988E2FC3764FD,j_cosmetic_lanyard_a
5A99CFE2FC37DDA2,j_cosmetic_lanyard_8
5A99D0E2FC37DF55,j_cosmetic_lanyard_9
5A99D1E2FC37E108,j_cosmetic_lanyard_6
5A99D2E2FC37E2BB,j_cosmetic_lanyard_7
5A99D3E2FC37E46E,j_cosmetic_lanyard_4
5A99D4E2FC37E621,j_cosmetic_lanyard_5
5A99D5E2FC37E7D4,j_cosmetic_lanyard_2
5A99D6E2FC37E987,j_cosmetic_lanyard_3
5A99D8E2FC37ECED,j_cosmetic_lanyard_1
5AA8E924DEBB298E,revolver_04_fx
5AB62892A8BC392C,j_paper_1
5AC936A246D99418,t10_decor_wall_glass_pannel_02
5AD37B95FAABA587,bridge_section_road_beam_1_1
5ADA23766270C1CB,j_dynamic_r_hairlocka
5ADA24766270C37E,j_dynamic_r_hairlockb
5ADA25766270C531,j_dynamic_r_hairlockc
5ADA26766270C6E4,j_dynamic_r_hairlockd
5ADA2EF1FCA26728,uk_house_staircase_01_handrail_flat_corner
5ADB30566A870ED7,j_elevator_door_dbl_int_right
5ADE9341091042FB,j_package_b
5AE2BEA272BF3108,jup_construction_structural_concrete_beam_01_mesh
5AE3ACEA6D16591C,un_structural_trim_large_01_corner_inside_right_02
5AEB5F2E98D54402,tag_lower_mount_pod_right_attach
5AF9840FE223400B,j_tag_thrusters
5B06779FF6B18A93,j_metaring_le_1_prop
5B0863185D74F308,j_charging_tube
5B13F2D9F8DB2C2A,tag_wing_elevon_right
5B150B29A2FF2E50,tag_4
5B150C29A2FF3003,tag_5
5B150D29A2FF31B6,tag_6
5B150E29A2FF3369,tag_7
5B151029A2FF36CF,tag_1
5B151129A2FF3882,tag_2
5B151229A2FF3A35,tag_3
5B151729A2FF42B4,tag_8
5B151829A2FF4467,tag_9
5B15CFA1243BAAEC,tag_gunner_turret2_attach
5B15F1A1AF60D453,j_cosmetic_wire_clav_pc_02
5B15F2A1AF60D606,j_cosmetic_wire_clav_pc_01
5B181CC5CAFB3D68,j_mesh04_4
5B1821C5CAFB45E7,j_mesh04_1
5B1822C5CAFB479A,j_mesh04_2
5B1823C5CAFB494D,j_mesh04_3
5B1B524E1D0D3B66,geo1649
5B1EB81C831B93EB,cheese_t10_ava_signage_shop_cheese_01
5B2040DCED9E27C6,tag_thrust_ri
5B32D2AAD2119A41,decor_mannequin_electronics_01
5B37EBF1852C080E,pillar_concrete_01_16x32
5B38FF88D9F48E4E,j_sack_sdr2_ri
5B46D3CC20F7FDE8,tag_canopy
5B480A37C7CCDCCD,j_straps_jiggler_bottomback
5B4B404B2743C4FE,j_bottom_cap
5B5CEF51057736A0,j_rope_92
5B5CF05105773853,j_rope_93
5B5CF15105773A06,j_rope_90
5B5CF25105773BB9,j_rope_91
5B5CF35105773D6C,j_rope_96
5B5CF45105773F1F,j_rope_97
5B5CF551057740D2,j_rope_94
5B5CF65105774285,j_rope_95
5B5CF9510577479E,j_rope_98
5B5CFA5105774951,j_rope_99
5B607251057A4B10,j_rope_85
5B607351057A4CC3,j_rope_84
5B607451057A4E76,j_rope_87
5B607551057A5029,j_rope_86
5B607651057A51DC,j_rope_81
5B607751057A538F,j_rope_80
5B607851057A5542,j_rope_83
5B607951057A56F5,j_rope_82
5B607E51057A5F74,j_rope_89
5B607F51057A6127,j_rope_88
5B637551057C8600,j_rope_78
5B637651057C87B3,j_rope_79
5B637D51057C9398,j_rope_70
5B637E51057C954B,j_rope_71
5B637F51057C96FE,j_rope_72
5B638051057C98B1,j_rope_73
5B638151057C9A64,j_rope_74
5B638251057C9C17,j_rope_75
5B638351057C9DCA,j_rope_76
5B638451057C9F7D,j_rope_77
5B66FA51057F9DD6,j_rope_69
5B66FB51057F9F89,j_rope_68
5B670051057FA808,j_rope_63
5B670151057FA9BB,j_rope_62
5B670251057FAB6E,j_rope_61
5B670351057FAD21,j_rope_60
5B670451057FAED4,j_rope_67
5B670551057FB087,j_rope_66
5B670651057FB23A,j_rope_65
5B670751057FB3ED,j_rope_64
5B6A81510582B912,j_rope_58
5B6A82510582BAC5,j_rope_59
5B6A83510582BC78,j_rope_56
5B6A84510582BE2B,j_rope_57
5B6A85510582BFDE,j_rope_54
5B6A86510582C191,j_rope_55
5B6A87510582C344,j_rope_52
5B6A88510582C4F7,j_rope_53
5B6A89510582C6AA,j_rope_50
5B6A8A510582C85D,j_rope_51
5B6DEE510585A820,j_rope_41
5B6DEF510585A9D3,j_rope_40
5B6DF0510585AB86,j_rope_43
5B6DF1510585AD39,j_rope_42
5B6DF2510585AEEC,j_rope_45
5B6DF3510585B09F,j_rope_44
5B6DF4510585B252,j_rope_47
5B6DF5510585B405,j_rope_46
5B6DF6510585B5B8,j_rope_49
5B6DF7510585B76B,j_rope_48
5B7171510588BC90,j_rope_34
5B7172510588BE43,j_rope_35
5B7173510588BFF6,j_rope_36
5B7174510588C1A9,j_rope_37
5B7175510588C35C,j_rope_30
5B7176510588C50F,j_rope_31
5B7177510588C6C2,j_rope_32
5B7178510588C875,j_rope_33
5B717D510588D0F4,j_rope_38
5B717E510588D2A7,j_rope_39
5B734CBA9A94EE55,tag_emp_fx
5B746691F58B482A,j_shoulder_ri_prop
5B747451058AF780,j_rope_27
5B747551058AF933,j_rope_26
5B747651058AFAE6,j_rope_25
5B747751058AFC99,j_rope_24
5B747851058AFE4C,j_rope_23
5B747951058AFFFF,j_rope_22
5B747A51058B01B2,j_rope_21
5B747B51058B0365,j_rope_20
5B748251058B0F4A,j_rope_29
5B748351058B10FD,j_rope_28
5B77F951058E0F56,j_rope_18
5B77FA51058E1109,j_rope_19
5B77FF51058E1988,j_rope_12
5B780051058E1B3B,j_rope_13
5B780151058E1CEE,j_rope_10
5B780251058E1EA1,j_rope_11
5B780351058E2054,j_rope_16
5B780451058E2207,j_rope_17
5B780551058E23BA,j_rope_14
5B780651058E256D,j_rope_15
5B7A894B3F6D20A8,t10_sabotage_debris_corner_snowcap_04_mesh
5B7B825105912DF8,j_rope_05
5B7B835105912FAB,j_rope_04
5B7B855105913311,j_rope_06
5B7B8651059134C4,j_rope_01
5B7B875105913677,j_rope_00
5B7B88510591382A,j_rope_03
5B7B8951059139DD,j_rope_02
5B7B8D9A1719448A,pillar_concrete_01_32x160
5B8041AAF261B301,edge_skirt_128_lr2
5B91D7739C224478,medical_jar_01
5B98646110374FF4,j_chamber_top
5B9B9CFE2F4521EA,utility_vent_large_02_corner
5BA481A2208313D5,lantern_old_02_b
5BAAF507B62421EE,point_0
5BC1D741F67DF8ED,j_laptop_screen_off
5BCBA6B39B5AC6B3,j_cosmetic_grabstrapc_le_1
5BCBA7B39B5AC866,j_cosmetic_grabstrapc_le_2
5BCBA8B39B5ACA19,j_cosmetic_grabstrapc_le_3
5BDC980BE19FB5A7,j_interior_hand_ring2_end
5BE05CA14E7BEC01,tag_shoulder_weakpoint
5BE9D67A7BE0371D,tag_block_left_1_follow
5BEB041BC101C5C8,tag_rope_dyn_14
5BEB051BC101C77B,tag_rope_dyn_15
5BEB081BC101CC94,tag_rope_dyn_10
5BEB091BC101CE47,tag_rope_dyn_11
5BEB0A1BC101CFFA,tag_rope_dyn_12
5BEB0B1BC101D1AD,tag_rope_dyn_13
5BFFB092A9D418BB,j_paper01
5C21DE353B7D24B7,military_cp_crafting_crate_military
5C282CF6A5A835D1,j_panel2_screen_up
5C3DB3F3EC09AD0E,uk_file_cabinet_garage_big_empty
5C4BC3A462967E4B,t10_rdt_accessory_wire_01_mesh1
5C4BDFA33EB335E8,j_mag1_1
5C4BE2A33EB33B01,j_mag1_2
5C632B84274E378D,tag_glass_left_destr
5C982FE020090CAD,tail_pet
5C9BBA997784EC71,j_ziptie
5CA1D4A4C97A8A7E,tag_detach_right
5CB368E8DE062DFA,foliage_water_lily_patch_large_01
5CB8EA07BC8A3224,tag_ub_hide
5CC1AE8EC7029AF9,j_chair_seat
5CD0BC5D1CFFEEC1,tag_afr_wall_stone_4
5CD0BD5D1CFFF074,tag_afr_wall_stone_3
5CD0BE5D1CFFF227,tag_afr_wall_stone_2
5CD0BF5D1CFFF3DA,tag_afr_wall_stone_1
5CD0C05D1CFFF58D,tag_afr_wall_stone_0
5CE6A078D8561517,tag_block_right_1_follower
5CEA2A3B3514B8D7,toy_stuffed_animal_duck_dmg_01
5CF22DC1CF125E64,sat_jap_machinery_express_train_connection_1_2b_lod0
5CF7BA7479362D3A,j_ghillie_mainroot
5CFE8CCB3398407E,j_left_arm
5D0E7628FEB37AA0,j_cosmetic_bag
5D1155E3AA1631F0,uk_misc_hand_towel_dirty_02
5D1158E3AA163709,uk_misc_hand_towel_dirty_01
5D1CFAD2EB27DAD9,tag_turret_hatch_left_animate
5D38F116384ED20B,t10_ceiling_stealth_sprinklerpipe_01_mesh
5D3A535840DBD0D4,tag_keypad
5D3FF1DD8EAD25F9,sat_decor_jpn_mini_house_01_lod0
5D45809905F56E2E,r_backleg0_jnt
5D477D442026F646,building_cable_post_wood_pole_20_feet_uk
5D579805F5AEA202,chain_t10_ava_signage_shop_toy_01
5D622B49692C8E5F,ee_appliance_kitchen_industrial_stove_01_decal1
5D622C49692C9012,ee_appliance_kitchen_industrial_stove_01_decal2
5D6D196D12C57987,uk_house_interior_curtains_01
5D7E03E7BB3153C0,lighting_commercial_lamp_small_01_attached_main
5D82BFD9B5B83DEE,back_shockabsorberend_ri
5D8517170346FF34,lm_don_bldg_res_window_ext_frame_neoclassical_arched_pillar_02
5D8F45A10FE18276,t10_debris_asphalt_crater_01_geo
5D8F4BB784ED34D6,j_door_front
5D937AF70621995C,j_upper_lid
5D961C05B151EAA0,mayhem_export_cloth_1286
5D961D05B151EC53,mayhem_export_cloth_1287
5D961E05B151EE06,mayhem_export_cloth_1284
5D961F05B151EFB9,mayhem_export_cloth_1285
5D962005B151F16C,mayhem_export_cloth_1282
5D962105B151F31F,mayhem_export_cloth_1283
5D962205B151F4D2,mayhem_export_cloth_1280
5D962305B151F685,mayhem_export_cloth_1281
5D962B05B152041D,mayhem_export_cloth_1289
5D99A705B1550CA8,mayhem_export_cloth_1291
5D99A805B1550E5B,mayhem_export_cloth_1290
5D99A905B155100E,mayhem_export_cloth_1293
5D99AA05B15511C1,mayhem_export_cloth_1292
5D99AC05B1551527,mayhem_export_cloth_1294
5DA9DA7DD4CC9668,tag_gunner_turret2_base_animate
5DAA9E05B1637090,mayhem_export_cloth_1228
5DAA9F05B1637243,mayhem_export_cloth_1229
5DAAA605B1637E28,mayhem_export_cloth_1220
5DAAA705B1637FDB,mayhem_export_cloth_1221
5DAAA805B163818E,mayhem_export_cloth_1222
5DAAA905B1638341,mayhem_export_cloth_1223
5DAAAA05B16384F4,mayhem_export_cloth_1224
5DAAAB05B16386A7,mayhem_export_cloth_1225
5DAAAC05B163885A,mayhem_export_cloth_1226
5DAAAD05B1638A0D,mayhem_export_cloth_1227
5DADA305B165AEE6,mayhem_export_cloth_1239
5DADA405B165B099,mayhem_export_cloth_1238
5DADA905B165B918,mayhem_export_cloth_1233
5DADAA05B165BACB,mayhem_export_cloth_1232
5DADAB05B165BC7E,mayhem_export_cloth_1231
5DADAC05B165BE31,mayhem_export_cloth_1230
5DADAD05B165BFE4,mayhem_export_cloth_1237
5DADAE05B165C197,mayhem_export_cloth_1236
5DADAF05B165C34A,mayhem_export_cloth_1235
5DADB005B165C4FD,mayhem_export_cloth_1234
5DB12A05B168CA22,mayhem_export_cloth_1208
5DB12B05B168CBD5,mayhem_export_cloth_1209
5DB12C05B168CD88,mayhem_export_cloth_1206
5DB12D05B168CF3B,mayhem_export_cloth_1207
5DB12E05B168D0EE,mayhem_export_cloth_1204
5DB12F05B168D2A1,mayhem_export_cloth_1205
5DB13005B168D454,mayhem_export_cloth_1202
5DB13105B168D607,mayhem_export_cloth_1203
5DB13305B168D96D,mayhem_export_cloth_1201
5DB49705B16BB930,mayhem_export_cloth_1211
5DB49805B16BBAE3,mayhem_export_cloth_1210
5DB49905B16BBC96,mayhem_export_cloth_1213
5DB49A05B16BBE49,mayhem_export_cloth_1212
5DB49B05B16BBFFC,mayhem_export_cloth_1215
5DB49C05B16BC1AF,mayhem_export_cloth_1214
5DB49D05B16BC362,mayhem_export_cloth_1217
5DB49E05B16BC515,mayhem_export_cloth_1216
5DB49F05B16BC6C8,mayhem_export_cloth_1219
5DB4A005B16BC87B,mayhem_export_cloth_1218
5DB81A05B16ECDA0,mayhem_export_cloth_1264
5DB81B05B16ECF53,mayhem_export_cloth_1265
5DB81C05B16ED106,mayhem_export_cloth_1266
5DB81D05B16ED2B9,mayhem_export_cloth_1267
5DB81E05B16ED46C,mayhem_export_cloth_1260
5DB82005B16ED7D2,mayhem_export_cloth_1262
5DB82105B16ED985,mayhem_export_cloth_1263
5DB82605B16EE204,mayhem_export_cloth_1268
5DB82705B16EE3B7,mayhem_export_cloth_1269
5DBA83C28F400801,jup_periph_water_ocean_escape5_mesh
5DBB9D05B171E210,mayhem_export_cloth_1277
5DBB9E05B171E3C3,mayhem_export_cloth_1276
5DBB9F05B171E576,mayhem_export_cloth_1275
5DBBA005B171E729,mayhem_export_cloth_1274
5DBBA105B171E8DC,mayhem_export_cloth_1273
5DBBA205B171EA8F,mayhem_export_cloth_1272
5DBBA305B171EC42,mayhem_export_cloth_1271
5DBBA405B171EDF5,mayhem_export_cloth_1270
5DBBAC05B171FB8D,mayhem_export_cloth_1278
5DBEA205B1742066,mayhem_export_cloth_1248
5DBEA305B1742219,mayhem_export_cloth_1249
5DBEA805B1742A98,mayhem_export_cloth_1242
5DBEA905B1742C4B,mayhem_export_cloth_1243
5DBEAA05B1742DFE,mayhem_export_cloth_1240
5DBEAB05B1742FB1,mayhem_export_cloth_1241
5DBEAC05B1743164,mayhem_export_cloth_1246
5DBEAD05B1743317,mayhem_export_cloth_1247
5DBEAE05B17434CA,mayhem_export_cloth_1244
5DBEAF05B174367D,mayhem_export_cloth_1245
5DC22705B177383C,mayhem_export_cloth_1259
5DC22805B17739EF,mayhem_export_cloth_1258
5DC22B05B1773F08,mayhem_export_cloth_1255
5DC22C05B17740BB,mayhem_export_cloth_1254
5DC22D05B177426E,mayhem_export_cloth_1257
5DC22E05B1774421,mayhem_export_cloth_1256
5DC22F05B17745D4,mayhem_export_cloth_1251
5DC23005B1774787,mayhem_export_cloth_1250
5DC23105B177493A,mayhem_export_cloth_1253
5DC23205B1774AED,mayhem_export_cloth_1252
5DC56664AFE43638,uk_foliage_bush_vinca_01
5DC56964AFE43B51,uk_foliage_bush_vinca_02
5DC8A47B6C306B33,decor_misc_props_01_jar_big
5DCFFE9BF6EA46E0,tag_rotor_chunk_c_dst
5DD9BAB059C59ED3,t10_kitchen_market_stalls_food_tray_02_mesh
5DE8A7D9B60EC858,back_shockabsorberend_le
5DF93B49CA7BEECB,t10_furniture_wheel_chair_hinge_01_lod0
5DFD921B6AD8B05F,j_pet_arm_l_3
5E11E576CFF07C4A,jup_window_ct_fort_window_closed_01_mesh1
5E1DCE1BFFF8AE70,ee_window_sill_small_02
5E1DD11BFFF8B389,ee_window_sill_small_01
5E252FE04F790943,tag_door_left_rear_dst
5E2997D788C130EC,us_decor_restaurant_awning_01_ny_lod0
5E31ECAAF55EAC34,j_receiver_cap
5E3323CBBB25A80F,tag_pistons_front_l_aim
5E34CD7D335BFD93,amp_main_screen_4
5E34D07D335C02AC,amp_main_screen_1
5E34D17D335C045F,amp_main_screen_0
5E34D27D335C0612,amp_main_screen_3
5E34D37D335C07C5,amp_main_screen_2
5E36C803AAC41E5D,light_lod0
5E376B4577D44389,sml_lift_rot_head_jnt
5E4033DCEDBCCB1B,j_bar_a_rear_right_tgt
5E408BD940C54265,j_proc_crotch_guard__spineupper_forward
5E42308E04D87D64,j_zb_6_root
5E45C772AC1FF8FF,jup_lighting_dun_metal_lantern_02_mesh
5E472512E26A9679,j_right_latch
5E47B6CD3944661B,j_bolt_release
5E4BDBBCC13A4309,lm_structural_railing_int_straight_40_a
5E59B98BCE553370,j_cover_right_03
5E59BA8BCE553523,j_cover_right_02
5E59BB8BCE5536D6,j_cover_right_01
5E59C08BCE553F55,j_cover_right_04
5E63DA540A0ED143,tag_front_debris
5E8E68BD438D320B,j_light_yellow
5E9EADED06B99A22,j_pin_bend_up1
5EB0ECF926232399,speaker_public_iw6_lod0
5EB5D3D268A1F680,j_rotating_barrels
5EB810BC34088731,tag_wire_cover
5EBBCC6F91769FE0,ee_structural_reservoir_01_drain
5EC1C86BF427B19B,j_hip_ri_prop
5EC1CB42EEAE3548,j_lock_06
5EC1CC42EEAE36FB,j_lock_07
5EC1CD42EEAE38AE,j_lock_04
5EC1CE42EEAE3A61,j_lock_05
5EC1CF42EEAE3C14,j_lock_02
5EC1D042EEAE3DC7,j_lock_03
5EC1D242EEAE412D,j_lock_01
5EC5C31EF42D468F,j_cosmetic_short_mag_pouch_02
5EC5C41EF42D4842,j_cosmetic_short_mag_pouch_01
5ED6CB42ADF2055F,j_cosmetic_wires_02
5ED6CC42ADF20712,j_cosmetic_wires_01
5EE1E8E0FE31E748,war_head
5EE8C035E12120A0,ee_stairs_church_03
5EE8C235E1212406,ee_stairs_church_01
5EE8C435E121276C,ee_stairs_church_07
5EE8C535E121291F,ee_stairs_church_06
5EE8C635E1212AD2,ee_stairs_church_05
5EE8C735E1212C85,ee_stairs_church_04
5EF0310474F8988B,j_fannypackf
5EF0320474F89A3E,j_fannypacke
5EF0330474F89BF1,j_fannypackd
5EF0340474F89DA4,j_fannypackc
5EF0350474F89F57,j_fannypackb
5EF0360474F8A10A,j_fannypacka
5EF09A53C68D417D,v3_domino_hat
5EF882A6EBB32EEF,tag_minigun
5F0E4A151C4E322A,j_button_red
5F1A236D73B021C3,tag_tread_02_debris
5F2688666672D4CB,tag_origin_body
5F307FBCB1D57C8C,j_line
5F3085BCB1D586BE,j_link
5F3483C46C1D54F7,j_stone_03_ri
5F44321B0FF78150,tag_hood_light_right
5F489BC46C2E26C9,j_stone_03_le
5F4C70ABE6411EB4,tag_top_room_door
5F56371D75FE6F10,tag_light_back_right_d0
5F56381D75FE70C3,tag_light_back_right_d1
5F56391D75FE7276,tag_light_back_right_d2
5F5C81D5AEDD1B47,ee_military_hazmat_containers_bucket
5F6A5FC38B672D9B,tag_cockpit_door_front_right
5F73BE9BE9E7030B,j_antiswaybar_front_left_aim
5F7A29F9C23C7A49,j_c_lid
5F7BD110E0123BB8,j_cosmetic_lsmallbaga
5F7BD410E01240D1,j_cosmetic_lsmallbagb
5F84E01775D03890,j_light_02_off_4
5F84E51775D0410F,j_light_02_off_1
5F84E61775D042C2,j_light_02_off_2
5F84E71775D04475,j_light_02_off_3
5F8B5DD1E2F2C2F0,tag_heel_plate_right
5F96021B49792466,j_key_d
5F96041B497927CC,j_key_b
5F96051B4979297F,j_key_c
5F96071B49792CE5,j_key_a
5F96501B4979A8F0,j_key_6
5F96511B4979AAA3,j_key_7
5F96521B4979AC56,j_key_4
5F96531B4979AE09,j_key_5
5F96541B4979AFBC,j_key_2
5F96551B4979B16F,j_key_3
5F96561B4979B322,j_key_0
5F96571B4979B4D5,j_key_1
5F965E1B4979C0BA,j_key_8
5F965F1B4979C26D,j_key_9
5F98DD166589C7F5,par_street_lamp_03_lod0
5F9A094A8157446F,j_proc_ring_ri_1
5F9D1139105B9F13,tag_decorations
5F9D3A0D2CA2EE1E,l_eyebrow0_jnt
5FB3FB9A87477456,j_sack_sdr4_le
5FD37C7149B919DC,wheel_rear_jnt
5FE83B35CB523D96,j_dril_body
5FEBB88E7033DF6D,uk_clothing_headphone_store_mannequin_02
5FEF99A14F6FA479,j_clips
5FF696401E721126,debris_coal_pile_04
5FF698401E72148C,debris_coal_pile_02
5FF699401E72163F,debris_coal_pile_03
5FF69B401E7219A5,debris_coal_pile_01
5FF760800144BFBE,tag_front_turret_attach
5FFC87FAA1EED833,furniture_tv_stand_01_metal
60064941806FBD0D,j_luggage_handle
600D75E602E04711,tag_tail_rotor_blade_02_blur
6013EE10C3D7951E,uk_dumpster_small_02_open_empty
60222CBF374FD064,t10_building_metal_frame_warehouse_half_01_64_lod0_geo
602B9630202FB5F0,j_cosmetic_l_helmetflap_f
602B9730202FB7A3,j_cosmetic_l_helmetflap_g
602B9830202FB956,j_cosmetic_l_helmetflap_d
602B9930202FBB09,j_cosmetic_l_helmetflap_e
602B9D30202FC1D5,j_cosmetic_l_helmetflap_a
60356F667CF2C14A,electrical_box_rusted_inside
6039BC69BB88CE2B,j_cosmetic_necklace_b
6039BD69BB88CFDE,j_cosmetic_necklace_a
603A87838AF2570F,tag_wheel_spare
6042F318F0C68642,soil
60456C4ABA3D9670,bridge_topbeam_middle1
604B827D11D48FF7,j_rbackbag
6053C16A65CD7CAC,tag_light_enabled_normal
605B2BCE3F9F70B8,jlink_2
605B2CCE3F9F726B,jlink_3
605B2ECE3F9F75D1,jlink_1
605B2FCE3F9F7784,jlink_6
605B30CE3F9F7937,jlink_7
605B31CE3F9F7AEA,jlink_4
605B32CE3F9F7C9D,jlink_5
606420B102E2E9A4,veh8_h1_airplane_center_console_03_open_lod0
606A100DCB8D7AFB,tag_origin_animate_parentconstraint1
608381A2273902C3,j_cosmetic_radio_end
608CE65FAED1D569,drainage_sewer_drain_small_01_lod01
608E9564F0C02A03,j_cosmetic_strap_d
608E9864F0C02F1C,j_cosmetic_strap_a
608E9A64F0C03282,j_cosmetic_strap_c
608E9B64F0C03435,j_cosmetic_strap_b
60941637A4891BC8,j_elbowdq_le
609AEE37A48EF67E,j_elbowdq_ri
60A13B6067A495B0,joint120
60A13C6067A49763,joint121
60A13D6067A49916,joint122
60A13E6067A49AC9,joint123
60A13F6067A49C7C,joint124
60A1406067A49E2F,joint125
60A1416067A49FE2,joint126
60A1426067A4A195,joint127
60A1436067A4A348,joint128
60A1446067A4A4FB,joint129
60A4BE6067A7AA20,joint133
60A4BF6067A7ABD3,joint132
60A4C06067A7AD86,joint131
60A4C16067A7AF39,joint130
60A4C26067A7B0EC,joint137
60A4C36067A7B29F,joint136
60A4C46067A7B452,joint135
60A4C56067A7B605,joint134
60A4C86067A7BB1E,joint139
60A4C96067A7BCD1,joint138
60A8416067AABE90,joint106
60A8426067AAC043,joint107
60A8436067AAC1F6,joint104
60A8446067AAC3A9,joint105
60A8456067AAC55C,joint102
60A8466067AAC70F,joint103
60A8476067AAC8C2,joint100
60A8486067AACA75,joint101
60A84F6067AAD65A,joint108
60A8506067AAD80D,joint109
60AB446067ACF980,joint119
60AB456067ACFB33,joint118
60AB4C6067AD0718,joint111
60AB4D6067AD08CB,joint110
60AB4E6067AD0A7E,joint113
60AB4F6067AD0C31,joint112
60AB506067AD0DE4,joint115
60AB516067AD0F97,joint114
60AB526067AD114A,joint117
60AB536067AD12FD,joint116
60AB9B757BA24240,sign_billboard_metal_sectioned_01_side_64_mesh
60AECB6067B014BC,joint168
60AECC6067B0166F,joint169
60AECF6067B01B88,joint164
60AED06067B01D3B,joint165
60AED16067B01EEE,joint166
60AED26067B020A1,joint167
60AED36067B02254,joint160
60AED46067B02407,joint161
60AED56067B025BA,joint162
60AED66067B0276D,joint163
60B222E3A47FC198,j_recho870
60B2506067B32C92,joint179
60B2516067B32E45,joint178
60B2526067B32FF8,joint177
60B2536067B331AB,joint176
60B2546067B3335E,joint175
60B2556067B33511,joint174
60B2566067B336C4,joint173
60B2576067B33877,joint172
60B2586067B33A2A,joint171
60B2596067B33BDD,joint170
60B5BD6067B61BA0,joint142
60B5BE6067B61D53,joint143
60B5BF6067B61F06,joint140
60B5C06067B620B9,joint141
60B5C16067B6226C,joint146
60B5C26067B6241F,joint147
60B5C36067B625D2,joint144
60B5C46067B62785,joint145
60B5C76067B62C9E,joint148
60B5C86067B62E51,joint149
60B63CDA5D48FBC1,j_hilt
60B9406067B93010,joint155
60B9416067B931C3,joint154
60B9426067B93376,joint157
60B9436067B93529,joint156
60B9446067B936DC,joint151
60B9456067B9388F,joint150
60B9466067B93A42,joint153
60B9476067B93BF5,joint152
60B94C6067B94474,joint159
60B94D6067B94627,joint158
60BCD540E972F3C2,j_shirt
60BFF60F9FA82450,tag_fx_light_line_07
60BFF70F9FA82603,tag_fx_light_line_06
60BFF80F9FA827B6,tag_fx_light_line_05
60BFF90F9FA82969,tag_fx_light_line_04
60BFFA0F9FA82B1C,tag_fx_light_line_03
60BFFB0F9FA82CCF,tag_fx_light_line_02
60BFFC0F9FA82E82,tag_fx_light_line_01
60C34F6067C19E12,joint188
60C3506067C19FC5,joint189
60C3516067C1A178,joint186
60C3526067C1A32B,joint187
60C3536067C1A4DE,joint184
60C3546067C1A691,joint185
60C3556067C1A844,joint182
60C3566067C1A9F7,joint183
60C3576067C1ABAA,joint180
60C3586067C1AD5D,joint181
60C3D465B13A54F3,l_ear0_jnt
60C6BC6067C48D20,joint191
60C6BD6067C48ED3,joint190
60C6BE6067C49086,joint193
60C6BF6067C49239,joint192
60C6C06067C493EC,joint195
60C6C16067C4959F,joint194
60C6C26067C49752,joint197
60C6C36067C49905,joint196
60C6C46067C49AB8,joint199
60C6C56067C49C6B,joint198
60CE45B5150CE4CC,jup_lattice_fence_64_01_lod0
60D11BDA5D5F8B66,j_hide
60D474270AECCD21,tag_undercam
60E4EDD2BEED274F,j_button_yellow
60EB1A08D92609FD,hur_furniture_bed_01_pillow_lod0
60FFDDB183102EB1,tag_fx_headlight_left
6103A4124E2A7472,saw_window_frame_mc_church_01_lod0
61089641D2FC278D,jup_ee_storage_suitcase_burnt_01_mesh_01
610B52AE593B6E10,j_door_le_top
610BF0DFBD949F9F,j_towel_endflap1_le
610ECFE9C827DCA5,saw_mc_mill_pond_machinery_01_lod0
611CF7F2BEF9C08B,j_arrow
611D3650ECB5FF53,t10_food_market_fruit_cup_fork_01_lod0_mesh
6123BF023A5982B0,j_webbing_le_1
6123C1023A598616,j_webbing_le_3
6123C2023A5987C9,j_webbing_le_2
61290CD145C29536,j_toein_2_le_prop
614918E920509179,jcuff_le
614AE67DF9F0B442,j_mask_mid_lowerlip
616F137B8A30C6AF,j_mesh22
616F147B8A30C862,j_mesh21
616F157B8A30CA15,j_mesh20
617118DFBDE9E3C9,j_towel_endflap1_ri
6172947B8A33D7B9,j_mesh19
6172997B8A33E038,j_mesh12
61729A7B8A33E1EB,j_mesh13
61729B7B8A33E39E,j_mesh10
61729C7B8A33E551,j_mesh11
61729F7B8A33EA6A,j_mesh14
6172A07B8A33EC1D,j_mesh15
6176187B8A36EDDC,j_mesh09
6176197B8A36EF8F,j_mesh08
61761E7B8A36F80E,j_mesh07
61761F7B8A36F9C1,j_mesh06
6176207B8A36FB74,j_mesh01
6176237B8A37008D,j_mesh02
61821E955B778039,j_magrel_right
618C708710CE4B6C,tag_light_green
6192C79FAEE04B9B,j_sack_sdr5_le
6199561A6A828143,j_cosmetic_lanyard4
6199591A6A82865C,j_cosmetic_lanyard1
61995B1A6A8289C2,j_cosmetic_lanyard3
61995C1A6A828B75,j_cosmetic_lanyard2
61A140E9209B4B47,jcuff_ri
61A547DC6F1DF5D1,j_cosmetic_wire_clav_04
61A548DC6F1DF784,j_cosmetic_wire_clav_03
61A549DC6F1DF937,j_cosmetic_wire_clav_02
61A54ADC6F1DFAEA,j_cosmetic_wire_clav_01
61A60C732193EF1E,decor_bicycles_01_tire_tube_stack_01
61AA7EAA24465430,j_prop_8
61AA7FAA244655E3,j_prop_9
61AA87AA2446637B,j_prop_1
61AA88AA2446652E,j_prop_2
61AA89AA244666E1,j_prop_3
61AA8AAA24466894,j_prop_4
61AA8BAA24466A47,j_prop_5
61AA8CAA24466BFA,j_prop_6
61AA8DAA24466DAD,j_prop_7
61AC26605DB326AE,j_door_08_big
61AD2681C5B4366C,sat_decor_life_raft_01_lod0
61B06CF8E4F2D5F9,j_cosmetic_pouch_large_a
61BC81E8AD87CE68,tag_light_blue_fx
61BD39FCAD9CC0AA,j_launcher_ri
61CAADD83CD76D7A,t10_zm_opal_wonder_weapon_quest_energizing_ground_01_mesh
61D84DB62D442B84,sgon_charter_bullet_proxy_gl_7da918d6_2
61DC85754CA68FE6,j_main_light_side_red
61E00AB8C8AE37BB,j_mag_box
61E14B8F0F9222D3,tag_light_back_left_flatbed
61EF43E89B30606C,tag_door
61FFC0F5FD0E3E00,ee_motor_boat
621CE9A4C99AE22A,j_freezer_door
621E0FB55C88CD74,j_bow_01
621E12B55C88D28D,j_bow_02
6229980806F701F5,j_ace
6232C2BA9D3926AE,ee_utility_pole_sign_frag
623957A3AA045C7B,kitchen_glass01_wine_lod0
623AF1D04EE0558F,in_structural_trim_base_stone_12_mesh
624EAE24E0428C72,j_light_red_01_off
625423169E7E1E2F,tag_walker3
625FF7BCEA2554BF,j_dynamic_l_fronthaira
625FF8BCEA255672,j_dynamic_l_fronthairb
62695B209E65526C,j_cosmetic_medium_bag_03
62695C209E65541F,j_cosmetic_medium_bag_02
62695D209E6555D2,j_cosmetic_medium_bag_01
62695E209E655785,j_cosmetic_medium_bag_00
627454923DE2FAAD,j_cosmetic_tacgear
627778080738ECE6,j_axe
627F18DC6FD749B4,j_cosmetic_wire_clav_pc
62807B1E10DDBEAB,ee_trim_wall_large_01_corner_out_45_right
6281A6DDFFBB18CF,tag_leg_fl_ankle
6287B23DC4522F72,j_barrel_bolt_release
628AD1D4A6794B58,j_knot
628AE7D4A67970BA,j_knob
62A645E994D9620F,tag_window_door_left
62B0D23B39506B27,j_glove2
62B0D33B39506CDA,j_glove1
62B1113B3950D634,j_gloves
62B63A796C9DFBAB,j_glider_panel_right_bottom
62C2165E12FDF808,j_cosmetic_charm_02
62C2175E12FDF9BB,j_cosmetic_charm_03
62C2195E12FDFD21,j_cosmetic_charm_01
62C21C5E12FE023A,j_cosmetic_charm_04
62C21D5E12FE03ED,j_cosmetic_charm_05
62CFE7FD47C126B9,tag_fx_lights_emissive_yellow
62DAD62A4595BAAA,t10_decor_icicle_without_snow_64_corner_01
62E6F8262DA02F56,un_structural_trim_cornice_01_corner_inside_right_02
62EE13623A513A39,t10_hst_kitchen_beer_towers_01_lod0
62F202F9D882BCAC,lm_structural_roof_trim_32_a
62FA381BE8070FBA,j_toe_ri
630C16209F6C8791,tag_origin_part_bumper_b
630C1A209F6C8E5D,tag_origin_part_bumper_f
630C8AFE2B8C7A97,j_magrel_l
630C90FE2B8C84C9,j_magrel_r
630E181BE8178264,j_toe_le
630FA9B6A02356C4,j_mail_2
630FACB6A0235BDD,j_mail_1
631082C83D91B238,tag_prop_r_null
631415F624234A37,j_cosmetic_molle_b1
6314E45E8BD0DECB,t10_storage_case_gun_hardshell_01_medium_open
6315EB957C0DE01C,uk_warehouse_window_frame_1
631887C7C608007F,j_guard
631DBCAF5B27FB0A,j_action_release
631E05F6242B838C,j_cosmetic_molle_a1
6326DCFD0E606AD6,tag_window_cockpit_top
6329DDA05280A34F,tag_engine_right2
632ADE5501F0D20A,j_cloth_simmesh_4_end
634181D4F67A8639,tag_interior_light_control_red
634C6E44C6C1A2B2,tag_hull_front_hatch_animate
63531CEEE17774D9,tag_conduit_02_intact
6359E132BB7FAC36,tag_light_back_top
635FF9B5A09AC3A4,me_electrical_garage_numpad_01
6372FC382C972F18,lm_door_glass_metal_frame_window_64_160
6380F2382CA35B76,lm_door_glass_metal_frame_window_64_126
6381D47599330C75,j_mid_le_2_prop
6381FCA08E1BFCBB,tag_origin_med
638784382CA8BF3A,lm_door_glass_metal_frame_window_64_104
638B06382CABD1F7,lm_door_glass_metal_frame_window_64_110
6392EB4773032AB2,sat_abyss_appliance_connector_01_mesh
63931A8ABF0B5A9E,j_upperforehead_ri_1
639462340D07873C,tag_tail_rotor_motion
63B30AC3889DBB4A,decor_misc_props_01_jar_small
63B84D8A2B787694,tag_door_back_bottom_piston_tgt
63C9B9384D2BC7C0,tag_broken1
63C9BB384D2BCB26,tag_broken3
63C9BC384D2BCCD9,tag_broken2
63C9BE384D2BD03F,tag_broken4
63CD00F401953F39,tube_02_jnt
63DA058BDCB9F714,tag_wing_right_chunk
63E003F011D5E4E7,tag_bar_1_left
63E62677005B8CD5,j_cosmetic_medium_bag_strap_le
63ED42213EF1F8AD,decor_misc_props_01_bottle
63F29C53B0B0BF15,jup_ee_construction_log_01_mesh144
63F76A3A66AA79E6,tag_door_back_animate
6402413084BF63D1,tag_tip
64032C386B87C868,misc_bolt_02
6414FD10DD98E5C4,tag_door_right_rear_dst
6417FCF78DA957E6,tag_driver_seat
641E8DDC04EEC605,j_blade_grip_bottom
64230677008F0493,j_cosmetic_medium_bag_strap_ri
645392EA7AC801BE,tag_glass_front_right_d4
645393EA7AC80371,tag_glass_front_right_d5
645394EA7AC80524,tag_glass_front_right_d2
645395EA7AC806D7,tag_glass_front_right_d3
645396EA7AC8088A,tag_glass_front_right_d0
645397EA7AC80A3D,tag_glass_front_right_d1
6461D945B15A151B,sectionaldoor4
6461DC45B15A1A34,sectionaldoor1
6461DE45B15A1D9A,sectionaldoor3
6461DF45B15A1F4D,sectionaldoor2
647E3EBF97334E60,me_tools_axe
6485F0C737CE5957,tag_taxi_sign_d2
6485F1C737CE5B0A,tag_taxi_sign_d1
6485F2C737CE5CBD,tag_taxi_sign_d0
6487694862F7C6CC,j_cloth_simmesh_8
64876A4862F7C87F,j_cloth_simmesh_9
64876D4862F7CD98,j_cloth_simmesh_4
64876E4862F7CF4B,j_cloth_simmesh_5
64876F4862F7D0FE,j_cloth_simmesh_6
6487704862F7D2B1,j_cloth_simmesh_7
6487714862F7D464,j_cloth_simmesh_0
6487724862F7D617,j_cloth_simmesh_1
6487734862F7D7CA,j_cloth_simmesh_2
6487744862F7D97D,j_cloth_simmesh_3
6489CC1504A0FF3F,lamp_t10_lighting_lamp_metal_hanging_open_01
6493D18291225DE0,j_beard
6495A77F43C4A7E1,j_nose_01
6495DB4FFBE0FFBF,tag_flame
649CC1795DC8A158,j_thumb_ri_end
649CCE2910924804,tag_pistons_rear_l_aim
64B6BE737169CC61,uk_decor_pantry_curtain
64C0593D7D18A778,sat_jap_machinery_express_train_wagon_exterior_lod0
64C3F882914BC3E7,j_beads
64C909B087B75F83,j_pipe_3_ri_fx
64CDFFECD4175D68,uk_townhouse_vertical_mailbox_01
64D07A0EFF1E58FF,tag_gun_right2
64D07B0EFF1E5AB2,tag_gun_right1
64D0FCD0CEA85C0F,tool_security_padlock_01
64D75C5DD8B91CF0,ee_mirror_wall_mounted_decorative_tall
64E47DDF4188CC23,j_hair_2
64E47EDF4188CDD6,j_hair_1
64E47FDF4188CF89,j_hair_0
64F03FED7B30BCCC,tag_wheel_front_right_flat
64FEEB4FFC3A03F8,tag_flare
64FF3F53012B79BE,t10_food_market_meats_destr_combined_01_lod0_mesh
650C6C46BE03E0D9,j_mouth
651C36A1CD80FA2F,construction_wood_lath_01_32x16
6521B97311B15E4A,tag_turret_cannon_dst
65239E2C983402CC,ee_trim_wall_large_01_variant_01_4
6535FDDEB51F1414,j_cosmetic_radio_pouch_b
653600DEB51F192D,j_cosmetic_radio_pouch_a
65397C22CAFE4B30,j_periorbital_le_006
65397D22CAFE4CE3,j_periorbital_le_007
65397E22CAFE4E96,j_periorbital_le_004
65397F22CAFE5049,j_periorbital_le_005
65398A22CAFE62FA,j_periorbital_le_008
65398B22CAFE64AD,j_periorbital_le_009
65413E4D7F2601B8,j_ik_le4
6541434D7F260A37,j_ik_le1
6541444D7F260BEA,j_ik_le2
6541454D7F260D9D,j_ik_le3
6541D755176192A4,bridge_support_footer_01
654228341C75A3C0,r_footend_jnt
655FD1576876027C,j_cosmetic_vest_bag_02
655FD2576876042F,j_cosmetic_vest_bag_03
655FD45768760795,j_cosmetic_vest_bag_01
6560E6C4ADFA39DC,j_bipod_right_leg
656C99BB00D87860,pplane12
656C9ABB00D87A13,pplane13
656C9BBB00D87BC6,pplane10
656C9CBB00D87D79,pplane11
656C9DBB00D87F2C,pplane16
656C9EBB00D880DF,pplane17
656C9FBB00D88292,pplane14
656CA0BB00D88445,pplane15
656CA3BB00D8895E,pplane18
656CA4BB00D88B11,pplane19
656EAA4715D06D43,lm_door_glass_metal_frame_window_32_160
6579AC1921A63BC9,j_dummy_l_ankle
657C404715DBF681,lm_door_glass_metal_frame_window_32_126
657CF650B5280192,par_kitchen_tea_pot
6597AA056F4DF635,l_frontlegend_jnt
65A55EC787C87F08,uk_house_gutter_corner_03
65A560C787C8826E,uk_house_gutter_corner_01
65AAEAA80CEC4DEE,j_body_main
65B187F96E2E7E2B,j_stone_09_le
65BDD73F04F3ACBF,j_eyelidbulge_le
65C1C63825230CD8,t10_barrier_standoff_01_mesh
65C55436B17E6FC8,jup_structural_window_industrial_metal_single_frame_01_mesh
65CAE8DABD75E3DA,j_button_green
65D5F0936416C5A8,uk_misc_car_parts_assorted_05
65D5F1936416C75B,uk_misc_car_parts_assorted_04
65D5F6936416CFDA,uk_misc_car_parts_assorted_03
65DB2DFD1FB05DD0,tag_glass_bus_left_03_d2
65DB2EFD1FB05F83,tag_glass_bus_left_03_d3
65DB2FFD1FB06136,tag_glass_bus_left_03_d0
65DB30FD1FB062E9,tag_glass_bus_left_03_d1
65E2C5DD7A82DCCC,j_l_eye
65E96E6475C24A81,tag_orign
65EE3EB3B7190B02,j_mouth_inner
65FC290951A6AFDD,j_light_02_red
65FC87F96E6E69A5,j_stone_09_ri
660104FF073E0A23,wire_1_jnt
6607C44104020813,ee_trim_wall_large_01_128
6615158B5DE29247,j_cosmetic_back_knife_01_a
6615826C00965FFE,tag_launcher_offset
6623FF3F054AA3E9,j_eyelidbulge_ri
66297D54EFBD184F,lag_portable_radio
662D11872666BF79,j_bags
662FC8325039C6F2,tag_turret_npc
663213500B83FE8B,t10_sabotage_construction_powergrid_giant_pipes_01
663B318726733335,j_back
663C0520C9938D8F,ee_trim_small_roof_48_destroyed_02
6645283280B58712,storage_shipping_container_door_right_capping2
66474E8254F95515,j_carry_clavicle_le
66530C8726878637,j_ball
6653ABBFA9F60167,j_bipod_leg_02_upper
665A92DF42C6D634,j_hair11
665A93DF42C6D7E7,j_hair10
665A95DF42C6DB4D,j_hair12
665AD4BFA19450AA,wires_generic_01_floor_a_lod0
666577084539A962,j_le_ear
666636B40309E04B,tag_door_back_left_d0
66696A404185ECDF,j_base_elbow_le
667158BF90EE6BF2,tag_missilepod_le_02_animate
66852E82552E7FD3,j_carry_clavicle_ri
6690997E02DBFA1E,tag_fx_armor_trap_le
6693FF414BCE3932,j_gun_adjust
66945520D7BEDBDA,tag_leg_rr_piston_upper_aim
66974D09E1BF27B6,j_cosmetic_tape_a
66A443AB9CDCF9D5,j__elevator_dbl_car
66A791F0B26DB9D7,j_cosmetic_lgasbombb
66A792F0B26DBB8A,j_cosmetic_lgasbomba
66B0DC42A0A97D6F,t10_kitchen_market_stalls_food_tray_06_mesh
66BD65023EE40760,havok_01
66C726A98E8A3729,uk_metal_frame_warehouse_03
66C728A98E8A3A8F,uk_metal_frame_warehouse_05
66C729A98E8A3C42,uk_metal_frame_warehouse_06
66CF924041DCE409,j_base_elbow_ri
66CFAF9F3372D91F,jup_lighting_dun_ceiling_square_01_mesh
66DB2BA98E9AE8B2,uk_metal_frame_warehouse_64
66ED489146DD6553,jup_furniture_metal_bar_table_02
66EDA7D123D0B506,blades
66F112E9B7075C3F,me_corrugated_metal1_lod0
670ACE179F25EF40,p_glo_electrical_pipes_long_lod0
670C43C4CE843231,boat_anchor_small_01
670C8F3B53F7E5E1,j_propeller
6728E94BDC2C7320,j_chin_add_ri_003
6728EA4BDC2C74D3,j_chin_add_ri_002
6728EB4BDC2C7686,j_chin_add_ri_001
6728F04BDC2C7F05,j_chin_add_ri_004
67351734B9F64601,j_shock_rod_middle1_left_aim
673F156C64F69A6A,proxy_trash_plastic_bin_green_open_01_no_text
67471E71EFC78950,geo2
67471F71EFC78B03,geo3
67472171EFC78E69,geo1
67472271EFC7901C,geo6
67472371EFC791CF,geo7
67472471EFC79382,geo4
67472571EFC79535,geo5
67472871EFC79A4E,geo8
67472971EFC79C01,geo9
6772966D74AECF75,j_relic
67AE9B8E305B5C9A,j_cosmetic_mask_5_1
67B07C6BC50F39DA,j_tray_prongs
67BA2FE0EAC98F5F,j_neck_prop
67C2BE9FB07EFE3E,j_legextra_ri_end
67D37EFE9B374773,j_box_handle_side_02
67D37FFE9B374926,j_box_handle_side_01
67D8BFB434294AE3,tag_hood_d0
67DF1C8B912057AC,t10_food_market_meats_destr_combined_14_lod0_mesh
67E97589F1E00ED7,j_comms
67FA4B86CD516D81,tag_fx_armor_ribs_le
67FCA5B648579DEE,tag_glass_rear_left_d4
67FCA6B648579FA1,tag_glass_rear_left_d5
67FCA7B64857A154,tag_glass_rear_left_d2
67FCA8B64857A307,tag_glass_rear_left_d3
67FCA9B64857A4BA,tag_glass_rear_left_d0
67FCAAB64857A66D,tag_glass_rear_left_d1
680090AFDBC19C40,group12410
68022D7945EEC972,j_barrel_3_mount
680A1FC588A8E68C,tag_trailer_door_right_b_animate
681E774D8DA88EA0,j_c4_ring
683AEC19C0750F92,l_backleg2_jnt
6841F9511B5B4237,j_cosmetic_maintip_jnt
68465C57229DFE23,j_cosmetic_waist_buckle_01
68465D57229DFFD6,j_cosmetic_waist_buckle_02
6850AFF034CC7AF7,jup_lattice_fence_128_01_lod0
68643C2109E25B02,j_pipe
68718AEEF2939433,tag_blade_b
68718BEEF29395E6,tag_blade_a
6881FE74BFF017FC,j_main_light_side_off
689000703180E36E,j_pipe_front_end_ri_01
68A115ECFED86A61,tag_shelf3
68A5B396B8E71B86,j_fan_rear_ri
68AB2D318546E044,j_lamp_1
68AB2F318546E3AA,j_lamp_3
68AB30318546E55D,j_lamp_2
68AB74B7F23222EA,j_barrel_reload
68B2251365F01D7F,origin_animate_jnt_iw8pos
68B2258CA9825DF3,j_hinge_top_02_open_lod0shape_jnt
68BAA47A661A0E19,t10_lighting_floodlight_standing_01
68BFD6ED980C8EF6,seat3_le_jnt
68C445306182325C,aac_office_desk_lamp_01_lod0
68C4D1BE4AEDD158,j_cosmetic_price_bag_01
68C4D2BE4AEDD30B,j_cosmetic_price_bag_00
68C4D3BE4AEDD4BE,j_cosmetic_price_bag_03
68C4D4BE4AEDD671,j_cosmetic_price_bag_02
68C9F8210A389AA8,j_pin5
68C9F9210A389C5B,j_pin4
68C9FB210A389FC1,j_pin6
68C9FC210A38A174,j_pin1
68C9FE210A38A4DA,j_pin3
68C9FF210A38A68D,j_pin2
68D4CB96B90EB510,j_fan_rear_le
68D55E95EA1FA429,j_dummy_l_wrist
68E4328B20116D8D,j_radio
68F206E24A60B2A6,r_ripupper0_jnt
68F5CB8C31EE6C1E,jup_fence_bullpen_metal_64x64_mesh
68F9FC2A6C215F3F,ee_wall_wood_planks_48_white_01
68FA66AEFE7F7FEB,tag_leg_fl_ankle_roll
68FF258B20281F2E,j_radar
692731763BE46FF9,j_seat_material_end_ri
69275E7F1260FF47,j_military_shooting_target_base_01
69276044890A1B88,j_proc_chest_ri
692789718BA01020,ee_roof_metal_corner_128
692BB8E82EA91B84,tag_wing_tip_right
692E49763BEAB76F,j_seat_material_end_le
693E271A742DDB38,j_speed_loader_nade00
693E281A742DDCEB,j_speed_loader_nade01
693E291A742DDE9E,j_speed_loader_nade02
693E2A1A742DE051,j_speed_loader_nade03
693E2B1A742DE204,j_speed_loader_nade04
693E2C1A742DE3B7,j_speed_loader_nade05
694950448926E6BE,j_proc_chest_le
694DE875AB317594,jup_sign_convenience_japan_01_64_logo
695AAE43600E6528,j_manb_hip_le
6961864360143FDE,j_manb_hip_ri
696ABB919BCF6766,t10_food_market_goods_banana_pile_01_lod0
697E6BA57E9D73EF,display_box_top
69845F1780C50985,j_proc_hood
6987559365F30112,anchor2
69985E3F4F65F0B9,equipment_ac_unit_old_01
69A1A62BC3482588,j_door_02_big
69A4965FB260EF62,left_off
69A62E55C14C6C2B,j_weakspots_armor_le
69B2EF86A9A12159,j_lantern_back_ri_04
69B2F086A9A1230C,j_lantern_back_ri_03
69B2F186A9A124BF,j_lantern_back_ri_02
69B2F286A9A12672,j_lantern_back_ri_01
69BC8B1D96817687,tag_antenna
69BFCC4BAFAD9065,structural_bracket_iron_rusted_32_t_01
69C49E672E4425FD,j_bolt_01
69C98CCF535261AB,j_cosmetic_ri_cloths_b_02
69C98DCF5352635E,j_cosmetic_ri_cloths_b_01
69CE47A7587803AD,jup_fabric_plane_pillow_01_mesh
69D4AF080B0749B7,j_nvg
69E065640B587CE1,un_office_storage_box_01_lid
69F12E55C18C57A5,j_weakspots_armor_ri
69F782AEC4C1D147,tag_top_hull_hatch_right_animate
6A062D36C1EADB9A,j_hiptwist_ri_prop
6A094555700C1881,j_toptray
6A1F1A4CD455032F,j_cosmetic_spinelower_backsidetip_le_new
6A26E50C16ED9A97,tag_wheel_back
6A27810666E3E491,j_barrel_2_mount
6A3B3C716A399E36,tag_tail
6A592A91D4D50700,tag_window_cover
6A5B479417C6C2D3,j_safedoor
6A6D65F7C6A9B120,j_neck_le_2
6A6D68F7C6A9B639,j_neck_le_1
6A7121C74B88546B,j_ejectionportcover2
6A7122C74B88561E,j_ejectionportcover1
6A71263BC76BFAB6,j_screen_01_off
6A72B306E6FFF1E0,t10_zm_steel_metal_elevator_door_01_mesh
6A823DAC1C2846B9,flip_jnt
6A8350A7BE25DBCD,door_landing_gear_ri_2_jnt
6A941C3072EB6A02,j_brain
6A9E566F8DFD793E,j_stationary_train_car_wheels_02_bk
6AAB776F8E083BAD,j_stationary_train_car_wheels_02_fr
6ABDFCB2E01EA0D6,j_body_left
6AC607C918346C78,tag_back_rail
6AC63D13CFD51C01,jup_ee_construction_log_03_mesh_straight109
6AC93B13CFD74E72,jup_ee_construction_log_03_mesh_straight113
6AC93C13CFD75025,jup_ee_construction_log_03_mesh_straight112
6AD0DA8D31BB60CE,j_thumb_ri_1_prop
6AE462193BA89066,tag_bar_3_right
6AF1741FCCA571D3,tag_leg_upper_le
6B05A41FCCB66C6D,tag_leg_upper_ri
6B06663088417936,tag_usb
6B07DE507E7DC9A3,p7_tools_nail_lod0
6B0862C7234F1C7D,j_metaindex_le_1
6B1CB54ED12E8D24,t10_fence_chainlink_mid_gate_80_mesh
6B21BF1BA06B0253,j_innerlip_top_le_001
6B240CDE63277555,j_support_box_top_metal_lock_left
6B32A7052BF00E5F,group43040
6B36DCDC6C3E98CB,tag_left_off
6B39BDBE962C6222,tag_mount_pivot
6B4BC7DC46A94B45,j_expand_bounding_box
6B510C7294EED5C5,mout_barrier_concrete_64
6B578C7294F41AF3,mout_barrier_concrete_48
6B609FF7DDE86158,pipe_aim_up_loc
6B60A050479319F0,j_leg_front_knee
6B6C05B40B74CAFA,archway_city_hall_pillar_01_dest
6B79683FF411282A,me_window_frame_wood_single_01_brown_damaged_01
6B7D187295142514,mout_barrier_concrete_96
6BDFCFEAA6AFDDFC,jup_sign_metro_signage_stand_01_mesh
6BE3337B40E8D17A,building_cable_post_wood_pole_30_feet
6BE40F97E72ED36F,j_ball_ri_prop
6BE9FD13F45C3B88,tag_glass_bus_left_06_d1
6BE9FE13F45C3D3B,tag_glass_bus_left_06_d0
6BE9FF13F45C3EEE,tag_glass_bus_left_06_d3
6BEA0013F45C40A1,tag_glass_bus_left_06_d2
6BF231964E1AB611,sat_construction_wall_farm_sugarcamp_swatch_02_mesh
6BF4D48F7624C24E,tag_drone_attach_013_d0
6BFADAB32FD3FE30,j_canopy_left_back
6C00B8B9E74A88AF,sat_electronics_zero_control_panel_console_base_01_mesh
6C072D45FE3F834F,tag_roof_light_left
6C0A33226FD346F3,t10_app_signage_beepers_store_06_top
6C15CCACD81E3B5B,tag_left_tail_fx
6C17E8BEBED33018,equipment_patio_bbq_grill_lid_01_part2
6C17EBBEBED33531,equipment_patio_bbq_grill_lid_01_part1
6C1DDE3CE138CB44,wire_hanging_01_064x00_01
6C1DE13CE138D05D,wire_hanging_01_064x00_02
6C23CEF4B8F70240,j_pallet
6C2846C966F74F23,tag_light_belly
6C3A9F75DC6EC4C4,j_hiptwist_le_prop
6C40B89601716DCE,bucket_handle
6C4242287318796B,j_suspension_back_left_aim
6C44623518F8198B,j_cosmetic_rcarabinerbstringbend
6C4D09BD61909188,tag_striptable_01
6C4D0BBD619094EE,tag_striptable_03
6C4D0CBD619096A1,tag_striptable_02
6C4D0DBD61909854,tag_striptable_05
6C4D0EBD61909A07,tag_striptable_04
6C5A623E42B10BE3,j_eye_lid_top_le_003
6C5A673E42B11462,j_eye_lid_top_le_004
6C5A683E42B11615,j_eye_lid_top_le_005
6C5E153373CFEE70,j_torch
6C5E1F33C016A052,j_medical_home_cabinet_hinge
6C5EEA8532F8BC53,t10_sabotage_construction_vertical_ladder_01_lod0
6C67CC23D11B9161,tshrit02
6C74919D2CEAA03F,ee_roof_metal_flat_dmg_01
6C74929D2CEAA1F2,ee_roof_metal_flat_dmg_02
6C893667B79102AF,ri_ear
6C99DD5AC35F2B0F,tag_turret_dmg02
6C99DE5AC35F2CC2,tag_turret_dmg01
6C9BC0D5F669EF0A,j_cosmetic_rstrap
6CA6D8AD1D159403,j_toga_01
6CB52B1E183E203F,j_seat_belt_03_le
6CC0A5A2359674B7,structural_bracket_iron_rusted_32_thin_l_01
6CC0A6A23596766A,structural_bracket_iron_rusted_32_thin_l_02
6CC3220C6107B1C9,j_cosmetic_gasnade
6CDB163923578660,uk_furniture_sporting_goods_shelving_04
6CE378CDD2C6E324,j_webbing_ri_3
6CE379CDD2C6E4D7,j_webbing_ri_2
6CE37ACDD2C6E68A,j_webbing_ri_1
6CE4191C279667D5,tag_camera_chunk_dst
6CEDD507D2C6C6AB,tag_missile_clamp_right_piston_lower_aim
6CF7ED92C9B712C9,j_dummy_head
6CF892DD59444A4F,tag_rocket_left1
6CF893DD59444C02,tag_rocket_left2
6CFC7BDD78BD79D3,building_corrugated_metal8x8_simple
6CFEE5EA7DD09F24,j_undernose_add_cn_002
6CFEE6EA7DD0A0D7,j_undernose_add_cn_003
6CFEE8EA7DD0A43D,j_undernose_add_cn_001
6D068AE4A5816CCF,j_pipe_1_le_fx
6D09B0D3108999B0,tag_wire_118
6D09B1D310899B63,tag_wire_119
6D09B8D31089A748,tag_wire_110
6D09B9D31089A8FB,tag_wire_111
6D09BAD31089AAAE,tag_wire_112
6D09BBD31089AC61,tag_wire_113
6D09BCD31089AE14,tag_wire_114
6D09BDD31089AFC7,tag_wire_115
6D09BED31089B17A,tag_wire_116
6D09BFD31089B32D,tag_wire_117
6D0D35D3108CB186,tag_wire_109
6D0D36D3108CB339,tag_wire_108
6D0D3BD3108CBBB8,tag_wire_103
6D0D3CD3108CBD6B,tag_wire_102
6D0D3DD3108CBF1E,tag_wire_101
6D0D3ED3108CC0D1,tag_wire_100
6D0D3FD3108CC284,tag_wire_107
6D0D40D3108CC437,tag_wire_106
6D0D42D3108CC79D,tag_wire_104
6D0E8235EAF1B3F1,j_straps_topfrontleft
6D10BED3108FD028,tag_wire_136
6D10C0D3108FD38E,tag_wire_134
6D10C1D3108FD541,tag_wire_135
6D10C2D3108FD6F4,tag_wire_132
6D10C3D3108FD8A7,tag_wire_133
6D10C4D3108FDA5A,tag_wire_130
6D10C5D3108FDC0D,tag_wire_131
6D1429D31092BBD0,tag_wire_121
6D142AD31092BD83,tag_wire_120
6D142BD31092BF36,tag_wire_123
6D142CD31092C0E9,tag_wire_122
6D142DD31092C29C,tag_wire_125
6D142FD31092C602,tag_wire_127
6D1430D31092C7B5,tag_wire_126
6D1431D31092C968,tag_wire_129
6D1432D31092CB1B,tag_wire_128
6D1B531E18951769,j_seat_belt_03_ri
6D1EC07E163DB519,j_suspensionpiston_rear_left_aim
6D253AF258B51904,tag_passenger
6D28647190BEA7A7,j_grp_wristwatch_hour
6D29BBE88E3C05F2,t10_food_market_fruit_drink_01_lod0_mesh
6D34B21023B4B7F0,sat_storage_gastank_36x36x48_01_lod0
6D3E289493AD903E,ammo_box_01_open
6D472D865FC63B8E,j_stationary_train_car_wheels_01_fr
6D4F40804DB5817C,attitude_jnt
6D553E865FD295CD,j_stationary_train_car_wheels_01_bk
6D6FC03769097082,j_cosmetic_vest_lower
6D712C2ABAB52B71,j_cloth_simmesh_5_end
6D76F2ECB1AFF119,tag_origin_part_mirror_fr
6D770CECB1B01D47,tag_origin_part_mirror_fl
6D82FBAB2D854C84,j_cylinder_hinge
6D8AA74236915784,tag_top_light_on
6D97B142369BF2DE,tag_top_light_cd
6D9855D6C7ACA0DA,tag_flashlight
6D99DA0A8019B97C,j_page_11
6D99DB0A8019BB2F,j_page_10
6D99DD0A8019BE95,j_page_12
6D9A7571D4082489,j_innerlip_top_ri_001
6D9D14B9EDF8F069,j_proc_mid_ri_1
6DC44D1575EC194A,tag_mirror_right
6DC7D6F7D7B0D560,j_towelside_le
6DEA7D1F4D6E1191,jup_gate_steel_rollup_box_01_lod0
6DED43EE6AECE373,tag_optic_show
6DEEC974699E05FA,fastrope_base_le_jnt
6DF3CAD01F2DAE6F,tag_green
6E008FD57BC272B9,j_clamp_upriver01_upri
6E03523B91708000,ee_roof_metal_flat_diagonal_01
6E03553B91708519,ee_roof_metal_flat_diagonal_02
6E04FEF7D7E4C776,j_towelside_ri
6E08EC61348B1E29,construction_window_frames_metal_double_02_white
6E23B48E3363A555,j_cosmetic_mask_4_1
6E250626329B34F2,tag_ramp_lower_dst
6E294F2FC2FEB5C3,j_seat_belt_01_ri
6E32CC427F6ABEB6,lm_structural_roof_trim_128_a
6E3F1A47A5F09447,t10_barrier_glass_half_wall_end_cap_01_mesh
6E4D911F97ACC592,j_corner_1_b
6E506D5C7C2D0A5B,ee_book_office_folder_01
6E506E5C7C2D0C0E,ee_book_office_folder_02
6E506F5C7C2D0DC1,ee_book_office_folder_03
6E5638AAD1A18A39,j_cosmetic_lropebagbase
6E592F2FC327A325,j_seat_belt_01_le
6E5FCF61A2ED439C,tag_light_hatch_left_d0
6E5FD061A2ED454F,tag_light_hatch_left_d1
6E5FD161A2ED4702,tag_light_hatch_left_d2
6E616A1BEB1BF8BB,j_balton_mid
6E66AEBAF9013896,j_ub_grenade_empty
6E6AEEEE04FE87BD,jup_art_modern_sculpture_06_mesh
6E74294BFED73070,tag_wire_2
6E742A4BFED73223,tag_wire_3
6E742C4BFED73589,tag_wire_1
6E742D4BFED7373C,tag_wire_6
6E742E4BFED738EF,tag_wire_7
6E742F4BFED73AA2,tag_wire_4
6E74304BFED73C55,tag_wire_5
6E74334BFED7416E,tag_wire_8
6E74344BFED74321,tag_wire_9
6E7B04F93A9FC360,umbr_rig_238
6E7B05F93A9FC513,umbr_rig_239
6E7B0CF93A9FD0F8,umbr_rig_230
6E7B0DF93A9FD2AB,umbr_rig_231
6E7B0EF93A9FD45E,umbr_rig_232
6E7B0FF93A9FD611,umbr_rig_233
6E7B10F93A9FD7C4,umbr_rig_234
6E7B11F93A9FD977,umbr_rig_235
6E7B12F93A9FDB2A,umbr_rig_236
6E7B13F93A9FDCDD,umbr_rig_237
6E7E8AF93AA2DCE9,umbr_rig_228
6E7E90F93AA2E71B,umbr_rig_222
6E7E91F93AA2E8CE,umbr_rig_221
6E7E92F93AA2EA81,umbr_rig_220
6E7E93F93AA2EC34,umbr_rig_227
6E7E94F93AA2EDE7,umbr_rig_226
6E7E95F93AA2EF9A,umbr_rig_225
6E7E96F93AA2F14D,umbr_rig_224
6E7EACEB45855D86,uk_house_gutter_pipe_64_01
6E8190F93AA51CF2,umbr_rig_218
6E8191F93AA51EA5,umbr_rig_219
6E8192F93AA52058,umbr_rig_216
6E8195F93AA52571,umbr_rig_215
6E8196F93AA52724,umbr_rig_212
6E8197F93AA528D7,umbr_rig_213
6E8198F93AA52A8A,umbr_rig_210
6E8199F93AA52C3D,umbr_rig_211
6E84FDF93AA80C00,umbr_rig_201
6E84FEF93AA80DB3,umbr_rig_200
6E84FFF93AA80F66,umbr_rig_203
6E8500F93AA81119,umbr_rig_202
6E8501F93AA812CC,umbr_rig_205
6E8502F93AA8147F,umbr_rig_204
6E8504F93AA817E5,umbr_rig_206
6E8505F93AA81998,umbr_rig_209
6E8506F93AA81B4B,umbr_rig_208
6E8F88F93AB14CB6,umbr_rig_258
6E8F8EF93AB156E8,umbr_rig_252
6E8F90F93AB15A4E,umbr_rig_250
6E8F91F93AB15C01,umbr_rig_251
6E8F92F93AB15DB4,umbr_rig_256
6E8F93F93AB15F67,umbr_rig_257
6E8F94F93AB1611A,umbr_rig_254
6E8F95F93AB162CD,umbr_rig_255
6E928DF93AB38B0C,umbr_rig_249
6E928EF93AB38CBF,umbr_rig_248
6E9291F93AB391D8,umbr_rig_245
6E9292F93AB3938B,umbr_rig_244
6E9293F93AB3953E,umbr_rig_247
6E9294F93AB396F1,umbr_rig_246
6E9296F93AB39A57,umbr_rig_240
6E9298F93AB39DBD,umbr_rig_242
6E96CE8E32241023,j_handle1
6E96CF8E322411D6,j_handle2
6E96D08E32241389,j_handle3
6E96D18E3224153C,j_handle4
6EA5442347A21130,j_lantern_front_le_03
6EA5452347A212E3,j_lantern_front_le_02
6EA5462347A21496,j_lantern_front_le_01
6EA54B2347A21D15,j_lantern_front_le_04
6EAE41D81AB0EC50,j_chute_b_mid_cord_5
6EAE42D81AB0EE03,j_chute_b_mid_cord_4
6EAE43D81AB0EFB6,j_chute_b_mid_cord_7
6EAE44D81AB0F169,j_chute_b_mid_cord_6
6EAE45D81AB0F31C,j_chute_b_mid_cord_1
6EAE47D81AB0F682,j_chute_b_mid_cord_3
6EAE48D81AB0F835,j_chute_b_mid_cord_2
6EAE4DD81AB100B4,j_chute_b_mid_cord_9
6EAE4ED81AB10267,j_chute_b_mid_cord_8
6EBBA1E4A32872BC,jup_furniture_rest_table_counter_height_01
6EBBA4E4A32877D5,jup_furniture_rest_table_counter_height_02
6ECE5FFB120395E0,tag_aileron_left
6ED9A6571608FEB7,uk_tire_stack_01
6EDCA02DC2D81190,j_ub_grenade
6EDD9EE59720F384,t10_food_eggs_carton_01_geo
6EDE2E45410214AB,zmb_light_sconce_01_lod0
6EE49E3335E74A16,tag_back_02
6EE49F3335E74BC9,tag_back_03
6EE4A03335E74D7C,tag_back_04
6EF02C1A325AE77F,jup_appliance_coffee_pot_01_mesh
6EF3C36F184472A8,me_gas_lantern_01
6EF52271D8193E64,uk_tool_box_large_03b
6EF88279536105E1,tag_front_left_armor_dst
6EF98235A9AED289,j_legs_03_upper_leg
6EFC3271D81F7842,uk_tool_box_large_05b
6F050C1DA21F0D48,j_cloth_simmesh_15_end
6F14C5BF5968D48B,dash_ring_jnt
6F183D5D2FC32A18,j_cosmetic_pouch_rolled
6F363BE253F1DF48,j_paper
6F42C3818E8197FC,j__elevator_car
6F4D94DA64C6F69B,j_horn
6F5788DA64CF36BC,j_hood
6F578FDA64CF42A1,j_hook
6F61CE57AC9AC1C7,j_towel_mid2_side1
6F61CF57AC9AC37A,j_towel_mid2_side2
6F678DDAC00692ED,pedal_r_jnt
6F6EF03218B361BC,un_stairs_exterior_brick_128
6F714B8951F895AC,jup_furniture_rest_table_dining_02
6F714E8951F89AC5,jup_furniture_rest_table_dining_01
6F75C8EF283ADA0E,uk_appliance_fridge_mini_02_lod0
6F7E16680CDFA85D,construction_doors_wood_single_frame_green
6F860FCE455CCF4A,j_proc_holster
6FB93FE49A0FCCBE,j_rocket
6FC7FB816A580944,j_cosmetic_backpack_toploop_01
6FC7FE816A580E5D,j_cosmetic_backpack_toploop_02
6FD20C969719D0F4,sat_signage_forge_server_fui_plane_03_mesh
6FD9E10084BAC41F,j_card1
6FD9E20084BAC5D2,j_card2
6FE3970084C29AE6,j_cargo
6FE5F752FF5F52AD,sleeve
6FECE3A431D67025,j_cosmetic_pouch
6FED31D7C5D3AED0,t10_food_market_fruit_cup_05_lod0_mesh
6FEDE97D18BB324E,j_small_gate_root
6FEEB336ACF5BB18,dyn_belt
6FFBD5C79074D630,sat_jpn_decor_display_bas_relief_01_lod0
700C077BB0FC274C,tag_brake_pedal
701DCD1EC4DC07AF,jup_us_street_playground_slide_mesh
70207CF5689D34D6,jup_street_park_pole_stone_01_mesh
70218CCCFFB99C24,j_panel1_screen_up
7026D2232900ABA6,tag_debris_wing_tip_l
7026EC232900D7D4,tag_debris_wing_tip_r
702AEB31EBD5347F,j_cosmetic_grenade_pouch_h
702AEE31EBD53998,j_cosmetic_grenade_pouch_e
702AEF31EBD53B4B,j_cosmetic_grenade_pouch_d
702AF031EBD53CFE,j_cosmetic_grenade_pouch_g
702AF131EBD53EB1,j_cosmetic_grenade_pouch_f
702AF231EBD54064,j_cosmetic_grenade_pouch_a
702AF431EBD543CA,j_cosmetic_grenade_pouch_c
702AF531EBD5457D,j_cosmetic_grenade_pouch_b
702D8C450F621C7A,j_interior_hand_ring1_end
703D173F8A4DBC6F,uk_windows_exterior_metal_bar_02
705030F002D88974,utility_electric_grid_beam_01
705033F002D88E8D,utility_electric_grid_beam_02
7063388796DDC220,tag_radar
70875A9753345D46,j_dynamichelmet
70A092103A6BC025,tag_leg_fr_flatten_piston_upper_aim
70A3FDA2C97C152D,uk_barrier_yellow_post_01
70ADC74D369401FB,tag_hubcap_front_left
70B283358E47AE77,j_power
70C1CC750BA93F41,roof_asbestos_sheet_64x32_01_lod1
70C72B408F318E7E,j_suspension_back_right_tgt
70CA7869BDCB3320,j_cosmetic_magpouch_10
70CDFB69BDCE4790,j_cosmetic_magpouch_03
70CDFC69BDCE4943,j_cosmetic_magpouch_02
70CDFD69BDCE4AF6,j_cosmetic_magpouch_01
70CDFF69BDCE4E5C,j_cosmetic_magpouch_07
70CE0069BDCE500F,j_cosmetic_magpouch_06
70CE0169BDCE51C2,j_cosmetic_magpouch_05
70CE0269BDCE5375,j_cosmetic_magpouch_04
70CE0569BDCE588E,j_cosmetic_magpouch_09
70CE0669BDCE5A41,j_cosmetic_magpouch_08
70D2494F7CDD2BFA,tag_ik_loc_ri_seat_0
70DBBB0DFC372FCE,tag_light_red_off
70E949523F239D86,un_military_duffle_bag_small_01
70E95440222BB24F,military_radio_crate_01_destr_s1_f2
71145CB1AC2377CA,j_cosmetic_lropebagclip
71152CA508840D44,j_wolf_3
71152DA508840EF7,j_wolf_2
71170B0B4C6E63BF,j_spade
712361E6E8DCBDD1,uk_house_handrails_angle_32
71291F595FB2E497,bsh_boat_deck_winch_01_lod0
712B859AF6F7DFC7,mc_mill_pond_machinery_gear_01_lod0
712D55E6E8E4FDF2,uk_house_handrails_angle_64
7133C4E4F015806C,ee_furniture_chair_patio_01
7133C7E4F0158585,ee_furniture_chair_patio_02
7136A702B83BBA1F,j_base_clavicle_le
714017705FA17C3C,j_shock_03_rod_back_left_tgt
71420D12E4E81518,tag_glass_windshield_d5
71420E12E4E816CB,tag_glass_windshield_d4
71421112E4E81BE4,tag_glass_windshield_d1
71421212E4E81D97,tag_glass_windshield_d0
71421312E4E81F4A,tag_glass_windshield_d3
71421412E4E820FD,tag_glass_windshield_d2
714238A8507E01F3,j_zmb_glowstick_bottom
714867DCF29A6802,j_offhand_t10_walkie
715DF4F9D786E690,tag_front_left_fx
716A6FB6EC037DC0,j_image1_off
71765620D3E86278,tag_base_static
717C4BD7454C81D4,ar_06_fx
718DA9B2DCEF0A01,j_front
719BCF02B890FE49,j_base_clavicle_ri
719C5819EF8927F3,j_interior_hand_ring6_end
719EF384BBC37CD9,sat_al_rocks_ice_cliff_03_mesh
71A3968D326278D9,tag_sync_prop
71AC44E8DE4CD2E3,tag_gunner_turret1_null
71C0AE668C761DAD,tag_mid_rod_hide
71C19F65FFB950D2,j_comms1
71C71F9C448792E3,j_cosmetic_wire_pin
71D66D10FA7B5AC0,j_bipod_right_hide
71D70B958492BF56,accessory_old_hanging_buoy_01
71D8CB3C44F2D764,l_tail3_jnt
71D9A37CB2ECFE08,j_thumb_ri_3
71D9A47CB2ECFFBB,j_thumb_ri_2
71D9A57CB2ED016E,j_thumb_ri_1
71D9A67CB2ED0321,j_thumb_ri_0
71D9AA7CB2ED09ED,j_thumb_ri_4
71E304E10E569C24,t10_decor_mailbox_post_01_0_door
71F4BD08578A23D3,j_cosmetic_knife_01
71FFB2A992233F7F,tag_joint_02
720382A64AD067F3,tag_drone_attach_016_d0
7204159C6700E2B4,tag_body_dst
7218807C42BF9994,j_jaw_le_3
7218817C42BF9B47,j_jaw_le_2
7218827C42BF9CFA,j_jaw_le_1
7218AD24CC6D9873,roof_1
7218AE24CC6D9A26,roof_2
7219522D4F88E037,sgon_q1_support_cluster_mansions__4e97c2e8_gl_7da918d6_2_high
724A1CCD46ED3814,tag_turret2
724C05492F95138A,front_axle_le_z
724F588D6D14B71A,tag_suspension_base_l_debris
72502E008379C0F2,tag_window_back_right_2
725B9514677D31E8,j_mid_le_3
725B9614677D339B,j_mid_le_2
725B9714677D354E,j_mid_le_1
725B9814677D3701,j_mid_le_0
725F6FD346E71DAC,tag_fx_lights_emissive_red
7276961616DE98A6,tag_screen_activation_done
72814260F006BD2B,j_proc_index_ri_1
729585308C3953D8,tag_vfx
72975CCE9F403BA6,j_light_red
729B284396652515,t10_topaz_wall_planter_ledge_curved_01_mesh
72B025478CE5ECE7,tag_blade_b_dst
72B5AD1CEBC2A55F,tag_fx_shoulder_le
72B73B3F834CBFF4,j_cloth_thigh_le_02
72B73C3F834CC1A7,j_cloth_thigh_le_03
72B73E3F834CC50D,j_cloth_thigh_le_01
72B966BF59F9749C,tag_door_rear_right_scrap
72C585161191EE4A,ee_trim_wall_large_01_4
72CEEDF2C32A5642,t10_terrain_snow_slush_01_lod0
72D1B84D89ABE356,tag_head
72D70BF71E1A7569,aim_jnt
72DD1FEC67E33E73,hatch_hydraulics_top_jnt
72DEB0856D1BAB7A,tag_wheel_trailer_back_left_d0
72ECE214DB572108,j_cosmetic_boots_ri_2
72ECE514DB572621,j_cosmetic_boots_ri_1
730AD04C0A12303B,tag_wheel_back_left_attach
73127D99B1D55A70,j_wire_4
73127E99B1D55C23,j_wire_5
73127F99B1D55DD6,j_wire_6
73128299B1D562EF,j_wire_1
73128399B1D564A2,j_wire_2
73128499B1D56655,j_wire_3
7312F8094B72EBC6,tag_elevator
731BD51CEC199C89,tag_fx_shoulder_ri
7320616AA8102F07,jup_pillar_column_mid_01_24x120_mesh
7324CF69B59961A5,j_suspensionbar_rear_left_tgt
732933F1DE004BB2,tag_tail_rotor_blade04_rot
7329CA2D8285C3B0,t10_barrier_chain_metal_rusty_01_link_96_s7
7329CB2D8285C563,t10_barrier_chain_metal_rusty_01_link_96_s6
7329CC2D8285C716,t10_barrier_chain_metal_rusty_01_link_96_s5
7329CD2D8285C8C9,t10_barrier_chain_metal_rusty_01_link_96_s4
7329CE2D8285CA7C,t10_barrier_chain_metal_rusty_01_link_96_s3
7329CF2D8285CC2F,t10_barrier_chain_metal_rusty_01_link_96_s2
7329D02D8285CDE2,t10_barrier_chain_metal_rusty_01_link_96_s1
7329D92D8285DD2D,t10_barrier_chain_metal_rusty_01_link_96_s8
732BDAC926331B1D,j_swhiskey_wonton
73309147D1136B12,sat_tool_pirate_sword_01_mesh
73313EEC0B9311B5,uk_building_exterior_concrete_stairs_8_left_01
7340C03EFCF5D078,tag_glass_front_left_d3
7340C13EFCF5D22B,tag_glass_front_left_d2
7340C23EFCF5D3DE,tag_glass_front_left_d1
7340C33EFCF5D591,tag_glass_front_left_d0
7340C63EFCF5DAAA,tag_glass_front_left_d5
7340C73EFCF5DC5D,tag_glass_front_left_d4
734109E1F8AA6AE7,j_suspension_front_aim_left
7343E9F392FB89F9,shotgun_04_fx
735210B9F8C8531A,ee_light_mounted_exterior_industrial_caged_02
73567A99B20F2223,j_wires1
73567B99B20F23D6,j_wires2
73612CAA81DB30D9,j_proc_spinelower_frnttip_ri
736844AA81E1784F,j_proc_spinelower_frnttip_le
736C3AD0905195D9,j_cosmetic_medpack
737177559C14BDCD,tag_leg_rr_ankle_roll
73895278CF5B71CD,j_sniper
738EA973CC3D5BBB,j_eye_lid_top_ri_1
738EAA73CC3D5D6E,j_eye_lid_top_ri_2
739C2D00FED109A3,tag_door_trailer_back_left_d0
73AD4C78067C0719,ee_fence_street_metal_01_endcap
73B1EAC00C850101,middle_right_axle_z
73B376EB8AF64711,j_metaindex_ri_1_prop
73B597F7069F5474,instrument_oud_guitar_01
73BBF6D74F05D9EB,j_cosmetic_lace_01_ri
73BC3FF20CD58EE6,j_primer_pivot
73BF05A676BBCAEA,tag_turret_hatch_right_animate
73C5F75595F45639,tag_light_off_fx
73CBE69320AC2AA4,j_cart
73CED09320AE3B19,j_cash
73CEDB9320AE4DCA,j_case
73D2AF9320B1EBDD,j_cap1
73D781FD5311C43C,t10_sabotage_window_iron_bar_grate_02_lod0
73F4ED9320CF3B9D,j_cans
73FA029D2301DAA0,j_panel_03
73FA039D2301DC53,j_panel_02
73FA049D2301DE06,j_panel_01
7405830921152CE9,saw_decor_mc_church_wall_arch_01_lod0
7406A13877B40ACF,j_cosmetic_id_pouch
740CC3DC29D80084,ee_machinery_industrial_mount
7412CB9320E7FF66,j_cage
74167FADDB357D7C,t10_food_market_fruit_cup_01_lod0_mesh
74169761691D8C84,wheel_front_r_aim_jnt
741BEAB1FE35D3D9,tag_gunner_left
742126D74F5B2BAD,j_cosmetic_lace_01_le
7427BEC8A346F4E8,j_cosmetic_gunbelte
7427BFC8A346F69B,j_cosmetic_gunbeltd
7427C2C8A346FBB4,j_cosmetic_gunbelta
7427C4C8A346FF1A,j_cosmetic_gunbeltc
7427C5C8A34700CD,j_cosmetic_gunbeltb
74526B10CC2807EB,building_wire_hole_wall_01
74526C10CC28099E,building_wire_hole_wall_02
7455D46A85D8B464,back_shockbushingend_ri
7459B35721D58BBF,lighting_red_emergency_01
746227C8377A0B52,j_straps_topfrontright
74629CA527298437,tag_ruddervator_ri_upper_animate
7465DD1693A26066,ee_sign_building_address_1st
74764A3BFC1DC950,j_cosmetic_flipper_a
74764D3BFC1DCE69,j_cosmetic_flipper_b
748025ED348175C5,tag_wing_left_front
748A7AD2A883E3A6,tag_barrel_slide
7492FC6A860CA67A,back_shockbushingend_le
74970507F02CC561,j_upper_suspension_plate_middle1_right_aim
74BD71C61EBF84D6,tag_snack
74C3FD556208C11F,roof_asbestos_sheet_128x128_01
74C97DBCABAECF1C,j_ancient_box_top
74CBEF45447844EC,t10_food_market_honey_bottle_combined_02_lod0_mesh
74D2883789F13D2B,tag_headlight_right
74D5F4B98CA0E0DC,t10_food_market_meats_combined_17_lod0_mesh
74DD66B32A5D5912,mout_barrier_concrete_144
74EAD8D261CBF64D,tag_attach_rotor_chunk_b2_dst
74F88CF64EF96553,j_follower1
750D1AD586A6F70E,uk_spray_bottle_01
751481D8F2C33EB0,j_pontoons_ri
7517ECDE9D47C7E8,tag_gunner_turret2_animate
751CD421D25345E9,tag_door_front_left_top_d0
751FE3483EAE5303,lift_jnt
7523A3AED5131258,brush_112
7525DACAC1948F3F,clothing_military_uniform_fabric_single_01
754045147E47BDBA,j_mana_foot_ri
7541273068DD5DA3,t10_int_decor_picture_frame_01_lod0
7542BEBC54785CF3,ee_light_fixture_lamp_short_02
7542BFBC54785EA6,ee_light_fixture_lamp_short_01
755425147E583064,j_mana_foot_le
7559246C0D4B9909,j_ghillie_proc_spinelower_swivel
755BE0E8B2BCE661,building_door_wood_worn_out_frame_01_lod0_part1
755DBE6E5EBBADC2,t10_debris_metal_sheet_01_lod0
756D61D8F30F3126,j_pontoons_le
757B1B3BB7847595,decor_metal_vent_wall_square
758EF3F70C616329,j_proc_hiptwist_base
758FA5CBA45EF452,furniture_milk_bucket_01
759B5997A7594AD3,sat_construction_metal_coupling_01_mesh
759DB7DFD1E45332,light_head
75AC66D44A72FB1D,j_scissors
75ADD89F3D922ABC,ee_floor_concrete_slab_02
75ADDB9F3D922FD5,ee_floor_concrete_slab_01
75BCA4538CB72991,tag_rear_right_landing_gear_piston_lower_aim
75BE06350F7F2D75,tag_bumper_guard
75CD1D2F995101AD,foliage_flower_periwinkle_group_01
75D6D5CE0FA69ABC,j_light_off
75D70D1D2CC8967C,t10_app_topaz_wall_wood_trim_corner_01_lod0_patch_81
75DC288DD3C71BE6,tag_fastrope_ri
75E8CF5B233BAB5E,j_storagesafe
75EE4593C3BC9848,tag_left_wing_fx
76086B032DFBECD6,ht_med_building_01_pillar_02_lod0_patch_18
760C408DD3F06870,tag_fastrope_le
760F7E1534482610,j_bowstring_ri_axle
761955CD4ED7A6C4,t10_decor_icicle_without_snow_set_01
761B1CFA365B706E,beak_pet
762B997BAB09F3B5,j_alien
76339B88357E5542,sat_window_small_falu_fishing_wood_white_01_lod0_mesh
7641B57040A5A880,j_screen_left_01
7641B77040A5ABE6,j_screen_left_03
7641B87040A5AD99,j_screen_left_02
7641B97040A5AF4C,j_screen_left_05
7641BA7040A5B0FF,j_screen_left_04
764519D510349909,fbxasc050024_wi_snow_mound_uav_01_lp_bake_me
76602C669084678B,roof_asbestos_sheet_broken_02_2sided
766262886F86F233,j_light_02_on_1
766263886F86F3E6,j_light_02_on_2
766264886F86F599,j_light_02_on_3
766265886F86F74C,j_light_02_on_4
766EE206768EFE1F,j_proc_spineupperlift
767B284E9029B608,j_cosmetic_headpipe_03
767B294E9029B7BB,j_cosmetic_headpipe_02
767B2A4E9029B96E,j_cosmetic_headpipe_01
767B2F4E9029C1ED,j_cosmetic_headpipe_04
76883DE19BF23E4D,aac_dumpster_01_lod0
769C81D6F5D21F0B,veh8_h1_airplane_compartment_handle_lod0
76AE8DAC949FA576,t10_food_market_fruit_drink_05_lod0_mesh
76B13A2902F32F14,j_skate
76B4433928CC4B97,tag_optics_barrel
76B445394CB8A571,lm_wall_rooftop_metal_lip_8_endcap_l
76B44F394CB8B66F,lm_wall_rooftop_metal_lip_8_endcap_r
76B8E6F2C26B655C,jup_archway_town_misc_01_lod0_jup_archway_town_misc_01_mesh
76C704B71CE11F0F,sat_frenetic_machinery_wall_panel_pipe_01_64x64_mesh
76CCC363DD15FA49,j_cosmetic_clips
76E82C499783FB0C,j_right
76EF7BFC9B5B0BE5,j_cosmetic_flippers
76F9A823E7A475DE,j_pivot
76FB7B4DC9622EBF,back_shockbushing_le
76FC2072673DC08B,j_lantern_front_ri_04
76FC2372673DC5A4,j_lantern_front_ri_01
76FC2572673DC90A,j_lantern_front_ri_03
76FC2672673DCABD,j_lantern_front_ri_02
76FD34B1BB82DA53,tag_blade_04_dst
76FF43FA9D049A88,ar_02_fx
770F752576C78C3C,tag_click
771514609722A8B6,j_cosmetic_drawstring_le_4
771515609722AA69,j_cosmetic_drawstring_le_5
771516609722AC1C,j_cosmetic_drawstring_le_2
771517609722ADCF,j_cosmetic_drawstring_le_3
771519609722B135,j_cosmetic_drawstring_le_1
771E980E14046964,tag_gun_debris
7729F3607F016C6C,j_flag_dyn_up_1
7729F5607F016FD2,j_flag_dyn_up_3
7729F6607F017185,j_flag_dyn_up_2
772C4551BFD5F346,tag_leg_fl_heel
773120379D0A4C93,tag_origin_canopy
773816F8CF04B9CF,tag_nose_debris
773A9D18EEB88E41,un_structural_cornerstone_90_neoclassical_104_lod0
7743BC2FF0DA1C11,j_charly
774D2CC1D07B2386,tag_light_emergency_red_01_d1
774D2DC1D07B2539,tag_light_emergency_red_01_d0
774DDA513BB391FC,leaves20128
774DE2513BB39F94,leaves20120
774DE3513BB3A147,leaves20121
774DE5513BB3A4AD,leaves20123
7750697511086DFB,sniper_01_fx
775134A27E51840B,door_mesh
77515D6581E923E8,j_cosmetic_cowl_lefte
77515E6581E9259B,j_cosmetic_cowl_leftd
7751606581E92901,j_cosmetic_cowl_leftf
7751616581E92AB4,j_cosmetic_cowl_lefta
7751636581E92E1A,j_cosmetic_cowl_leftc
7751646581E92FCD,j_cosmetic_cowl_leftb
775165513BB6B404,leaves20133
775166513BB6B5B7,leaves20132
775167513BB6B76A,leaves20131
7754D1513BB9A15F,leaves20107
7754D6513BB9A9DE,leaves20108
7754D7513BB9AB91,leaves20109
77584F513BBCAD50,leaves20115
775852513BBCB269,leaves20116
77585C513BBCC367,leaves20118
775BC82FF0EEC256,j_charge
775E7D70AB5F980C,fan_bk
775F2E584197D21D,j_cosmetic_spinelower_backsidetip_ri_new
7761A34DC9B925E9,back_shockbushing_ri
776DBB2179279ABE,t10_fk3_pillar_gazebo_01_mesh1
777266DC1F60355F,back_right_axle_z
77735EBB020734ED,j_cosmetic_belt_carabiner
777384FDBF595830,tag_booster_spacer_b
777387FDBF595D49,tag_booster_spacer_a
7775695428BA6DC6,j_box_handle_front
777FA1925C5C6BD1,j_cosmetic_puffyjacket_hood
778027F93FD58B30,umbr_rig_182
778028F93FD58CE3,umbr_rig_183
77802BF93FD591FC,umbr_rig_186
77802CF93FD593AF,umbr_rig_187
77802DF93FD59562,umbr_rig_184
77802EF93FD59715,umbr_rig_185
778031F93FD59C2E,umbr_rig_188
778032F93FD59DE1,umbr_rig_189
7783AAF93FD89FA0,umbr_rig_195
7783ABF93FD8A153,umbr_rig_194
7783ACF93FD8A306,umbr_rig_197
7783AEF93FD8A66C,umbr_rig_191
7783AFF93FD8A81F,umbr_rig_190
7783B0F93FD8A9D2,umbr_rig_193
7783B1F93FD8AB85,umbr_rig_192
7783B6F93FD8B404,umbr_rig_199
7783B7F93FD8B5B7,umbr_rig_198
7783D418E1DF9202,tag_door_front_left_chunk_dst
77872DF93FDBB410,umbr_rig_168
77872EF93FDBB5C3,umbr_rig_169
778735F93FDBC1A8,umbr_rig_160
778736F93FDBC35B,umbr_rig_161
778737F93FDBC50E,umbr_rig_162
778738F93FDBC6C1,umbr_rig_163
77873AF93FDBCA27,umbr_rig_165
77873BF93FDBCBDA,umbr_rig_166
77873CF93FDBCD8D,umbr_rig_167
778A32F93FDDF266,umbr_rig_179
778A33F93FDDF419,umbr_rig_178
778A38F93FDDFC98,umbr_rig_173
778A39F93FDDFE4B,umbr_rig_172
778A3BF93FDE01B1,umbr_rig_170
778A3CF93FDE0364,umbr_rig_177
778A3DF93FDE0517,umbr_rig_176
778A3FF93FDE087D,umbr_rig_174
778DB9F93FE10DA2,umbr_rig_148
778DBAF93FE10F55,umbr_rig_149
778DBCF93FE112BB,umbr_rig_147
778DBDF93FE1146E,umbr_rig_144
778DBEF93FE11621,umbr_rig_145
778DBFF93FE117D4,umbr_rig_142
778DC0F93FE11987,umbr_rig_143
778DC2F93FE11CED,umbr_rig_141
77909AD64C7DB50D,sat_decor_picture_frame_painting_01_mesh
779126F93FE3FCB0,umbr_rig_151
779128F93FE40016,umbr_rig_153
779129F93FE401C9,umbr_rig_152
77912AF93FE4037C,umbr_rig_155
77912CF93FE406E2,umbr_rig_157
77912DF93FE40895,umbr_rig_156
77912EF93FE40A48,umbr_rig_159
77912FF93FE40BFB,umbr_rig_158
7794A9F93FE71120,umbr_rig_124
7794AAF93FE712D3,umbr_rig_125
7794ABF93FE71486,umbr_rig_126
7794ACF93FE71639,umbr_rig_127
7794ADF93FE717EC,umbr_rig_120
7794AEF93FE7199F,umbr_rig_121
7794AFF93FE71B52,umbr_rig_122
7794B0F93FE71D05,umbr_rig_123
7794B5F93FE72584,umbr_rig_128
7794B6F93FE72737,umbr_rig_129
7796CF6D0F878BE6,screen_joint
77982CF93FEA2590,umbr_rig_137
77982DF93FEA2743,umbr_rig_136
77982EF93FEA28F6,umbr_rig_135
77982FF93FEA2AA9,umbr_rig_134
779830F93FEA2C5C,umbr_rig_133
779831F93FEA2E0F,umbr_rig_132
779832F93FEA2FC2,umbr_rig_131
779833F93FEA3175,umbr_rig_130
77983AF93FEA3D5A,umbr_rig_139
77983BF93FEA3F0D,umbr_rig_138
779B32F93FEC6599,umbr_rig_109
779B37F93FEC6E18,umbr_rig_102
779B38F93FEC6FCB,umbr_rig_103
779B39F93FEC717E,umbr_rig_100
779B3AF93FEC7331,umbr_rig_101
779B3CF93FEC7697,umbr_rig_107
779B3DF93FEC784A,umbr_rig_104
779B3EF93FEC79FD,umbr_rig_105
779EB6F93FEF7BBC,umbr_rig_119
779EB7F93FEF7D6F,umbr_rig_118
779EBAF93FEF8288,umbr_rig_115
779EBBF93FEF843B,umbr_rig_114
779EBCF93FEF85EE,umbr_rig_117
779EBEF93FEF8954,umbr_rig_111
779EBFF93FEF8B07,umbr_rig_110
779EC0F93FEF8CBA,umbr_rig_113
779EC1F93FEF8E6D,umbr_rig_112
779EEFB69D659C94,j_brand_0
779EF0B69D659E47,j_brand_1
77A30EF4C8EAC7C9,j_cosmetic_cowl_fronth
77A313F4C8EAD048,j_cosmetic_cowl_frontc
77A314F4C8EAD1FB,j_cosmetic_cowl_frontb
77A315F4C8EAD3AE,j_cosmetic_cowl_fronta
77A317F4C8EAD714,j_cosmetic_cowl_frontg
77A318F4C8EAD8C7,j_cosmetic_cowl_frontf
77A319F4C8EADA7A,j_cosmetic_cowl_fronte
77A31AF4C8EADC2D,j_cosmetic_cowl_frontd
77AAAE26BD9E0FDB,tag_light_front_left_d2
77AAAF26BD9E118E,tag_light_front_left_d1
77AAB026BD9E1341,tag_light_front_left_d0
77D2266F214417F0,tag_brown
77D313AFCED7168C,j_stone_11_le
77D915FFC1AE1D2A,hanging_wires_03
77D916FFC1AE1EDD,hanging_wires_02
77EFF35194F9698C,tag_gunner_barrel1_d0
77F6C929DC96BC70,j_propeller_blade_03
77F6CA29DC96BE23,j_propeller_blade_02
77F6CB29DC96BFD6,j_propeller_blade_01
77F6D029DC96C855,j_propeller_blade_04
77F7EE565BBDCB5B,tag_origin_part_body
7801CBD66D8A4E00,tag_guy05
7801CCD66D8A4FB3,tag_guy04
7801CDD66D8A5166,tag_guy07
7801CED66D8A5319,tag_guy06
7801CFD66D8A54CC,tag_guy01
7801D1D66D8A5832,tag_guy03
7801D2D66D8A59E5,tag_guy02
7801D8D66D8A6417,tag_guy08
780AA433555BAE16,t10_decor_statue_gladiator_arena_ui_02_0_mesh
780DA29C17714AE8,j_axle_center_tgt
781128979F2C791D,origin_animte_jnt
78215BFE7B546FB2,j_thumb_le_end
7823801F1FEB8F86,dyn_hip
7832E83C57CAF6A0,tag_bottle_18
7832E93C57CAF853,tag_bottle_19
7832F03C57CB0438,tag_bottle_10
7832F13C57CB05EB,tag_bottle_11
7832F23C57CB079E,tag_bottle_12
7832F33C57CB0951,tag_bottle_13
7832F43C57CB0B04,tag_bottle_14
7832F53C57CB0CB7,tag_bottle_15
7832F63C57CB0E6A,tag_bottle_16
7832F73C57CB101D,tag_bottle_17
78366D3C57CE0E76,tag_bottle_09
78366E3C57CE1029,tag_bottle_08
7836733C57CE18A8,tag_bottle_03
7836743C57CE1A5B,tag_bottle_02
7836753C57CE1C0E,tag_bottle_01
7836773C57CE1F74,tag_bottle_07
7836783C57CE2127,tag_bottle_06
7836793C57CE22DA,tag_bottle_05
78367A3C57CE248D,tag_bottle_04
783CE13C57D33F40,tag_bottle_21
783CE23C57D340F3,tag_bottle_20
783CE33C57D342A6,tag_bottle_23
783CE43C57D34459,tag_bottle_22
783CE63C57D347BF,tag_bottle_24
7846040C9AC80BA8,j_pipe_3_ri
78530F6C4B8EBEF8,tag_torso_ri_weakpoint
78576E71A6EA6CA9,j_lotus
7867F40C9AE4D6DE,j_pipe_3_le
787D29EC7888594A,binder_left1
7883982FA0C491E9,roller
7887FB74BBCA2DFB,j_cosmetic_mini_carabiner
78911A9D53BBBBB3,floor_marble_tile_02
78911B9D53BBBD66,floor_marble_tile_01
7891209D53BBC5E5,floor_marble_tile_04
7894084D619DBFF6,tag_leg_back_left
789B18A99ADBF1F0,j_cosmetic_zipper_03
789B19A99ADBF3A3,j_cosmetic_zipper_02
789B1AA99ADBF556,j_cosmetic_zipper_01
789ECC21A4E76AF0,tag_grenade_05
789ECD21A4E76CA3,tag_grenade_04
789ECF21A4E77009,tag_grenade_06
789ED021A4E771BC,tag_grenade_01
789ED221A4E77522,tag_grenade_03
789ED321A4E776D5,tag_grenade_02
78AB9ED6550533F6,tag_hatch_gunner_turret1_animate
78B52AF0FD5799F0,tag_door_back_top_piston_aim
78BB914AD9702E65,tag_glass_right
78BBB6C5428A4033,j_chain
78BBD2C5428A6FC7,j_chair
78CE6BFE4FCAE18E,j_tape
78D8BC5CD777A5E0,j_cosmetic_chainc
78D8BD5CD777A793,j_cosmetic_chainb
78D8BE5CD777A946,j_cosmetic_chaina
78EFAAE372EA5E80,me_furniture_fancy_couch_02
78FA8CFE4FF0548C,j_tag2
78FA8DFE4FF0563F,j_tag3
78FA8FFE4FF059A5,j_tag1
7902E41F9E523D9B,j_corner_2_b
7905A26068DCFD94,sign_military_training_course_04
791199A2D450677D,j_cosmetic_camelbacklstrap
791C5EFE500CECC8,j_tail
7922D23917797ED9,barrier_chain_link_fence_96_01
7923F449587BC2F2,j_proc_crotch_guard__spinelower_backward
7925B10DD0BBCEE0,j_spoke_le
7933001E4516769C,j_pipe_1_le
7943E40F5FC0FB81,sat_manticore_roof_support_arch_01_mesh1
795104D015D9E0D5,sat_jap_machinery_express_train_connection_2_3a_lod0
7954F01E453341D2,j_pipe_1_ri
795BC7FF8B4C55ED,jup_window_shutter_short_right_blue_02_mesh
7961E5C1BA1D41AC,j_l_wing
7962D90DD0EFC0F6,j_spoke_ri
796A329C6AD5B4DC,tag_body_grp
79776EBC0C827D2E,sgon_t10_nuketown_winter_area99_trench_05_gl_7da918d6_2_high
7989C16BF373E613,j_cylinder_ejector
7989C447AA80B330,j_sensor_dart_tactical_arrow_tip
79AB13D19CFA7A15,t10_topaz_window_exterior_stone_lancet_03_lod0
79AD9E364FEFA38E,landing_gear_left
79B198C965240494,tag_broken_02
79B199C965240647,tag_broken_03
79B1BC6BA95BFB26,j_cosmetic_camelbackltopstrap
79B1E7DCEDDDC9E7,jup_decor_medical_crate_02_mesh
79B80970455702A2,tag_origin_trailer
79C5EC735A1C68ED,fan_jnt
79C727509A1F851C,j_cosmetic_retention
79C7AEEA4E68CD4C,j_handle_le_01
79C7B1EA4E68D265,j_handle_le_02
79C8C88D5E97F051,j_cosmetic_taperoll
79CA5D60A665A9DD,j_panel1_screen_green_down
79CE07621E55DBB0,jup_ee_decor_monastery_gravestone_02_mesh
79E98A4A89922388,machine_01
79E98C4A899226EE,machine_03
79E98D4A899228A1,machine_02
79E98E4A89922A54,machine_05
79E98F4A89922C07,machine_04
79F9F4516EE24710,tag_bink2
79F9F5516EE248C3,tag_bink3
79F9F7516EE24C29,tag_bink1
79F9FA516EE25142,tag_bink4
79FF0AC81F4850D5,back_upperstrutsend_ri
7A021DAD4004A591,tag_block_left_01_aim
7A08B9236F7B48BF,j_cosmetic_stringb
7A0D61CDF910F49F,t10_topaz_window_exterior_stone_lancet_01_lod0
7A155F68D2A9FDE3,tag_wing_hinge_back_left_aim
7A210AC81F65373B,back_upperstrutsend_le
7A2C7BD8A272412E,tag_light_emergency_red_02_d0
7A2C7CD8A27242E1,tag_light_emergency_red_02_d1
7A427441E9E9252A,wire_tip
7A5083146D259520,j_wing_le_06
7A5084146D2596D3,j_wing_le_07
7A5085146D259886,j_wing_le_04
7A5086146D259A39,j_wing_le_05
7A5087146D259BEC,j_wing_le_02
7A5088146D259D9F,j_wing_le_03
7A508A146D25A105,j_wing_le_01
7A5091146D25ACEA,j_wing_le_08
7A5092146D25AE9D,j_wing_le_09
7A540E146D28B728,j_wing_le_11
7A540F146D28B8DB,j_wing_le_10
7A5410146D28BA8E,j_wing_le_13
7A5411146D28BC41,j_wing_le_12
7A55A6E5A3F125D9,j_straps_jiggler_bottomfront
7A7395DE536D3930,j_towel_upflap2_le
7A82016E95D3D045,j_cosmetic_lanyard_pin
7A912DDBFD1A6355,j_cosmetic_radio_pouch
7AA8965FBE3C954A,tag_fx_helmet
7AAA527B878ED401,deb_plaster_flake_0
7AAE20472FE30A19,tag_stator_heat_shield_fx
7AB1810C325FE327,j_cosmetic_price_bag_strap_le
7AB2021E8FD697A1,tag_battery
7AB62CCD7692D4F3,j_chute_a_top
7AC5E70E6DE7D539,j_strap1_ri
7ACBFF0E6DEC69AF,j_strap1_le
7AD41CF2CB6D631C,j_goggles_01
7AD41FF2CB6D6835,j_goggles_02
7AD46A2114A4750C,j_pole
7AE1590C3288C2F1,j_cosmetic_price_bag_strap_ri
7AE4A98D297CCE29,j_cosmetic_shemaghcenterbpin
7AFD48DC9A682B8C,uk_foliage_small_weeds_03
7AFD49DC9A682D3F,uk_foliage_small_weeds_02
7AFD4ADC9A682EF2,uk_foliage_small_weeds_01
7B068A9D1687F950,tag_glass_back_left_d5
7B068B9D1687FB03,tag_glass_back_left_d4
7B068E9D1688001C,tag_glass_back_left_d1
7B068F9D168801CF,tag_glass_back_left_d0
7B06909D16880382,tag_glass_back_left_d3
7B06919D16880535,tag_glass_back_left_d2
7B0C06DE34A942E4,front_right_axle
7B197BC9496B563A,tag_door_side_top_rear_l
7B1C6CF388DC5D75,j_cosmetic_small_radio
7B24EBFD3961D595,j_proc_radio_base_ri_02
7B25060CACFB7CEB,j_sensor_dart_tactical_sensor_01
7B25070CACFB7E9E,j_sensor_dart_tactical_sensor_02
7B25080CACFB8051,j_sensor_dart_tactical_sensor_03
7B25090CACFB8204,j_sensor_dart_tactical_sensor_04
7B2D943E1459196A,camera_cover1_jnt
7B4335435E73DC05,light_wire_rigged_l_72
7B56D6C4083E19B0,j_disc_04
7B56DBC4083E222F,j_disc_01
7B56DCC4083E23E2,j_disc_02
7B56DDC4083E2595,j_disc_03
7B629D1BE7FD58BB,j_slider_hinge
7B74F1FEE39A182C,ht_square_building_window_b_01_bake_lod0
7B75994B569D73FA,tag_tread_chunk_dst
7B9DCD8E2C1A4E6C,j_proc_orient_knuckle_ri_1
7BB2735757C6D906,jup_sign_hotel_japan_01_mesh_tri
7BB927361C95F164,j_cosmetic_ar_pouches_le_2
7BB92A361C95F67D,j_cosmetic_ar_pouches_le_1
7BB93D3D96FF13BC,j_wire_2_le
7BD02F9FC21A1CB9,j_proc_spinelower_side_ri
7BD6479FC21EB12F,j_proc_spinelower_side_le
7BDB2D3D971BDEF2,j_wire_2_ri
7BDBE805182DE66B,j_hydraulic_top_le_01
7BE14978545C90E9,jup_mx_electronics_card_reader_01_mesh
7BE2DADAF8969E07,j_slide_1
7BEFA6FFEFAC22A6,tag_antenna_rl_animate
7BF58C0719E563A0,tag_glass_bus_left_12_d0
7BF58D0719E56553,tag_glass_bus_left_12_d1
7BF58E0719E56706,tag_glass_bus_left_12_d2
7BF6F1081587646C,j_log
7BF80030A999A050,j_ub_safety
7BFFEF5FE3D66B58,j_cosmetic_vest_strap_b
7BFFF25FE3D67071,j_cosmetic_vest_strap_a
7C00D246220BDDD9,j_ropecoil
7C0B100815984223,j_lid
7C128377321426F5,tag_light_disabled
7C1F74FC6A35C48C,military_radio_crate_01
7C25A62BACA984EA,j_cosmetic_pistol_mags
7C28667E9BFD03A7,jup_furniture_plane_galley_box_05_mesh
7C321F6429296C5B,tag_engine_fx_left
7C37DD23D9164BAC,j_bar_front_right_aim
7C3D4CC9AC318AB4,me_kitchen_tea_cup_01_pot_double
7C45267924E309AC,uk_brick_broken_pile_01
7C45287924E30D12,uk_brick_broken_pile_03
7C45297924E30EC5,uk_brick_broken_pile_02
7C4BE155DBEE98D6,t10_sabotage_construction_armory_balcony_pillar_01_lod0
7C4FD6441BF3B3CC,j_cosmetic_black_grenade_03
7C4FD7441BF3B57F,j_cosmetic_black_grenade_02
7C4FD8441BF3B732,j_cosmetic_black_grenade_01
7C52DE4B0B82312B,j_qamiz_cloth_simmesh_2_01
7C5991DC565369D7,side_door_front2_l_jnt
7C5C723F6C4C6471,tag_wall_r_top
7C613961E37CB08C,tag_light_yellow_fx
7C829DA1294585B0,sgon_sat_barrel_vista_houses_very_far_gl_7da918d6_2_high
7C890849DBC50136,carboard_chinese_bunch_a_lod0
7C8B047C8D940630,tag_fx_bulb4
7C8B057C8D9407E3,tag_fx_bulb5
7C8B067C8D940996,tag_fx_bulb6
7C8B077C8D940B49,tag_fx_bulb7
7C8B097C8D940EAF,tag_fx_bulb1
7C8B0A7C8D941062,tag_fx_bulb2
7C8B0B7C8D941215,tag_fx_bulb3
7CA320744130427C,j_cosmetic_lcarabinerctape
7CA3C0E1BE342AF8,j_jaw_prop
7CA4262C13AC0070,j_cosmetic_backpouchrstrapd
7CA42B2C13AC08EF,j_cosmetic_backpouchrstrapa
7CA42C2C13AC0AA2,j_cosmetic_backpouchrstrapb
7CA42D2C13AC0C55,j_cosmetic_backpouchrstrapc
7CA5E349CAEBBA8D,ee_gate_metal_painted_01_right_door
7CA84DE69EC4E7D8,un_office_passport_01
7CA931527E3C0ABE,t10_accessory_airport_gantry_corridor_rail_strut
7CAA23656F078350,wall_refractory_brick_trim_32_01
7CAA7D00FB7D5E29,t10_sabotage_debris_rappel_skylight_window_broken_01_snow
7CADB1809B6C2C0E,j_glider_tail_left
7CB2148038D5F973,ee_trim_church_wood_plank_128
7CB2234EFC5E07E3,arch_lod0
7CB697942276BA99,j_safedial
7CC3EB039570432C,tag_light_two_on_8
7CC3EC03957044DF,tag_light_two_on_9
7CC3EF03957049F8,tag_light_two_on_4
7CC3F00395704BAB,tag_light_two_on_5
7CC3F10395704D5E,tag_light_two_on_6
7CC3F20395704F11,tag_light_two_on_7
7CC3F303957050C4,tag_light_two_on_0
7CC3F40395705277,tag_light_two_on_1
7CC3F5039570542A,tag_light_two_on_2
7CC3F603957055DD,tag_light_two_on_3
7CD04EC35C9249EA,j_canopy_right_mid
7CE17DBF4E2BE0DC,ee_decor_statue_01
7CE20FDAF0004F19,j_eye_lid_bot_ri
7CE2A7C77DA3B86A,j_cosmetic_hammer_01
7CE5F53C994A3FB9,jup_furniture_rest_table_concierge_desk
7CE927DAF006968F,j_eye_lid_bot_le
7CED882CF1F6A38E,j_cosmetic_bottle
7D0965D01BB6E877,j_cosmetci_heavy_bag_strap_ri
7D117F73941F4FD1,tag_engine_ri_paddle_ob_animate
7D1D7DD01BC7BA49,j_cosmetci_heavy_bag_strap_le
7D23768ABFD7F2BC,tag_mirror_rearview_d0
7D2C088C73674DC3,tag_leg_rl_flatten_piston_upper_aim
7D2EAB028B1F1522,j_cosmetic_spinelower_backtip_ri_new
7D30D1ED460D43FD,tag_parachute_door_right
7D37C1C9FDBED540,pot_clay_02_cracked_bright
7D421DB0A211F9C3,t10_furniture_wood_side_table_circle_vintage_02_mesh
7D42423EC8A6E849,main_rotor_rot
7D42C72F74E3AEEA,j_suspensionspring_left_tgt
7D4E5C98A466A4DD,building_cable_post_wood_pole_20_feet
7D4F1839800C2324,tag_anime
7D4FAD5094C25657,me_handrails_painted_metal_ornate_end1
7D5D13B07B1883E5,tag_turret1_mount_hydraulic_base_aim
7D73878F03E048AD,lamp_shade
7D789EF77A05A0AB,j_cosmetic_leg_bag_a
7D789FF77A05A25E,j_cosmetic_leg_bag_b
7D7D4B2C8DBA80D5,me_food_spice_sack_short_01
7D88C5CB91B4D592,tag_engine_le_rotate_animate
7D96D6FC74C77AB9,container_fertilizer_bag_01_open
7D9840A1AAA89162,tag_exhaust_left
7D9D182850CE9503,tag_damaged
7DACC4B1DF185A80,j_linen_01
7DBD77348A6A4C86,j_bang_01
7DDE3B1E4762AF7A,j_axle2_front_left_tgt
7DE2F003A717F8FF,j_rear_suspension_target_02
7E0784C988B847E4,ee_wood_plank_watermill_dock_01
7E0786C988B84B4A,ee_wood_plank_watermill_dock_03
7E0787C988B84CFD,ee_wood_plank_watermill_dock_02
7E0D70CCB3F0D95B,tag_origin_parentconstraint1
7E108BEA082204E5,plumbing_hazmat_pipe_curved_64
7E259E5E4A829144,j_cosmetic_grabstrapa_le_2
7E259F5E4A8292F7,j_cosmetic_grabstrapa_le_3
7E25A15E4A82965D,j_cosmetic_grabstrapa_le_1
7E59B14ED677820F,tag_cargo_side_right_animate
7E5AE0543BDC8148,j_hinge1
7E5AE3543BDC8661,j_hinge2
7E637BEE4C9A2B7F,dyn_key1
7E637CEE4C9A2D32,dyn_key2
7E637DEE4C9A2EE5,dyn_key3
7E64D3688F17E4C2,t10_machinery_electrical_box_old_01
7E64EB493A3D545C,uk_house_gutter_128_01
7E6B9F06BE85E66E,tag_origin4
7E6BA206BE85EB87,tag_origin3
7E6BA406BE85EEED,tag_origin1
7E729DC8EA80E624,j_stake_right_02
7E74841E3AF91294,tag_bomb
7E7530A6FCA29478,jup_furniture_cabinet_highrise_01_mesh
7E76F59E73AD725E,tag_left_inner_prop
7E8521AB006AF8F6,fastrope_hook_ri_jnt
7E8EC690F577E6D4,building_corrugated_metal8x8
7E911B62CBC4AC14,j_safety
7E9F5DCA13501213,j_middle
7EAF0A492E5129F7,irrigation_hose_16
7EB101EF412A30E3,electronic_shop_sign_15
7EB102EF412A3296,electronic_shop_sign_16
7EB103EF412A3449,electronic_shop_sign_17
7EB3041FB77BD380,tag_t10_furniture_market_counter_display_fridge_a_small_s1_f7
7EB3051FB77BD533,tag_t10_furniture_market_counter_display_fridge_a_small_s1_f6
7EB3061FB77BD6E6,tag_t10_furniture_market_counter_display_fridge_a_small_s1_f5
7EB3071FB77BD899,tag_t10_furniture_market_counter_display_fridge_a_small_s1_f4
7EB3081FB77BDA4C,tag_t10_furniture_market_counter_display_fridge_a_small_s1_f3
7EB3091FB77BDBFF,tag_t10_furniture_market_counter_display_fridge_a_small_s1_f2
7EB30A1FB77BDDB2,tag_t10_furniture_market_counter_display_fridge_a_small_s1_f1
7EB3121FB77BEB4A,tag_t10_furniture_market_counter_display_fridge_a_small_s1_f9
7EB3131FB77BECFD,tag_t10_furniture_market_counter_display_fridge_a_small_s1_f8
7EB5F6492E5726A9,irrigation_hose_32
7EBA01E203C797B1,tag_debris_wing_mid_l
7EBA0BE203C7A8AF,tag_debris_wing_mid_r
7EBCAC4F965F03C8,cafe_light_fixtures_off_base
7EC00A492E5F9D2A,irrigation_hose_64
7EC0FD6C32077943,front_shockbushing_ri
7EC833E683E2E293,sectionaldoor2_skin
7ED6ACA8350A6F65,tag_sign
7ED6E975F4C6C9A1,j_mana_ankle_le
7EF0DD6C323066A5,front_shockbushing_le
7EF730E028CF7A63,j_cosmetic_camelbackltopstrapend
7EF8E175F4E3A26F,j_mana_ankle_ri
7EFC77DE8D449FB7,tag_rudder_brake_le_upper
7EFD0344138D2380,j_screen_right_04
7EFD0444138D2533,j_screen_right_05
7EFD0844138D2BFF,j_screen_right_01
7EFD0944138D2DB2,j_screen_right_02
7EFD0A44138D2F65,j_screen_right_03
7F1091A1EC4886C8,dyn_pack
7F17801555E94939,tag_screen01_off
7F3FF6CB361CDE56,j_mid_bk
7F47938270CF2994,tag_light_front_right_d2
7F47958270CF2CFA,tag_light_front_right_d0
7F47968270CF2EAD,tag_light_front_right_d1
7F493B574C403121,j_cosmetic_smallbag
7F4DE7CB36290235,j_mid_fr
7F51A4202513E65B,tag_leg_fl_01
7F51A5202513E80E,tag_leg_fl_02
7F51A6202513E9C1,tag_leg_fl_03
7F51A7202513EB74,tag_leg_fl_04
7F566F507D3F10B7,seat2_le_jnt
7F6966FC051370B1,r_frontleg1_jnt
7F6A908458951198,rot_arm_jnt
7F6C9DC122F6F56C,tag_left_bench_animate
7F77FB1FA15A82F0,j_corner_3_b
7F79F3CB364E5184,j_mid_up
7F81281292944360,j_l_handle_strap
7F83CCB7D324A503,polysurface212
7F83CDB7D324A6B6,polysurface211
7F86DDB7D326F7BD,polysurface229
7F915EB7D3302775,polysurface258
7F927D7E07048B63,machinery_water_pump_hose_nozzle_01
7F927E7E07048D16,machinery_water_pump_hose_nozzle_02
7F989A664A1F7765,j_cosmetic_procholster
7F9915457750C0E7,j_charginghandle2
7F9B14BB9B179B48,tag_s4_template_chair_part_5
7F9B15BB9B179CFB,tag_s4_template_chair_part_4
7F9B18BB9B17A214,tag_s4_template_chair_part_1
7F9B1ABB9B17A57A,tag_s4_template_chair_part_3
7F9B1BBB9B17A72D,tag_s4_template_chair_part_2
7FA532B0F2C259E1,ee_trim_large_roof_128
7FAF73FBFA2A59E2,tag_light_emergency_red_06_d0
7FAF74FBFA2A5B95,tag_light_emergency_red_06_d1
7FC6137CB395FC88,j_shock_rod_back_left_tgt
7FCC7586CCC3DAB5,un_stairs_exterior_brick_short_corner_outside
7FD2954668E02B8F,seat4_ri_jnt
7FD3DD69F6CD9198,lm_machinery_maintenance_ac_unit_02
7FE28A62808B5E84,tag_light_front_top_middle
7FE3CE3A74E1B9BC,group55176
7FE436D7AB3B5D22,sgon_ac_low_town_buildings_centra_15f2f78f_gl_7da918d6_2_high
7FF53EEF61C51174,j_cosmetic_brokenstrapc
7FF53FEF61C51327,j_cosmetic_brokenstrapb
7FF540EF61C514DA,j_cosmetic_brokenstrapa
800AD020B381D784,medical_iv_stand_02
800BA9653AD31BC6,furn_wood_c
800BAA653AD31D79,furn_wood_b
800D4363A6CDA401,j_cosmetic_shells
800FC807E60E5FA0,pcylinder5
800FC907E60E6153,pcylinder4
800FCB07E60E64B9,pcylinder6
800FCC07E60E666C,pcylinder1
800FCE07E60E69D2,pcylinder3
800FCF07E60E6B85,pcylinder2
800FD507E60E75B7,pcylinder8
80111C49B7FBC04F,tag_rear_ramp_animate
80414EF944D18D00,umbr_rig_010
804150F944D19066,umbr_rig_012
804151F944D19219,umbr_rig_013
804152F944D193CC,umbr_rig_014
804153F944D1957F,umbr_rig_015
804154F944D19732,umbr_rig_016
804156F944D19A98,umbr_rig_018
804157F944D19C4B,umbr_rig_019
8044D1F944D4A170,umbr_rig_003
8044D2F944D4A323,umbr_rig_002
8044D3F944D4A4D6,umbr_rig_001
8044D5F944D4A83C,umbr_rig_007
8044D6F944D4A9EF,umbr_rig_006
8044D7F944D4ABA2,umbr_rig_005
8044D8F944D4AD55,umbr_rig_004
8044DCF944D4B421,umbr_rig_008
80464A902FDF396D,j_gear_01
804854F944D7B5E0,umbr_rig_036
804855F944D7B793,umbr_rig_037
804856F944D7B946,umbr_rig_034
804857F944D7BAF9,umbr_rig_035
804859F944D7BE5F,umbr_rig_033
80485AF944D7C012,umbr_rig_030
80485BF944D7C1C5,umbr_rig_031
804863F944D7CF5D,umbr_rig_039
80496C7DC23ABC8D,t10_food_market_juice_bottle_combined_02_lod0_mesh
804A99B2DAAC87B1,uk_sign_bakery_hanging_01_sign
804BD7F944DACA50,umbr_rig_029
804BD8F944DACC03,umbr_rig_028
804BDFF944DAD7E8,umbr_rig_021
804BE0F944DAD99B,umbr_rig_020
804BE1F944DADB4E,umbr_rig_023
804BE2F944DADD01,umbr_rig_022
804BE3F944DADEB4,umbr_rig_025
804BE5F944DAE21A,umbr_rig_027
804BE6F944DAE3CD,umbr_rig_026
804BF23868D74CA8,j_zb_2_root
804CB6A84A19BC5C,un_foliage_cactus_saguaro_medium_01_needles
804EDEF944DD0C0C,umbr_rig_058
804EDFF944DD0DBF,umbr_rig_059
804EE2F944DD12D8,umbr_rig_054
804EE3F944DD148B,umbr_rig_055
804EE5F944DD17F1,umbr_rig_057
804EE6F944DD19A4,umbr_rig_050
804EE7F944DD1B57,umbr_rig_051
804EE8F944DD1D0A,umbr_rig_052
804EE9F944DD1EBD,umbr_rig_053
804FF65140E71810,leaves20083
804FF75140E719C3,leaves20082
804FF95140E71D29,leaves20080
805263F944E023E2,umbr_rig_049
805264F944E02595,umbr_rig_048
805266F944E028FB,umbr_rig_046
805267F944E02AAE,umbr_rig_045
805268F944E02C61,umbr_rig_044
805269F944E02E14,umbr_rig_043
80526AF944E02FC7,umbr_rig_042
80526BF944E0317A,umbr_rig_041
80526CF944E0332D,umbr_rig_040
8055D0F944E312F0,umbr_rig_072
8055D1F944E314A3,umbr_rig_073
8055D2F944E31656,umbr_rig_070
8055D3F944E31809,umbr_rig_071
8055D4F944E319BC,umbr_rig_076
8055D5F944E31B6F,umbr_rig_077
8055D6F944E31D22,umbr_rig_074
8055D7F944E31ED5,umbr_rig_075
8055DAF944E323EE,umbr_rig_078
8055DBF944E325A1,umbr_rig_079
8057EBE0FF0EA70A,j_caribeener
80584BEBA746389B,j_shell_stop_left
805953F944E62760,umbr_rig_065
805954F944E62913,umbr_rig_064
805955F944E62AC6,umbr_rig_067
805956F944E62C79,umbr_rig_066
805957F944E62E2C,umbr_rig_061
805958F944E62FDF,umbr_rig_060
805959F944E63192,umbr_rig_063
80595FF944E63BC4,umbr_rig_069
805960F944E63D77,umbr_rig_068
805CD6F944E93BD0,umbr_rig_098
805CD7F944E93D83,umbr_rig_099
805CDFF944E94B1B,umbr_rig_091
805CE0F944E94CCE,umbr_rig_092
805CE1F944E94E81,umbr_rig_093
805CE2F944E95034,umbr_rig_094
805CE4F944E9539A,umbr_rig_096
805CE5F944E9554D,umbr_rig_097
805D08781141BF8F,j_nadepouch_a
805D09781141C142,j_nadepouch_b
805FDBF944EB7A26,umbr_rig_089
805FDCF944EB7BD9,umbr_rig_088
805FE1F944EB8458,umbr_rig_083
805FE2F944EB860B,umbr_rig_082
805FE4F944EB8971,umbr_rig_080
805FE5F944EB8B24,umbr_rig_087
805FE6F944EB8CD7,umbr_rig_086
805FE7F944EB8E8A,umbr_rig_085
805FE8F944EB903D,umbr_rig_084
8064CED62E546E94,j_clamp_lever01_uple
806E875141010C02,leaves20038
806E8A514101111B,leaves20037
8073A90758A17A0C,fence_metal_spiked_01_64
8074F75141063600,leaves20054
8074F851410637B3,leaves20055
8074F95141063966,leaves20056
8074FA5141063B19,leaves20057
8074FD5141064032,leaves20052
8075035141064A64,leaves20058
8075045141064C17,leaves20059
807C0551410C6C78,leaves20072
807C0651410C6E2B,leaves20073
807C0951410C7344,leaves20076
807C0A51410C74F7,leaves20077
807C0B51410C76AA,leaves20074
807C0C51410C785D,leaves20075
807F8451410F7A1C,leaves20069
807F8551410F7BCF,leaves20068
807F8851410F80E8,leaves20065
807F8951410F829B,leaves20064
807F8A51410F844E,leaves20067
807F8B51410F8601,leaves20066
807F8C51410F87B4,leaves20061
807F8D51410F8967,leaves20060
807F8E51410F8B1A,leaves20063
807F8F51410F8CCD,leaves20062
8082FEDFE9B40726,plumbing_hazmat_pipe_metal_support
808F766869087300,j_fish
80984291D4474C36,roof_asbestos_sheet_32x64_01_2sided_lod0
809CB814C0D863BF,j_stationary_train_car_axle_01
809CB914C0D86572,j_stationary_train_car_axle_02
809D51B1F56B84A2,j_cosmetic_small_utility_pouch
809EEC035EA59CDA,j_mainhinge
80A93D3B8BFCAB47,equipment_patio_bbq_grill_based_01_part1
80A93E3B8BFCACFA,equipment_patio_bbq_grill_based_01_part2
80A954C4ABA1D02C,middle1_left_axle
80B157F188AE7B63,j_cosmetic_camelbackrmidstrap
80B26382FC45DFB0,j_bowstring_ce
80B2A01AC415A04E,tag_laser_show3
80B2A11AC415A201,tag_laser_show2
80B787AA177B0D92,tag_aileron_le_animate
80B947D28A68E7BC,j_pinky_le_2_prop
80C0CDE5254B4FD9,left_04
80C0CEE5254B518C,left_03
80C0CFE5254B533F,left_02
80C99ED877434B93,tag_animate
80CB6F998C731914,j_zipper
80D51FD346269A2F,uk_house_gutter_64_01
80DC55D7A554D875,tag_trailer_door_left_b_animate
80DD105D0AA79E8A,container_lg_ng_a_lod0
80DD44EB5C8CD5B7,sat_jpn_floating_drink_02_lod0
80E86648D62815A8,tag_trailer_back_left_tire
80FB9318770603C6,j_skirt_le_fr
8109BA1877128367,j_skirt_le_ba
811693972379F536,chain_t10_lighting_lamp_metal_hanging_open_01
8118186EC9F472B6,trash_bin_metal_02
811B95E9AE35DF13,lighting_commercial_lamp_long_01_attached_chain
81206974E5FE3AD8,tag_fx_nvg
81207456BF6C67A3,j_chin_add_le_004
81207756BF6C6CBC,j_chin_add_le_001
81207956BF6C7022,j_chin_add_le_003
81207A56BF6C71D5,j_chin_add_le_002
812962B30DB515AB,tag_wheel_center_left
812AE31ECB156053,j_contrainer_1
812AE41ECB156206,j_contrainer_2
812AE51ECB1563B9,j_contrainer_3
812AE61ECB15656C,j_contrainer_4
812AE71ECB15671F,j_contrainer_5
812AE81ECB1568D2,j_contrainer_6
8130555BBBA55D9B,j_lip_top
813DFF78C4E74F79,j_manc_elbow_ri
81451778C4ED96EF,j_manc_elbow_le
81464F6E7F984DD6,tag_origin_bumper_back
814870A247BE79B7,tag_headlight_left_d0
815A881B1069A431,j_panel2_screen_off
816397827FAEFA18,j_cloth_jacket_02
816398827FAEFBCB,j_cloth_jacket_03
81639A827FAEFF31,j_cloth_jacket_01
81639B827FAF00E4,j_cloth_jacket_06
81639D827FAF044A,j_cloth_jacket_04
81639E827FAF05FD,j_cloth_jacket_05
8165236BDC212D50,mayhem_export_cloth_940
8165246BDC212F03,mayhem_export_cloth_941
8165256BDC2130B6,mayhem_export_cloth_942
8165266BDC213269,mayhem_export_cloth_943
8165276BDC21341C,mayhem_export_cloth_944
8165286BDC2135CF,mayhem_export_cloth_945
8165296BDC213782,mayhem_export_cloth_946
81652A6BDC213935,mayhem_export_cloth_947
81652B6BDC213AE8,mayhem_export_cloth_948
81652C6BDC213C9B,mayhem_export_cloth_949
8168266BDC236840,mayhem_export_cloth_953
8168276BDC2369F3,mayhem_export_cloth_952
8168286BDC236BA6,mayhem_export_cloth_951
8168296BDC236D59,mayhem_export_cloth_950
81682A6BDC236F0C,mayhem_export_cloth_957
81682B6BDC2370BF,mayhem_export_cloth_956
81682C6BDC237272,mayhem_export_cloth_955
81682D6BDC237425,mayhem_export_cloth_954
8168306BDC23793E,mayhem_export_cloth_959
8168316BDC237AF1,mayhem_export_cloth_958
816BA96BDC267CB0,mayhem_export_cloth_966
816BAA6BDC267E63,mayhem_export_cloth_967
816BAB6BDC268016,mayhem_export_cloth_964
816BAC6BDC2681C9,mayhem_export_cloth_965
816BAD6BDC26837C,mayhem_export_cloth_962
816BAF6BDC2686E2,mayhem_export_cloth_960
816BB06BDC268895,mayhem_export_cloth_961
816BB76BDC26947A,mayhem_export_cloth_968
816BB86BDC26962D,mayhem_export_cloth_969
816F2C6BDC299120,mayhem_export_cloth_979
816F2D6BDC2992D3,mayhem_export_cloth_978
816F346BDC299EB8,mayhem_export_cloth_971
816F356BDC29A06B,mayhem_export_cloth_970
816F366BDC29A21E,mayhem_export_cloth_973
816F376BDC29A3D1,mayhem_export_cloth_972
816F386BDC29A584,mayhem_export_cloth_975
816F396BDC29A737,mayhem_export_cloth_974
816F3B6BDC29AA9D,mayhem_export_cloth_976
8172B36BDC2CAC5C,mayhem_export_cloth_908
8172B76BDC2CB328,mayhem_export_cloth_904
8172B86BDC2CB4DB,mayhem_export_cloth_905
8172B96BDC2CB68E,mayhem_export_cloth_906
8172BA6BDC2CB841,mayhem_export_cloth_907
8172BB6BDC2CB9F4,mayhem_export_cloth_900
8172BC6BDC2CBBA7,mayhem_export_cloth_901
8172BD6BDC2CBD5A,mayhem_export_cloth_902
8172BE6BDC2CBF0D,mayhem_export_cloth_903
81752D0B469F8B47,j_stake_center_02
8175B86BDC2EEAB2,mayhem_export_cloth_919
8175B96BDC2EEC65,mayhem_export_cloth_918
8175BA6BDC2EEE18,mayhem_export_cloth_917
8175BB6BDC2EEFCB,mayhem_export_cloth_916
8175BD6BDC2EF331,mayhem_export_cloth_914
8175BE6BDC2EF4E4,mayhem_export_cloth_913
8175BF6BDC2EF697,mayhem_export_cloth_912
8175C06BDC2EF84A,mayhem_export_cloth_911
8175C16BDC2EF9FD,mayhem_export_cloth_910
8177430AAD70D530,panel_03_jnt
8177CF90A8C937A2,j_reargilly_b_ri
8179256BDC31D9C0,mayhem_export_cloth_922
8179266BDC31DB73,mayhem_export_cloth_923
8179276BDC31DD26,mayhem_export_cloth_920
8179286BDC31DED9,mayhem_export_cloth_921
8179296BDC31E08C,mayhem_export_cloth_926
81792A6BDC31E23F,mayhem_export_cloth_927
81792B6BDC31E3F2,mayhem_export_cloth_924
81792C6BDC31E5A5,mayhem_export_cloth_925
81792F6BDC31EABE,mayhem_export_cloth_928
8179306BDC31EC71,mayhem_export_cloth_929
817CA86BDC34EE30,mayhem_export_cloth_935
817CAA6BDC34F196,mayhem_export_cloth_937
817CAB6BDC34F349,mayhem_export_cloth_936
817CAC6BDC34F4FC,mayhem_export_cloth_931
817CAD6BDC34F6AF,mayhem_export_cloth_930
817CAE6BDC34F862,mayhem_export_cloth_933
817CAF6BDC34FA15,mayhem_export_cloth_932
817CB46BDC350294,mayhem_export_cloth_939
817CB56BDC350447,mayhem_export_cloth_938
818DA76BDC435FB0,mayhem_export_cloth_984
818DA86BDC436163,mayhem_export_cloth_985
818DA96BDC436316,mayhem_export_cloth_986
818DAA6BDC4364C9,mayhem_export_cloth_987
818DAB6BDC43667C,mayhem_export_cloth_980
818DAC6BDC43682F,mayhem_export_cloth_981
818DAD6BDC4369E2,mayhem_export_cloth_982
818DAE6BDC436B95,mayhem_export_cloth_983
818DB36BDC437414,mayhem_export_cloth_988
818DB46BDC4375C7,mayhem_export_cloth_989
818EB610411C5A2D,medical_jar_pack_06
81912A6BDC467420,mayhem_export_cloth_997
81912B6BDC4675D3,mayhem_export_cloth_996
81912C6BDC467786,mayhem_export_cloth_995
81912D6BDC467939,mayhem_export_cloth_994
81912E6BDC467AEC,mayhem_export_cloth_993
8191306BDC467E52,mayhem_export_cloth_991
8191316BDC468005,mayhem_export_cloth_990
8191386BDC468BEA,mayhem_export_cloth_999
8191396BDC468D9D,mayhem_export_cloth_998
819B2DEB2722CB7F,tag_right_wing_fx
819FA939F6429961,ammo_box_plastic_lg_01_open_bottom
81A269F3A59D23AC,j_cloth_proxy_28
81A26DF3A59D2A78,j_cloth_proxy_24
81A26EF3A59D2C2B,j_cloth_proxy_25
81A26FF3A59D2DDE,j_cloth_proxy_26
81A270F3A59D2F91,j_cloth_proxy_27
81A271F3A59D3144,j_cloth_proxy_20
81A272F3A59D32F7,j_cloth_proxy_21
81A273F3A59D34AA,j_cloth_proxy_22
81A274F3A59D365D,j_cloth_proxy_23
81AC60F3A5A568E6,j_cloth_proxy_17
81AC62F3A5A56C4C,j_cloth_proxy_11
81AC63F3A5A56DFF,j_cloth_proxy_10
81AC65F3A5A57165,j_cloth_proxy_12
81AC6AF3A5A579E4,j_cloth_proxy_19
81AC6BF3A5A57B97,j_cloth_proxy_18
81B17D7AB39AE216,floor_wood_splintered_end_stack_01_burned
81C1EBAC17B344AE,tag_armored_hatch_doors_l_animate
81C29F90A908D18C,j_reargilly_b_le
81C6F5884AD4DE20,j_index_le_1
81C6F6884AD4DFD3,j_index_le_0
81C6F7884AD4E186,j_index_le_3
81C6F8884AD4E339,j_index_le_2
81C6FA884AD4E69F,j_index_le_4
81C72FC8D794C870,tag_elevon_ri_mid
81C89C73F17B3BDA,polysurface80488
81C973E24828FC6C,sign_billboard_metal_sectioned_01_rail_light_holder_mesh
81C9D0EC77594A58,uk_walls_drywall_01_debris_sm_01
81C9D3EC77594F71,uk_walls_drywall_01_debris_sm_02
81D841741FAAAC26,j_proc_collar
81DD45912B3BFD43,uk_kitchen_cabinet_01_drawer
81DF5B46A243567F,tag_exhaust_top_r
81DF7146A2437BE1,tag_exhaust_top_l
81E63D378FDB9ABF,tag_light_green_fx
81EF2DA7FA1D61EC,j_cosmetic_zippouch_02_p
81EF2EA7FA1D639F,j_cosmetic_zippouch_02_q
81EF39A7FA1D7650,j_cosmetic_zippouch_02_d
81EF3AA7FA1D7803,j_cosmetic_zippouch_02_e
81EF3BA7FA1D79B6,j_cosmetic_zippouch_02_f
81EF3CA7FA1D7B69,j_cosmetic_zippouch_02_g
81EF3EA7FA1D7ECF,j_cosmetic_zippouch_02_a
81EF3FA7FA1D8082,j_cosmetic_zippouch_02_b
81EF40A7FA1D8235,j_cosmetic_zippouch_02_c
81EF41A7FA1D83E8,j_cosmetic_zippouch_02_l
81EF42A7FA1D859B,j_cosmetic_zippouch_02_m
81EF43A7FA1D874E,j_cosmetic_zippouch_02_n
81EF44A7FA1D8901,j_cosmetic_zippouch_02_o
81EF45A7FA1D8AB4,j_cosmetic_zippouch_02_h
81EF46A7FA1D8C67,j_cosmetic_zippouch_02_i
81EF47A7FA1D8E1A,j_cosmetic_zippouch_02_j
81EF48A7FA1D8FCD,j_cosmetic_zippouch_02_k
81F59C8E6F97EDB8,j_cloth_simmesh_right2_1
820D578C8F27C7A1,veins_low
82116C7C951FB7CA,j_screen
8228369B8CFFD7F8,j_cheek_puff_ri_3
8228379B8CFFD9AB,j_cheek_puff_ri_2
822B2025C4186B78,t10_kitchen_market_stalls_food_tray_05_mesh
8233B0C36A0C4105,j_action_lock_lever
823518B42FAACFC0,sat_zm_frontend_tool_rack_board_01_mesh
823BEBEF00299268,jup_decor_cemetary_roof_01
823BEEEF00299781,jup_decor_cemetary_roof_02
8253A2F0B6821600,tag_wheel_front_left_follower
8259A4BE4F464AB7,jup_street_curb_cement_rough_curve_02_mesh
825E49B90C4F9E0B,tag_wheel_center_back_left_flat
825E7A8759F6CD9D,ee_fabric_military_tarp_hanging_64_03
826B09FFE8F3749F,t10_furniture_market_counter_d_mid_no_top_mesh
8281B624DBB04E30,j_cylinder
8289D1FEDC1C7220,shotgun_03_jnt
8290F8243EB6F3C7,front_left_axle
8292A36334F69CCB,l_tail2_jnt
82A097A19C0AAE03,utility_ratchet_strap_01_buckle_lod17
82AC30076FE5FCB5,rappel_hook_01
82B034BCC62EBD83,j_left
82BA93D81C5FFF3C,decor_fly_paper_b
82BA94D81C6000EF,decor_fly_paper_c
82C97D519DFCB2EC,j_bag_center
82CADF3598BFA0D5,j_pouch
82CB856BB087A121,tag_brass_alt
82CE8F7D383A5CC4,tag_bomb_bay_door_left
82E3FF619F43415C,guardtower_catwalk_support_02
82E883AC1683EC9C,j_cloth_simmesh_right2
82E886AC1683F1B5,j_cloth_simmesh_right1
82F02726061774F2,custom_scope_jnt
82F10EAEE336606D,neck_jnt
82F4598135A18389,uk_street_road_curb_paint_64_01
82F91EC8128BED15,j_ankle_back_le
82F94435185B4428,j_cosmetic_rwrist_flapend
830799F684C28253,veh8_h1_airplane_overhead_bin_lod1
830B005A38346DE5,j_cosmetic_shemagh
8311A333A5F8B7E3,j_proc_groinprotector__spineupper_backward
83162308192057A0,j_map
83163A0819207EB5,j_mag
8317117BD5F2FE95,j_shock_rod_middle_right_aim
832A4B06FE9802AC,tag_missile_clamp_left_piston_lower_aim
8336FEC812C117D3,j_ankle_back_ri
833AAE3AE013018F,ee_signs_industrial_smoke_litter
833D3E36E65C4EE8,j_cosmetic_kneebag_02_a
833D4136E65C5401,j_cosmetic_kneebag_02_b
833D8F8F0387789A,tag_screen_half_opend_to_opening
833E07AD5C98386A,tag_box_side_door_animate
833F839E4A329E68,j_centrifuge
836FC69550573481,wire_1_end_jnt
8370DD5979CD5CE0,j_razor_wire_med_4
8370E25979CD655F,j_razor_wire_med_1
8370E35979CD6712,j_razor_wire_med_2
8370E45979CD68C5,j_razor_wire_med_3
837908318CD37B59,furniture_cafe_rail_system_straight_32
839D3528841C3B31,j_black_1
83A828863375DCAC,j_trunk
83AAEAE425FE29EA,door_wood_ornate_01_grey_single_frame
83CA1E41CB491A70,tag_red_dot_stencil
83CED112EF5C7DDC,l_frontleg0_jnt
83D0A5D20FF0D5FC,tag_trailer_door_left_a_animate
83D5076630C0AC6B,tag_screen_close
83E0EF19943DC16F,revolver_05_fx
83E517B114B36E40,uk_house_gutter_pipe_groundspout_01
83EE62DE464663FA,j_bolt_carrier
83F8F3CD34DB4B85,uk_tool_box_small_01_destr_top
84023079A1C5643A,j_cosmetic_caribeener
840FD1719D08BF81,jup_fabric_resort_towel_plain_01_mesh
8417B40029364946,furniture_trash_can_metal_closed
843CC6D644F984EF,electrical_cable_surge_arrester_01
844FE740E0F8E636,tag_glass_under_right_d5
844FE840E0F8E7E9,tag_glass_under_right_d4
844FE940E0F8E99C,tag_glass_under_right_d3
844FEA40E0F8EB4F,tag_glass_under_right_d2
844FEB40E0F8ED02,tag_glass_under_right_d1
844FEC40E0F8EEB5,tag_glass_under_right_d0
8451E12A0207E6C6,j_cosmetic_pouch_l
8451E92A0207F45E,j_cosmetic_pouch_d
8451EA2A0207F611,j_cosmetic_pouch_e
8451EB2A0207F7C4,j_cosmetic_pouch_b
8451EC2A0207F977,j_cosmetic_pouch_c
8451EE2A0207FCDD,j_cosmetic_pouch_a
8451FB2A020812F4,j_cosmetic_pouch_r
845A14ED91726B51,j_toemid_2_ri_prop
845F13D1B4E0FC5A,tag_screen_4_relays_on
84660C21187944A6,container_dumpster_large_02
846E2DB62C4041C9,stationary_trainyard_post_01
84705FBEDAA73550,me_periph_euphrates_residential_house_01
847062BEDAA73A69,me_periph_euphrates_residential_house_02
8475D4A99A6E5744,tag_wing_slide_fold_right
84797BCDF21D2A20,j_strap_50
84797CCDF21D2BD3,j_strap_51
84797DCDF21D2D86,j_strap_52
84797ECDF21D2F39,j_strap_53
84797FCDF21D30EC,j_strap_54
847980CDF21D329F,j_strap_55
847981CDF21D3452,j_strap_56
847982CDF21D3605,j_strap_57
847983CDF21D37B8,j_strap_58
847984CDF21D396B,j_strap_59
847AAF029F9676E0,j_chute_c_mid_cord_6
847AB0029F967893,j_chute_c_mid_cord_7
847AB1029F967A46,j_chute_c_mid_cord_4
847AB2029F967BF9,j_chute_c_mid_cord_5
847AB3029F967DAC,j_chute_c_mid_cord_2
847AB4029F967F5F,j_chute_c_mid_cord_3
847AB6029F9682C5,j_chute_c_mid_cord_1
847ABD029F968EAA,j_chute_c_mid_cord_8
847ABE029F96905D,j_chute_c_mid_cord_9
847CFECDF2203E90,j_strap_43
847CFFCDF2204043,j_strap_42
847D00CDF22041F6,j_strap_41
847D01CDF22043A9,j_strap_40
847D02CDF220455C,j_strap_47
847D03CDF220470F,j_strap_46
847D04CDF22048C2,j_strap_45
847D05CDF2204A75,j_strap_44
847D08CDF2204F8E,j_strap_49
847D09CDF2205141,j_strap_48
848001CDF2227980,j_strap_76
848002CDF2227B33,j_strap_77
848003CDF2227CE6,j_strap_74
848004CDF2227E99,j_strap_75
848005CDF222804C,j_strap_72
848006CDF22281FF,j_strap_73
848007CDF22283B2,j_strap_70
848008CDF2228565,j_strap_71
84800FCDF222914A,j_strap_78
848010CDF22292FD,j_strap_79
848384CDF2258DF0,j_strap_69
848385CDF2258FA3,j_strap_68
84838CCDF2259B88,j_strap_61
84838DCDF2259D3B,j_strap_60
84838ECDF2259EEE,j_strap_63
84838FCDF225A0A1,j_strap_62
848390CDF225A254,j_strap_65
848391CDF225A407,j_strap_64
848392CDF225A5BA,j_strap_67
848393CDF225A76D,j_strap_66
84870BCDF228A92C,j_strap_18
84870CCDF228AADF,j_strap_19
84870FCDF228AFF8,j_strap_14
848710CDF228B1AB,j_strap_15
848711CDF228B35E,j_strap_16
848712CDF228B511,j_strap_17
848713CDF228B6C4,j_strap_10
848714CDF228B877,j_strap_11
848715CDF228BA2A,j_strap_12
848716CDF228BBDD,j_strap_13
848DFDCDF22EB010,j_strap_32
848DFECDF22EB1C3,j_strap_33
848DFFCDF22EB376,j_strap_30
848E00CDF22EB529,j_strap_31
848E01CDF22EB6DC,j_strap_36
848E02CDF22EB88F,j_strap_37
848E03CDF22EBA42,j_strap_34
848E04CDF22EBBF5,j_strap_35
848E07CDF22EC10E,j_strap_38
848E08CDF22EC2C1,j_strap_39
848F9D98907EB834,j_cosmetic_shemaghcentercpin
849100CDF230EB00,j_strap_25
849101CDF230ECB3,j_strap_24
849102CDF230EE66,j_strap_27
849103CDF230F019,j_strap_26
849104CDF230F1CC,j_strap_21
849105CDF230F37F,j_strap_20
849106CDF230F532,j_strap_23
849107CDF230F6E5,j_strap_22
84910CCDF230FF64,j_strap_29
84910DCDF2310117,j_strap_28
849355519ACA2493,tag_hatch_circular_right
849C9DB9F290DF48,tag_leg_rl_foot
84A1FFCDF23F5C80,j_strap_94
84A200CDF23F5E33,j_strap_95
84A201CDF23F5FE6,j_strap_96
84A202CDF23F6199,j_strap_97
84A203CDF23F634C,j_strap_90
84A204CDF23F64FF,j_strap_91
84A205CDF23F66B2,j_strap_92
84A206CDF23F6865,j_strap_93
84A20BCDF23F70E4,j_strap_98
84A20CCDF23F7297,j_strap_99
84A582CDF24270F0,j_strap_87
84A583CDF24272A3,j_strap_86
84A584CDF2427456,j_strap_85
84A585CDF2427609,j_strap_84
84A586CDF24277BC,j_strap_83
84A587CDF242796F,j_strap_82
84A588CDF2427B22,j_strap_81
84A589CDF2427CD5,j_strap_80
84A590CDF24288BA,j_strap_89
84A591CDF2428A6D,j_strap_88
84C116F32B696568,t10_stationary_paper_tray_black_01_b_lod0
84C4DC2BB0089AC4,j_cloth_simmesh_11_end
84E16BB3802E9E5C,t10_wall_wood_trim_column_06_lod0
84EB775926C34E2B,tag_tail_rotor_blade_04_blur
84EC00239F5E61B5,p7_bottle_glass_liquor_expensive_07_empty
84F59977B4A67F2C,j_cookie
84F618F7375F02A3,cyclops_s4_construction_wall_facade_piece_01_a_mesh
8506C6181036BF1C,tall_blades
8506E2FD2317FFB4,tag_tail_rotor_blade_01_rot
850AFE2F21671860,tag_glass_side_left_d1
850AFF2F21671A13,tag_glass_side_left_d0
850B002F21671BC6,tag_glass_side_left_d3
850B012F21671D79,tag_glass_side_left_d2
850B022F21671F2C,tag_glass_side_left_d5
850B032F216720DF,tag_glass_side_left_d4
85100227D190725B,t10_fence_chainlink_lrg_64_mesh
8516B95B39E7A0BB,j_collar
851F01D3DA2E4879,j_wristwatch_second
8522E291ABAD03C1,jup_pillar_column_top_01_24x26_mesh
85308EE729A1608F,tag_gunner_barrel1_animate
854639690BD1DB9D,tag_origin_part_mirror_right
854A5500C8F48288,tag_parachute_door_left
854CD606F8BD7D3B,j_6_d
855523522E302DA7,ee_trim_large_roof_48_destroyed_02
855A009EBBB2B7E4,base_t10_decor_statue_wenceslaus_01_lod0
855BF24D45911A78,j_cosmetic_chemlight_b
855BF34D45911C2B,j_cosmetic_chemlight_c
855BF54D45911F91,j_cosmetic_chemlight_a
855BF84D459124AA,j_cosmetic_chemlight_d
855BF94D4591265D,j_cosmetic_chemlight_e
855C424D4591A268,j_cosmetic_chemlight_2
855C434D4591A41B,j_cosmetic_chemlight_3
855C454D4591A781,j_cosmetic_chemlight_1
855C484D4591AC9A,j_cosmetic_chemlight_4
855C494D4591AE4D,j_cosmetic_chemlight_5
856B207839FD2B1D,tag_ik_hand_loc_le
857130783A01B1FB,tag_ik_hand_loc_ri
8585F08213C20A22,t10_sab_construction_metal_stairs_snow_mesh
85884D0A7CED1B24,j_drill_3_arm
8591DB83E432E733,j_cosmetic_dump_rolled
8594186762A4A86E,tag_window_rear_right
859BB23112A43800,j_cosmetic_grabstrapd_le_1
859BB43112A43B66,j_cosmetic_grabstrapd_le_3
859BB53112A43D19,j_cosmetic_grabstrapd_le_2
85A5A4D73E67D19D,j_cosmetic_spinelower_backside_ri
85A94EBC395167AD,mp_flip_lion_statue_02
85B8371579B952EF,tag_exhaust_right
85BE5511CCEB35AA,j_ankle_ri_geo_high
85C4125FAED654FE,debris_junk_tire_01
85C944E6E009BC94,sat_electronics_cable_bundle_01_mesh
85C9805E45982B8D,j_cosmetic_leftpoucha
85DB3D9EAF9A05B0,j_suspensionpiston_rear_right_tgt
85DE90F24FA5A82C,ptorus8
85DE94F24FA5AEF8,ptorus4
85DE99F24FA5B777,ptorus1
85EBD5F6378911D4,j_temple_ri_002
85EBD8F6378916ED,j_temple_ri_001
85EDA7E258A3A558,j_b_top
85EFB7BB821DB3AE,shirt_flag
85F2FE756E831FE8,j_base_shoulder_ri
85F7B8189AD7E038,tag_stop_sign_base
85FDB4D73EB262A3,j_cosmetic_spinelower_backside_le
86093B47639D0601,j_needle
860AFF1B982C93C6,misc_car_parts_assorted_01_detail_08
860B001B982C9579,misc_car_parts_assorted_01_detail_09
860B051B982C9DF8,misc_car_parts_assorted_01_detail_02
860B061B982C9FAB,misc_car_parts_assorted_01_detail_03
860B081B982CA311,misc_car_parts_assorted_01_detail_01
860B091B982CA4C4,misc_car_parts_assorted_01_detail_06
860B0B1B982CA82A,misc_car_parts_assorted_01_detail_04
860B0C1B982CA9DD,misc_car_parts_assorted_01_detail_05
860E8D1B982FBAE7,misc_car_parts_assorted_01_detail_10
8614EE756E9FEB1E,j_base_shoulder_le
86157112C6A09757,tag_launcher_arm_piston_lower_aim
861CF8617385612E,wheel_front_r_aim_loc
861EA2C01ED2CAC4,j_clamp_lever02_dnle
863EB5CEFCD49368,building_cable_post_wood_pole_10_feet
864CA57A78E36F43,roof_asbestos_sheet_64x32_02_2sided
864F4D8BC1B99987,j_breakaction
8652E0C924BA6A2E,tag_wing_mid_ri_dst
8659B868CA10FCE0,j_cosmetic_flashbang_pouch_01
866C0E613531C6E8,plumbing_hazmat_pipe_16_corner
866C606E42859CD7,roof_asbestos_sheet_broken_02
866C616E42859E8A,roof_asbestos_sheet_broken_01
866C82EB756D8AD3,j_glider_panel_right_top
866DF0C5E3885BA4,j_mesh03_3
866DF1C5E3885D57,j_mesh03_2
866DF2C5E3885F0A,j_mesh03_1
8671DEC665BFB020,medallion_01
8671E3C665BFB89F,medallion_04
8676CE647FF09904,ee_wall_precast_concrete_02_dest_02
8676D1647FF09E1D,ee_wall_precast_concrete_02_dest_01
8679AE622C729304,tag_fastrope_hook
8686706F628D43C1,bolt_20
86896E6F628F7632,bolt_18
86896F6F628F77E5,bolt_19
8689706F628F7998,bolt_16
8689716F628F7B4B,bolt_17
8689726F628F7CFE,bolt_14
8689736F628F7EB1,bolt_15
8689746F628F8064,bolt_12
8689756F628F8217,bolt_13
8689766F628F83CA,bolt_10
8689776F628F857D,bolt_11
86926D2207A6FE73,tag_wire_21
86926E2207A70026,tag_wire_22
86926F2207A701D9,tag_wire_23
8692702207A7038C,tag_wire_24
8692712207A7053F,tag_wire_25
8692722207A706F2,tag_wire_26
8692732207A708A5,tag_wire_27
8692742207A70A58,tag_wire_28
8692752207A70C0B,tag_wire_29
8695EF2207AA1130,tag_wire_33
8695F02207AA12E3,tag_wire_32
8695F12207AA1496,tag_wire_31
8695F22207AA1649,tag_wire_30
8695F32207AA17FC,tag_wire_37
8695F42207AA19AF,tag_wire_36
8695F52207AA1B62,tag_wire_35
8695F62207AA1D15,tag_wire_34
8695F92207AA222E,tag_wire_39
8695FA2207AA23E1,tag_wire_38
869CF52207B03A10,tag_wire_19
869CF62207B03BC3,tag_wire_18
869CFD2207B047A8,tag_wire_11
869CFE2207B0495B,tag_wire_10
869CFF2207B04B0E,tag_wire_13
869D002207B04CC1,tag_wire_12
869D012207B04E74,tag_wire_15
869D022207B05027,tag_wire_14
869D032207B051DA,tag_wire_17
869D042207B0538D,tag_wire_16
869FFC2207B27BCC,tag_wire_68
869FFD2207B27D7F,tag_wire_69
86A0002207B28298,tag_wire_64
86A0012207B2844B,tag_wire_65
86A0022207B285FE,tag_wire_66
86A0032207B287B1,tag_wire_67
86A0042207B28964,tag_wire_60
86A0062207B28CCA,tag_wire_62
86A0072207B28E7D,tag_wire_63
86A3812207B593A2,tag_wire_79
86A3822207B59555,tag_wire_78
86A3832207B59708,tag_wire_77
86A3842207B598BB,tag_wire_76
86A3852207B59A6E,tag_wire_75
86A3862207B59C21,tag_wire_74
86A3872207B59DD4,tag_wire_73
86A3882207B59F87,tag_wire_72
86A3892207B5A13A,tag_wire_71
86A38A2207B5A2ED,tag_wire_70
86A6EE2207B882B0,tag_wire_42
86A6EF2207B88463,tag_wire_43
86A6F02207B88616,tag_wire_40
86A6F12207B887C9,tag_wire_41
86A6F32207B88B2F,tag_wire_47
86A6F42207B88CE2,tag_wire_44
86A6F52207B88E95,tag_wire_45
86A6F82207B893AE,tag_wire_48
86A6F92207B89561,tag_wire_49
86AA712207BB9720,tag_wire_55
86AA722207BB98D3,tag_wire_54
86AA732207BB9A86,tag_wire_57
86AA742207BB9C39,tag_wire_56
86AA752207BB9DEC,tag_wire_51
86AA762207BB9F9F,tag_wire_50
86AA772207BBA152,tag_wire_53
86AA782207BBA305,tag_wire_52
86AA7D2207BBAB84,tag_wire_59
86B4802207C40522,tag_wire_88
86B4812207C406D5,tag_wire_89
86B4822207C40888,tag_wire_86
86B4832207C40A3B,tag_wire_87
86B4842207C40BEE,tag_wire_84
86B4852207C40DA1,tag_wire_85
86B4862207C40F54,tag_wire_82
86B4872207C41107,tag_wire_83
86B4882207C412BA,tag_wire_80
86B4892207C4146D,tag_wire_81
86B55DBB7D86887F,t10_construction_arch_metal_a_01_lod0_t10_construction_arch_met
86B7EE2207C6F5E3,tag_wire_90
86B7EF2207C6F796,tag_wire_93
86B7F02207C6F949,tag_wire_92
86B7F12207C6FAFC,tag_wire_95
86B7F22207C6FCAF,tag_wire_94
86B7F32207C6FE62,tag_wire_97
86B7F42207C70015,tag_wire_96
86B7F52207C701C8,tag_wire_99
86B7F62207C7037B,tag_wire_98
86C7AF18343853FF,j_jack_s
86D2568DB4E7EBD0,tag_laser_hide
86D975B7D6EBF1DC,polysurface334
86DC922214ED49AD,par_bullpen_desk_slanted_01_lod0
86E0ED9448A63CDA,bathroom_bathtub_01
86E5953B5974DD99,uk_walls_drywall_01_64x120
86E70AB7D6F77967,polysurface371
86ED73B7D6FC9780,polysurface352
86F657378326CDC4,school_locker_closed_01_door
8700BAE68F6B089D,jup_debris_tree_beech_large_03_snowcap_mesh
8703153A1DB6A5C7,ee_military_shooting_range_plate_02
87099CF423663A8F,sat_virgo_debris_glass_shards_tempered_01_mesh
8711C6D96C54E0CB,j_cosmetic_back_knife_01
8711C7D96C54E27E,j_cosmetic_back_knife_02
8711C8D96C54E431,j_cosmetic_back_knife_03
8711F97FDDC1AF53,cyclops_s4_construction_wall_facade_piece_01_a_const_mesh
8712D5B2FE267A8A,j_limb_base_left
87149EC99D927B28,j_ub_shell_03
87149FC99D927CDB,j_ub_shell_02
8714A0C99D927E8E,j_ub_shell_01
8717F88D646DAF88,j_grenade4
8717F98D646DB13B,j_grenade5
8717FA8D646DB2EE,j_grenade6
8717FD8D646DB807,j_grenade1
8717FE8D646DB9BA,j_grenade2
8717FF8D646DBB6D,j_grenade3
872919FEAE067909,jup_wall_brick_trim_02_mesh
872D8EAA1188A807,sat_decor_ht_skyscraper_int_art_02_lod0
87372BEFFEFB16A5,j_spade_end
87423F2E4596A602,tag_chunk_ramp_dst
874E3324535494E4,tag_wing_04_animate
875D0E5794C3F3AA,uk_scaffold_kit_pole_128_45_angle
87674315835A1FE0,j_handle
877DB75E69753094,board_02_empty
8786BEE0B4B8B8FA,j_teabag0
87ABE059FF931C27,me_kitchen_tea_cup_01_merge
87AC7DD9F9F5FFFA,sml_lift_rot_base_jnt
87C8A8BCC840465C,tag_drone_attach_006_d0
87CCEB2B4116EF31,revolver_07_fx
87D58D11DAB7D1D4,j_cat_le
87E3D16F0E68BA03,j_ringpull
87F4819684F860FF,j_proc_spinelower_backsidetip_ri
8802EEFF12822E61,ger_electrical_wiring_11_lod1
881CF837BC2D2190,j_cosmetic_taperolla
88265F638A8795DE,j_mag1_01
882B29ECB6746D7E,j_cosmetic_ziptie_04
882B2AECB6746F31,j_cosmetic_ziptie_05
882B2BECB67470E4,j_cosmetic_ziptie_02
882B2CECB6747297,j_cosmetic_ziptie_03
882B2EECB67475FD,j_cosmetic_ziptie_01
882D6D11DB02114A,j_cat_ri
883069B3019C79D2,j_ub_lever
88348C253F3A95AD,tag_ik_loc_le_seat_ctrl
883A2ECC30369A00,j_upperlip_add_ri_006
883A31CC30369F19,j_upperlip_add_ri_005
883A32CC3036A0CC,j_upperlip_add_ri_002
883A33CC3036A27F,j_upperlip_add_ri_003
883F899685385A11,j_proc_spinelower_backsidetip_le
88561EEEF0B5C4A5,uk_kitchen_cabinet_01_btm_corner_a_door_l
88576F92E7FAEED9,sat_jap_machinery_express_train_wagon_shutter_lod0
885CA1E6768B2119,un_office_l_desk_01_long
885F14D8074ED7F1,fixture_faucet_hose_01
886870D181B3CE20,uk_kitchen_cabinet_kit_01_32_top
886E7BEF19799FBB,s4_cyclops_ext_wall_facade_center_01_lod0_patch_05
887118453B74422C,j_topcover
88761E65903DC419,tag_truck_bed_mudguard_left
887FA0DD3CAD8892,tag_door_back_top
8880D39EED39440C,tag_origin_door_fr
8883A39998567027,j_crotch
889055013CF2A5DD,building_roof_lip_concrete_01_64_damaged
8890D418F71249CF,t10_ava_truss_support_metal_beam_hole_128_01_0_mesh2
8897A5C977C33F9E,tag_right_03
8897A6C977C34151,tag_right_02
8897A8C977C344B7,tag_right_04
88A6C3E1BE458741,head_tip
88ADB386108D2F21,j_knee_ri_prop
88B2533AABF472E6,j_card_01
88BD8E8C54896C03,landing_gear_right
88C395C6307BE225,j_innerlip_bot_001
88DD1E959B13B754,back_off
88E6EDA2FCA2BA62,un_structural_trim_cornice_01_corner_inside_left
88E733215DC62E12,tag_spine_weakpoint
88E8A581C044C284,uk_machinery_pulley_hoist_jib_crane_01
88F2DB8F3CCFEA53,j_sack_sdr3_ri
89141A6EA6EA7320,tag_front_flap_le_04
89141F6EA6EA7B9F,tag_front_flap_le_01
8914206EA6EA7D52,tag_front_flap_le_02
8914216EA6EA7F05,tag_front_flap_le_03
892466FA232AA7D6,j_eyelash_top_ri_4
892467FA232AA989,j_eyelash_top_ri_5
892468FA232AAB3C,j_eyelash_top_ri_2
89246BFA232AB055,j_eyelash_top_ri_1
8929EDEE1F1EF9AA,j_cosmetic_cqc2_bloodbag
892BD9A0EDAE7387,j_insidegum_ri_1
8939AE5CC949F420,tag_seat_enter_5
8939AF5CC949F5D3,tag_seat_enter_4
8939B25CC949FAEC,tag_seat_enter_1
8939B35CC949FC9F,tag_seat_enter_0
8939B55CC94A0005,tag_seat_enter_2
893E69CB44639680,jup_appliance_coffee_maker_01_mesh
8941CFA179D5EE80,j_cosmetic_grabstrapc_ri_2
8941D0A179D5F033,j_cosmetic_grabstrapc_ri_3
8941D2A179D5F399,j_cosmetic_grabstrapc_ri_1
8944358E735900B3,j_cloth_simmesh_right3_1
894E6170BA687734,j_shoulder_le_prop
8959449BB517DF2B,sat_decor_ship_hatch_01_lod0
895C5AF3AD147070,fastrope_hook_le_jnt
89679C2581750880,tag_cloth
89770A12637DC69D,j_cosmetic_lcarabinerx
89770F12637DCF1C,j_cosmetic_lcarabinerc
89771012637DD0CF,j_cosmetic_lcarabinerb
89771112637DD282,j_cosmetic_lcarabinera
897ADFB23B7DB7BB,tag_attach_rotor_chunk_c3_dst
897BA81E41E444E8,tag_blue
897D97ED763D64FE,j_carryhandlebase
897F8CFDD85BA29F,j_teres_ri
8982012CF63C023D,furniture_dresser_damaged_door_left
8984219680170983,tag_window_back_left_2
8986BE60C9424226,tag_elevator_ri_animate
8991E2B691A2D9D0,j_slingmount
8998AE93E13BD3CD,t10_storage_wine_barrel_01_lod0_mesh
899D4E1AAA645812,t10_decor_easel_ornate_01_standing_hinge
89A1A2882AA0C714,j_ramp_01
89A32C15ADF3661C,j_index_ri_end
89A6562EB429F98A,tag_bench
89AF56C30B411828,j_lid_piece_3
89AF57C30B4119DB,j_lid_piece_2
89AF58C30B411B8E,j_lid_piece_1
89AF5CC30B41225A,j_lid_piece_5
89AF5DC30B41240D,j_lid_piece_4
89B0E3C3D029606C,tag_leg_fl_foot
89B1861190B617C2,ee_fence_wood_plank_128
89BA5BF11ADCD818,ee_furniture_chair_wood
89BC5D24B99C65EE,j_clamp_upriver02_upri
89C440BFEB33A1F4,j_cosmetic_backhippoucha
89C443BFEB33A70D,j_cosmetic_backhippouchb
89C994FDD899E8B1,j_teres_le
89DF920F9EF9EC38,j_cosmetic_carabiner_rope_a
89DF950F9EF9F151,j_cosmetic_carabiner_rope_b
89E010486E8AFF7B,sat_appliance_bell_farm_stand_01_mesh
89E0ECE33BF02F58,ee_wood_plank_watermill_dock_damaged_01
89E0EEE33BF032BE,ee_wood_plank_watermill_dock_damaged_03
89E31C175F8889D0,tag_plat1_light_front_left_fx
89E5B6F87D9F3DF4,j_cosmetic_sidecaribeanera
8A022000313A8B11,sat_locust_zm_lighthouse_support_01_mesh
8A0C3DE4305817A1,t10_sabotage_window_armory_west_ext_frame_03_mesh
8A0DCD0089959390,un_office_hard_drive_01
8A1152F583B66873,zm_sat_locust_shop_01_window_trim_02_mesh1
8A1751A7FE9751D8,j_cosmetic_zippouch_01_c
8A1752A7FE97538B,j_cosmetic_zippouch_01_b
8A1753A7FE97553E,j_cosmetic_zippouch_01_a
8A1756A7FE975A57,j_cosmetic_zippouch_01_f
8A1757A7FE975C0A,j_cosmetic_zippouch_01_e
8A1758A7FE975DBD,j_cosmetic_zippouch_01_d
8A180A1DF85D108A,j_shock_03_rod_middle_left_tgt
8A185D22C76D30A3,j_screen_02_on_01
8A185E22C76D3256,j_screen_02_on_02
8A185F22C76D3409,j_screen_02_on_03
8A186022C76D35BC,j_screen_02_on_04
8A186122C76D376F,j_screen_02_on_05
8A186222C76D3922,j_screen_02_on_06
8A186322C76D3AD5,j_screen_02_on_07
8A186422C76D3C88,j_screen_02_on_08
8A186522C76D3E3B,j_screen_02_on_09
8A1BDF22C7704360,j_screen_02_on_13
8A1BE022C7704513,j_screen_02_on_12
8A1BE122C77046C6,j_screen_02_on_11
8A1BE222C7704879,j_screen_02_on_10
8A1BE322C7704A2C,j_screen_02_on_17
8A1BE422C7704BDF,j_screen_02_on_16
8A1BE522C7704D92,j_screen_02_on_15
8A1BE622C7704F45,j_screen_02_on_14
8A1BE922C770545E,j_screen_02_on_19
8A1BEA22C7705611,j_screen_02_on_18
8A1F6222C77357D0,j_screen_02_on_26
8A1F6422C7735B36,j_screen_02_on_24
8A1F6522C7735CE9,j_screen_02_on_25
8A1F6622C7735E9C,j_screen_02_on_22
8A1F6722C773604F,j_screen_02_on_23
8A1F6822C7736202,j_screen_02_on_20
8A1F6922C77363B5,j_screen_02_on_21
8A1F912AE1C95F1F,water_heater_iw6_lod0
8A2B0C2EFAE18EBA,tag_truck_bed_mudguard_right
8A2D161FA7FF9BD1,j_corner_4_b
8A42A8DA5E31EB21,j_zb_3_root
8A461A688343CB9E,j_cosmetic_larmpadflap
8A4721F4B1B0C22C,j_c_mid_lid
8A49096595FA94DD,lighting_commercial_lamp_long_01_attached
8A5C7ECEB49FC122,j_manb_elbow_le
8A665200DD877447,ee_mansion_int_railing_33_01
8A6AE51F2A8B01F1,dyn_jaw
8A6D3825AF0F3544,wheel_front
8A70CD6BE15C4633,mayhem_export_cloth_871
8A70CE6BE15C47E6,mayhem_export_cloth_872
8A70CF6BE15C4999,mayhem_export_cloth_873
8A70D06BE15C4B4C,mayhem_export_cloth_874
8A70D16BE15C4CFF,mayhem_export_cloth_875
8A70D26BE15C4EB2,mayhem_export_cloth_876
8A70D36BE15C5065,mayhem_export_cloth_877
8A70D46BE15C5218,mayhem_export_cloth_878
8A70D56BE15C53CB,mayhem_export_cloth_879
8A744F6BE15F58F0,mayhem_export_cloth_863
8A74506BE15F5AA3,mayhem_export_cloth_862
8A74516BE15F5C56,mayhem_export_cloth_861
8A74526BE15F5E09,mayhem_export_cloth_860
8A74536BE15F5FBC,mayhem_export_cloth_867
8A74546BE15F616F,mayhem_export_cloth_866
8A74556BE15F6322,mayhem_export_cloth_865
8A74566BE15F64D5,mayhem_export_cloth_864
8A74596BE15F69EE,mayhem_export_cloth_869
8A745A6BE15F6BA1,mayhem_export_cloth_868
8A770FFABA432905,me_food_spice_sack_short_spilled_01
8A77D26BE1626D60,mayhem_export_cloth_856
8A77D36BE1626F13,mayhem_export_cloth_857
8A77D46BE16270C6,mayhem_export_cloth_854
8A77D56BE1627279,mayhem_export_cloth_855
8A77D66BE162742C,mayhem_export_cloth_852
8A77D76BE16275DF,mayhem_export_cloth_853
8A77D86BE1627792,mayhem_export_cloth_850
8A77D96BE1627945,mayhem_export_cloth_851
8A77E06BE162852A,mayhem_export_cloth_858
8A77E16BE16286DD,mayhem_export_cloth_859
8A7B556BE16581D0,mayhem_export_cloth_849
8A7B566BE1658383,mayhem_export_cloth_848
8A7B5D6BE1658F68,mayhem_export_cloth_841
8A7B5E6BE165911B,mayhem_export_cloth_840
8A7B5F6BE16592CE,mayhem_export_cloth_843
8A7B606BE1659481,mayhem_export_cloth_842
8A7B616BE1659634,mayhem_export_cloth_845
8A7B626BE16597E7,mayhem_export_cloth_844
8A7B636BE165999A,mayhem_export_cloth_847
8A7B646BE1659B4D,mayhem_export_cloth_846
8A7B87884BEB01EB,j_screen_yellow
8A7E5C6BE167C38C,mayhem_export_cloth_838
8A7E5D6BE167C53F,mayhem_export_cloth_839
8A7E606BE167CA58,mayhem_export_cloth_834
8A7E616BE167CC0B,mayhem_export_cloth_835
8A7E626BE167CDBE,mayhem_export_cloth_836
8A7E636BE167CF71,mayhem_export_cloth_837
8A7E646BE167D124,mayhem_export_cloth_830
8A7E656BE167D2D7,mayhem_export_cloth_831
8A7E676BE167D63D,mayhem_export_cloth_833
8A81E16BE16ADB62,mayhem_export_cloth_829
8A81E26BE16ADD15,mayhem_export_cloth_828
8A81E36BE16ADEC8,mayhem_export_cloth_827
8A81E46BE16AE07B,mayhem_export_cloth_826
8A81E56BE16AE22E,mayhem_export_cloth_825
8A81E66BE16AE3E1,mayhem_export_cloth_824
8A81E76BE16AE594,mayhem_export_cloth_823
8A81E86BE16AE747,mayhem_export_cloth_822
8A81E96BE16AE8FA,mayhem_export_cloth_821
8A81EA6BE16AEAAD,mayhem_export_cloth_820
8A854E6BE16DCA70,mayhem_export_cloth_812
8A854F6BE16DCC23,mayhem_export_cloth_813
8A85506BE16DCDD6,mayhem_export_cloth_810
8A85516BE16DCF89,mayhem_export_cloth_811
8A85526BE16DD13C,mayhem_export_cloth_816
8A85546BE16DD4A2,mayhem_export_cloth_814
8A85556BE16DD655,mayhem_export_cloth_815
8A85586BE16DDB6E,mayhem_export_cloth_818
8A85596BE16DDD21,mayhem_export_cloth_819
8A88D26BE170E093,mayhem_export_cloth_804
8A88D36BE170E246,mayhem_export_cloth_807
8A88D46BE170E3F9,mayhem_export_cloth_806
8A88D56BE170E5AC,mayhem_export_cloth_801
8A88D66BE170E75F,mayhem_export_cloth_800
8A88D76BE170E912,mayhem_export_cloth_803
8A88D86BE170EAC5,mayhem_export_cloth_802
8A88DD6BE170F344,mayhem_export_cloth_809
8A88DE6BE170F4F7,mayhem_export_cloth_808
8AA0586BE184A326,mayhem_export_cloth_898
8AA0596BE184A4D9,mayhem_export_cloth_899
8AA05E6BE184AD58,mayhem_export_cloth_892
8AA05F6BE184AF0B,mayhem_export_cloth_893
8AA0606BE184B0BE,mayhem_export_cloth_890
8AA0616BE184B271,mayhem_export_cloth_891
8AA0626BE184B424,mayhem_export_cloth_896
8AA0646BE184B78A,mayhem_export_cloth_894
8AA0656BE184B93D,mayhem_export_cloth_895
8AA3DD6BE187BAFC,mayhem_export_cloth_889
8AA3DE6BE187BCAF,mayhem_export_cloth_888
8AA3E16BE187C1C8,mayhem_export_cloth_885
8AA3E26BE187C37B,mayhem_export_cloth_884
8AA3E36BE187C52E,mayhem_export_cloth_887
8AA3E46BE187C6E1,mayhem_export_cloth_886
8AA3E56BE187C894,mayhem_export_cloth_881
8AA3E66BE187CA47,mayhem_export_cloth_880
8AA3E86BE187CDAD,mayhem_export_cloth_882
8AA97656C6E8AEB5,uk_foliage_strip_weeds_01
8AAB2202FA5801C6,toy_stuffed_animal_bear_dmg_01
8ABFB17C48280219,j_sally
8AC266CEB4F64B8C,j_manb_elbow_ri
8AC4A9BC27F58C7A,sat_decor_bodybag_01_lod0
8ADFA251EC1F3B19,j_neck_ct_1
8AE01595ED71B62C,arm_rot_jnt
8AE8AC76DBD8FC70,sat_communication_tower_01_lod0
8AEB5EFEDCB7D7BB,ee_street_cement_curb_thick_128_mesh
8AEC77A50A870E43,bathroom_toiletries_tub_02
8AEC78A50A870FF6,bathroom_toiletries_tub_01
8AF0446014BB11C7,custom_snake_r_jnt
8B044A0F07805157,hanging_lamp_short_wire_geo
8B077E099FBCA30D,j_cosmetic_mag_pouch
8B0883169F544526,electronics_fan_desk_noblade_lod0
8B0E94E84DD0EB90,chain_01
8B0E95E84DD0ED43,chain_00
8B0E96E84DD0EEF6,chain_03
8B0E97E84DD0F0A9,chain_02
8B0E99E84DD0F40F,chain_04
8B15E163FA606ADC,sat_decor_ht_skyscraper_int_ceiling_art_01_lod0
8B19B0FE5A6E0670,j_tool
8B1AFDCBBA1862AC,tag_wings
8B2815C31487E6B0,j_gun_ri
8B2F62E20666A770,t10_app_signage_old_wall_papers_01_lod0
8B3BA7FE5A8ADD8B,j_toes
8B49FC8B5F07A997,t10_food_market_goods_lime_01_lod0_mesh
8B4D025B2720A20A,jup_pillar_rooftop_town_01_mesh
8B518AF2E1391751,tag_door_right
8B5D6ACC97E44E1D,arm_extend_jnt
8B5F7FE0CF164277,ee_utility_pole_top
8B623ACB02FC366E,padlock_set_iw6_padlock_lod0
8B65A85E6BE9520D,j_cosmetic_molle
8B7102B205F844A3,j_cosmetic_desert_back
8B86E521F288AA95,j_metamid_ri_1
8B88A9819CE555F5,t10_decor_coffee_vending_machine_01
8B8976A2465BC833,rod_extend_jnt1
8B9986ED05FF2B7E,uk_house_gutter_support_01
8B9B2DE7C5EB6BAB,j_body_right
8BACE9C5EEC66052,tag_wheel_middle_left_scripted
8BB87464EF1F9E4A,j_cosmetic_combox_01
8BB97AE3BA5936A5,j_strap_right
8BCFD8D30842FBBB,door_right_top_jnt
8BD2B710048F75C9,j_roll
8BD69D1004933272,j_root
8BDB515663703C2E,j_yellow
8BF290ECDB6745BF,j_eyelid_dn_le
8C07AD2DF311220F,j_cosmetic_cqc2_pouch
8C09EF2EAC96E761,snow_cap_01
8C1425961459E85B,j_ear_ri_002
8C1426961459EA0E,j_ear_ri_001
8C16BE1004C94E7A,j_rope
8C225E55C24BCCF0,tag_right_off
8C288BD02394825A,tag_b_001
8C2F76236A942B38,tag_glass
8C385F7F1E59AFDB,j_levator_ri_1
8C38607F1E59B18E,j_levator_ri_2
8C3EE70440FBAB7F,t10_trim_crown_molding_set_01_straight_64_mesh
8C42712F87530E80,j_trigger_nomrkt
8C45691A5489627E,window_office_trim_02_72
8C483D2735D894D2,tag_fx_head_ri_throat
8C4E27A01FBD977A,sat_signage_forge_server_fui_plane_05_mesh
8C58B8ECDBBE3CE9,j_eyelid_dn_ri
8C63D1BA2D54DEE1,hip_jnt
8C6AFA43A325175D,gib_brit_qf_5_25_inch_gun_cannon_base_01_lod0
8C6DA0D785B4081B,un_structural_cornerstone_45_neoclassical_160
8C6E6A43E804DDF1,mc_j_jaw
8C7B20D785BF6BF7,un_structural_cornerstone_45_neoclassical_128
8C90CA1EE84D9A7B,j_baloon_tip_dwn
8C9BED06FC7F6650,j_7_d
8CC1A2BCE303AC93,tag_light_hatch_right_d2
8CC1A3BCE303AE46,tag_light_hatch_right_d1
8CC1A4BCE303AFF9,tag_light_hatch_right_d0
8CC67BEAF7269851,j_laptop_screen_on
8CCB183BE7106232,j_plank
8CF1178B2210EBA9,tag_crane_slide_c_animate
8CF5CF316EECCC0E,mout_catwalk_stairs_joint
8D06AEFF37E9E2CE,ee_stairs_church_handrail_01
8D0764934E4D71A1,tag_main_hole_red_light_off
8D0F92CAD6E3282C,tag_wing_slat_le_animate
8D0FEA42DC1B5626,j_right_lock
8D209DF272CE1B43,tag_light_left_back_d0
8D298FE252029CF8,head_jnt
8D333F43D45471E8,tag_wheel_center_middle1_left_flat
8D3C269441898259,j_lbackbag
8D49F63DFB160FA4,j_razor2
8D49F93DFB1614BD,j_razor1
8D50F2FECEC48669,jup_ee_machinery_train_interior_handle_bar_01_mesh
8D574E8EBD26CD4B,ee_signs_industrial_220_volt
8D69377DF19936D8,piece_02
8D69387DF199388B,piece_03
8D693B7DF1993DA4,piece_06
8D693D7DF199410A,piece_04
8D693E7DF19942BD,piece_05
8D6BC6CB58A89DA0,tag_leg_fr_flatten_piston_lower_aim
8D6DE82BB50C9E3F,ee_wall_wooden_support_05
8D70E3DFABF3F857,foliage_grass_dry_arid_weed_tall_02
8D767E0484B67DCA,proc_stow_back_mid_attach
8D7963081F7FA538,j_jaw
8D7B96E43F6D4F9A,office_book_blue_paper_folder_lod0
8D9BBDE0DE55E02A,j_bolt_sleeve
8DA0179B71FF21A0,tag_light_5
8DA0189B71FF2353,tag_light_4
8DA01D9B71FF2BD2,tag_light_3
8DA01E9B71FF2D85,tag_light_2
8DA827703A24ACFD,j_cosmetic_securitypass_01
8DA8E08064DC78DB,tag_taser_offset
8DB4EB47C404C4B7,j_frontgilly_b_ri
8DC0D65074F06BA9,bathroom_toiletries_bottle_01
8DC5D1E69C84A456,j_charginghandleassistright
8DC90347C4159689,j_frontgilly_b_le
8DDD4AECB18D9FA4,jup_sign_arcade_japan_03_tri
8DDDB1D4BF044821,j_king
8DE0F640A7BE5BC9,tag_rail_hide
8DF15736ECFFB163,j_cosmetic_kneebag_03_a
8DF15836ECFFB316,j_cosmetic_kneebag_03_b
8DF85B1C7CD1B730,pice_g
8DF85C1C7CD1B8E3,pice_f
8DF85D1C7CD1BA96,pice_e
8DF85E1C7CD1BC49,pice_d
8DF85F1C7CD1BDFC,pice_c
8DF8601C7CD1BFAF,pice_b
8DF8611C7CD1C162,pice_a
8DFCC72BC79B7920,tag_light_three_on_6
8DFCC82BC79B7AD3,tag_light_three_on_7
8DFCC92BC79B7C86,tag_light_three_on_4
8DFCCA2BC79B7E39,tag_light_three_on_5
8DFCCB2BC79B7FEC,tag_light_three_on_2
8DFCCC2BC79B819F,tag_light_three_on_3
8DFCCD2BC79B8352,tag_light_three_on_0
8DFCCE2BC79B8505,tag_light_three_on_1
8DFCD52BC79B90EA,tag_light_three_on_8
8DFCD62BC79B929D,tag_light_three_on_9
8E03F00D312CC5CA,tag_leg_rl_heel
8E047B1C507A644D,tag_door_trailer_front_left_d0
8E0A91C5F0671400,tag_wing_ri_weakpoint
8E1EEC164EC96E28,j_stud
8E23DD3A8E23AE4A,tag_trunk
8E370D5D965E2687,grip_arm_jnt
8E3B4E792B8E5918,j_cover_handle
8E3C721CE30A7D49,jup_construction_building_support_pillar_01_32x32x96_dmg_mesh
8E4D625A707BEED3,ee_oldmill_stonehole_01
8E4EF87EB99068C3,j_missiles
8E597A35775387DB,edge_02
8E5C5996AC33DCFD,j_ear_l
8E5C5B96AC33E063,j_ear_r
8E74A55EFC2A8C20,jup_furniture_couch_worn_leather_3seat_01_mesh
8E750A5261391CD6,j_r_handle_strap
8E7FDC183ED353F1,tag_optics_turret
8E89D1613294CD41,j_bar_front_left_tgt
8EA2744EDC8E27A7,tag_striptable_hacked
8EAA20E620580FA8,j_towel_endflap2_le
8EB52823FC3E440B,tag_claw
8EBA1D66521BEFAB,door_landing_gear_le_2_jnt
8EC8998D0441BBE4,ee_roof_metal_flat_128x64
8ECCE8D437E4650F,j_cosmetic_lcarabineraend
8ED518B84CBB7524,tag_turret_chunk_dst
8ED55F6A26DE1A70,j_cosmetic_scarfc
8ED5606A26DE1C23,j_cosmetic_scarfb
8ED5616A26DE1DD6,j_cosmetic_scarfa
8ED5666A26DE2655,j_cosmetic_scarfd
8ED9918D0450217F,ee_roof_metal_flat_128x32
8EE85B96ACAB62D2,j_earth
8EEC32EE924A29E1,p7_conduit_metal_1_strap_sml_lod0
8EFC41F7830ED2B6,construction_trim_metal_corrugated_roof_01_128x12_peak_lod0
8F1D42740DE19981,aset_nature_embankment_l_vcyiedgfa_lod0
8F20BC0A92328067,sandbag_wall_pieces_arrey_mp_long_01
8F2BD106ADA66310,j_cosmetic_small_pouch_02
8F2BD206ADA664C3,j_cosmetic_small_pouch_03
8F2BD406ADA66829,j_cosmetic_small_pouch_01
8F2D041A30839E35,tag_leg_fr_ankle
8F3BC1C5425F8102,j_proc_radio_buff
8F425DFB1142A867,tail_rotor_shaft
8F427E958337DDBE,j_metapinky_ri_1
8F4F0D59E012AFB0,tag_landing_door_front
8F5BDD2AE53C3D5E,j_leg_1_pin
8F6085459A6C42E1,tag_wheel_middle_right_spin
8F60C319E11DF4CC,j_head_attach
8F68EF5EAC249A81,j_index_ri_4
8F68F05EAC249C34,j_index_ri_3
8F68F15EAC249DE7,j_index_ri_2
8F68F25EAC249F9A,j_index_ri_1
8F68F35EAC24A14D,j_index_ri_0
8F721D6E32E280BA,ee_wall_wood_planks_96_white_01
8F74DA1065475D56,uk_bottle_oil_small_02b
8F7ECC10654F9A11,uk_bottle_oil_small_01b
8F866AAAAEF8F48B,tag_rotor_chunk_b2_dst
8F9621E827D43720,tag_wing_right_03_debris
8FAA0229B35DB719,s4_cyclops_stairsteps_48x32_mesh
8FB738123EA25080,tag_winglet_left
8FB957218AB751A9,uk_industrial_light_02
8FC635579BD39B05,tag_enabled
8FCC0CF27167BD20,window_cover_set_wood_shutters_01_48_white
900545B494A9DB03,pipe_02_jnt
90211E62C876277D,j_cosmetic_groinpadtrgt
9033200C9E744BE7,j_skin_01
903E71BD0C49D33E,j_cosmetic_zip_d
903E72BD0C49D4F1,j_cosmetic_zip_e
903E73BD0C49D6A4,j_cosmetic_zip_b
903E74BD0C49D857,j_cosmetic_zip_c
903E76BD0C49DBBD,j_cosmetic_zip_a
904D4D8F63144BF5,tag_pipe_short
904FD2E90248E258,j_frnt_cloth_simmesh_center2
904FD5E90248E771,j_frnt_cloth_simmesh_center1
90503ADCBBE68338,j_r_legs
90566DD0023E7018,tag_missile_center
905CEC41D2B5EBA2,fence_corrugated_metal_02_128_metal
905FD4F942081059,lm_window_frame_metal_01_a
908EF2FA01650E29,j_suspensionspring_rear_left_aim
90968C03643810D6,ee_pipe_04_valve_02_optimized_lod0_ee_pipe_04_valve_02_optimize
909DD858571F32CC,j_cosmetic_arpouch_b1_a
909DDB58571F37E5,j_cosmetic_arpouch_b1_b
90A0C32B61C44FA4,medical_cabinet_short_01
90A30CEEB5919231,un_chain_hook_winch_yellow
90B44B5E64C30408,j_hair5_b
90B44C5E64C305BB,j_hair5_c
90B44E5E64C30921,j_hair5_a
90B44F5E64C30AD4,j_hair5_f
90B4515E64C30E3A,j_hair5_d
90B4525E64C30FED,j_hair5_e
90C3B2A119F8EE0D,cyclops_s4_construction_wall_facade_piece_01_a_left_mesh
90CA025583EB00D0,tag_fastrope_back_ri
90D4E6CD68A7DFA0,tag_cockpit_door_rear_right
91085FBB2C2A9732,tag_flatten
91154C8CD8A54662,tag_suspension_end_l_debris
91192E88BAC204E7,sat_clothing_workout_shirt_bongo_01_mesh
911F1B752D1E4D47,j_cosmetic_smoke_pouch_a
911F1C752D1E4EFA,j_cosmetic_smoke_pouch_b
9121E25584354046,tag_fastrope_back_le
91352769CB6BA483,jup_zm_pile_of_goo
9145226B06FD7BB0,tag_server_08
91452B6B06FD8AFB,tag_server_01
91452C6B06FD8CAE,tag_server_02
91452D6B06FD8E61,tag_server_03
91452E6B06FD9014,tag_server_04
91452F6B06FD91C7,tag_server_05
9145306B06FD937A,tag_server_06
9145316B06FD952D,tag_server_07
9147EA8820FD07FE,building_elevator_shaft_door_backside_open
915939BEE16A7520,j_cosmetic_ri_cloths_d_01
91593CBEE16A7A39,j_cosmetic_ri_cloths_d_02
9161D96FE4D73581,j_base_hand_le
9169F9938D1934B0,tag_light_roof_front_right_d1
9169FA938D193663,tag_light_roof_front_right_d0
9169FC938D1939C9,tag_light_roof_front_right_d2
916CF7EE6107E023,t10_food_market_veg_decor_combined_01_lod0_mesh
91744D8D436EC437,pillar_concrete_02_16x128
9179881E713AC20D,j_axel_front_right_aim
9183D16FE4F40E4F,j_base_hand_ri
918C80D3F0435744,tag_hubcap_front_right
919B3F2538D7E487,j_cosmetic_chemlight_cord_b
919B402538D7E63A,j_cosmetic_chemlight_cord_a
91B2346623C24987,tag_ik_target_right_mover
91BA538F05D7246F,t10_storage_case_gun_hardshell_01_small_open_lid
91F465229E546E6B,building_roof_lip_concrete_01_corner_inside
91F99AA488DCDBDC,j_dummy_neck
91FB4F64EB4FC0F3,j_cosmetic_rsmallbag
91FC2C3925521A05,j_cosmetic_lanyard
91FD57763883E71D,tag_trigger_hide
92032E87621357AD,j_cradle
9208465308F6A469,tag_door_front_right
920B56D7916C7AD4,me_food_spice_sack_tall_01
920C0CF21677DC15,j_pipe_3_le_fx
9210C7A82B41C8DE,tag_light_front_signal_right_d1
9210C8A82B41CA91,tag_light_front_signal_right_d0
9217E0FA2988D9DD,electrical_junction_wooden_box
9228ACC904F32F27,j_weapon_spin
9229C5D94D672BDC,tag_spoiler_le_ob
922D9BEE26777070,j_stone_08_ri
9230C9D94D6D5156,tag_spoiler_le_in
924002224A8B8C02,jup_foliage_pine_debris_02_mesh
9242865F3B5E0537,j_cosmetic_rope_b
9242875F3B5E06EA,j_cosmetic_rope_a
92552D1FAC7975A6,j_corner_5_b
925EC0402490DD97,top_cap
9263BD9A68186D33,j_blade1
9263BE9A68186EE6,j_blade2
9263BF9A68187099,j_blade3
9263C09A6818724C,j_blade4
9266FFDDB8F6B060,j_cosmetic_radio_antena_d
926704DDB8F6B8DF,j_cosmetic_radio_antena_a
926705DDB8F6BA92,j_cosmetic_radio_antena_b
926706DDB8F6BC45,j_cosmetic_radio_antena_c
9268CF81908E5D12,tag_tedd_head_attach
926A4C1147A50911,j_cosmetic_wire_clav_04_a
926ABBA54457B9F2,decor_firestation_set_helmet
926AE3DA5019FBD5,j_c4_antenna
927AA420BF851FE5,back_left_axle
92857BEE26C1AFE6,j_stone_08_le
928D2371D4B3222E,roof_shingles_01_32x32
929256AE35E3B4D5,moving_crane_hook_01
929C1ABF000E1BD4,tag_trigger_attach
92AFA8A16BD5B0AE,j_cloth
92B9491F1EA828A7,j_mag_release
92BFA612BA9E46AE,j_cosmetic_tank
92C759A743F59DF4,tag_control_stick_le_animate
92D1919A8B50DF76,j_tail_7_prop
92D9BAE4BD53D646,tag_bottom_rod_hide
92E19412BABB0E7E,j_cosmetic_tape
92EC9BD89EB1C190,cyclops_s4_int_atrium_officewall_windows_03_mesh
92F0D01F13A0E407,ee_utility_pole_concrete
92F1D127FFF9A738,tag_fracture_01
92F1D327FFF9AA9E,tag_fracture_03
92F1D427FFF9AC51,tag_fracture_02
92F1D527FFF9AE04,tag_fracture_05
92F1D627FFF9AFB7,tag_fracture_04
930B8B3A278C29C9,uk_house_gutter_pipe_128_curved_01
93104575F08A8880,j_ring_le_end
9315AEF9EC65405E,j_axle_back_center
932206496E3DC2D4,j_tail_1_prop
93242D6135E121F7,sgon_rur_grocery_01_gl_7da918d6_2_high
93283703822F346C,tag_glass_bus_left_04_d3
93283803822F361F,tag_glass_bus_left_04_d2
93283903822F37D2,tag_glass_bus_left_04_d1
93283A03822F3985,tag_glass_bus_left_04_d0
9328FCA19664AF4A,skl_stone_brick_group_ver_02_lod0
932D7F0B8EC9F4FC,j_hiptwist_le
9331215ECD0970C0,ee_sign_building_address_86
9331245ECD0975D9,ee_sign_building_address_85
933DAD0773F3F614,j_cosmetic_grabstrapd_ri_3
933DAE0773F3F7C7,j_cosmetic_grabstrapd_ri_2
933DAF0773F3F97A,j_cosmetic_grabstrapd_ri_1
93419637E0E08E45,t10_wall_wood_trim_column_corner_02_mesh1
9345B15ECD1B0E7A,ee_sign_building_address_26
934F6F0B8EE6C032,j_hiptwist_ri
935126BE6002D7E0,j_proc_rot_clavicle_le
935815BEDC4A0914,sat_terrain_dirt_ledge_01_mesh_or1
935C7C57CB288EAA,j_door_04_big
935DB75ECD2FAA8D,ee_sign_building_address_52
936878B6AB961CD7,tag_bulb_1
936879B6AB961E8A,tag_bulb_2
93687AB6AB96203D,tag_bulb_3
937E4160C752EB48,j_ghillie_09_av2
93814DEF2B94DB84,j_chain_l_10
93814EEF2B94DD37,j_chain_l_11
93814FEF2B94DEEA,j_chain_l_12
9381DA4F7E8DE30B,tag_laptop_fx
938E4EBE6036C9F6,j_proc_rot_clavicle_ri
93A0FB33E9CE1B37,j_cosmetic_scarf_01
93A0FC33E9CE1CEA,j_cosmetic_scarf_02
93A124870BEEECCF,tag_cap_clip
93A2AB909E5FB7B2,tag_tube_top
93A9BA80D202E02F,un_satellite_dish_02_subd
93B06E0540D5FD3D,j_ub_bolt
93B3FED1FBB7A34E,j_cosmetic_lhippouch
93B86F3C43214E24,j_bowstring_ri_02
93B8703C43214FD7,j_bowstring_ri_03
93B8723C4321533D,j_bowstring_ri_01
93BEDEA91F2E3ADE,tag_ramp_lower_animate
93C8942CD3BF4926,t10_int_accessory_binoculars_01_lod0
93C9A0788F149105,j_eye_down_fx8
93C9A1788F1492B8,j_eye_down_fx7
93C9A2788F14946B,j_eye_down_fx6
93C9A3788F14961E,j_eye_down_fx5
93C9A4788F1497D1,j_eye_down_fx4
93C9A5788F149984,j_eye_down_fx3
93C9A6788F149B37,j_eye_down_fx2
93C9A7788F149CEA,j_eye_down_fx1
93CC974BF319B9D4,j_shock_02_rod_front_right_tgt
93DC8F869AE6512A,me_food_spice_sack_tall_flat_01
9405C524D9B9B1DD,back_axle_le
940CD524D9BFEBBB,back_axle_ri
94193CC2951CAC08,sat_foliage_snag_juniper_tree_01_lod0
941CFB2122C3D2EA,j_proc
941D63A7AFDA1AAC,tag_star
9420C938F1701553,chunk_04
942423E4FA0E54C6,jup_window_shutter_short_left_blue_02_mesh
943314C91BF22DD7,uk_metal_frame_warehouse_support
94384BB3BE042D45,tag_ik_loc_ri_seat
943A608BB13EF423,jup_accessory_fishing_store_fishing_lure_02_lod0
94408779B80153A4,container_center
9454B8CDCB2589B6,tag_police_lights
946B6A13FBD6C37E,j_hydraulic_handle
948330F3EE121A67,tag_door_handle
94842914C8E9E6F0,draped_d
94842A14C8E9E8A3,draped_e
94842B14C8E9EA56,draped_f
94842F14C8E9F122,draped_b
94843014C8E9F2D5,draped_c
948AC159B3DE9949,irrigation_hose_128
9492FE913E2DB9A8,guardtower_roof_cap_02
949301913E2DBEC1,guardtower_roof_cap_01
94964BC7878E685B,j_pinky_le_end
94B4AF61EDD925D3,tag_wheel_middle1_left_scripted
94B7FE9EB3592A9D,tag_tail_fx
94BCA7B445DA0A4E,j_suspensionbar_rear_right_tgt
94BCCCE14BD3BAB4,j_tray_le
94BEBC7DB9F961AF,sgon_sat_colosseum_upper_01_gl_7da918d6_2
94C40C0700F94DBD,j_4_d
94CB13104214853C,tag_origin_c4
94CBAEA415D5641A,j_l_legs
94CEEB959638D3E7,tag_rear_left_foreleg_dst
94D0DF81C34E1B5D,jup_window_library_clocktower_01
94D1F28975D403F4,j_proc_spinelower_backsidetip_le_new
94D587763F4D35EE,t10_app_signage_beepers_store_07_bottom
94D88462ACB7919B,leg_dyn
94D9202DAD538F4A,un_office_l_r_desk_01_long
94DBE5104222AA45,tag_origin_fx
94E25ED6CC36FB92,t10_furniture_leather_couch_01
94F23077A29C311D,sectionaldoor4_skin
94F86913E73E2BDA,tag_road_wheel_left_1
94F9325EDA1AEC73,j_cloth_thigh_ri_01
94F9335EDA1AEE26,j_cloth_thigh_ri_02
94F9345EDA1AEFD9,j_cloth_thigh_ri_03
94F9C5A22DD395B2,j_link8
94F9C6A22DD39765,j_link9
94F9C7A22DD39918,j_link6
94F9C8A22DD39ACB,j_link7
94F9C9A22DD39C7E,j_link4
94F9CAA22DD39E31,j_link5
94F9CBA22DD39FE4,j_link2
94F9CCA22DD3A197,j_link3
94F9CEA22DD3A4FD,j_link1
950694D16E7CD320,tag_piece_01
950696D16E7CD686,tag_piece_03
950697D16E7CD839,tag_piece_02
950698D16E7CD9EC,tag_piece_05
950699D16E7CDB9F,tag_piece_04
950F1AE8D5799A1E,t10_mc_decor_standee_horse_01_lod0_patch_22
9514ACE14C1DFA2A,j_tray_ri
951BE254469892AB,tag_coil_debris
95233935A7A7D0F5,j_ghillie_06_av2
952657C43A3CFFEC,cp_elite_cbt_dead_b
9527BBD8478488A8,j_cosmetic_magflap_01
9527BDD847848C0E,j_cosmetic_magflap_03
9527BED847848DC1,j_cosmetic_magflap_02
9528ECCC40F8EF30,tag_canvas
952AAF787573BB12,uk_house_gutter_head_cap_01
952DE5FFABF99BF0,t10_furniture_office_chair_01_seat
95333065A27F5950,j_bubble
95348A08239CC85D,j_key
9537BD1DF08FD8C2,tag_police_attach
95425AB4230C972A,tag_wing_right
954756D2B8FB6ABF,sat_wall_wood_log_doorframe_03_lod0
955575D5DFFD41DE,j_ttcl_head_ri2
955577D5DFFD4544,j_ttcl_head_ri4
955E0080C17780AB,lm_structural_railing_int_end_01_a
955EF9D96DCE1A13,ee_gym_weight_metal_plate
95614E4CB9E19E97,camera_cover2_jnt
9564A04C89C1F8D6,jup_urz_machinery_tobaccoplant_smokestack_chimney_mesh_lod0
956BEB0C133B81BF,sat_jap_wall_stone_64_01_lod0
9593CA5C80A1B590,tag_light_trunk_left_d0
9593CB5C80A1B743,tag_light_trunk_left_d1
9593CC5C80A1B8F6,tag_light_trunk_left_d2
9596F5473657D8C5,un_structural_trim_cornice_01_corner_inside_left_02
959B142B0102232E,tag_optic_hide
95A82CECF161A3EB,pasted__geo
95B4A8A601A55D24,j_baton
95DB10E20D15BED0,jup_stairs_red_carpet_2steps_02_mesh
95F500E14CDC9854,j_tray_01
95FBFA012AEB3FEA,j_door_outer_ri
96084E5206C33789,j_proc_wristfronttwist1_acc2_le
961349191E352934,buoy_01_set_06_buoy_long_rot_10_jnt
9622DF55EB74A5E6,j_cosmetic_puffy_coat_ri
9627A73C90436F59,single_05
963A1730A0B17593,tag_red
963F801AA4FE9365,uk_brick_broken_01
9643CB7B22220B6F,tag_knife_attach2
96483E30A0BDF534,tag_rim
9652F755EB9DF270,j_cosmetic_puffy_coat_le
9661799017DD69E7,equipment_patio_bbq_grill_grate_01_part1
96649A7FD2DF3277,j_straps_topbackleft
966D6330A0DD5050,tag_rt2
966D6430A0DD5203,tag_rt3
966D6630A0DD5569,tag_rt1
966D6930A0DD5A82,tag_rt4
966D6A30A0DD5C35,tag_rt5
966F5FFF8006CE28,tag_light_accessory1
96705824005B767B,tag_coil
9679D94B944A5183,j_craw_1_ri_prop
96823CE90160BD4D,t10_communication_electrical_pole_01_mesh
9682EE141860B67E,j_pin_base1
968FAC5EB551AB27,skyway_bush_lod_0
969C2E8DE3ECAB57,bathroom_toiletries_bottle_pump_02
969C2F8DE3ECAD0A,bathroom_toiletries_bottle_pump_01
969E58F9044496E4,j_cosmetic_gloves
969E67F90444B061,j_cosmetic_gloved
969E68F90444B214,j_cosmetic_glovec
969E69F90444B3C7,j_cosmetic_gloveb
969E6AF90444B57A,j_cosmetic_glovea
96A04035182FD714,j_ghillie_elbow_le
96A88A0F9E300F62,seat_ring_rgt_jnt
96A9DB5A30222C35,tag_turret_arm_chunk_dst
96AFBC761D825941,tag_wheel_front_left_flat
96B9D1A31E8DC279,tag_rotor_chunk_c3_dst
96C4A81BBF09951F,j_cosmetic_backpoucha
96C4A91BBF0996D2,j_cosmetic_backpouchb
96C52EB09FDF4C31,ee_fountain_baptismal_font_01_
96C62E15882FED13,uk_janitor_mop_bucket_01
96D04A6FD4D19E07,tag_origin_part_bumper_bck
96D9657E42E0D3A5,jup_rock_beach_coral_04_mesh
96DEC32EB9CDFCC8,sat_plumbing_pipe_metal_painted_straight_128_spline_red_mesh
96EA4E7F0A1F8818,tag_left_02
96EA4F7F0A1F89CB,tag_left_03
96EA547F0A1F924A,tag_left_04
96F92035187BC98A,j_ghillie_elbow_ri
96F9313027BD312E,uk_walls_drywall_01_64x120_dmg
96FD1B0861DB1112,tag_lift_arm_platform_top_animate
9705D5C3AABB5A9B,j_m202
97155F42E3248733,tag_turret_exit
971901F80681923A,tag_light_off
971CE7D7364F329D,tag_trailer_back_right_tire
97213AE0F184FBE0,j_upperlip_add_le_004
97213BE0F184FD93,j_upperlip_add_le_005
97213DE0F18500F9,j_upperlip_add_le_007
972140E0F1850612,j_upperlip_add_le_002
97214EBB4BA0E96C,bridge_support_structure_top_braces_angle_0_1
9739F9F104A54B74,tag_aps_camera_dst
973BF602FF077D6F,t10_sabotage_window_iron_bar_grate_01_lod0
973C9530F82CE3A4,sat_jpn_floating_drink_01_lod0
974FB679D4552BAB,tag_wheel_front
9760EA4A27BB55F7,cyclops_s4_cafe_window_02_mesh_patch_03
976435D4D4925604,j_mag_r
976445D4D4927134,j_mag_b
976448D4D492764D,j_mag_a
976FDED78D4AF3D8,elevator_b_door_jnt
977A5063208EAB82,tag_rear_right_fx
977E9E7FDAE9C61B,ee_trim_wall_large_01_32
9785127FDAEEF6E5,ee_trim_wall_large_01_16
97856435D149C5D6,front_upperstruts_le
979361A037DF2F86,un_office_desk_phone_base
9795BDF8A82EEF28,barber_cabinet
97994435D15A3880,front_upperstruts_ri
97A10D96F58A4B39,cyclops_s4_ext_window_frame_01b_mesh
97A226FC1E5B11E1,tag_cockpit
97A3C8A98E0D38D0,jnt_piece_12
97A3C9A98E0D3A83,jnt_piece_13
97A3CAA98E0D3C36,jnt_piece_10
97A3CBA98E0D3DE9,jnt_piece_11
97A3CEA98E0D4302,jnt_piece_14
97A3CFA98E0D44B5,jnt_piece_15
97AC041A0D985B8F,j_laser_attach
97C541459C42CE00,j_plate_front_left_aim
97CCB582206A7DEB,ind_flood_light_standing_off_geo
97EA6E86691B4C67,tag_gear_le_01_animate
97EABAF0117A7A5B,uk_house_staircase_01_old_handrail_post_top
97EBEBF92F2D3E5B,decor_cafe_wood_decorative_01_element_02_32
97FD74EB48406BCC,tag_fx_headcam
9828347E8556BCB7,tag_guard_show
983FFE21AC19D03D,custom_snake_l_jnt
9845150CCA4E4397,j_door_r
98451B0CCA4E4DC9,j_door_l
984AB069299FDDD5,chimney_trim
984D63045C7935EE,j_straps_bottomfrontright
985350ED16F2A6EF,mesh01
985DA45A8159DEC9,mc_perimeter_wall_01_96_lod0_patch_47
98680C0396569881,un_structural_cornerstone_90_neoclassical_160
987385A52AC178FB,j_proc_spinelower_backtip_le_new
98758C039661FC5D,un_structural_cornerstone_90_neoclassical_128
98844FDE3D2C5DDC,tag_door_ri_dst
988AF5EC95689DF1,tag_wheel_center_back_flat
98924A842E898E7F,tag_drone_attach_012_d0
98AB3026D9E74ED3,tag_glass_bus_left_08_d2
98AB3126D9E75086,tag_glass_bus_left_08_d1
98AB3226D9E75239,tag_glass_bus_left_08_d0
98BB6C95A924C897,j_proc_wristfronttwist1_le
98D41C768AE9F53A,jup_mx_clothing_football_shirt_01_mesh
98D99CB94F99EF24,j_proc_target_clavicle_ri
98DCCA416A7F04DB,uk_file_clean_drawer_b
98DCCB416A7F068E,uk_file_clean_drawer_a
98DE2405C5E2E575,tag_laser_attach2
98E567E238C102C6,tag_mirror_left_d0
98EB4A24ACE91500,saw_sierra_223035fa_39_58_0
98EF2EB9E69C62FD,j_mainroot_prop
98FDCBEA3B710CFF,column_long_geo1
99020C25E2F623F7,tag_door_front_left_bottom_d0
9902B6D516826FC0,t10_sabotage_debris_giant_pipe_broken_01
9902BDD516827BA5,t10_sabotage_debris_giant_pipe_broken_06
990916CE32ACF2D5,ee_wall_wood_planks_20_white_01
990A8435F1200D41,tag_mount
990AE31E10D34BA0,j_cosmetic_med_pouch_a
990AE51E10D34F06,j_cosmetic_med_pouch_c
990AE61E10D350B9,j_cosmetic_med_pouch_b
990AE81E10D3541F,j_cosmetic_med_pouch_d
990C53B7E179D5D8,polysurface110
990C55B7E179D93E,polysurface112
990C57B7E179DCA4,polysurface114
990C58B7E179DE57,polysurface115
990EDC7BECABDA2C,door_landing_gear_ri_1_jnt
990FD6B7E17CEA48,polysurface103
990FD7B7E17CEBFB,polysurface102
990FDDB7E17CF62D,polysurface104
9916C4B94FCDE13A,j_proc_target_clavicle_le
99189161F2DBA08A,base_book_06a_lod0_mesh
991A48B7E1860083,polysurface155
992C91059F4AA042,j_box02_mag_08
992C92059F4AA1F5,j_box02_mag_09
992C93059F4AA3A8,j_box02_mag_06
992C94059F4AA55B,j_box02_mag_07
992C95059F4AA70E,j_box02_mag_04
992C96059F4AA8C1,j_box02_mag_05
992C97059F4AAA74,j_box02_mag_02
992C98059F4AAC27,j_box02_mag_03
992C9A059F4AAF8D,j_box02_mag_01
9941DE95D8A39A9D,tag_drone_attach_014_d0
99422F56635390DD,eagle_lod0
9949BA1F24B18FF1,tag_leg_fr_ankle_roll
99500FE43536381A,j_eyeball_ri_prop
995E0305AFD38CD1,j_skirt_mid_fr
9966DBF427BCF871,ee_furniture_table_metal_industrial
996AC1CF623183DC,j_proc_spinelower_frnttip_ri_new
996BA7F1C02BB0A8,j_interior_hand_ring1
996BA9F1C02BB40E,j_interior_hand_ring3
996BAAF1C02BB5C1,j_interior_hand_ring2
996BABF1C02BB774,j_interior_hand_ring5
996BACF1C02BB927,j_interior_hand_ring4
996BAEF1C02BBC8D,j_interior_hand_ring6
996C1626A2360FBB,tag_roof_hatch_front_animate
996DFA28E53C36AE,decor_prison_hanging_chain_02_c
996DFB28E53C3861,decor_prison_hanging_chain_02_b
996DFD28E53C3BC7,decor_prison_hanging_chain_02_d
9970BDB158F29DE3,tag_light_l_navi001
998A206876E5DA08,j_flag
998CBB6358319578,tag_leg_front_left
99933F471FFECAF5,tag_rear_cab_door_front_right_animate
9993B7FD12DFB035,j_walkie
999A26233C8AA954,tag_screen_green
999CC82DF64E199E,r_eyelidbottom0_jnt
99A3801FB03A11AF,j_corner_6_b
99A6AB4F734221F1,stick_r_jnt
99AEFC79CB6FC9A6,uk_decor_window_curtain_02_tied_r
99AF1679CB6FF5D4,uk_decor_window_curtain_02_tied_l
99C44A952E09C0A0,barrier_chain_link_fence_door_01
99E249978E1CD93B,j_index_le_2_prop
99F0643FB3332000,tag_doorl
99F0823FB33352FA,tag_doorr
99F95A59CA6DEEAB,front_wheel_door_r_jnt
99FF7C139F30BE00,firewood_01_low_group57388
9A0453E77D8A97BC,j_staff
9A12062BF2819C11,tag_nav_light_back_r
9A12102BF281AD0F,tag_nav_light_back_l
9A1935A67D1D4F86,j_carrier
9A1BCEEAA4B03F79,tag_right_wingtip
9A1F45E77DA147AA,j_stand
9A27C621B5FD0689,j_magnifier_lever
9A3643EE4238F55B,j_cosmetic_beads_a
9A3644EE4238F70E,j_cosmetic_beads_b
9A3645EE4238F8C1,j_cosmetic_beads_c
9A3646EE4238FA74,j_cosmetic_beads_d
9A3647EE4238FC27,j_cosmetic_beads_e
9A3648EE4238FDDA,j_cosmetic_beads_f
9A3649EE4238FF8D,j_cosmetic_beads_g
9A3673EE423946EB,j_cosmetic_beads_1
9A3674EE4239489E,j_cosmetic_beads_2
9A3A4C8F434DBFD0,t10_food_market_meats_packaged_03_lod0_mesh
9A400C707109415C,lm_don_bldg_res_door_double_ext_frame_neoclassical_arched
9A4434A12D99D20E,me_handrails_painted_metal_ornate_131
9A4435A12D99D3C1,me_handrails_painted_metal_ornate_130
9A4E37254888D070,tag_glass_under_left_d0
9A4E38254888D223,tag_glass_under_left_d1
9A4E39254888D3D6,tag_glass_under_left_d2
9A4E3A254888D589,tag_glass_under_left_d3
9A4E3B254888D73C,tag_glass_under_left_d4
9A4E3C254888D8EF,tag_glass_under_left_d5
9A4E63A9A7A69F64,ee_signs_industrial_turn_off_lights
9A4F428E92EBB2E2,j_glaive
9A67BCD0E6CC97C4,j_cosmetic_bag_a
9A67F701FD613B84,j_upperforehead_le_1
9A6809D0E6CD1A9B,j_cosmetic_bag_4
9A680CD0E6CD1FB4,j_cosmetic_bag_1
9A680ED0E6CD231A,j_cosmetic_bag_3
9A680FD0E6CD24CD,j_cosmetic_bag_2
9A6A5C03F4D52550,tag_wing_right_segment
9A6E929A12AEC162,j_baselegs
9A78754603FD2967,_flower_pot01c
9A78EFCD2A1557F1,medical_jar_pills_05
9A838489C5059A48,j_cosmetic_chest_rig_strap_d
9A838989C505A2C7,j_cosmetic_chest_rig_strap_a
9A838A89C505A47A,j_cosmetic_chest_rig_strap_b
9A838B89C505A62D,j_cosmetic_chest_rig_strap_c
9A8A92C26565789E,bsh_american_flag_01
9A8CD8383790F4F0,tag_glass_sunroof_d0
9A8CD9383790F6A3,tag_glass_sunroof_d1
9A8CDA383790F856,tag_glass_sunroof_d2
9A8CDB383790FA09,tag_glass_sunroof_d3
9A8CDC383790FBBC,tag_glass_sunroof_d4
9A8CDD383790FD6F,tag_glass_sunroof_d5
9A8E967616815AD6,tag_fx_016
9A8E977616815C89,tag_fx_017
9A8E987616815E3C,tag_fx_010
9A8E9A76168161A2,tag_fx_012
9A8EA07616816BD4,tag_fx_018
9A8EA17616816D87,tag_fx_019
9A92177616846BE0,tag_fx_007
9A92187616846D93,tag_fx_006
9A92197616846F46,tag_fx_005
9A921A76168470F9,tag_fx_004
9A921C761684745F,tag_fx_002
9A921D7616847612,tag_fx_001
9A9226761684855D,tag_fx_008
9A98A9761689CFA4,tag_fx_021
9A98AA761689D157,tag_fx_020
9A98AB761689D30A,tag_fx_023
9A98AC761689D4BD,tag_fx_022
9AA4BA186AE02AE3,tag_cover_panel_04_dst
9AA5327DE4DC907B,j_cosmetic_utility_large_le1_1
9AA9A3C729420785,t10_ava_signage_garages_01_front
9AAA3C436A478337,j_insert
9AAC3A0BF5B21050,metal_scrap_debris_10_lod0
9AB57A1ED95B3187,j_pinky_le_1_prop
9AD155FF5D8C73A7,j_cosmetic_rwrist_bucklea
9AD156FF5D8C755A,j_cosmetic_rwrist_buckleb
9ADA64DB93228586,j_laptop_base
9AE4606DDB006C5E,j_cosmetic_radioantd
9AE4626DDB006FC4,j_cosmetic_radioantb
9AE4636DDB007177,j_cosmetic_radioantc
9AE4656DDB0074DD,j_cosmetic_radioanta
9AE53B89714C8DA7,j_pulse
9B0443409A109E0D,tag_main_rotor_motion
9B071B02922CF5AD,meat_jnt
9B1827897177C544,j_pully
9B19F3EC22E763C0,container_dumpster_large_open_02_filled
9B1A86F54CE21820,jnt_s4_usa_cooking_chuck_box_pot_02_mesh
9B23CFD47D5E2551,j_bipod_leg_01_flap
9B2779E07C9A47D3,j_proc_wristup_le
9B27919C4C29820F,j_underbrow_add_ri_002
9B27929C4C2983C2,j_underbrow_add_ri_001
9B294104C4A13270,j_backpack
9B2B7959C4D7B44E,l_tail1_jnt
9B2E72821CDBFED9,j_door_05_big
9B3BA9E07CAB426D,j_proc_wristup_ri
9B405EE2B2B173D8,tag_base_b
9B4061E2B2B178F1,tag_base_a
9B62742AE7E60D70,j_symbol_off
9B68E92DEF54692A,jup_ee_decor_statue_bear_fish_01_mesh
9B6ADEED6A8EA45E,tag_wing_02_animate
9B6C03947CEBB840,ee_construction_tool_box_metal_01_destr_side_2
9B6C06947CEBBD59,ee_construction_tool_box_metal_01_destr_side_1
9B6D12518C95AACA,toy_stuffed_animal_unicorn_dmg_01
9B7D4A12378455BD,tag_ankle_roll_ri
9B8482234FBA2144,j_eyeball_le_prop
9B8D30F8E554B708,j_hipholster_le
9B9408F8E55A91BE,j_hipholster_ri
9BD55A1237CEE6C3,tag_ankle_roll_le
9BE5C73BCB727475,tag_fx_armor_forearm_le
9BE63849CB26784E,j_proc_spinelower_frntsidetip_ri
9BEC6C1F4EED6000,j_cosmetic_bag_main
9BED3C959AC60200,j_extra_link_02
9BED3F959AC60719,j_extra_link_01
9BEE84DFB8E5E5FC,mout_catwalk_railing_64
9BFA8D05EDDEEA84,cp_disco_bar_stool_02
9BFADF4BB52B7440,tag_conduit_02_destr
9C02C7FA7BB29818,tag_wing_mid_le_dst
9C0B38261478DCD4,lod0_s4_cyclops_ext_wall_corner_decor_03_lod0_s4_cyclops_ext_wa
9C0FBFDF731FB074,j_beard_1
9C142F0809EA7EBE,t10_signage_signboard_03_hinge_chains
9C18C9D612AFFECC,tag_fx_lights_emissive_green
9C21A38E7E78595D,j_cloth_simmesh_right1_1
9C22A73BCBA5EC33,tag_fx_armor_forearm_ri
9C24B008270E366B,j_hip
9C33640EB9F5FDF5,bullet_01
9C33F513A0706A6B,un_structural_trim_large_01_corner_inside_left_02
9C3FA4082724E9BF,j_hat
9C4301DC5E04D620,j_cosmetic_bakcpack_strap01_le
9C442DE6914C62D8,j_shothead
9C46C7C9856074A3,j_cosmetic_databox
9C4889DF75D0D5CE,t10_debris_wood_rotten_double_end_02_geo
9C4C2049CB7D02B8,j_proc_spinelower_frntsidetip_le
9C6B56D99BCA0A66,l_frontleg2_jnt
9C6CEB93AB4E14FD,tag_coil_chunk_dst
9C7379BC93A9D36C,j_cosmetic_cqc1_camelback
9C7D951DEF78AFF7,tag_origin_bucket_link_2
9C7D961DEF78B1AA,tag_origin_bucket_link_1
9C8029DC5E38C836,j_cosmetic_bakcpack_strap01_ri
9C90652F764F06BC,medical_home_cabinet_01_broken_door
9C96610E5B1D52D3,t10_storage_folder_desk_tray_wire_basket_01_lod0_mesh
9C97EE1362211BA0,joint7
9C97EF1362211D53,joint6
9C97F01362211F06,joint5
9C97F113622120B9,joint4
9C97F2136221226C,joint3
9C97F3136221241F,joint2
9C97F413622125D2,joint1
9C97F51362212785,joint0
9C97FC136221336A,joint9
9C97FD136221351D,joint8
9CAFA374222E8718,tag_dummy
9CB84C75BE563E95,tag_front_suspension
9CBC597D1267584A,tag_wall_back
9CC1CE14C0CA9A3C,building_door_wood_worn_out_01
9CC1D114C0CA9F55,building_door_wood_worn_out_02
9CC307A8488EFC28,j_cosmetic_canteen
9CC56BEB3383CC91,london_computer_monitor_broken_stage_1
9CCE3222520F8B6E,j_glider_panel_left_top
9CD735D422E7C082,j_dummy_l_shoulder
9CE62249FE24858B,cyclops_s4_ext_facade_ridge_angled_01_mesh
9CE8DC36638E018C,j_cosmetic_pistol_mag_b
9CE8DF36638E06A5,j_cosmetic_pistol_mag_a
9CEA1197F8580E4B,j_globe
9CEA3E22AFC91AE8,un_stairs_exterior_brick_divider
9CF71C1233DE9E58,j_light_red_03_off
9CFA0F37820E2D6B,j_forward_assist
9D132197F87B2E8F,j_glove
9D1C30A22F7DC828,tag_front_flap_ri_02
9D1C31A22F7DC9DB,tag_front_flap_ri_03
9D1C33A22F7DCD41,tag_front_flap_ri_01
9D1C36A22F7DD25A,tag_front_flap_ri_04
9D1F61114E4A17C0,j_cosmetic_wire_clav_03_a
9D29A975C995249C,rock_gravel_track_ballast_128
9D33E0FA650598A3,tag_bumper_01
9D33E1FA65059A56,tag_bumper_02
9D33E2FA65059C09,tag_bumper_03
9D33E3FA65059DBC,tag_bumper_04
9D36BA6DCF10BF56,j_cosmetic_carabiner_backpack
9D4F2C8B59B7DDDC,ee_signs_industrial_no_trespassing
9D5331836004BDED,j_cosmetic_spinelower_frnttip_le_new
9D574893490C6F42,tag_left_wingtip
9D5B224AD97D8269,sat_libra_storage_rack_pipe_damaged_01_mesh
9D674FE3C216DF40,j_latch
9D68C236F53BDBF4,j_cosmetic_kneebag_01_b
9D68C536F53BE10D,j_cosmetic_kneebag_01_a
9D69D50FD53C49C8,j_cartridge_interrupter
9D70B6BEEF1C3103,toy_riding_horse
9D75B60B19675837,ee_shed_metal_corrugated_storage_support_01
9D75B70B196759EA,ee_shed_metal_corrugated_storage_support_02
9D7A544364919C68,sat_stationary_letter_folded_01_mesh
9D7F40AA35852F1F,tag_back_panel_destr
9D82E1463A2BCBBE,j_bracket_lower02
9DA155B744B50738,j_throwing_knife_03
9DA156B744B508EB,j_throwing_knife_02
9DA157B744B50A9E,j_throwing_knife_01
9DB37568A418CB86,j_whip19
9DB37668A418CD39,j_whip18
9DB37B68A418D5B8,j_whip13
9DB37C68A418D76B,j_whip12
9DB37D68A418D91E,j_whip11
9DB37E68A418DAD1,j_whip10
9DB37F68A418DC84,j_whip17
9DB38068A418DE37,j_whip16
9DB38168A418DFEA,j_whip15
9DB38268A418E19D,j_whip14
9DB49D147D9B0106,tag_piece_9
9DB49E147D9B02B9,tag_piece_8
9DB4A3147D9B0B38,tag_piece_3
9DB4A4147D9B0CEB,tag_piece_2
9DB4A5147D9B0E9E,tag_piece_1
9DB4A6147D9B1051,tag_piece_0
9DB4A7147D9B1204,tag_piece_7
9DB4A8147D9B13B7,tag_piece_6
9DB4A9147D9B156A,tag_piece_5
9DB4AA147D9B171D,tag_piece_4
9DB6FE68A41BEA28,j_whip26
9DB70068A41BED8E,j_whip24
9DB70168A41BEF41,j_whip25
9DB70268A41BF0F4,j_whip22
9DB70368A41BF2A7,j_whip23
9DB70468A41BF45A,j_whip20
9DB70568A41BF60D,j_whip21
9DBA6DAE7E0A399C,tag_grenade_06_fx
9DC097EAA8E80068,j_proc_radio_buff_le_a
9DC09AEAA8E80581,j_proc_radio_buff_le_b
9DC6D0ED97D90F37,sgon_mp_t10_test_avalon_heliport__dc32f29d_gl_7da918d6_2_high
9DC8CD17CACE2862,ee_building_base_64_hole
9DCC55BCAEA463C4,ee_furniture_damaged_desk_chair_base
9DDBAA365B4D0B58,tag_main_rotor_blade_04
9DDBAB365B4D0D0B,tag_main_rotor_blade_05
9DDBAC365B4D0EBE,tag_main_rotor_blade_06
9DDBAF365B4D13D7,tag_main_rotor_blade_01
9DDBB0365B4D158A,tag_main_rotor_blade_02
9DDBB1365B4D173D,tag_main_rotor_blade_03
9DDDFE100EFCBA1C,j_ring
9DE1A13773EB392A,tag_door_front_right_top_d0
9DE85F1E81A1B113,tag_tail_rotor_blade_04_rot
9DEAFC5D65C1A256,t10_storage_reel_recorder_shelf_02_lod0
9DF56130A4CED431,tag_saw
9E051F81E9B3C002,j_pistol_grip
9E0523726804CE67,sat_decor_bollard_01_down_mesh
9E09DA67E3E52A70,j_proc_spinelower_backside_le_back
9E177C622C0419D6,j_weapon
9E1E4E581FB7FAF4,tag_left_upper_explosive_pipe_d0
9E1EC55DC26AA9A0,tag_fastrope_hook_ri
9E291929E3EC1845,l_tail0_jnt
9E2CF8FF97595E4F,tag_number_screen_04_a
9E2CF9FF97596002,tag_number_screen_04_b
9E2CFAFF975961B5,tag_number_screen_04_c
9E523B1254796FA9,loader_lift_extend_02_jnt
9E54F9D8A2402C30,j_cosmetic_frontgunbeltd
9E54FED8A24034AF,j_cosmetic_frontgunbelta
9E54FFD8A2403662,j_cosmetic_frontgunbeltb
9E5500D8A2403815,j_cosmetic_frontgunbeltc
9E56615187B40F87,j_fuse_01
9E64AFC9DC793E70,tag_plate
9E7902350C043F87,buoy_01_set_03_buoy_long_rot_05_jnt
9E804D3FDD96D5A3,j_cosmetic_r_helmetflap_a
9E804E3FDD96D756,j_cosmetic_r_helmetflap_b
9E804F3FDD96D909,j_cosmetic_r_helmetflap_c
9E80503FDD96DABC,j_cosmetic_r_helmetflap_d
9E88BCD5AAC4934D,utility_tunnel_concrete_2way_01_entrance
9E8A8F32F8CED3F6,tag_door_rear_top_right
9EABAF674C7EBAA6,j_boltend
9EAD7CE6CAFAB24E,j_symbol_on
9EAE2818AC3037D0,j_cloth_polysurface2_38
9EAE2918AC303983,j_cloth_polysurface2_39
9EAE3018AC304568,j_cloth_polysurface2_30
9EAE3118AC30471B,j_cloth_polysurface2_31
9EAE3218AC3048CE,j_cloth_polysurface2_32
9EAE3318AC304A81,j_cloth_polysurface2_33
9EAE3418AC304C34,j_cloth_polysurface2_34
9EAE3518AC304DE7,j_cloth_polysurface2_35
9EAE3618AC304F9A,j_cloth_polysurface2_36
9EB12E18AC3277D9,j_cloth_polysurface2_28
9EB13318AC328058,j_cloth_polysurface2_23
9EB13418AC32820B,j_cloth_polysurface2_22
9EB13518AC3283BE,j_cloth_polysurface2_21
9EB13618AC328571,j_cloth_polysurface2_20
9EB13718AC328724,j_cloth_polysurface2_27
9EB13818AC3288D7,j_cloth_polysurface2_26
9EB13918AC328A8A,j_cloth_polysurface2_25
9EB4B418AC359162,j_cloth_polysurface2_18
9EB4B618AC3594C8,j_cloth_polysurface2_16
9EB4B718AC35967B,j_cloth_polysurface2_17
9EB4B918AC3599E1,j_cloth_polysurface2_15
9EB4BA18AC359B94,j_cloth_polysurface2_12
9EB4BB18AC359D47,j_cloth_polysurface2_13
9EB4BC18AC359EFA,j_cloth_polysurface2_10
9EB4BD18AC35A0AD,j_cloth_polysurface2_11
9EB54A832FFD27BB,j_cosmetic_control
9EB687351F065971,tag_leg_rr_flatten_piston_upper_aim
9EC23318AC40F38B,j_cloth_polysurface2_53
9EC23418AC40F53E,j_cloth_polysurface2_50
9EC23518AC40F6F1,j_cloth_polysurface2_51
9EC23818AC40FC0A,j_cloth_polysurface2_54
9EC23918AC40FDBD,j_cloth_polysurface2_55
9EC3D21DEEDB963F,sgon_ac_low_town_restaurant_row_01_gl_7da918d6_2_high
9EC5B118AC43FF7C,j_cloth_polysurface2_49
9EC5B218AC44012F,j_cloth_polysurface2_48
9EC5B518AC440648,j_cloth_polysurface2_45
9EC5B618AC4407FB,j_cloth_polysurface2_44
9EC5B818AC440B61,j_cloth_polysurface2_46
9EC5B918AC440D14,j_cloth_polysurface2_41
9EC5BA18AC440EC7,j_cloth_polysurface2_40
9EC5BB18AC44107A,j_cloth_polysurface2_43
9EC94191CBE16CE0,ee_wall_base_brick_96
9ED444B2AE213067,tag_main_engine_door_left
9ED8144814AD1967,tag_knife_attach
9EDDCD91CBF303CE,ee_wall_base_brick_32
9EE164E9F999E148,military_cp_crafting_crate_metal_open
9EEEC591CC016969,ee_wall_base_brick_64
9F09B0DA6B96DAEF,j_axel_back_right_aim
9F2B914D94E3776B,j_elbowhelperdriver2_le
9F30F6CB70C2E5D5,j_cosmetic_neck
9F3E55902D8B161A,boot_l_lod0
9F70FEF41B803B7A,tag_slats_right
9F755434A2E594C6,tag_hood_dst
9F773A7ABAFEDB2F,tag_ramp_upper_dst
9F77E806BA320D12,xmodel_mesh_89ee0d7ee62411eeb70280b655e2f3e2_node
9F792307079E5FD2,j_5_d
9F7D485079F685A2,roof_asbestos_sheet_32x32_02_2sided
9F903DDE82D5A532,military_cp_crafting_crate_wood_open
9F96E2F77F1BC03B,j_pelvis
9FA4B68114CDEFA7,rope_geo
9FA9A90C1AF75DF9,j_carry_elbow_le
9FB312BAF33026C9,trim_char_x_1_1
9FBA0EDEC6DE01F3,briefcase_front
9FBDA680766EA44C,tag_antenna_l_animate
9FBED3A6B02A4323,tag_debris_engine_r
9FC243D29EEA6F4B,tag_wheel
9FC7AADA37D8761F,t10_debris_snow_pile_05_edge_mesh
9FD4AECB51AA54D9,j_tag_weakspots_mid
9FE4F2748DC00DC4,t10_rdt_decor_waterfountain_01_destr_lod0
9FEF72FAC76ECAB0,j_mag_762n_4
9FEF73FAC76ECC63,j_mag_762n_5
9FEF74FAC76ECE16,j_mag_762n_6
9FEF77FAC76ED32F,j_mag_762n_1
9FEF78FAC76ED4E2,j_mag_762n_2
9FEF79FAC76ED695,j_mag_762n_3
9FF1F36A076F4C95,tag_window_rear_left
A00045AEC06ABA1A,me_handrails_painted_metal_ornate_slope_131
A00046AEC06ABBCD,me_handrails_painted_metal_ornate_slope_130
A0017F284105E589,lawn_chair_01
A001D10C1B4217C7,j_carry_elbow_ri
A0178C021DDDBF41,tag_flaps_right
A01807B13DEB2657,j_shock_03_rod_back_right_aim
A04C13A483B6C833,j_stone_12_le
A059E553816CC2D0,j_fish_spine_18
A059ED53816CD068,j_fish_spine_10
A059EF53816CD3CE,j_fish_spine_12
A059F153816CD734,j_fish_spine_14
A059F353816CDA9A,j_fish_spine_16
A05B4F9375BA4628,metal_chain_01_locked_s1_f1
A05B519375BA498E,metal_chain_01_locked_s1_f3
A05B529375BA4B41,metal_chain_01_locked_s1_f2
A05B9537575C47A3,tag_front_panel_destr
A05CEA53816F0126,j_fish_spine_09
A05CEB53816F02D9,j_fish_spine_08
A05CF153816F0D0B,j_fish_spine_02
A05CF453816F1224,j_fish_spine_07
A05CF553816F13D7,j_fish_spine_06
A05CF753816F173D,j_fish_spine_04
A05D778C3E54E7B0,j_bar_b_rear_right_tgt
A06880A2401C3C82,j_cosmetic_backcarabiner
A0725F9B33975F1F,j_drill_bit_01
A072609B339760D2,j_drill_bit_02
A07A3CFE942601C7,j_cosmetic_rockets
A07F382DC3F7AF00,j_lid_rear_le_1
A07F3A2DC3F7B266,j_lid_rear_le_3
A07F3B2DC3F7B419,j_lid_rear_le_2
A07F3D2DC3F7B77F,j_lid_rear_le_4
A081AAF4F5BB3C86,j_cosmetic_camelbackhandleend
A082350A51A7BE48,tag_light_front
A08BF79C66C3594F,lantern
A0A20F514B6AF70B,t10_construction_panel_corrugated_damaged_02_mesh
A0A9237E304AB548,j_skirt_le_fr_end
A0AF279F3825C4F7,tag_headlight_r
A0AF2D9F3825CF29,tag_headlight_l
A0AFE0F20857CB3C,floor_wood_splintered_end_stack_05_fixed
A0BD326CE77D4B0E,tag_personnel_platform
A0DD8A4E95B23CDB,tag_bumper_back_damaged
A0E96ED90A37D79E,ar_02_jnt
A0F483D5CB5C97A7,uk_scaffold_kit_base_256_01
A0FB83A9C6ADF267,jup_rock_boulder_decorative_01_mesh
A0FE5B5FE92D922F,t10_decor_office_desk_tape_holder_dispenser_01_lod0_mesh
A0FF1F87AB1B41EC,sat_construction_turbine_pillar_01_mesh
A10D86D9130FF7C6,j_light_green
A11A757DCD4720F0,j_toeout_1_le_prop
A11D861284E4497B,tag_gunner_turret1_attach
A12ABA04532AFE57,tag_hubcap_back_left
A12EB283644612AD,j_tin_le
A130D56F348EFDD0,j_follower
A1343A4B81F72DF1,j_ghillie_15_av2
A134AF2323BCF021,sat_lm_avalon_3632346d_78_39_0
A138DA75702C8644,j_cable_0
A138DB75702C87F7,j_cable_1
A1463823E21D73E1,tag_ramp_ri_piston_upper_aim
A15850C717F49960,ee_signs_industrial_do_not_block
A168399770154E2E,electrical_security_number_pad_01
A16C0B571BD99311,fbxasc0502
A1700331A02BE520,j_toein_2_ri_prop
A184EEB06AA517B1,j_helmet_wire
A184F474F5C673D0,tag_left_turbine_fx
A18FB78981C6C325,j_cover
A190D20E73ACB72F,tag_headlight_right_flip_animate
A1B0EFE629E505A6,tag_door_side_bottom_mid_l
A1C0FE3F47A6767F,cap_01
A1C1087AFA174ADF,barrier_chain_link_fence_door_02_left
A1C30A97DD54569E,sat_locust_zm_fishing_house_roof_end_cap_32_mesh
A1C445A4885CF444,j_magrel
A1E79FDA5E65EB61,bag_canvas_01_verticle
A1E87EB385EEF0E2,tag_bumper_guard_damaged_d0
A1ECA001EACDF452,bsh_life_preserver_01
A1F6C8BA64E4ECAC,tag_tread_01_debris
A20D15E2AB78FDD4,usa_barracks_coat_03_lod0
A20DB7C830CF9EC8,tag_light_emergency_red_00_d0
A20DB8C830CFA07B,tag_light_emergency_red_00_d1
A20E8C00A0AA56F9,j_catch
A218EFC4FBDB1DF3,tag_mirror_right_d0
A21D1EED678DE8E2,door_jnt
A21F87B7E6BBF7E7,polysurface663
A2230E91822C3129,j_proc_index_le_1
A23862117C896F34,j_antenna_rot_top_joint
A23CCF5129EBA9B4,column_long_geo
A23CE2B9DE0482F2,ee_roof_stone_trim_64_01
A24E090531584DF8,j_cover_02
A24E0A0531584FAB,j_cover_03
A24E0C0531585311,j_cover_01
A24E0F053158582A,j_cover_04
A256ECE3D88E1CF6,j_spinelower_prop
A2705031D7BD60E5,sat_frenetic_lighting_nukex_light_hanging_mesh
A279CA4FC88CDAF2,ee_furniture_table_wood_round_medium
A28DC35D82E8AB29,j_lid_front_le_4_hide
A28EF55B60A87477,j_feedmech
A2A46900A129F274,j_cat_3
A2A46A00A129F427,j_cat_2
A2A46B00A129F5DA,j_cat_1
A2A64F3E60E95ED8,j_extralink_03
A2A6503E60E9608B,j_extralink_02
A2A6513E60E9623E,j_extralink_01
A2B4DB99DA261521,window_exterior_metal_bar_flat_horizontal_black_96
A2C2B4D5F750A7A7,j_metaindex_le_1_prop
A2CBF300176BACA4,j_ball_front_ce
A2D00697C26E28BE,tag_origin_part_door_fl
A2D01097C26E39BC,tag_origin_part_door_fr
A2D11B916341ECA6,cyclops_s4_int_atrium_corneroffices_window_corner_02_mesh
A2DD0897C278B680,tag_origin_part_door_br
A2DD2697C278E97A,tag_origin_part_door_bl
A2E432057067315E,j_receiver_cap_lock
A2F31F51B6B21C2D,t10_food_market_meats_combined_18_lod0_mesh
A30E3A38A5E52E8F,j_reel_2
A30E3B38A5E53042,j_reel_1
A31F325FB4A8DFDA,j_cosmetic_utility_pouch
A32BF2C79963D904,j_cosmetic_lpadflap
A330EAF2DD0A06F4,tag_gunner_turret1_arm_animate
A33512922DA845E3,j_pillarc_1
A33513922DA84796,j_pillarc_2
A33514922DA84949,j_pillarc_3
A33515922DA84AFC,j_pillarc_4
A337093B4A364F35,j_ear_l_1
A33A3DC91CAA3B5C,j_cosmetic_bomb_ring_01_b
A33A40C91CAA4075,j_cosmetic_bomb_ring_01_a
A33B1A8231B63805,j_cosmetic_vest_bag_radio_01_a
A3461752CF319BEE,j_bow04
A3461952CF319F54,j_bow02
A3461A52CF31A107,j_bow03
A3461C52CF31A46D,j_bow01
A34716B3832246DC,tag_canopy_piston_b_upper_aim
A349ECB227DB3847,usa_barracks_ceiling_lamp_01_lod0
A35321AEDFE07153,t10_sabotage_debris_rappel_skylight_window_broken_03_snow
A3599FE47F8D698E,j_magwell_door
A35AA368049352A7,j_cosmetic_cqc2_radio
A361D2BCD8250830,j_lamp
A367057FAF521E5C,me_litter_pile_02
A367087FAF522375,me_litter_pile_01
A372293CB8F949E2,j_legs_01_lower_leg
A376B9F0BD6594E4,j_proc_knuckle_ri_1
A376C44D34017255,j_door_01_big
A37824D455D1D24A,sat_locust_zm_fishing_house_roof_shingle_03_mesh
A37B0FF50FB6FB5D,j_cosmetic_knee
A3869BECA7EBE2E4,tag_fx_armor_bicep_le
A39C8D11CC991614,j_cosmetic_radio_02_a
A3B4E857730D68E4,tag_seat_11
A3B4E957730D6A97,tag_seat_10
A3BD491F38B267DD,dyn_gun
A3BDC3BCD8734D60,j_lava
A3C1CB82F056117B,buoy_01_set_07_buoy_long_rot_12_jnt
A3C784AF92967979,structural_bracket_iron_rusted_32_x_01
A3C9F618CBCF0A9F,j_cosmetic_camelbackrropestrap
A3CD5AE455A2FE70,j_cosmetic_cape_28
A3CD5BE455A30023,j_cosmetic_cape_29
A3CD62E455A30C08,j_cosmetic_cape_20
A3CD63E455A30DBB,j_cosmetic_cape_21
A3CD64E455A30F6E,j_cosmetic_cape_22
A3CD65E455A31121,j_cosmetic_cape_23
A3CD67E455A31487,j_cosmetic_cape_25
A3CD68E455A3163A,j_cosmetic_cape_26
A3CD69E455A317ED,j_cosmetic_cape_27
A3D0E5E455A62078,j_cosmetic_cape_33
A3D0E7E455A623DE,j_cosmetic_cape_31
A3D0E8E455A62591,j_cosmetic_cape_30
A3D0EBE455A62AAA,j_cosmetic_cape_35
A3D56FDF4FD33E65,tag_wing_left_dst
A3D5A2CC36C07520,r_frontleg2_jnt
A3D7D3E455AC2090,j_cosmetic_cape_11
A3D7D4E455AC2243,j_cosmetic_cape_10
A3D7D6E455AC25A9,j_cosmetic_cape_12
A3D7D7E455AC275C,j_cosmetic_cape_15
A3D7D8E455AC290F,j_cosmetic_cape_14
A3D7D9E455AC2AC2,j_cosmetic_cape_17
A3D7DBE455AC2E28,j_cosmetic_cape_19
A3D7DCE455AC2FDB,j_cosmetic_cape_18
A3DC41E614F97C42,tag_control_stick_ri_animate
A3E3D2B174A182AF,pot_clay_02_piece_03_bright
A3EA192768B8EB46,tag_bolt_handle_animate
A3FE242885A1AB89,j_toeout_2_le_prop
A3FF749537B749A2,guardtower_catwalk_ladder_mount_01
A410AE5AE7CDA3F2,j_antenna_pivot
A4149200714DDC5B,tag_door_fr_slide_animate
A41E0A8B25CCDD23,j_cosmetic_bag_flaps_01
A420DEEE8B019BA4,tag_vise_rear
A425CAEE8A7B29B0,j_upperspineprotectorlegs
A442349E3A338DC4,tag_screen_1
A442379E3A3392DD,tag_screen_2
A448D4B9A9FCECF2,t10_ava_door_metal_blastdoor_right_01
A44BBE7923E3638D,me_food_butchery_meat_03_dyn
A44F07972A4D619B,debris_concrete_rubble_floor_slab_chunk_small_07
A44F08972A4D634E,debris_concrete_rubble_floor_slab_chunk_small_04
A44F0B972A4D6867,debris_concrete_rubble_floor_slab_chunk_small_03
A458971FB6DF23C4,j_corner_7_b
A45FFC1DB1EEC11E,j_cosmetic_ar1_upperpouch
A46C6B6AD351036B,tag_fx_jaw_le
A480677DEAC831CA,j_cosmetic_utility_large_le2_1
A4825B054B9F281C,lighting_fixtures_security_lamp_01
A482ECD11CE1CF83,tag_ik_loc_le_seat
A4872090866421BC,tag_wheel_center_middle_right_flat
A4880048A1D7E97C,j_box_fr
A48B5F9E8059D06F,j_ub_bolt_release
A494DA9C9D79D5F4,tag_missile_left
A4960B48A1E43989,j_box_ba
A4A4A60FBCBBBF38,sat_machinery_diving_bell_frame_01_mesh
A4AA92D6680AC942,j_manb_wrist_le
A4B20892FCD1D6D4,tag_shock_chunk_dst
A4B66B6AD38F3BE5,tag_fx_jaw_ri
A4C7F4398787503E,uk_building_exterior_concrete_stairs_32_center_01
A4CBF348A211A031,j_box_ri
A4D1AE858C3AD04E,me_electrical_box_small_01
A4D431B3AC134BA3,dyn_ring
A4D8E0A1765BD913,j_clasp
A4E52AAA94BB7383,tag_door_fl_animate
A4EEAC1E57A0915E,t10_furniture_market_rack_straight_8
A4F272906D2CE95A,tag_turret_left
A50295B4BE0F77AC,j_flag_base_1
A50376DA83B0D7A2,j_hasp
A50845296342E68D,j_vaccine
A50D45DA83B8D8E4,j_hat3
A50D46DA83B8DA97,j_hat2
A50D47DA83B8DC4A,j_hat1
A5107AD6686153AC,j_manb_wrist_ri
A51085DA83BB7B7B,j_hawk
A52851EC32EA373A,un_plastic_construction_trash_chute_support_01
A52C67562CC6F5D4,tag_blade_c_dst
A53415E1FD3870A2,j_axel_back_left_aim
A53C82572C522B9F,tag_antenna_front
A5410888E5CB0690,ee_furniture_table_pool
A5423FB631730F07,j_stone_10_ri
A5466590FC74EFA8,custom_barrel_jnt
A547BA1152C461BB,j_cosmetic_wire_clav_02_a
A547C98F0B791B5B,j_crate_lid
A54E7CDA83F0CD4E,j_hair
A554333D98B9000B,j_clamp_lever02_uple
A554E4D9DA570406,me_barber_shave_kit_brush
A5638D653762D48B,j_hair5_cr
A5639B653762EC55,j_hair5_cl
A56570DA840397CB,j_hand
A56C09608E76FF20,joint986
A56C0A608E7700D3,joint987
A56C0B608E770286,joint984
A56C0C608E770439,joint985
A56C0D608E7705EC,joint982
A56C0E608E77079F,joint983
A56C0F608E770952,joint980
A56C10608E770B05,joint981
A56C17608E7716EA,joint988
A56C18608E77189D,joint989
A56F8C608E7A1390,joint999
A56F8D608E7A1543,joint998
A56F94608E7A2128,joint991
A56F95608E7A22DB,joint990
A56F96608E7A248E,joint993
A56F97608E7A2641,joint992
A56F98608E7A27F4,joint995
A56F99608E7A29A7,joint994
A56F9A608E7A2B5A,joint997
A56F9B608E7A2D0D,joint996
A5748B6537714458,j_hair5_dr
A574996537715C22,j_hair5_dl
A575AFEC3301503B,j_carry_spineupper
A575B1702DD6777B,ceramic_tile_large_ext_corner_01_dmg_rev_09
A5767E2DBACC1A72,j_beard_front_01
A5808B608E888510,joint928
A5808C608E8886C3,joint929
A58093608E8892A8,joint920
A58094608E88945B,joint921
A58095608E88960E,joint922
A58096608E8897C1,joint923
A58097608E889974,joint924
A58098608E889B27,joint925
A58099608E889CDA,joint926
A5809A608E889E8D,joint927
A58390608E8AC366,joint939
A58391608E8AC519,joint938
A58396608E8ACD98,joint933
A58397608E8ACF4B,joint932
A58398608E8AD0FE,joint931
A58399608E8AD2B1,joint930
A5839A608E8AD464,joint937
A5839B608E8AD617,joint936
A5839C608E8AD7CA,joint935
A5839D608E8AD97D,joint934
A58717608E8DDEA2,joint908
A58718608E8DE055,joint909
A58719608E8DE208,joint906
A5871A608E8DE3BB,joint907
A5871B608E8DE56E,joint904
A5871C608E8DE721,joint905
A5871D608E8DE8D4,joint902
A5871E608E8DEA87,joint903
A5871F608E8DEC3A,joint900
A58720608E8DEDED,joint901
A588079B0ABD76C1,front_right_axle_z
A58A84608E90CDB0,joint911
A58A85608E90CF63,joint910
A58A86608E90D116,joint913
A58A87608E90D2C9,joint912
A58A88608E90D47C,joint915
A58A89608E90D62F,joint914
A58A8A608E90D7E2,joint917
A58A8B608E90D995,joint916
A58A8C608E90DB48,joint919
A58A8D608E90DCFB,joint918
A58E07608E93E220,joint964
A58E08608E93E3D3,joint965
A58E09608E93E586,joint966
A58E0A608E93E739,joint967
A58E0B608E93E8EC,joint960
A58E0C608E93EA9F,joint961
A58E0D608E93EC52,joint962
A58E0E608E93EE05,joint963
A58E13608E93F684,joint968
A58E14608E93F837,joint969
A58FE6667A53C74C,tag_fx_chest
A5918A608E96F690,joint977
A5918B608E96F843,joint976
A5918C608E96F9F6,joint975
A5918D608E96FBA9,joint974
A5918E608E96FD5C,joint973
A5918F608E96FF0F,joint972
A59190608E9700C2,joint971
A59191608E970275,joint970
A59198608E970E5A,joint979
A59199608E97100D,joint978
A5948F608E9934E6,joint948
A59490608E993699,joint949
A59495608E993F18,joint942
A59496608E9940CB,joint943
A59497608E99427E,joint940
A59498608E994431,joint941
A59499608E9945E4,joint946
A5949A608E994797,joint947
A5949B608E99494A,joint944
A5949C608E994AFD,joint945
A59814608E9C4CBC,joint959
A59815608E9C4E6F,joint958
A59818608E9C5388,joint955
A59819608E9C553B,joint954
A5981A608E9C56EE,joint957
A5981B608E9C58A1,joint956
A5981C608E9C5A54,joint951
A5981D608E9C5C07,joint950
A5981E608E9C5DBA,joint953
A5981F608E9C5F6D,joint952
A5991BDE515624AF,light_exterior_cafe_light_fixtures_basket
A59B6933DA2FB084,j_cosmetic_backpouch
A59FBE4B89A80244,j_ghillie_12_av2
A5A61E7A28408F9E,j_dash
A5A8EB22B418F620,tag_light_on
A5A9287A2842D673,j_dart
A5B5E22EF839EBA4,pencil
A5B6455267F95D2C,j_cosmetic_small_pouch_b
A5B6465267F95EDF,j_cosmetic_small_pouch_c
A5B6485267F96245,j_cosmetic_small_pouch_a
A5BB08EBDFAA11CF,sniper_01_jnt
A5BEA233B684345F,l_ear1
A5BEA333B6843612,l_ear2
A5C8EFAC547529FB,equipment_metal_jib_pulley_wall_mounted_01
A5CA5372D0C707B4,j_cosmetic_leg_pouches_le
A5EE7A070AA711E7,j_2_d
A5F52BA674D8123E,lamp_shade_dynent
A5FBE0FA1BFC957D,j_glider_wing_left
A60605AF71443EA2,tag_light_back_right_2
A60EC68D877E5A37,bathroom_toiletries_tube_01
A614C3D8A4FC5BDF,gib_old_cannon_01_cannon
A61BED4C41358EED,j_cosmetic_bumper_01
A6223372D111472A,j_cosmetic_leg_pouches_ri
A62AE6246FBB2E6A,j_cosmetic_rope
A62E5A5C2ADA7A2B,ee_electrical_outlet_plate_03b
A63AC822B494A8C4,tag_light_03
A63AC922B494AA77,tag_light_02
A63ACA22B494AC2A,tag_light_01
A63D00A460E4CD80,t10_ava_hst_decor_arch_relief_01_lod0
A63E0CDC6E9C7C08,tag_light
A652DF246FDC7499,j_cosmetic_roll
A67DB8A53E95844C,j_caribeanerb
A67DB9A53E9585FF,j_caribeanerc
A67DBBA53E958965,j_caribeanera
A691BCA22C8D4DB7,j_canister
A6976A07A46503E4,tag_aileron_ri_animate
A69E86B7C9F9AAE5,tag_stick_l_rot
A6A483B65673C3DB,cyclops_s4_ext_construction_facade_wall_panel_02_b_mesh
A6A8A07E230954D6,par_desk_cherry_deco_01
A6B526C28D2AE53E,j_cosmetic_halligan
A6B6C5F8C6223D78,tag_barrel_view
A6D03435341A5958,j_light_green_off
A6D48E92C5A0D131,j_cocking_lever
A6EC2E6EC9137EEC,tag_light_back_left_d1
A6EC2F6EC913809F,tag_light_back_left_d0
A6EC316EC9138405,tag_light_back_left_d2
A6FA61018F59C738,j_mid_le_end
A70B0C7C1DF5241C,p7_bottle_glass_liquor_expensive_08_empty
A70C6D52562A4B47,accessory_boat_fender_buoy_float_rope_01
A70C6E52562A4CFA,accessory_boat_fender_buoy_float_rope_02
A70DC355F62B3DC2,tag_window_back_left_corner
A70E18573DB7DA50,j_index_le_1_prop
A7168D5C5287C730,accessory_ceilling_fan_vintage_noblade_destr1
A71EC961B08C8C0D,spine2_jnt
A7253EEFEA5F6B35,t10_sabotage_debris_rappel_skylight_window_broken_03_lod0
A72A8E4CF3455449,ee_trim_small_roof_32
A72C81A4676F9A7C,un_office_desk_01_long
A72E1A4CF3487804,ee_trim_small_roof_48
A734A24CF34DCACA,ee_trim_small_roof_64
A73BB271D50B2596,sat_jap_machinery_express_train_connection_2_3b_lod0
A760CB082E2535E4,j_ied
A766249278A7DAF0,cliipboard_lod0
A772E4BD68CF377D,j_root_cigarette
A773F05F07B30292,tag_origin_part_trunk_panel
A78BD2F27698A81D,debris_wheel_rim_01
A7A0022A8B662A99,tag_detach_left_offset
A7A63CEB2FFF1244,origin_animate_jnt
A7B8046DA681E472,railfbxasc032176fbxasc032new_ncl1_1
A7C72FEB88B6206C,tag_light_emergency_red_04_d0
A7C730EB88B6221F,tag_light_emergency_red_04_d1
A7CDB5BFEB0E7D94,j_mic_02
A7CDB8BFEB0E82AD,j_mic_01
A7CEE798C089F626,j_cosmetic_flashbang_pouch
A7D7546B807D37C0,tag_light_front_left
A7D82284C530D3A7,medical_corpse_bodybag_02
A7DC2AF2E421DE1B,j_cosmetic_ar_pack_a
A7DC2BF2E421DFCE,j_cosmetic_ar_pack_b
A7F77C78D5D3E4A1,sat_decor_crate_tarp_01_lod0
A7F9D3C14C85A1FB,j_tail_6_prop
A81120D0AB4C4736,middle_left_axle_z
A819A8740DC5DF8A,utility_vent_large_02_curve
A81A2D324F31011D,j_wire_1_ri
A81B7BCE40FCC0D0,j_cosmetic_databoxend
A824D69FA0136350,t10_sabotage_debris_rappel_skylight_frame_lod0
A82A4556DA1820F3,tool_wood_handle_hammer_01
A82A4BDDF41D3C6B,j_goatee
A836DDBEB8C2FC0E,tag_lase_hide2
A839B04612FA3462,uk_house_gutter_pipe_24_01
A83D01277652F8EE,j_cosmetic_242
A84E18CE04053F4B,j_suspension_back_aim_left
A8654EA290571246,j_takedown_lever
A86E0616A67D3334,tag_booster_animate
A86F25120D2B51AE,jup_clothing_hat_tourist_mesh
A8723D324F7B9223,j_wire_1_le
A875F623827A79AB,j_cosmetic_water_bag_strap_ri_a
A875F723827A7B5E,j_cosmetic_water_bag_strap_ri_b
A875F823827A7D11,j_cosmetic_water_bag_strap_ri_c
A882A77E1DD5C7DD,dyn_tape
A883226EB133775C,tag_light_cargo01
A883256EB1337C75,tag_light_cargo02
A88D98D861A71890,j_hose_4
A88D99D861A71A43,j_hose_5
A88D9AD861A71BF6,j_hose_6
A88D9BD861A71DA9,j_hose_7
A88D9DD861A7210F,j_hose_1
A88D9ED861A722C2,j_hose_2
A88D9FD861A72475,j_hose_3
A88DA4D861A72CF4,j_hose_8
A8999B5FB8BAFC73,j_ponytail_4
A8999E5FB8BB018C,j_ponytail_1
A899A05FB8BB04F2,j_ponytail_3
A899A15FB8BB06A5,j_ponytail_2
A8A36F1576C5AC97,building_tarps_doorways_cloth_04_red
A8AFC5EE909BFB25,bsh_boat_deck_vent_01_lod0
A8B859DE0C73BAAA,t10_mtx_d20_die
A8C4AC71C2B9970C,furniture_electronic_ceilling_rail_02
A8C4AF71C2B99C25,furniture_electronic_ceilling_rail_01
A8C91A6FC2888F33,l_shoulderhelper0_jnt
A8D1CE19FF875820,tag_glass_bus_left_10_d2
A8D1D019FF875B86,tag_glass_bus_left_10_d0
A8D1D119FF875D39,tag_glass_bus_left_10_d1
A8DA83AB355B5DF1,tag_door_interior
A8DD6FFCC7F29105,uk_house_gutter_end_cap_01
A8DEA77775D0F817,t10_kitchen_small_cutting_board_01_lod0
A8E695702261B7A0,tag_wheel_middle2_left_spin
A8ED3EF381154780,j_jaw_ri_1
A8ED40F381154AE6,j_jaw_ri_3
A8ED41F381154C99,j_jaw_ri_2
A90026896F5112E3,p6_blackout_deck_iloop_01_lod0
A9031431619B9974,wheel_front_l_jnt
A903687587079E0C,ee_food_fruit_apple_01
A9036B758707A325,ee_food_fruit_apple_02
A9062F5FC2612CC6,jup_pillar_wood_log_old_01_mesh
A9108BC93CF8AA82,tag_rear_right_foreleg_dst
A9154797477A311E,tag_wheel_rear_left
A927F43F7A5F0BCC,tag_light_on_10
A92B733F7A621970,tag_light_on_07
A92B743F7A621B23,tag_light_on_06
A92B753F7A621CD6,tag_light_on_05
A92B763F7A621E89,tag_light_on_04
A92B773F7A62203C,tag_light_on_03
A92B783F7A6221EF,tag_light_on_02
A92B793F7A6223A2,tag_light_on_01
A92B813F7A62313A,tag_light_on_09
A92B823F7A6232ED,tag_light_on_08
A93A019EED0C0538,j_door2
A93A049EED0C0A51,j_door1
A93E0A6BEA77E93B,pcylinder15
A93E0B6BEA77EAEE,pcylinder16
A93E0D6BEA77EE54,pcylinder10
A94E2E0CCEE042BB,j_sickle
A95A8A47470650C1,tag_ik_loc_ri_orientconstraint1
A95DB272BC70D6D3,j_eye_le
A962814A7D8401F7,j_cosmetic_pouch_carabiner
A971E272BC81D16D,j_eye_ri
A97C85EE64F3F75F,dyn_knot
A97F1AB7EA8B73E3,polysurface735
A9828AC101FDF317,rot_door_l_jnt
A9A2E4A924815682,rear_right_suspension
A9A84CBDFF18C026,j_swivel
A9AA3CCFD93FD1A7,tag_deck_boards
A9AF5E13F328D2A2,tag_wheel_04_debris
A9B44B77DCD2D651,tag_heel_plate_right_d0
A9B76474609590C6,ee_signs_industrial_live_wires
A9C526D461FB1A6D,j_frontbinder
A9D0F7380133F4FB,decor_balcony_tarp_flat_large_01
A9D0F8380133F6AE,decor_balcony_tarp_flat_large_02
A9D4A42FB1AF2102,tag_door_back_left
A9DAA85DD4ED601D,j_bottom_bag_r
A9DAAA5DD4ED6383,j_bottom_bag_l
A9E0C193670C8C0E,me_barber_hand_mirror_01
A9E8130257BD9F20,tag_glass_bus_right_09_d1
A9E8140257BDA0D3,tag_glass_bus_right_09_d0
A9E8160257BDA439,tag_glass_bus_right_09_d2
A9EAFBD7C4D07E0C,t10_hst_decor_bust_beethoven_01_lod0
A9ED47CB9EA8AE47,tag_left_prop_front
A9F3F97C218BCC8E,j_ringpalm_le
A9F7281E0912D10C,shell_casings_ar_07
A9F8588759D1E7AC,decor_rope_thick_draped_01_proxy_bonesim52
A9F8598759D1E95F,decor_rope_thick_draped_01_proxy_bonesim53
A9F85A8759D1EB12,decor_rope_thick_draped_01_proxy_bonesim50
A9F85B8759D1ECC5,decor_rope_thick_draped_01_proxy_bonesim51
A9FA1F2100D542D5,jup_stairs_marble_4setps_lod0
A9FBD78759D4F550,decor_rope_thick_draped_01_proxy_bonesim49
A9FBD88759D4F703,decor_rope_thick_draped_01_proxy_bonesim48
A9FBDF8759D502E8,decor_rope_thick_draped_01_proxy_bonesim41
A9FBE08759D5049B,decor_rope_thick_draped_01_proxy_bonesim40
A9FBE28759D50801,decor_rope_thick_draped_01_proxy_bonesim42
A9FBE48759D50B67,decor_rope_thick_draped_01_proxy_bonesim44
A9FBE58759D50D1A,decor_rope_thick_draped_01_proxy_bonesim47
A9FBE68759D50ECD,decor_rope_thick_draped_01_proxy_bonesim46
A9FBEF31C71D0BAE,door_landing_gear_le_1_jnt
A9FEDE8759D7370C,decor_rope_thick_draped_01_proxy_bonesim38
A9FEE28759D73DD8,decor_rope_thick_draped_01_proxy_bonesim34
A9FEE38759D73F8B,decor_rope_thick_draped_01_proxy_bonesim35
A9FEE48759D7413E,decor_rope_thick_draped_01_proxy_bonesim36
A9FEE58759D742F1,decor_rope_thick_draped_01_proxy_bonesim37
A9FEE68759D744A4,decor_rope_thick_draped_01_proxy_bonesim30
A9FEE78759D74657,decor_rope_thick_draped_01_proxy_bonesim31
A9FEE98759D749BD,decor_rope_thick_draped_01_proxy_bonesim33
AA00F7B05C6AD83D,jup_window_manor_metal_01_mesh
AA02638759DA4EE2,decor_rope_thick_draped_01_proxy_bonesim29
AA02648759DA5095,decor_rope_thick_draped_01_proxy_bonesim28
AA02658759DA5248,decor_rope_thick_draped_01_proxy_bonesim27
AA02668759DA53FB,decor_rope_thick_draped_01_proxy_bonesim26
AA02678759DA55AE,decor_rope_thick_draped_01_proxy_bonesim25
AA02688759DA5761,decor_rope_thick_draped_01_proxy_bonesim24
AA02698759DA5914,decor_rope_thick_draped_01_proxy_bonesim23
AA026A8759DA5AC7,decor_rope_thick_draped_01_proxy_bonesim22
AA026C8759DA5E2D,decor_rope_thick_draped_01_proxy_bonesim20
AA05D08759DD3DF0,decor_rope_thick_draped_01_proxy_bonesim12
AA05D18759DD3FA3,decor_rope_thick_draped_01_proxy_bonesim13
AA05D28759DD4156,decor_rope_thick_draped_01_proxy_bonesim10
AA05D38759DD4309,decor_rope_thick_draped_01_proxy_bonesim11
AA05D48759DD44BC,decor_rope_thick_draped_01_proxy_bonesim16
AA05D68759DD4822,decor_rope_thick_draped_01_proxy_bonesim14
AA05D78759DD49D5,decor_rope_thick_draped_01_proxy_bonesim15
AA05DA8759DD4EEE,decor_rope_thick_draped_01_proxy_bonesim18
AA080CA5DE09594C,jup_zm_aether_landing_pad_large_01
AA080FA5DE095E65,jup_zm_aether_landing_pad_large_02
AA1AC83C85488534,ee_decor_vintage_bronze_plaque_01
AA22043F9D86E0C8,j_cloth_polysurface2_3
AA22053F9D86E27B,j_cloth_polysurface2_2
AA22063F9D86E42E,j_cloth_polysurface2_1
AA22073F9D86E5E1,j_cloth_polysurface2_0
AA22083F9D86E794,j_cloth_polysurface2_7
AA22093F9D86E947,j_cloth_polysurface2_6
AA220A3F9D86EAFA,j_cloth_polysurface2_5
AA220B3F9D86ECAD,j_cloth_polysurface2_4
AA226D7A5971D098,j_suspension_front_aim_right
AA27FC30856C32CA,j_torso_03_geo_high
AA342505816AC86B,j_cosmetic_groinbag
AA3516FF5E7B271C,tag_geo_frag_003
AA3517FF5E7B28CF,tag_geo_frag_002
AA3518FF5E7B2A82,tag_geo_frag_001
AA3AE8FE8F5FA481,tag_wing_elevon_left_outer
AA3B55F7A6E315F5,dummy_knee_sidedist_ri
AA3B9F855DE88333,j_reargilly_a_le
AA3EC97C21CB6678,j_ringpalm_ri
AA43887B83027E1B,uk_street_road_curb_128_01
AA4B94B4D78424F0,j_ejectionport
AA50CF855DFB30CD,j_reargilly_a_ri
AA5599AC1B4CD455,tag_parachute_base
AA5A275DA96339C7,j_teargas
AA5D55F7A6FFFC5B,dummy_knee_sidedist_le
AA5E7F5FE392F3B6,tag_junk
AA6337D6EB658EC0,tag_claw_right_hook_animated
AA6B93E9954748A0,debris_concrete_rubble_floor_slab_chunk_large_02
AA6B94E995474A53,debris_concrete_rubble_floor_slab_chunk_large_03
AA6B96E995474DB9,debris_concrete_rubble_floor_slab_chunk_large_01
AA6B99E9954752D2,debris_concrete_rubble_floor_slab_chunk_large_04
AA6B9AE995475485,debris_concrete_rubble_floor_slab_chunk_large_05
AA851C830312B32B,j_pinkypalm_ri
AA98C4C00190E352,j_proc_spine4
AA9CEB1D7C2827DD,eu_decor_bicycle_c_front
AAA75CF9D777CD5B,j_groinbag
AAA86E22DBDED1F2,tag_tail_wing_chunk_left
AAA90D2A4A9A5910,j_chamber_main
AABAF09AA8E7DAF8,tag_drone_attach_002_d0
AABD6FB62F96DCA1,j_proc_idle_knuckle_ri_1
AAC3DCE09CD3E8BF,t10_wall_castle_stone_01_mesh1t10_wall_castle_stone_01_lod0lod0
AACBEA012B69CBA2,randomfbxasc032scatter
AACC583DC00B5F9C,tag_door_front_left_animate
AACDB21FB9E76FE5,j_corner_8_b
AAD50F9F88A22069,j_cosmetic_pouch_large
AAEB4C830369B7ED,j_pinkypalm_le
AAF7712B2ABCB678,j_top_hatch
AB01362414C4A3C7,ee_mansion_int_railing_42_01
AB0F724DF3A67855,l_lipbottom0_jnt
AB1010FD4D4308A7,tag_door_back_right2
AB14736B40F77C00,polysurface2
AB14746B40F77DB3,polysurface3
AB14766B40F78119,polysurface1
AB14776B40F782CC,polysurface6
AB14786B40F7847F,polysurface7
AB14796B40F78632,polysurface4
AB147A6B40F787E5,polysurface5
AB147D6B40F78CFE,polysurface8
AB147E6B40F78EB1,polysurface9
AB1A99A49442343B,tag_claw_ri_prop
AB1AC386EBA02AA2,j_uppergroinprotectorlowmain
AB1C587BA0D2F5D6,j_kinves
AB380630F95ADE2A,t10_decor_binder_three_ring_01_closed_cover
AB3C513F648808F6,polysurface22
AB3C523F64880AA9,polysurface23
AB3C533F64880C5C,polysurface24
AB3C543F64880E0F,polysurface25
AB3C553F64880FC2,polysurface26
AB3C563F64881175,polysurface27
AB3C573F64881328,polysurface28
AB3C583F648814DB,polysurface29
AB3F523F648A4080,polysurface33
AB3F533F648A4233,polysurface32
AB3F553F648A4599,polysurface30
AB3F563F648A474C,polysurface37
AB3F583F648A4AB2,polysurface35
AB3F593F648A4C65,polysurface34
AB3F5C3F648A517E,polysurface39
AB3F5D3F648A5331,polysurface38
AB40A02A6BF866C8,j_cosmetic_rcarabinerbstringaend
AB46583F64906960,polysurface19
AB46593F64906B13,polysurface18
AB46603F649076F8,polysurface11
AB46613F649078AB,polysurface10
AB46623F64907A5E,polysurface13
AB46633F64907C11,polysurface12
AB46643F64907DC4,polysurface15
AB46653F64907F77,polysurface14
AB46663F6490812A,polysurface17
AB46673F649082DD,polysurface16
AB4758170ACA02BF,j_axle2_front_right_tgt
AB49DF3F6493849C,polysurface68
AB49E03F6493864F,polysurface69
AB49E63F64939081,polysurface67
AB49E73F64939234,polysurface60
AB49E83F649393E7,polysurface61
AB4B52BA76D59D82,tag_cargo_side_left_animate
AB4CE43F6495C2F2,polysurface79
AB4CE63F6495C658,polysurface77
AB4CE73F6495C80B,polysurface76
AB4CE83F6495C9BE,polysurface75
AB4CEA3F6495CD24,polysurface73
AB4CEB3F6495CED7,polysurface72
AB4CED3F6495D23D,polysurface70
AB4EC7E7D7D9A922,tag_gunner_cupola
AB50513F6498B200,polysurface42
AB50523F6498B3B3,polysurface43
AB50533F6498B566,polysurface40
AB50543F6498B719,polysurface41
AB50553F6498B8CC,polysurface46
AB50563F6498BA7F,polysurface47
AB50573F6498BC32,polysurface44
AB50583F6498BDE5,polysurface45
AB53D43F649BC670,polysurface55
AB53D53F649BC823,polysurface54
AB53D83F649BCD3C,polysurface51
AB53DA3F649BD0A2,polysurface53
AB53DB3F649BD255,polysurface52
AB53E03F649BDAD4,polysurface59
AB53E13F649BDC87,polysurface58
AB579826E5A4490E,ee_trim_church_wood_01_windows
AB5BF3C1E6BF127D,tag_leg_right
AB5DE33F64A43472,polysurface88
AB5DE83F64A43CF1,polysurface85
AB5DE93F64A43EA4,polysurface82
AB5DEA3F64A44057,polysurface83
AB5DEB3F64A4420A,polysurface80
AB5DEC3F64A443BD,polysurface81
AB61503F64A72380,polysurface91
AB61523F64A726E6,polysurface93
AB61583F64A73118,polysurface99
AB61593F64A732CB,polysurface98
AB65C18E226E5837,j_carry_knee_ri
AB685A04EE5BE3B3,j_carryhandle
AB6F898545959B5F,j_mask_base_fr
AB74F6C608D5EBD3,j_bunkerbuster_grenade_casing
AB76617F2A1951F2,pot_clay_02_piece_02_bright
AB79D98E227F2A09,j_carry_knee_le
AB79E710F5C7A67C,tag_chest_weakpoint
AB7F3CA6329921AB,tag_hatch_commander
AB854AE2C2A82053,tag_doorlanding04
AB854DE2C2A8256C,tag_doorlanding01
AB854FE2C2A828D2,tag_doorlanding03
AB8550E2C2A82A85,tag_doorlanding02
AB8A398BE208E506,tag_wheel_front_right_spin_follower
AB8AB5A39E451B27,j_ghillie_shouldertwist_le1
AB93B4625E27E5BE,chair_folded_legs_short
AB9C88E7EBF2C25B,tag_leg_rl_ankle
AB9D638CB6791A3C,j_stone_04_ri
AB9F19CED719CC7E,tag_door_trailer_front_right_d0
ABA069E2C15B08EE,tag_antenna_r_animate
ABA86620A9913818,j_device
ABBC6A4236C70F87,tag_airbreak_animate
ABBD4A05BDD9BBD1,j_cosmetic_pistol_01
ABBF97D27917F1DA,uk_tool_car_engine_hoist_01
ABDCD52D2AB82935,j_grp_wristwatch_second
ABFEAA2EEAC228C5,tag_plat1_light_front_right_fx
AC0BE976D6F09F4C,tag_leg_rr_flatten_piston_lower_aim
AC0E6E91BF14DFDE,tag_piston_roof_rear_l_base_aim
AC0F4D1FEC0C65E9,uk_dumpster_small_green_open_01
AC10262284C9C473,j_tarp_1
AC10272284C9C626,j_tarp_2
AC10282284C9C7D9,j_tarp_3
AC10292284C9C98C,j_tarp_4
AC102A2284C9CB3F,j_tarp_5
AC102B2284C9CCF2,j_tarp_6
AC1380430903037F,tag_tail_part_b_dst
AC279B86EF131028,tag_stow_back_mid_up
AC43D1FAD8F0ED22,uk_foliage_wall_weeds_02
AC480E3CB76EAF44,j_cosmetic_lpoucha
AC4E108EA59293E5,l_eyelidupper0_jnt
AC5BF9659655EDB3,jup_fabric_plane_blankets_02_mesh
AC620DB46E805689,revolver_03_jnt
AC7C6C897B56BC0A,j_punch
AC7E71D146873326,server_02_jnt
AC87582F9ED3D2FC,t10_food_market_hanging_garlic_01_lod0_mesh
AC8F1C45F7D13644,j_panel2_screen_green_down
AC96CF115686476A,j_cosmetic_wire_clav_01_a
AC97A9404496E13D,ee_trim_small_roof_32_destroyed
ACA00C7E5E248FB5,lrg_lid_jnt
ACA405DC4D658180,sat_leo_platform_stage_elevator_01_mesh
ACACAABFDE47F6D5,j_cosmetic_ar2_radio
ACB1F4767EF7DB86,t10_wall_wood_trim_column_corner_03_mesh1
ACB6A772E3A446A4,j_charging_handle
ACB78CC5CB148818,j_fur_ri_02
ACB78DC5CB1489CB,j_fur_ri_03
ACB78FC5CB148D31,j_fur_ri_01
ACBFF2963DB67DD8,tag_glass_lightbar_d3
ACBFF3963DB67F8B,tag_glass_lightbar_d2
ACBFF4963DB6813E,tag_glass_lightbar_d1
ACBFF5963DB682F1,tag_glass_lightbar_d0
ACBFF9963DB689BD,tag_glass_lightbar_d4
ACC357027F558E15,chair_jnt
ACC6A250617331E7,tag_bumper_front_damaged
ACD26E21ED6DC07A,j_table
ACD744911316D1B1,t10_sabotage_debris_corner_snowcap_01_mesh
ACD76BE1D33550CD,head_pet
ACF3502404A47FEF,tag_origin_part_wheel_hubcap_right
AD14F19B43B86703,j_metaring_ri_1
AD1D00708DD98F27,window_industrial_frame_64x72_01_damaged
AD1ED9BE04DEB64B,tag_fx_light_front_left
AD3141E591391E5B,building_door_wood_worn_out_frame_02
AD3142E59139200E,building_door_wood_worn_out_frame_01
AD3C98B1AA48CC8C,flower_pot02_lod0
AD434FFF03960944,jup_sign_manga_japan_01_tri
AD4561E730AEB448,j_cash03
AD4562E730AEB5FB,j_cash02
AD4563E730AEB7AE,j_cash01
AD4567E730AEBE7A,j_cash05
AD4568E730AEC02D,j_cash04
AD4A3DD2AC8977C0,j_chute_a_8
AD4A3ED2AC897973,j_chute_a_9
AD4A46D2AC89870B,j_chute_a_1
AD4A47D2AC8988BE,j_chute_a_2
AD4A48D2AC898A71,j_chute_a_3
AD4A49D2AC898C24,j_chute_a_4
AD4A4AD2AC898DD7,j_chute_a_5
AD4A4BD2AC898F8A,j_chute_a_6
AD4A4CD2AC89913D,j_chute_a_7
AD5A5743D05ABB67,j_barrels
AD5E10A1EC5DAF5E,j_cosmetic_tourniquet
AD63708710853200,tag_blade_05_dst
AD65400607669226,tag_body_hatch_c_parts_animate
AD768118323365F7,j_mid_ri_2_prop
AD7C2661BD689206,j_black_screen
AD7C78FB93A53563,j_cosmetic_carabiner_01
AD7C79FB93A53716,j_cosmetic_carabiner_02
AD7C7AFB93A538C9,j_cosmetic_carabiner_03
AD7E821FCE833FFE,j_nvg_2
AD8796B739EB3E04,tag_barrel_null
AD882C54B5318445,tshirt
AD95C17C7FFF094D,j_cosmetic_lthighpouch
AD9755A9647DFCD8,tag_leg_rl_04
AD975AA9647E0557,tag_leg_rl_01
AD975BA9647E070A,tag_leg_rl_02
AD975CA9647E08BD,tag_leg_rl_03
AD97AA0133D476FD,door_right_bottom_jnt
AD9C5D96A2E3A625,tag_flap_ri_animate
ADA858AE6D61BE60,j_cosmetic_clip
ADAEC73E03A82C11,lighting_modern_fixture_ceiling_01_cable
ADB79BCE3A826A3D,mout_catwalk_256_open
ADC3F802BCED1949,jup_construction_building_support_pillar_01_40x40x8_mesh
ADC77995BA060F6B,jup_structural_siding_metal_corrugated_24x64_mesh
ADC92C7D8B27DB80,x1_rcxd_battery_01
ADD052A303854714,j_sleave_reshape_top_ri_2
ADD053A3038548C7,j_sleave_reshape_top_ri_3
ADD055A303854C2D,j_sleave_reshape_top_ri_1
ADE51626ED2F0E70,j_rear_suspension_target
ADEABFC44CB5C995,s4_cyclops_stairsteps_48x32_long_dark_mesh
ADED7487DFA51BE8,j_b_10
ADED7587DFA51D9B,j_b_11
ADED7687DFA51F4E,j_b_12
ADED7787DFA52101,j_b_13
ADED7887DFA522B4,j_b_14
ADED7987DFA52467,j_b_15
ADED7A87DFA5261A,j_b_16
ADED7B87DFA527CD,j_b_17
ADF07187DFA74CA6,j_b_09
ADF07287DFA74E59,j_b_08
ADF07787DFA756D8,j_b_03
ADF07887DFA7588B,j_b_02
ADF07987DFA75A3E,j_b_01
ADF07B87DFA75DA4,j_b_07
ADF07C87DFA75F57,j_b_06
ADF07D87DFA7610A,j_b_05
ADF07E87DFA762BD,j_b_04
ADF0FE4F9858227B,electrical_office_security_lock_01
AE014724D9B29663,kitchen_coffee_pot_copper_02
AE05E3531FAB2707,j_clamp_lever01_dnle
AE0C8D9F51A56B59,t10_app_mc_stationary_manticore_lore_map_01_mesh
AE19E0739D8A0544,tag_light_emergency_red_14_d1
AE19E1739D8A06F7,tag_light_emergency_red_14_d0
AE1E1D3FF3AEBCD3,tag_light_back_right
AE21320425476B61,j_lid_rear_ri_4
AE21330425476D14,j_lid_rear_ri_3
AE21340425476EC7,j_lid_rear_ri_2
AE2135042547707A,j_lid_rear_ri_1
AE2AC9C19CB85B0F,tag_door_back_right
AE414F842C739777,j_suspension_front_left_aim
AE51A611D33E2B8F,j_cosmetic_radio_03_a
AE588B4B8A65B9CB,ee_electrical_outlet_plate_03
AE5DF94BE7D2DB98,tag_nvg_fx
AE68329E28E96ED4,pasted__geo7
AE6BF00831AD69F7,j_van
AE723AEE5F29AE95,j_proc_spinelower_lift
AE7C0568F6AC9FD1,t10_construction_russianbase_building_05_corrugated_metal_01_lo
AE7EBC6093B845FC,joint898
AE7EBD6093B847AF,joint899
AE7EC06093B84CC8,joint894
AE7EC16093B84E7B,joint895
AE7EC26093B8502E,joint896
AE7EC36093B851E1,joint897
AE7EC46093B85394,joint890
AE7EC56093B85547,joint891
AE7EC66093B856FA,joint892
AE7EC76093B858AD,joint893
AE82416093BB5DD2,joint889
AE82426093BB5F85,joint888
AE82436093BB6138,joint887
AE82446093BB62EB,joint886
AE82456093BB649E,joint885
AE82466093BB6651,joint884
AE82476093BB6804,joint883
AE82486093BB69B7,joint882
AE82496093BB6B6A,joint881
AE824A6093BB6D1D,joint880
AE82BB71CE8F5EBC,shoulderhelper0_jnt
AE864D87E026E66E,j_b_le
AE8C346093C39C40,joint858
AE8C356093C39DF3,joint859
AE8C3C6093C3A9D8,joint850
AE8C3D6093C3AB8B,joint851
AE8C3E6093C3AD3E,joint852
AE8C3F6093C3AEF1,joint853
AE8C406093C3B0A4,joint854
AE8C416093C3B257,joint855
AE8C426093C3B40A,joint856
AE8C436093C3B5BD,joint857
AE8FB96093C6B416,joint849
AE8FBA6093C6B5C9,joint848
AE8FBF6093C6BE48,joint843
AE8FC06093C6BFFB,joint842
AE8FC16093C6C1AE,joint841
AE8FC26093C6C361,joint840
AE8FC36093C6C514,joint847
AE8FC46093C6C6C7,joint846
AE8FC56093C6C87A,joint845
AE8FC66093C6CA2D,joint844
AE91542A966D17EF,j_fur_le_01
AE91552A966D19A2,j_fur_le_02
AE91562A966D1B55,j_fur_le_03
AE93406093C9CF52,joint878
AE93416093C9D105,joint879
AE93426093C9D2B8,joint876
AE93436093C9D46B,joint877
AE93446093C9D61E,joint874
AE93456093C9D7D1,joint875
AE93466093C9D984,joint872
AE93476093C9DB37,joint873
AE93486093C9DCEA,joint870
AE93496093C9DE9D,joint871
AE96AD6093CCBE60,joint861
AE96AE6093CCC013,joint860
AE96AF6093CCC1C6,joint863
AE96B06093CCC379,joint862
AE96B16093CCC52C,joint865
AE96B26093CCC6DF,joint864
AE96B36093CCC892,joint867
AE96B46093CCCA45,joint866
AE96B56093CCCBF8,joint869
AE96B66093CCCDAB,joint868
AE96EE455601E6E5,j_projectile
AE9A306093CFD2D0,joint814
AE9A316093CFD483,joint815
AE9A326093CFD636,joint816
AE9A336093CFD7E9,joint817
AE9A346093CFD99C,joint810
AE9A356093CFDB4F,joint811
AE9A366093CFDD02,joint812
AE9A376093CFDEB5,joint813
AE9A3C6093CFE734,joint818
AE9A3D6093CFE8E7,joint819
AE9D336093D20DC0,joint807
AE9D346093D20F73,joint806
AE9D356093D21126,joint805
AE9D366093D212D9,joint804
AE9D376093D2148C,joint803
AE9D386093D2163F,joint802
AE9D396093D217F2,joint801
AE9D3A6093D219A5,joint800
AE9D416093D2258A,joint809
AE9D426093D2273D,joint808
AEA0B86093D52596,joint838
AEA0B96093D52749,joint839
AEA0BE6093D52FC8,joint832
AEA0BF6093D5317B,joint833
AEA0C06093D5332E,joint830
AEA0C16093D534E1,joint831
AEA0C26093D53694,joint836
AEA0C36093D53847,joint837
AEA0C46093D539FA,joint834
AEA0C56093D53BAD,joint835
AEA18F7FE09FACA8,irrigation_hose_corner_02
AEA1927FE09FB1C1,irrigation_hose_corner_01
AEA43D6093D83D6C,joint829
AEA43E6093D83F1F,joint828
AEA4416093D84438,joint825
AEA4426093D845EB,joint824
AEA4436093D8479E,joint827
AEA4446093D84951,joint826
AEA4456093D84B04,joint821
AEA4466093D84CB7,joint820
AEA4476093D84E6A,joint823
AEA4486093D8501D,joint822
AEB32D52B28F8E3D,j_turret_barrel_le
AEB3DD286CA80726,debris8
AEB3DE286CA808D9,debris9
AEB3E3286CA81158,debris2
AEB3E7286CA81824,debris6
AEBA3D52B295C81B,j_turret_barrel_ri
AEC5C211DF2EA2CD,in_structural_trim_base_stone_corner_16_mesh
AED11D87E0668058,j_b_ri
AED64C336971A5B4,tag_afr_ruin_wall_stone_2
AED64E336971A91A,tag_afr_ruin_wall_stone_0
AED64F336971AACD,tag_afr_ruin_wall_stone_1
AED6A1D7162A3951,proc_key
AED9A3970B5A1039,j_reargilly_c_le
AEEE30AAE59F5086,j_gpick
AEF31DCDB3B324B9,ee_signs_industrial_exit
AEF7B8CD6A577FC3,j_elevator_door_dbl_int_right_back
AEFE9DE8CCA09C00,tag_piston_roof_mid_l_aim
AF0453AEB03BF8FD,j_cosmetic_small_bag_strap_le
AF05F3CAF015634B,j_lamp_bracket
AF06C39011008BAC,front_suspension
AF0B63AEB04232DB,j_cosmetic_small_bag_strap_ri
AF31CB970BA4CA07,j_reargilly_c_ri
AF365E1B7B3B501F,tag_missilepod_le_01_animate
AF53C3D9CBC8C2A0,tag_seat_wm_7
AF53C4D9CBC8C453,tag_seat_wm_6
AF53C5D9CBC8C606,tag_seat_wm_5
AF53C6D9CBC8C7B9,tag_seat_wm_4
AF53C7D9CBC8C96C,tag_seat_wm_3
AF53C8D9CBC8CB1F,tag_seat_wm_2
AF53C9D9CBC8CCD2,tag_seat_wm_1
AF53CAD9CBC8CE85,tag_seat_wm_0
AF56D54CBDD4257D,tag_body_animate_loc
AF6AC71D6509749E,j_antiswaybar_front_right_tgt
AF75AD5655F73E20,uk_furniture_cabinet_curio_01
AF7DA7B94392961E,tag_screen_close_to_open
AF96A63F16223BDD,t10_decor_rolodex_desk_vintage_01_lod0_mesh
AF97F9A8B6A8EA13,j_cosmetic_belt
AF9EFD789D66B1E0,j_lock_handle_03
AF9EFE789D66B393,j_lock_handle_02
AF9EFF789D66B546,j_lock_handle_01
AF9F01789D66B8AC,j_lock_handle_07
AF9F02789D66BA5F,j_lock_handle_06
AF9F03789D66BC12,j_lock_handle_05
AF9F04789D66BDC5,j_lock_handle_04
AFA31F3DC1214590,j_chain_l_5
AFA3203DC1214743,j_chain_l_4
AFA3213DC12148F6,j_chain_l_7
AFA3223DC1214AA9,j_chain_l_6
AFA3233DC1214C5C,j_chain_l_1
AFA3253DC1214FC2,j_chain_l_3
AFA3263DC1215175,j_chain_l_2
AFA32B3DC12159F4,j_chain_l_9
AFA32C3DC1215BA7,j_chain_l_8
AFAD48858F8373E7,wire_le_jnt_07
AFAE9318F71E1D38,j_leaf11
AFAE9418F71E1EEB,j_leaf10
AFAE9518F71E209E,j_leaf13
AFAE9618F71E2251,j_leaf12
AFAE9718F71E2404,j_leaf15
AFAE9818F71E25B7,j_leaf14
AFAE9A18F71E291D,j_leaf16
AFB79357AEFF4DFC,landing_gear_door_front2_jnt
AFB81A061672F496,tag_pastery_5
AFB81B061672F649,tag_pastery_4
AFB81C061672F7FC,tag_pastery_3
AFB81D061672F9AF,tag_pastery_2
AFB81E061672FB62,tag_pastery_1
AFBB94BB39FEBAC8,j_pill_2
AFBB95BB39FEBC7B,j_pill_3
AFBB97BB39FEBFE1,j_pill_1
AFC7423A3843AFF9,in_fabric_pile_small_01_mesh
AFC95288314204E3,jup_window_frame_metal_store_01_mesh
AFD2BD3BA40FF720,tag_piston_roof_mid_l_base_aim
AFD49D6A82D582F3,in_structural_trim_base_stone_16_mesh
AFD51CFF9C9E408F,j_leg_2_pin
AFD7643C8EA93564,j_popper
AFD85831D15DDB4F,tag_001
AFD85931D15DDD02,tag_002
AFD85A31D15DDEB5,tag_003
AFDE21810DFA5B72,tag_leg_fr_foot
AFE6585979F4D88B,wires_02_jnt
AFEA25FB520AAA77,j_wing_ri
AFEEA8E8806315AB,p7_photo_frame_metal_4x6_h_01a_piece
AFF0246A35FEB027,tag_ai_linkto_rear_center
AFFE3DFB521B7C49,j_wing_le
B02A6EBA53981300,j_cosmetic_6
B02A6FBA539814B3,j_cosmetic_7
B02A70BA53981666,j_cosmetic_4
B02A71BA53981819,j_cosmetic_5
B02A72BA539819CC,j_cosmetic_2
B02A73BA53981B7F,j_cosmetic_3
B02A75BA53981EE5,j_cosmetic_1
B02A7CBA53982ACA,j_cosmetic_8
B02A7DBA53982C7D,j_cosmetic_9
B0447CC12C55ACC4,folding_chair_seat
B057F9C9C3EA1334,j_cloth_simmesh_left1
B057FCC9C3EA184D,j_cloth_simmesh_left2
B0642A7EF8F7BB4A,tag_c4_fx
B066CA6161775545,j_prop_sat_ww_scarab_parts_leatherstrip
B06DF37771F174EB,j_cosmetic_buttbag
B071CB458EC4B23F,tag_rear_right_armor_dst
B075F2466F884E21,j_cosmetic_electrical_tape
B07976ED3B7ED010,uk_house_interior_curtains_01_open
B0877CCF97842560,j_swing
B098FBC9ABE193B4,tag_missile_stabilizer_legs
B09E810C8D6105A9,j_hinge
B09F39A77AD17127,ee_utility_pole_metal
B0A29107114A70FC,j_3_d
B0CA79FB52C948A1,j_wing_01
B0D2C13D10B8D960,j_gripsafety
B0D434DBEFE595DD,j_plate_front_right_aim
B0D987183EE72710,low_town_wall_trim_rampart_top_01_mesh
B0E77316C889CE26,xmodel_bone1
B0F909F09173A0EE,s4_par_globe_01
B1003EB17DC21FED,tag_drone_attach_007_d0
B103FA60E53A5530,ee_furniture_damaged_desk_chair_damaged_base
B1298ED2D4566A11,tag_bomb_bay_door_right
B12C821C3FFBC4C3,tag_fx_tail_light_right
B13206A8990850A1,tag_spoiler_ri_02_animate
B137913010EAC000,j_chain3
B137923010EAC1B3,j_chain2
B137933010EAC366,j_chain1
B137953010EAC6CC,j_chain7
B137963010EAC87F,j_chain6
B137973010EACA32,j_chain5
B137983010EACBE5,j_chain4
B1379B3010EAD0FE,j_chain9
B1379C3010EAD2B1,j_chain8
B137E13010EB47F0,j_chainc
B137E23010EB49A3,j_chainb
B137E33010EB4B56,j_chaina
B137E53010EB4EBC,j_chaing
B137E63010EB506F,j_chainf
B137E73010EB5222,j_chaine
B137E83010EB53D5,j_chaind
B137EC3010EB5AA1,j_chainh
B147B51E1F74C109,j_pants_04
B147B61E1F74C2BC,j_pants_03
B147B71E1F74C46F,j_pants_02
B147B81E1F74C622,j_pants_01
B1517E0A8A9DA634,j_leg_front_foot_flaps
B1550DDCC544F9D0,j_lip_top_ri_2
B1550EDCC544FB83,j_lip_top_ri_3
B15510DCC544FEE9,j_lip_top_ri_1
B15513DCC5450402,j_lip_top_ri_4
B16746FDDF4FAC6C,j_xmags2
B16749FDDF4FB185,j_xmags1
B17E36167D949E51,j_antenna
B189FD71366EB340,j_lock1
B189FF71366EB6A6,j_lock3
B18A0071366EB859,j_lock2
B18CCB33403FB1D5,j_thumb_ri_2_prop
B18EDB92D89CB1A7,j_tube_handle
B1A6815AC10A082B,tag_wing_01_animate
B1A9067DE9ACD28F,tag_tail_rotor_null
B1B8596B40BF1D41,ind_flood_light_standing_off_bulb2
B1D2397153F3ABD0,tag_glass_quarter_right_d1
B1D23A7153F3AD83,tag_glass_quarter_right_d0
B1D23B7153F3AF36,tag_glass_quarter_right_d3
B1D23C7153F3B0E9,tag_glass_quarter_right_d2
B1D23D7153F3B29C,tag_glass_quarter_right_d5
B1D23E7153F3B44F,tag_glass_quarter_right_d4
B1D33BF331CF91EC,tag_shield_le_fx
B1EF47B0621E2FC4,cyclops_s4_construction_wall_facade_piece_04_a_short_lod0_patch
B1EF59DE63977766,j_ball10
B1F2DADE639A8870,j_ball05
B1F2DBDE639A8A23,j_ball04
B1F2DCDE639A8BD6,j_ball07
B1F2DDDE639A8D89,j_ball06
B1F2DEDE639A8F3C,j_ball01
B1F2E0DE639A92A2,j_ball03
B1F2E1DE639A9455,j_ball02
B1F2E6DE639A9CD4,j_ball09
B1F2E7DE639A9E87,j_ball08
B1F96594C91A19CC,recovery_wood_beam_03_lod0
B1FA0F4CEA13DF50,roof_asbestos_sheet_64x128_01
B1FB45D491DBB936,ee_furniture_table_pool_ball_set_02
B2059C8DE241FA6E,j_ring_01
B20B6120EFF9C6D0,j_missile_fins_front5
B20B6220EFF9C883,j_missile_fins_front4
B20B6420EFF9CBE9,j_missile_fins_front6
B20B6520EFF9CD9C,j_missile_fins_front1
B20B6720EFF9D102,j_missile_fins_front3
B20B6820EFF9D2B5,j_missile_fins_front2
B216A412F6E0D629,tag_anim
B2186A166389ADE6,j_spin
B225F6D3D50A71BC,j_bullet_loader
B231A4F9AC54AB63,j_carry_wrist_ri
B2448CFDE6A384B2,j_cosmetic_ak_pouch
B24897AE2C8F7BCD,tag_gunner_turret2_arm_animate
B2500C4535B4DFCC,j_gas_knob
B25F170EB3BAD067,tag_spare
B25FB87739AD80E4,electrical_control_panel_02_d_lod0
B25FCA2782CA09AC,j_suspension_front_right_aim
B26184F9AC7D98C5,j_carry_wrist_le
B2646DD9D701796C,tag_plate_pastery_2
B26470D9D7017E85,tag_plate_pastery_1
B26C9C77EAE91477,j_cosmetic_teargas
B27200C91CDFFDD1,tag_big_gun_vm
B283E80C9ADD0BD9,j_proc_par_neckguard_le
B2892D959FDC8F0E,tag_lift_bot_arm_animate
B28ED54EA23F1429,j_rag_04
B294558436A18A5A,safehouse_statium_lights_d5
B294568436A18C0D,safehouse_statium_lights_d4
B29947DAFC4E9E53,j_bunny_spinelower
B29AE2DE8CABE280,tag_wheel_back_left_scripted
B29AE66721784B0A,j_can_pull
B2B51C1ABAB004A8,j_cosmetic_bobblehead
B2C10D66F056FCE5,sat_terrain_dirt_ground_01_lod0
B2DB2093182FA456,tag_shield_ri_fx
B2DC100C9B27C5A7,j_proc_par_neckguard_ri
B2DF691D64BFA2EA,tag_blade_a_dst
B2F247DE9AF07D79,tag_chunk_e_dst
B2FD4BDD7B32796C,tag_ik_loc_le_seat_0
B2FD4DDD7B327CD2,tag_ik_loc_le_seat_2
B2FF190D20842779,electronic_shop_signboard_04
B3063B752CC0864F,j_chute_c_mid_cord_10
B3112714DEC6BCB5,tag_right_bench_legs_animate
B323253A1B88620D,j_cosmetic_bomb_ring_01
B32EB9FD38161CDB,j_cosmetic_misc_pouch_b
B32EBAFD38161E8E,j_cosmetic_misc_pouch_a
B3334639408A796F,uk_file_cabinet_garage_broken
B34D2A53F4219D5C,decor_misc_props_01_shoe_rack
B35908005CE28709,tag_door_rear_left_animate
B35A6E6885785FA5,j_fold
B35F1BA63DD0FB7C,jup_electrical_box_medium_01_lights_mesh1
B3692CE2E079C7AB,red_component_bin_filled_01
B36E518BFFF0C8D2,uk_foliage_plant_potted_yucca_01
B3721F461C7D7160,t10_sabotage_construction_crashtanks_beam_damaged_03
B37220461C7D7313,t10_sabotage_construction_crashtanks_beam_damaged_02
B37221461C7D74C6,t10_sabotage_construction_crashtanks_beam_damaged_01
B37C14C92A284DCF,tag_platform_front
B37F173B2AED49EF,tag_leg_rl_ankle_roll
B3882D705E6EFE02,debris_concrete_rubble_floor_slab_chunk_medium_08
B3882F705E6F0168,debris_concrete_rubble_floor_slab_chunk_medium_06
B38830705E6F031B,debris_concrete_rubble_floor_slab_chunk_medium_07
B38831705E6F04CE,debris_concrete_rubble_floor_slab_chunk_medium_04
B38832705E6F0681,debris_concrete_rubble_floor_slab_chunk_medium_05
B38833705E6F0834,debris_concrete_rubble_floor_slab_chunk_medium_02
B38834705E6F09E7,debris_concrete_rubble_floor_slab_chunk_medium_03
B38836705E6F0D4D,debris_concrete_rubble_floor_slab_chunk_medium_01
B38E381849F94655,j_ball_le_prop
B3922B292FAC7B1B,j_cosmetic_hip
B39DF27EE91CCD26,sat_terrain_dirt_ground_02_lod0
B3B61A443F5BF6B6,tag_leg_fr_04
B3B61C443F5BFA1C,tag_leg_fr_02
B3B61D443F5BFBCF,tag_leg_fr_03
B3B61F443F5BFF35,tag_leg_fr_01
B3BF536F1E521E98,tag_bar_1_right
B3C0DB2C60DCED11,tag_wheel_attach
B3C4491CF74427F2,jaw_jnt
B3CA38F42BE68090,tag_eye1
B3CA3AF42BE683F6,tag_eye3
B3CA3BF42BE685A9,tag_eye2
B3CA3CF42BE6875C,tag_eye5
B3CA3DF42BE6890F,tag_eye4
B3CA3EF42BE68AC2,tag_eye7
B3CA3FF42BE68C75,tag_eye6
B3CA7AF42BE6F0B6,tag_eyes
B3D62782B8DFF57E,tag_top_light_off
B3D8379989AE4B8B,p7_conduit_metal_1_strap_med_lod0
B3E0F4712611450B,j_doorroot_big
B3E62E7D65DACCA0,j_cover_left_04
B3E6337D65DAD51F,j_cover_left_01
B3E6347D65DAD6D2,j_cover_left_02
B3E6357D65DAD885,j_cover_left_03
B3F370840875822B,electrical_cell_door_button_push
B4093EEE771D19BC,joint_console_a_green_light_off
B41062658CD236D0,buoy_01_set_03_buoy_long_rot_04_jnt
B41A8E7A2FA019DA,j_door
B4224930BAB30C97,j_furrow_ri
B424727A2FA83ECB,j_doll
B42847805D28065F,tag_thrust_vector_left_upper
B42F5B873BF357D8,j_cosmetic_ar1_camelback_rstrapc
B42F5C873BF3598B,j_cosmetic_ar1_camelback_rstrapb
B42F5D873BF35B3E,j_cosmetic_ar1_camelback_rstrapa
B42F61873BF3620A,j_cosmetic_ar1_camelback_rstrape
B42F62873BF363BD,j_cosmetic_ar1_camelback_rstrapd
B4376130BAC59169,j_furrow_le
B43E17E0B2F1543D,tag_rear_left_fx
B44887AFEB4CEF49,j_small_talisman
B4525DD00A1B2F5A,tag_grip_show2
B470B97550638866,me_tool_harvest_blade_022
B473B6D9519181CB,j_shouldertwist_le_prop
B475744A2BCC04EB,frame_r
B477B4B4B3576630,ee_supplies_white_board_rolling_01_vista
B47DB1D0748CB056,jup_accessory_fishing_store_fishing_hooks_01_lod0
B491D582C20DB751,t10_barrier_chain_link_fence_door_01_b_mesh
B4A2D65A194B2066,decor_firestation_set_jacket_hanging
B4AC121F481D0A34,dun_light_cage_industrial_01_on_red_lod0
B4BB1C019F6D2D2D,j_cosmetic_cqc2_comsradio
B4BD3309D7D665C0,tag_bed_d0
B4BE26ED37240862,j_head_front_le
B4BFBF66E1ADEF6C,j_cosmetic_ar_mag_b
B4BFC066E1ADF11F,j_cosmetic_ar_mag_c
B4BFC266E1ADF485,j_cosmetic_ar_mag_a
B4C1C7912BCCD9F7,tag_hatch_gunner1_animate
B4D65B96E60C05FB,tag_gunner1_turret_null
B4D8A75C4E6C1DCF,flowers
B4DFCD07711C00DB,sat_rocks_floating_island_base_01_mesh
B4F36E12F0A838BE,j_metapinky_ri_1_prop
B4F4FBA7C1F12A64,tag_spin
B517D61BF9308BF6,j_radar_1
B51845DDA7BB7438,j_l_lid
B519ADBB557517C7,jup_pillar_base_01_32x8_mesh
B5240EED377A92CC,j_head_front_ri
B53A573B549BCDBF,j_ear_r_1
B545591265F4B63D,j_track_1
B54D7A28F58F046E,decor_prison_hanging_chain_01_d
B54D7C28F58F07D4,decor_prison_hanging_chain_01_b
B54D7D28F58F0987,decor_prison_hanging_chain_01_c
B56A246FC7AF3E60,light16_jo_cable04
B56A256FC7AF4013,light16_jo_cable05
B56A266FC7AF41C6,light16_jo_cable06
B56A296FC7AF46DF,light16_jo_cable01
B56A2A6FC7AF4892,light16_jo_cable02
B56A2B6FC7AF4A45,light16_jo_cable03
B56B0DED4021F268,tag_gun_left2
B56B10ED4021F781,tag_gun_left1
B56CD26D94A439AE,debris_corrugated_panels_plastic_green
B570605C6E97A1DB,tag_body_animate_scripted
B573529D3DEC9336,j_empty_ammo_top
B577A022D5194BCB,j_cosmetic_mufflerb
B577A122D5194D7E,j_cosmetic_mufflera
B57A9FB93FEAC915,j_straps_bottomfrontleft
B5954AC1B5679216,t10_barrier_glass_half_wall_corner_01_mesh
B59BEE865B3E0F5D,ee_stool_wood_01
B5A2901F42FEDCF3,dyn_axe
B5A8D17585269FAC,tag_mag_hide
B5AB69036166CE03,j_mech_1
B5AB6A036166CFB6,j_mech_2
B5B2E2C26F33B643,tag_ramp_lower_b
B5B46E879CC4D6A6,bolt_9
B5B46F879CC4D859,bolt_8
B5B474879CC4E0D8,bolt_3
B5B475879CC4E28B,bolt_2
B5B476879CC4E43E,bolt_1
B5B478879CC4E7A4,bolt_7
B5B479879CC4E957,bolt_6
B5B47A879CC4EB0A,bolt_5
B5B47B879CC4ECBD,bolt_4
B5CFC0ED1D32080D,xmodel_mesh_ae1c3a47737f11eaa64b6c2b59ca34d6_node
B5F5F0FA0F7C7C56,p7_bottle_glass_liquor_expensive_04
B5FFCB8493A8F633,tag_light_tail2
B603BD2D1B243EEF,decor_balcony_tarp_flat_small
B60E0EECD06234B7,container_nitrate_bag_flat_spilled_01
B61312A1D100AB5C,j_cosmetic_molle_b
B61315A1D100B075,j_cosmetic_molle_a
B628B22FCD402445,j_dog_jaw
B64706F3ADF136AE,j_bipod_leg_02_flap
B6481288E7219A34,roof_wood_destroyed_02
B6481588E7219F4D,roof_wood_destroyed_01
B64D92BC99C3220F,j_dummy_root
B65B2E62684FB2A4,j_cosmetic_pouch_ar_flap_tapered_b
B65B3162684FB7BD,j_cosmetic_pouch_ar_flap_tapered_a
B6778FFA73E027D4,j_proc_metaindex_le_1
B67792FA73E02CED,j_proc_metaindex_le_2
B6784854FF294949,j_glider_nose_left_top
B67C4828A898264A,j_pipe_2_le_fx
B67CE695F38108A5,base_book_05a_lod0_mesh
B68D4DB69A899DFB,j_inter_elevator
B6913053C5CCFDEF,un_structural_trim_cornice_01_corner_inside_right
B6B0F1434E74B272,revolver_08_fx
B6BCBFC5613BD2C3,t10_sabotage_debris_corner_snowcap_03_mesh
B6C72E50CCFDDFD5,t10_decor_vase_rustic_01_mesh
B6FCC9D056EE0287,j_ui_ko
B6FDBEA0551DDDC8,chandelier_detail_geo
B70DAF1FB0862773,tag_optic_show2
B717613B4F4EB2E3,dwntn_bldg_04_int_facade_01_128_02
B71F65E2AF59A0C5,shotgun_04_jnt
B7283F8B9E1F9B60,tag_ruddervator_le_lower_animate
B72D21807EBF7F86,tag_doorgun
B7439FEDA77A6002,wheel_front_r_jnt
B743ADD05729D596,j_ui_vs
B746CBB73175E263,t10_sbx_food_crate_dates_01_lod0
B7579AA9E5DAADA8,lm_door_glass_metal_frame_window_corner_110
B757C4D99F63842F,tag_gunner_turret1_slide_animate
B75FEBCAE8522CEA,tag_attach_rotor_chunk_a2_dst
B76192A9E5E2F495,lm_door_glass_metal_frame_window_corner_126
B762D3C30564DDD4,tag_door_combo_right
B764C45E5C89AC1B,j_cosmetic_crotchbag_a
B764C55E5C89ADCE,j_cosmetic_crotchbag_b
B764C65E5C89AF81,j_cosmetic_crotchbag_c
B764C75E5C89B134,j_cosmetic_crotchbag_d
B76F24A9E5EE7707,lm_door_glass_metal_frame_window_corner_160
B77A9DBDB71D6D1C,un_foliage_cactus_saguaro_small_01_needles
B77CC637DAE28A1C,tag_heartbeat
B77F7BFFA580F8E8,tag_number_screen_01_a
B77F7DFFA580FC4E,tag_number_screen_01_c
B77F7EFFA580FE01,tag_number_screen_01_b
B7820D57D281B565,tag_mag_show
B78FE16FE6D41A2B,tag_origin_part_bumper_frt
B791034C7BF597D2,j_qamiz_cloth_simmesh_9
B791044C7BF59985,j_qamiz_cloth_simmesh_8
B791054C7BF59B38,j_qamiz_cloth_simmesh_7
B791064C7BF59CEB,j_qamiz_cloth_simmesh_6
B791074C7BF59E9E,j_qamiz_cloth_simmesh_5
B791084C7BF5A051,j_qamiz_cloth_simmesh_4
B791094C7BF5A204,j_qamiz_cloth_simmesh_3
B7910A4C7BF5A3B7,j_qamiz_cloth_simmesh_2
B7910B4C7BF5A56A,j_qamiz_cloth_simmesh_1
B7910C4C7BF5A71D,j_qamiz_cloth_simmesh_0
B791D9ECF4E1F251,tarp_closed
B793ACF9754CD749,tag_winglet_rudder_le_ob
B797CA8A606A6F7B,uk_brick_broken_chunk_01
B797CC8A606A72E1,uk_brick_broken_chunk_03
B797CD8A606A7494,uk_brick_broken_chunk_04
B79AB8F975530A5B,tag_winglet_rudder_le_in
B7B4A029DC667405,ammo_box_02_open
B7BCAC95D5599998,tag_seat_exit_3
B7BCAD95D5599B4B,tag_seat_exit_2
B7BCAE95D5599CFE,tag_seat_exit_1
B7BCAF95D5599EB1,tag_seat_exit_0
B7BCB295D559A3CA,tag_seat_exit_5
B7BCB395D559A57D,tag_seat_exit_4
B7CF0BEF997CF660,j_cosmetic_water_bag_03
B7CF0CEF997CF813,j_cosmetic_water_bag_02
B7CF0DEF997CF9C6,j_cosmetic_water_bag_01
B7D2EEBA31BC05BD,guardtower_catwalk_01
B7DCB0F9E4636FEF,c_t10_gear_diving_gloves_01_lod0
B7DEA8E1BE159656,uk_file_cabinet_drawer_d
B7DEAAE1BE1599BC,uk_file_cabinet_drawer_b
B7DEABE1BE159B6F,uk_file_cabinet_drawer_c
B7DEADE1BE159ED5,uk_file_cabinet_drawer_a
B7E746E41973DF23,j_release_01
B7E747E41973E0D6,j_release_02
B7EA57516867DAD3,un_military_backpack_01
B7EB091B12814A5D,cp_disco_pizza_box_open_flap
B7EED1D29F137302,decor_casino_boat_signage_river_grill
B7F1FB2B12687F4F,back_ring_lft_jnt
B7FBE2F64004C533,tag_light_back_left_2
B7FDD25147A32D28,rocklargeboulder
B7FF73D2B32EBE82,j_chute_b_9
B7FF74D2B32EC035,j_chute_b_8
B7FF75D2B32EC1E8,j_chute_b_7
B7FF76D2B32EC39B,j_chute_b_6
B7FF77D2B32EC54E,j_chute_b_5
B7FF78D2B32EC701,j_chute_b_4
B7FF79D2B32EC8B4,j_chute_b_3
B7FF7AD2B32ECA67,j_chute_b_2
B7FF7BD2B32ECC1A,j_chute_b_1
B802F5832599F974,tag_door_side_top_mid_l
B81688E3076DA0CD,j_towel_bottom
B823B947AE0F7DE3,tag_lower_mount_pod_left_attach
B84501932E34F33A,l_lipupper0_jnt
B847F1E0FF64F075,tag_rudder_brake_ri_upper
B84979F795796AED,j_key_asterik
B84F88C4921D5E31,tag_baton_fx
B8623E5EA315339B,j_dummy_l_hip
B86E17EE9254825F,j_white_1
B882081644DBF341,jup_us_book_01_mesh
B883F5D98C19A153,shoe_t10_ava_signage_shop_shoe_01
B8853FD5DD1A4245,decor_concrete_fountain_01
B88A2EBA1B319148,j_kurta_simmesh_30
B88A2FBA1B3192FB,j_kurta_simmesh_31
B88DABBA1B349B86,j_kurta_simmesh_29
B88DACBA1B349D39,j_kurta_simmesh_28
B88DB1BA1B34A5B8,j_kurta_simmesh_23
B88DB2BA1B34A76B,j_kurta_simmesh_22
B88DB3BA1B34A91E,j_kurta_simmesh_21
B88DB4BA1B34AAD1,j_kurta_simmesh_20
B88DB5BA1B34AC84,j_kurta_simmesh_27
B88DB6BA1B34AE37,j_kurta_simmesh_26
B88DB7BA1B34AFEA,j_kurta_simmesh_25
B88DB8BA1B34B19D,j_kurta_simmesh_24
B89132BA1B37B6C2,j_kurta_simmesh_18
B89133BA1B37B875,j_kurta_simmesh_19
B89134BA1B37BA28,j_kurta_simmesh_16
B89135BA1B37BBDB,j_kurta_simmesh_17
B89136BA1B37BD8E,j_kurta_simmesh_14
B89137BA1B37BF41,j_kurta_simmesh_15
B89138BA1B37C0F4,j_kurta_simmesh_12
B89139BA1B37C2A7,j_kurta_simmesh_13
B8913ABA1B37C45A,j_kurta_simmesh_10
B8913BBA1B37C60D,j_kurta_simmesh_11
B895A1CDB5EFDCDF,j_fan_front_top_le
B89EDE9D3CE58100,jup_accessory_pot_plastic_soil_mesh
B8A0BB0E8B7B635C,j_clamp_front_uple
B8A5F4E1908A8A9C,j_receiver_top_lid_latch
B8A95593BEE39015,j_barrel_ring
B8C2AB0E8B982E92,j_clamp_front_upri
B8DE9CCC5CC42EA8,cp_rave_woodboard_04
B8DE9DCC5CC4305B,cp_rave_woodboard_05
B8DE9ECC5CC4320E,cp_rave_woodboard_06
B8DEA1CC5CC43727,cp_rave_woodboard_01
B8DEA2CC5CC438DA,cp_rave_woodboard_02
B8DEA3CC5CC43A8D,cp_rave_woodboard_03
B8DEB8CC487794EF,jup_pillar_town_bar_beam_01_lod0_jup_pillar_town_bar_beam_01_me
B8E40031D698F0CC,tag_130
B8E40131D698F27F,tag_131
B8E40231D698F432,tag_132
B8E40331D698F5E5,tag_133
B8E77F31D69BFE70,tag_127
B8E78031D69C0023,tag_126
B8E78131D69C01D6,tag_125
B8E78231D69C0389,tag_124
B8E78331D69C053C,tag_123
B8E78431D69C06EF,tag_122
B8E78531D69C08A2,tag_121
B8E78631D69C0A55,tag_120
B8E78D31D69C163A,tag_129
B8E78E31D69C17ED,tag_128
B8EAC11AF9CC585E,railfbxasc03240fbxasc032new_ncl1_1
B8EB0431D69F1646,tag_118
B8EB0531D69F17F9,tag_119
B8EB0A31D69F2078,tag_112
B8EB0B31D69F222B,tag_113
B8EB0C31D69F23DE,tag_110
B8EB0D31D69F2591,tag_111
B8EB0E31D69F2744,tag_116
B8EB0F31D69F28F7,tag_117
B8EB1031D69F2AAA,tag_114
B8EB1131D69F2C5D,tag_115
B8EE2D9ECD021723,j_knot_4
B8EE309ECD021C3C,j_knot_1
B8EE8931D6A22E1C,tag_109
B8EE8A31D6A22FCF,tag_108
B8EE8D31D6A234E8,tag_105
B8EE8E31D6A2369B,tag_104
B8EE8F31D6A2384E,tag_107
B8EE9031D6A23A01,tag_106
B8EE9131D6A23BB4,tag_101
B8EE9231D6A23D67,tag_100
B8EE9331D6A23F1A,tag_103
B8EE9431D6A240CD,tag_102
B8EF197BD6F795FC,jup_decor_plant_zamioculcas_01_mesh
B8F257D241D5FFEE,j_eyelid_up_le
B8F81ADFA9A0F5C6,base_t10_lighting_commercial_lamp_small_01_transmissive_lod0
B8F8ED48265DE2BE,tag_window_cockpit_left4
B8F8EF48265DE624,tag_window_cockpit_left2
B8F8F048265DE7D7,tag_window_cockpit_left3
B8F8F248265DEB3D,tag_window_cockpit_left1
B8FBC9CDB646D409,j_fan_front_top_ri
B9017C0444296617,t10_furniture_wheel_chair_seat
B9039D15048254B0,j_num_3
B9039E1504825663,j_num_2
B9039F1504825816,j_num_1
B903A015048259C9,j_num_0
B903A11504825B7C,j_num_7
B903A21504825D2F,j_num_6
B903A31504825EE2,j_num_5
B903A41504826095,j_num_4
B903A715048265AE,j_num_9
B903A81504826761,j_num_8
B9053CC5A201D7D8,tag_tiller
B90A00144A718092,ee_trim_large_roof_corner_inside
B910FCE5826D9E6F,t10_furniture_mc_liberty_falls_bowling_alley_bar_shelf_01_mesh
B914626B81E0CD17,j_limb_right
B93198C33B70B61F,uk_electrical_box_medium_02
B93199C33B70B7D2,uk_electrical_box_medium_01
B93845C2FC8C6276,j_cosmetic_sling_knife_04
B93847C2FC8C65DC,j_cosmetic_sling_knife_02
B93848C2FC8C678F,j_cosmetic_sling_knife_03
B9384AC2FC8C6AF5,j_cosmetic_sling_knife_01
B93D27D2421599D8,j_eyelid_up_ri
B93D57A1453DF7C3,j_selector
B955AED3F6E9ED8E,bag_canvas_01_stacked
B956F16EF9DBC24F,tag_turret_door_le_animate
B95AE95D7AFE54E8,j_fuel_rod
B967E24D6132C6F4,ee_decor_wood_oar_01
B967E54D6132CC0D,ee_decor_wood_oar_02
B96AD4FC5077FB7E,j_hoodie
B96E79F0A217D17C,me_kitchen_coffee_set_01
B983BBAB89B7EDC1,j_mucus_1
B989436091AB84E3,t10_terrain_ground_geo_snow_curb_flat_edge_01_lod0
B99A9CFC50A0C018,j_hood_1
B99A9FFC50A0C531,j_hood_2
B99EA3AC6C98B236,j_glider_wing_right
B9A81EC5AB3D8A94,jup_door_frame_blast_bunker_01_mesh
B9AC0C8E8B80CEA0,j_wing_ri_08
B9AC0D8E8B80D053,j_wing_ri_09
B9AC158E8B80DDEB,j_wing_ri_01
B9AC168E8B80DF9E,j_wing_ri_02
B9AC178E8B80E151,j_wing_ri_03
B9AC188E8B80E304,j_wing_ri_04
B9AC198E8B80E4B7,j_wing_ri_05
B9AC1A8E8B80E66A,j_wing_ri_06
B9AC1B8E8B80E81D,j_wing_ri_07
B9AF978E8B83F0A8,j_wing_ri_13
B9AF988E8B83F25B,j_wing_ri_12
B9AF998E8B83F40E,j_wing_ri_11
B9AF9A8E8B83F5C1,j_wing_ri_10
B9B22F1EF8FB02CC,tag_light_front_top
B9B2C379424ACBAE,j_proc_spinelower_frnttip_le_new
B9B4D10547E3DFC7,trim_modular_final
B9BA4F1E155F793F,j_scarf_1
B9C470E1AFB3AE5E,geo_lod0
B9C9A6CA854B59BA,ar_06_jnt
B9E748A16A146747,j_bipod_swivel
BA0EE7357AED0C96,tag_scope2
BA14C978B83A95E9,uk_sign_bakery_hanging_01_chain
BA173617F4731913,ee_mansion_int_railing_woodwork_128_01
BA1D37C4A65F3CAB,barrier_wooden_fence_03
BA1D39C4A65F4011,barrier_wooden_fence_01
BA2A37DB966DF8DE,transform1
BA3273940C5F82A7,tag_light_front_center_d2
BA3274940C5F845A,tag_light_front_center_d1
BA3275940C5F860D,tag_light_front_center_d0
BA37B89ECE19FBCB,j_knot01
BA37B99ECE19FD7E,j_knot02
BA426AE4793ECA74,j_cosmetic_flipcaribeanera
BA4CDB11ECC5BF26,j_button
BA57D3843F833A5E,tag_screen_on_05
BA57D4843F833C11,tag_screen_on_04
BA57D5843F833DC4,tag_screen_on_03
BA57D6843F833F77,tag_screen_on_02
BA57D7843F83412A,tag_screen_on_01
BA57D8843F8342DD,tag_screen_on_00
BA5C87D2E97C080B,tag_wing_base_ri_dst
BA721A2C440D5F2C,l_ear1_jnt
BA7B5217F430ED13,tube_01
BA7B5317F430EEC6,tube_02
BA7B5417F430F079,tube_03
BA7B5517F430F22C,tube_04
BA7B5617F430F3DF,tube_05
BA8DF325AA12CB46,j_laptop
BA8F965E032D6D6E,jo_s4_rus_tea_cup_02
BA8F975E032D6F21,jo_s4_rus_tea_cup_03
BA93803CAB65D03D,j_cosmetic_mainbase_jnt
BA9389E7503C2EB0,j_cosmetic_side_bag_chain_01
BA938BE7503C3216,j_cosmetic_side_bag_chain_03
BA938CE7503C33C9,j_cosmetic_side_bag_chain_02
BA9E726684838320,ee_electronics_pos_cash_drawer
BA9F482E2B4FF587,sat_zm_debris_rubble_pile_burnt_01_mesh
BA9FE16CEF67D312,j_heart
BAA3A9A12AB25DC4,j_ear_le_001
BAA3ACA12AB262DD,j_ear_le_002
BAA3E405E69C17B8,t10_construction_russianbase_column_02_corrugated_metal_01_mesh
BAA426C7E0512A47,box_mre_01
BAC21A6CEF851A53,j_head1
BAC21B6CEF851C06,j_head2
BACC65B05C6D1EAE,j_suspensionspring_rear_right_aim
BAD14AE5AF4691F2,tube_03_jnt
BAEB55D332833B46,tag_windshield_front_web
BAED01E37B133DED,jup_periph_yacht_princess_01_mesh
BAEFED1E8A5F1A39,tag_piston_roof_front_l_base_tgt
BAF3C4515BB0E87D,tag_left_wing
BAF5BA6FD26E579D,j_wreath
BAFEA9075CB61F67,j_cosmetic_rthighpouch
BB0FBABE08FA326E,j_switch
BB111B6F70AFD4AB,j_cosmetic_rockets_a
BB111C6F70AFD65E,j_cosmetic_rockets_b
BB23DAACD58837FE,tag_main_rotor_blade_06_blur
BB3312105FC17610,j_missile_fins_back1
BB3314105FC17976,j_missile_fins_back3
BB3315105FC17B29,j_missile_fins_back2
BB3317105FC17E8F,j_missile_fins_back4
BB36B91590B41256,sat_jap_machinery_express_train_door_side_exterior_lod0
BB37F0B7F4B1EE0B,polysurface559
BB390444AD37529B,ee_foliage_tree_oak_03_bald_shadowcaster
BB3B71B7F4B4FF15,polysurface544
BB45C1AE18FC5C7C,uk_scaffold_kit_base_plate_01
BB47A14829862F9D,tag_engine_le_door_in_animate
BB4FA0D9FBC2ED0D,le_ear
BB503CAB213053C8,tag_broken_2
BB503DAB2130557B,tag_broken_3
BB503FAB213058E1,tag_broken_1
BB5042AB21305DFA,tag_broken_4
BB56BCF9258995C6,wheel_rear_base_jnt
BB69175DC3660B78,j_button_3
BB69185DC3660D2B,j_button_2
BB69195DC3660EDE,j_button_1
BB691E5DC366175D,j_button_4
BB6E5BAC3687C731,j_cosmetic_holsterb
BB70A3602419F116,j_feedcoverflap
BB7D4478C037F892,j_clip_bend
BB87F9430F2EF087,group724
BB90C1D2E7FAABB0,jup_ee_art_me_curb_stone_01_paint_snowcap_01_mesh
BB90C6073BF3C99D,metal_drain_grate_01
BBAEB90B4F1D2C77,tag_barrel_recoil
BBB7464DB01351E0,j_ik_ri2
BBB7474DB0135393,j_ik_ri3
BBB7494DB01356F9,j_ik_ri1
BBB74C4DB0135C12,j_ik_ri4
BBE2645CDF13B02F,t10_ava_furniture_sofa_outdoor_curved_01_mesh
BBE610450543ABE9,j_flap_01
BBE726133AE3A448,tag_chunk_f_dst
BBF79A278C2EE8E2,t10_storage_bar_portable_01_wheel
BC0CF40C20C0C9BB,disk_jnt
BC12B82FE07700EF,toy_stuffed_animal_unicorn_01
BC15DDDA0F75F016,plumbing_hazmat_pipe_32
BC1CE1DA0F7C1590,plumbing_hazmat_pipe_16
BC225D2C3EDBFB92,j_ghillie_03_av2
BC26F5DA0F848C11,plumbing_hazmat_pipe_64
BC2C30DA1812A355,jup_urz_military_roof_radar_dome_02_mesh
BC37DE9B8411CEB6,tag_wheel_center_back_right_flat
BC4625EBF8C36048,tag_attach_rotor_chunk_c2_dst
BC5B86A1ECCACC2B,j_zb_1_root
BC66B5A9838603D8,tag_mf_launcher
BC6F58C0B3E4EA1B,me_kitchen_coffee_pot_copper_01
BC762F6568EE1474,t10_union_decor_skylight_01_lod0
BC7D503F4C5CA45B,j_cosmetic_rwrist_flap
BC85D34029904628,j_suspension_back_right_aim
BC98823EADE63870,j_cheek_le_3
BC98833EADE63A23,j_cheek_le_2
BC98843EADE63BD6,j_cheek_le_1
BCB9F7144790B05E,tag_scopeaddon_attach
BCBAF5FA7950EF09,tag_full
BCCA97334BE957D6,j_beard_1_end
BCFD3A0BB3134824,uk_building_exterior_concrete_stairs_8_right_01
BD0493F604552D83,j_cosmetic_chemlight_rope_b
BD0494F604552F36,j_cosmetic_chemlight_rope_a
BD05C081AF4812C3,j_cosmetic_chain
BD0EE5C3304134C1,j_pants_hang
BD17262AF6CDB5E6,j_cosmetic_sydcoat_8
BD172C2AF6CDC018,j_cosmetic_sydcoat_2
BD172D2AF6CDC1CB,j_cosmetic_sydcoat_3
BD172E2AF6CDC37E,j_cosmetic_sydcoat_0
BD172F2AF6CDC531,j_cosmetic_sydcoat_1
BD17332AF6CDCBFD,j_cosmetic_sydcoat_5
BD1C5F7D99BE9EC3,uk_decor_window_curtain_rod_01
BD1C607D99BEA076,uk_decor_window_curtain_rod_02
BD207B43E7108354,j_mid_ri_1
BD207C43E7108507,j_mid_ri_0
BD207D43E71086BA,j_mid_ri_3
BD207E43E710886D,j_mid_ri_2
BD2105BB69D244EB,tag_remoterobot_2
BD2106BB69D2469E,tag_remoterobot_1
BD25D404AE4FD3AA,tag_hatch_rear_d0
BD28A9407A6E1A3D,j_suspension_back_left
BD2D2845156B02FA,me_tool_harvest_tar_stirrer
BD344E4B63F6A919,aac_crate_24x24_lod0
BD3AAE981714AE06,tag_support_arm
BD436841B75F4B80,j_cosmetic_backpack
BD669DFE76729B51,j_ties
BD79EE854CE7AFBD,tag_wick_fx
BDA64380F6309909,hatch_upper_jnt
BDA75D3D73E6D5BD,j_cosmetic_radio
BDACD116A47F0488,j_cosmetic_rcarabinerbglowstickd
BDACD616A47F0D07,j_cosmetic_rcarabinerbglowsticka
BDACD716A47F0EBA,j_cosmetic_rcarabinerbglowstickb
BDACD816A47F106D,j_cosmetic_rcarabinerbglowstickc
BDB25D3018CB3F94,j_thighbagstrapb
BDB2603018CB44AD,j_thighbagstrapa
BDB918C4BECD12D5,jup_pillar_rooftop_town_02_mesh
BDB98E9C1F0330F5,j_antiswaybar_front_left_tgt
BDBD73FDA32E4281,tag_trailer_front_right_tire
BDC8D411DB79EE79,j_cosmetic_radio_01_a
BE107E9809E404FF,front_shockabsorber_le
BE2324E7926A80C0,j_stem3
BE2325E7926A8273,j_stem2
BE2326E7926A8426,j_stem1
BE232BE7926A8CA5,j_stem4
BE288BBCA57AADF0,jup_sign_commercial_billboard_bank_01_mesh
BE2CEF3870A79524,j_cosmetic_lanyard_pin_b
BE2CF23870A79A3D,j_cosmetic_lanyard_pin_a
BE364171D9D2E943,accessory_boat_fender_buoy
BE3AAA72B71C80E7,tag_right_inner_prop
BE3EF5E79282AB9B,j_steer
BE4BDFDC34E8B501,tag_missile_right
BE5635351B1F94A5,tag_light_fwd_parking_right_d0
BE5A52B043902700,uk_automotive_tire_rack_rolling_01
BE5A55B043902C19,uk_automotive_tire_rack_rolling_02
BE63C77655B979A1,ee_mansion_window_1st_floor_04
BE670216A223B00F,gib_hanging_light_01_lod0
BE6757A4A691F174,tag_screen_armed
BE748DD2B63708F0,j_chute_c_6
BE748ED2B6370AA3,j_chute_c_7
BE748FD2B6370C56,j_chute_c_4
BE7490D2B6370E09,j_chute_c_5
BE7491D2B6370FBC,j_chute_c_2
BE7492D2B637116F,j_chute_c_3
BE7494D2B63714D5,j_chute_c_1
BE749BD2B63720BA,j_chute_c_8
BE749CD2B637226D,j_chute_c_9
BE76A6980A3AFC29,front_shockabsorber_ri
BE84837397688FF4,tag_antenna_rr_animate
BE9177140647E064,j_seat_belt_02_ri
BE9B9F958435A78E,j_carry_spinelower
BE9F3F760F21FE98,j_cosmetic_dump_pouch
BEA43EB60D933C55,tag_left_cradle_flap_animate
BEACF538D7B2D0F1,j_l_mid_lid
BEAD7B65AAAD892F,j_lid_front_le_3_show
BEB25E8C52B80133,ee_furniture_table_patio
BEB7356C6266B229,cyclops_s4_construction_wall_facade_piece_01_a_extend_lod0_patc
BEBCDDE0E8EF40BC,tag_glass_right_destr
BEC483488E172E58,j_bag_left
BEC54E50E3283102,sat_ava_rocks_cliff_sandstone_10_mesh
BEC62508AE81F271,base_rot_jnt
BEC7FFCF50149E8B,tag_driver_hatch_animate
BECBAE0BD10DE9C8,j_ghillie_12
BECBB00BD10DED2E,j_ghillie_10
BECBB10BD10DEEE1,j_ghillie_11
BECE9F14067BD27A,j_seat_belt_02_le
BECF2D0BD110F76C,j_ghillie_09
BECF2E0BD110F91F,j_ghillie_08
BECF310BD110FE38,j_ghillie_05
BECF320BD110FFEB,j_ghillie_04
BECF330BD111019E,j_ghillie_07
BECF340BD1110351,j_ghillie_06
BECF350BD1110504,j_ghillie_01
BECF370BD111086A,j_ghillie_03
BECF380BD1110A1D,j_ghillie_02
BED72E12EEED1B9E,nuke_lid
BEFC4CBA1BB66658,j_proc_metapinky_le_2
BEFC4FBA1BB66B71,j_proc_metapinky_le_1
BEFF8BF7CA26C97A,j_proc_radio_ri
BF04315A1C4E6AB0,tag_balloon_04
BF04325A1C4E6C63,tag_balloon_05
BF04335A1C4E6E16,tag_balloon_06
BF04345A1C4E6FC9,tag_balloon_07
BF04365A1C4E732F,tag_balloon_01
BF04375A1C4E74E2,tag_balloon_02
BF04385A1C4E7695,tag_balloon_03
BF043D5A1C4E7F14,tag_balloon_08
BF043E5A1C4E80C7,tag_balloon_09
BF07B85A1C5185EC,tag_balloon_13
BF07B95A1C51879F,tag_balloon_12
BF07BA5A1C518952,tag_balloon_11
BF07BB5A1C518B05,tag_balloon_10
BF0EDC4FF1DE5CF6,barrier_traffic_concrete_block_01_painted
BF146BF7CA38EF24,j_proc_radio_le
BF1809283EA25E6E,j_military_shooting_target_rail_end_01
BF1B834085F65E4D,j_wing_le_04_fx
BF2D4E43DBEB510A,par_kitchen_cuttingboard_01_lod0
BF3BAF0EFA400A7B,tag_rotor_tail
BF455D71CC992884,j_cosmetic_utility_large_ri2_1
BF5B9FCD43A00358,cable_wrapped
BF60D8FD80BF8CEE,j_chute_b_top
BF66D800BFCA4A1B,j_powder
BF6C3C5C16963DFF,jup_us_electrical_voltage_transformer_01_mesh
BF6CF6183E2694AD,tag_leg_front_right
BF752FD459F429A6,dash_jnt
BF77535E3B9C5520,revolver_08_jnt
BF864091978E7B23,j_straps_bottombackleft
BF8A44D1C57EE8CE,tag_gunner_charging_handle_animate
BF99E995D2ECBE24,sat_jap_machinery_express_train_wagon_door_shutter_lod0
BF9DF9AE01AEFE9E,j_stone_head
BFA449291043CF7E,sat_libra_machinery_ventilation_unit_01_mesh
BFA5D1942190848B,tag_nose_dst
BFB21AE93BDF869F,j_collar_le
BFC239D6EE5F1EF3,j_cosmetic_ri_cloths_c_01
BFC23AD6EE5F20A6,j_cosmetic_ri_cloths_c_02
BFC48417A50F81E2,tag_tail_part_a_dst
BFDC8A8F8185EA60,electrical_conduit_set_electrical_box_big_door
BFE18F23444C2B18,tag_door_roll_05
BFE19023444C2CCB,tag_door_roll_04
BFE19123444C2E7E,tag_door_roll_07
BFE19223444C3031,tag_door_roll_06
BFE19523444C354A,tag_door_roll_03
BFE19623444C36FD,tag_door_roll_02
BFE9E961D37EECAC,tag_display_reboot_01
BFE9EB61D37EF012,tag_display_reboot_03
BFE9EC61D37EF1C5,tag_display_reboot_02
BFEA459061A56516,l_footend_jnt
BFEB683F81D25830,ee_roof_metal_flat_128x128_cut
BFEBA5203A7632BA,j_proc_pinky_ri_1
C00CC40372D48E9B,j_triggerspring
C01742E93C34CAC9,j_collar_ri
C01D19D87CE6F5D8,j_projectile_02_base
C02DAF60A4CF9D6F,j_metaindex_ri_1
C02FDFEB7695E007,t10_storage_box_tool_01_open_dmg_dyn_lod0
C030B4A821B2B693,j_c4_button_right
C037370E01106A51,tag_vise_front
C052AC2597502D4A,rock_quarry_stone_block_02_s
C052AE25975030B0,rock_quarry_stone_block_02_m
C056B26F663A4831,j_gear
C05FC4442DBF0757,tag_bumper_front
C073FC98637F1A55,p7_rebar_straight_32_02_lod0
C07B731CB7C19B6F,uk_house_baseboard_stairs_long_02
C07B741CB7C19D22,uk_house_baseboard_stairs_long_01
C07CA0B1C83278D2,ee_utility_pole_concrete_02_lod0
C07F60CB6F23BF37,rear_left_suspension
C088D201CEFC3D60,tag_striptable_hack_01
C088D401CEFC40C6,tag_striptable_hack_03
C088D501CEFC4279,tag_striptable_hack_02
C088D601CEFC442C,tag_striptable_hack_05
C088D701CEFC45DF,tag_striptable_hack_04
C08A305A83B1D01A,j_cosmetic_upper
C0971C6C897A8A33,j_toeout_2_ri_prop
C09859083C361B76,j_tag
C0985E083C3623F5,j_tab
C09F58083C3C3871,j_top
C0A46333B99D32B0,j_cosmetic_earphones_08
C0A46433B99D3463,j_cosmetic_earphones_09
C0A46C33B99D41FB,j_cosmetic_earphones_01
C0A46D33B99D43AE,j_cosmetic_earphones_02
C0A46E33B99D4561,j_cosmetic_earphones_03
C0A46F33B99D4714,j_cosmetic_earphones_04
C0A47033B99D48C7,j_cosmetic_earphones_05
C0A47133B99D4A7A,j_cosmetic_earphones_06
C0A47233B99D4C2D,j_cosmetic_earphones_07
C0A7F033B9A0581E,j_cosmetic_earphones_11
C0A7F133B9A059D1,j_cosmetic_earphones_10
C0A8A51DD43F447E,j_bar_back_right_tgt
C0AC11FFA9BE191F,j_r_mid_lid
C0BBFC09007FE7AE,saw_decor_mc_church_interior_ceiling_frame_01_lod0
C0D20B1554620178,j_button_off
C0D31ADF6B722708,veh8_h1_airplane_center_console_02_lod0
C0D33BE24728604D,wall_refractory_brick_trim_8_01
C0D82390E8758C08,j_qamiz_cloth_simmesh_10_01
C0DE7C496C185D4D,un_office_pencil_01
C0E639B71E100CB7,uk_wall_wood_stud_frame_01_2x120
C0FD2E799349A42F,tag_bottom_new_light_on
C108D0EABA4BA0CD,tag_fx_portal_1
C114C3A77C74DBDD,j_lbackbagstrap
C115D04F5B23A84C,j_lid_front_ri_3_hide
C119F1CE197E4D73,j_eyeoutercorner_le_001
C127FA7E6903996D,tag_turret_frame_elevate_animate
C12E6F524FA9E535,j_safehandle
C1310E8F6C62CB1B,sat_construction_safety_net_01_256_b_lod0
C13AFD337B73CB78,me_kitchen_decor_plates_01
C13AFF337B73CEDE,me_kitchen_decor_plates_03
C13B00337B73D091,me_kitchen_decor_plates_02
C13B02337B73D3F7,me_kitchen_decor_plates_04
C13C6BEB56B87E38,tag_clamps
C13EC228A67A4288,j_cosmetic_tie
C140E00BA0E6CCA9,tag_leg_rl_base_rotate
C149D04C3079FF8C,j_cosmetic_cara_string_b
C149D34C307A04A5,j_cosmetic_cara_string_a
C14FEFD4F198FF27,decor_rope_thick_draped_01_proxy_bonesim
C1522C7C39776D19,p7_debris_concrete_rubble_lg_03_lod0
C15C7201EB88CB8D,un_furniture_bench_wood_worn
C15D27BA3BB347B2,uk_industrial_light_01_bottom
C15FCCACD77F989B,door_metal_halligan_damaged_right_01
C16B5E85E71FDE04,sat_terrain_cliff_sandstone_1
C171BCAA1A7A2773,j_dummy_r_elbow
C1757856E26642C3,tag_hatch_d0
C1758E3E79BED170,jup_urz_machinery_ranch_airplane_debris_02_mesh
C19CDF1ACF39F4D6,chain_hang_b
C19CE01ACF39F689,chain_hang_c
C1A4A9E7545A1126,j_shaft_front_left_tgt
C1AB61D16B8779FE,j_bowstring_le_axle
C1B07BBF70C3202A,uk_scaffold_kit_pole_256_45_angle
C1B9FFFE03019EF2,sat_decor_nt_playground_swing_single_base
C1BBD319342724F0,tag_attach_chunk_d_dst
C1C318A819D9655E,rot_grp
C1CF06E67312F268,kitchen_appliance_toaster_oven_door
C1E3768AAE175743,uk_scaffold_kit_angle_clamp_01
C1E53DB94AAEC788,chain_t10_ava_signage_shop_pizza_01
C1F6D8ECD2A02971,t10_food_market_honey_bottle_combined_01_lod0_mesh
C2055F748B2B1AA9,j_ghillie_proc_spine4
C205E016555E88A0,t10_ava_floor_breakwater_01_end_0_mesh
C208B2ED361C02CE,j_drill_1_arm
C21D5AE61E9C305C,ee_electronics_pos_cash_computerscreen
C224AE02CDAC919B,tag_door_rear_top
C224DA8C744E9DDA,sgon_ht_med_building_01_balcony_04_gl_7da918d6_2_high
C2258024B3F65C2B,move_jnt
C225D6DA59A28276,rot_cart_jnt
C2272868C6B24DA3,t10_barrier_chain_metal_rusty_01_link_48_s1
C2272968C6B24F56,t10_barrier_chain_metal_rusty_01_link_48_s2
C2272A68C6B25109,t10_barrier_chain_metal_rusty_01_link_48_s3
C2272B68C6B252BC,t10_barrier_chain_metal_rusty_01_link_48_s4
C2272C68C6B2546F,t10_barrier_chain_metal_rusty_01_link_48_s5
C2396DD52ED9028C,j_pin_ring
C23F2A9CB4CC9AB3,string_lights_rot_01_jnt
C241C98B6E05C89D,j_tail_4_prop
C2462502CE642683,j_legs_01_upper_leg
C24CE380E5AAFDA1,tag_door_rear_left
C254AD18EDB79E93,j_case_open
C2568847FF4A44FC,uk_house_handrails_angle_mid_connector_01
C269E6F0330901CA,tag_ruddervator_ri_lower_animate
C26B6A8EF85E6425,tag_light_cockpit01
C26E35EC22AB920C,tag_spoiler_le_03_animate
C28D88D082CCC51D,jup_construction_building_support_pillar_01_40x40x36_dmg_mesh
C296460F556710AC,j_fridge_door
C2A1C5DA95FBC705,tag_wheel_center_front_flat
C2A7A012FF8AA65A,lm_door_glass_metal_frame_02_single
C2A892BF73C94FDC,tag_light_parking_back_right_d1
C2A893BF73C9518F,tag_light_parking_back_right_d0
C2A895BF73C954F5,tag_light_parking_back_right_d2
C2A970D1035FAB85,t10_zm_opal_wonder_weapon_quest_energizing_ground_02_mesh
C2AA13F8BD94E512,tag_j_googlyeye_l
C2AA25F8BD9503A8,tag_j_googlyeye_r
C2AE91D031CF6DA3,j_legs_02_lower_leg
C2B7E0B3276729FF,me_food_butchery_meat_01_dyn
C2C17E9302F5D7F6,j_wristfronttwist1_ri_prop
C2CC3C03F7EAC23F,tag_heel_plate_left
C2F00C31A8807105,j_lid_front_ri_3_show
C2F07556C7A364CF,tag_leg_fr_base_rotate
C2F85DBFF6C93603,tag_c4
C2FE4AE89AA384B8,j_cosmetic_ri_cloths_a_02
C2FE4DE89AA389D1,j_cosmetic_ri_cloths_a_01
C2FE7E072D882142,hatch_open
C2FF1EBFF6CEE9A4,tag_mg
C303586DE133735E,j_sleeve
C30637BFF6D532CD,tag_on
C306A609C4C2EB74,tag_chunk_b_dst
C30BF9DE40296830,t10_construction_panel_corrugated_damaged_05_mesh
C313DA355AAD33C4,j_chute_b_mid_cord_10
C317144768968ECC,tag_pistolgrip_hide
C332AEF32F7ADC85,tag_window_front_right
C34113D48DDAEB6D,j_straps_top
C343E927916667B6,uk_house_handrails_64
C3536532219D8A7A,jup_pipe_05_valve_01_mesh
C354ED279174E1B5,uk_house_handrails_32
C36BBC2D3A3BCBC8,tag_glass_bus_left_09_d0
C36BBD2D3A3BCD7B,tag_glass_bus_left_09_d1
C36BBE2D3A3BCF2E,tag_glass_bus_left_09_d2
C36F72AE7679EA1C,neck_pet
C372EAA0E7D62BD4,tag_glass_bus_right_05_d1
C372EBA0E7D62D87,tag_glass_bus_right_05_d0
C372ECA0E7D62F3A,tag_glass_bus_right_05_d3
C372EDA0E7D630ED,tag_glass_bus_right_05_d2
C382E1439D218820,tag_body_hatch_engine_animate
C38B60978EEA778C,j_cosmetic_dump_pouch_a
C38B62978EEA7AF2,j_cosmetic_dump_pouch_c
C38B63978EEA7CA5,j_cosmetic_dump_pouch_b
C38FB33C1C309781,t10_food_market_fruit_cup_02_lod0_mesh
C39210514FFAC5C3,tag_camera_debris
C39A972BD3C4D2A0,j_tongue6
C39A9E2BD3C4DE85,j_tongue1
C3A31151EE23F380,j_cosmetic_hair_3
C3A31251EE23F533,j_cosmetic_hair_2
C3A31351EE23F6E6,j_cosmetic_hair_1
C3A31651EE23FBFF,j_cosmetic_hair_6
C3A31751EE23FDB2,j_cosmetic_hair_5
C3A31851EE23FF65,j_cosmetic_hair_4
C3A6874239F543D5,t10_signage_menuboard_01_chain
C3A6E137E529C782,tag_bumper_f
C3AB148EB8717AD2,j_c4_tag
C3B5EB268F3825C0,j_proc_neckmask_base_m
C3BB9ABF015C4A06,j_toemid_1_le_prop
C3BCCA40F31B1AFF,j_sleave_reshape_bottom_le_1
C3BCCB40F31B1CB2,j_sleave_reshape_bottom_le_2
C3C469EF71C10199,roof_asbestos_sheet_32x32_01_2sided
C3CEC059410C5237,j_cosmetic_minipouch_02
C3CEC159410C53EA,j_cosmetic_minipouch_01
C3DC8AB1360007A5,t10_decor_icicle_without_snow_64_angle_02_mesh
C3DEBF26E2EAFB02,uk_automotive_car_battery_01
C3F057BFF79BCD20,tag_40
C3F058BFF79BCED3,tag_41
C3F059BFF79BD086,tag_42
C3F05ABFF79BD239,tag_43
C3F05BBFF79BD3EC,tag_44
C3F05CBFF79BD59F,tag_45
C3F05DBFF79BD752,tag_46
C3F05EBFF79BD905,tag_47
C3F05FBFF79BDAB8,tag_48
C3F060BFF79BDC6B,tag_49
C3F250E6BC00DFD3,j_cosmetic_m_cloths_a_01
C3F3DABFF79EE190,tag_53
C3F3DBBFF79EE343,tag_52
C3F3DCBFF79EE4F6,tag_51
C3F3DDBFF79EE6A9,tag_50
C3F3DEBFF79EE85C,tag_57
C3F3DFBFF79EEA0F,tag_56
C3F3E0BFF79EEBC2,tag_55
C3F3E1BFF79EED75,tag_54
C3F3E4BFF79EF28E,tag_59
C3F3E5BFF79EF441,tag_58
C3F44845E74D2295,t10_per_ceiling_panels_damaged_01_mesh1
C3F6DDBFF7A11C80,tag_66
C3F6DEBFF7A11E33,tag_67
C3F6DFBFF7A11FE6,tag_64
C3F6E0BFF7A12199,tag_65
C3F6E1BFF7A1234C,tag_62
C3F6E2BFF7A124FF,tag_63
C3F6E3BFF7A126B2,tag_60
C3F6E4BFF7A12865,tag_61
C3F6EBBFF7A1344A,tag_68
C3F6ECBFF7A135FD,tag_69
C3FA60BFF7A430F0,tag_79
C3FA61BFF7A432A3,tag_78
C3FA68BFF7A43E88,tag_71
C3FA69BFF7A4403B,tag_70
C3FA6ABFF7A441EE,tag_73
C3FA6BBFF7A443A1,tag_72
C3FA6CBFF7A44554,tag_75
C3FA6DBFF7A44707,tag_74
C3FA6EBFF7A448BA,tag_77
C3FA6FBFF7A44A6D,tag_76
C3FDE7BFF7A74C2C,tag_08
C3FDE8BFF7A74DDF,tag_09
C3FDEBBFF7A752F8,tag_04
C3FDECBFF7A754AB,tag_05
C3FDEDBFF7A7565E,tag_06
C3FDEEBFF7A75811,tag_07
C3FDF0BFF7A75B77,tag_01
C3FDF1BFF7A75D2A,tag_02
C3FDF2BFF7A75EDD,tag_03
C4016CBFF7AA6402,tag_19
C4016DBFF7AA65B5,tag_18
C4016EBFF7AA6768,tag_17
C4016FBFF7AA691B,tag_16
C40170BFF7AA6ACE,tag_15
C40171BFF7AA6C81,tag_14
C40172BFF7AA6E34,tag_13
C40173BFF7AA6FE7,tag_12
C40174BFF7AA719A,tag_11
C40175BFF7AA734D,tag_10
C401F7BAB3C3956F,jup_lighting_dun_barn_fixture_01_mesh
C404D9BFF7AD5310,tag_22
C404DABFF7AD54C3,tag_23
C404DBBFF7AD5676,tag_20
C404DCBFF7AD5829,tag_21
C404DDBFF7AD59DC,tag_26
C404DEBFF7AD5B8F,tag_27
C404DFBFF7AD5D42,tag_24
C404E0BFF7AD5EF5,tag_25
C404E3BFF7AD640E,tag_28
C404E4BFF7AD65C1,tag_29
C4076DDD0EC8E667,j_clock_hammer
C407DCBFF7AF8E00,tag_35
C407DDBFF7AF8FB3,tag_34
C407DEBFF7AF9166,tag_37
C407DFBFF7AF9319,tag_36
C407E0BFF7AF94CC,tag_31
C407E1BFF7AF967F,tag_30
C407E2BFF7AF9832,tag_33
C407E3BFF7AF99E5,tag_32
C407E8BFF7AFA264,tag_39
C407E9BFF7AFA417,tag_38
C418DBBFF7BDFF80,tag_84
C418DCBFF7BE0133,tag_85
C418DDBFF7BE02E6,tag_86
C418DEBFF7BE0499,tag_87
C418DFBFF7BE064C,tag_80
C418E0BFF7BE07FF,tag_81
C418E1BFF7BE09B2,tag_82
C418E2BFF7BE0B65,tag_83
C418E7BFF7BE13E4,tag_88
C418E8BFF7BE1597,tag_89
C41BB5C5F5435C85,tag_front_right_fx
C41C5EBFF7C113F0,tag_97
C41C5FBFF7C115A3,tag_96
C41C60BFF7C11756,tag_95
C41C61BFF7C11909,tag_94
C41C62BFF7C11ABC,tag_93
C41C63BFF7C11C6F,tag_92
C41C64BFF7C11E22,tag_91
C41C65BFF7C11FD5,tag_90
C41C6CBFF7C12BBA,tag_99
C41C6DBFF7C12D6D,tag_98
C41D6DCBEC5C669C,j_cosmetic_bakcpack_strap03_ri
C42445CBEC624152,j_cosmetic_bakcpack_strap03_le
C429DA85734CEDC4,base_book_04a_lod0_mesh
C4322EF487FBB138,tag_rudder_le_animate
C432562BB2395710,j_qamiz_cloth_simmeshnew_03
C432572BB23958C3,j_qamiz_cloth_simmeshnew_02
C432582BB2395A76,j_qamiz_cloth_simmeshnew_01
C43557E857650857,jup_pillar_marble_base_01_mesh
C45BF8F26C238EEF,j_rotator
C45D4C14EA88892F,red_component_bin_filled_small
C460E28FB62D1408,tag_bumper_back_d0
C469FECC8C53F2E8,jup_urz_machinery_powerplant_controlpanel_05_mesh
C46C7EC6BAFD28A8,handle_jnt
C4744535610D7067,j_projectile_01_base
C474F72A6AE8445A,tag_rope_dyn_end
C4767471E26992D4,front_axle_ri_z
C478D821E2EFBB08,l_eyelidbottom0_jnt
C4842619E123BD07,j_cosmetic_lpadbuckleb
C4842719E123BEBA,j_cosmetic_lpadbucklea
C48961B78864F903,j_canopy_left_mid
C4AED6BA8E5723D5,nail
C4B535BD8C1C3E49,tag_door_side_top_front_l
C4BA930DA6BA0B47,tag_leg_upper_actuator_le
C4CA4ECB874B1355,j_leg_back_02_lower
C4CA685F57A4B88B,guardtower_armored_plane_01
C4CB9C6B4E775D8A,fence_metal_spiked_pole_01
C4D91C0AE38DFFC3,j_plyers
C4DCC493BDFF0EA9,j_boxhandle_le
C4E392B2C8A14161,t10_app_topaz_platform_grenhouse_pergola_column_01_mesh1
C4EA6B0DA6E2EB11,tag_leg_upper_actuator_ri
C4FB24EC83F13079,j_shock_03_rod_middle_right_aim
C500AD0DF3C89D1D,debris_corrugated_panels_metal_flat_white_middle
C5074DB1AEEAF6D9,j_dead_silence_button
C50F5A25BD3B35BA,tag_main_rotor_null
C511DE1E19D34B26,tag_door_back_top_piston_base_tgt
C512396750ABE45E,wheel_front_l_base_jnt
C515464B99A13F2D,jup_furniture_bank_01_shelf_01
C53110E0403A48EB,j_lever_2
C53111E0403A4A9E,j_lever_1
C533A6F0DD7C9832,bat_geo
C53F2B0297BE83D9,j_cosmetic_back_minicaribeaner
C53FFD6F280CAE4D,bridge_support_structure_cross_section2_1
C54628244E8DDDA9,j_eyeoutercorner_ri_001
C55CC20240BEC278,p7_conduit_metal_2_strap_med_lod0
C56E84692397B5E4,j_mayhem_sidelock_1
C56E86692397B94A,j_mayhem_sidelock_3
C580E3ED58A6EFC8,lipbottom0_jnt
C588DA041DF2F174,jup_furniture_plane_galley_box_02_mesh
C59119AD025CAFBA,j_mag_762n_follower
C595DEE81C85FFF7,tag_landing_door_left_02
C595DFE81C8601AA,tag_landing_door_left_01
C5A864A3F44F14C0,tag_wall_01_add06
C5A865A3F44F1673,tag_wall_01_add07
C5A866A3F44F1826,tag_wall_01_add04
C5A867A3F44F19D9,tag_wall_01_add05
C5A868A3F44F1B8C,tag_wall_01_add02
C5A869A3F44F1D3F,tag_wall_01_add03
C5A86BA3F44F20A5,tag_wall_01_add01
C5A872A3F44F2C8A,tag_wall_01_add08
C5A873A3F44F2E3D,tag_wall_01_add09
C5A8B19E0C722F2A,tag_grenade_04_fx
C5A9EB39B983EDFF,j_cloth_simmeshnew_01
C5A9EC39B983EFB2,j_cloth_simmeshnew_02
C5A9ED39B983F165,j_cloth_simmeshnew_03
C5AB72DA72CFE985,j_radio_1
C5AE1C047CCAE23E,j_blade_ball_le
C5C2B6A74A301E14,furniture_dresser_mirror
C5E3FAF609EAD669,ee_utility_pole_metal_upres
C5F56E6B424F5E7E,j_dummy_gun_stock
C5FDCB03F1A2173D,tag_ruddervator_le_upper_animate
C5FDE227A9380CE8,l_backleg0_jnt
C6175B0CC18DBEA4,j_metapinky_le_1
C617B3E4C7796080,tag_t10_furniture_market_counter_display_fridge_a_small_s1_f12
C617B4E4C7796233,tag_t10_furniture_market_counter_display_fridge_a_small_s1_f13
C617B5E4C77963E6,tag_t10_furniture_market_counter_display_fridge_a_small_s1_f10
C617B6E4C7796599,tag_t10_furniture_market_counter_display_fridge_a_small_s1_f11
C617B7E4C779674C,tag_t10_furniture_market_counter_display_fridge_a_small_s1_f16
C617B9E4C7796AB2,tag_t10_furniture_market_counter_display_fridge_a_small_s1_f14
C617BAE4C7796C65,tag_t10_furniture_market_counter_display_fridge_a_small_s1_f15
C619E08F5C216B0E,j_c4_knob
C61C98AA239FD0D7,j_pistol_ri
C61FB301ABE538AD,tag_chunk_gear_front_dst
C62312ED53A20239,tag_canopy_a_parts
C625BE276F865781,j_pipe_1_ri_fx
C630B0AA23B0A2A9,j_pistol_le
C64BC6E24F4B5E07,metal_chain_01_draped
C64CE2B933CA55C7,tag_main_rotor_blade_03_rot
C64D39DE794CAA08,shirt_flag_final1
C6568EC65F40F34C,j_cosmetic_camelbackrropestrapend
C658D8F3D509BD9D,j_slidestoplever
C660D959B1FC361D,j_lip_bot_le_005
C67C08E76E89146E,t10_ext_appliance_vintage_television_01_lod0
C68A1578E556351D,ee_pot_clay_medium
C698CCF77FF23ECF,uk_house_baseboard_stairs_short_02
C698CDF77FF24082,uk_house_baseboard_stairs_short_01
C6A0AB42A863A0CA,j_lid_front_ri_1_hide
C6A8EAB5C7A61E75,tag_door_front_left_d0
C6AD43855CC0F4CC,j_proc_neckmask_base_ri
C6C0446CE02280F3,t10_food_market_meats_combined_05_lod0_mesh
C6C34DED5655E9F1,tag_door_front_right_animate
C6C47E4579BE67F8,utility_metal_crate_01_sm
C6CB7FB3C2C3A223,sgon_ac_low_town_ground_field_01_gl_7da918d6_2_high
C6E75D7864BD3177,j_ghillie_08_av2
C6F93DB97A0E1CB4,tag_wheel_center_right
C6F968D9575DE830,archway_city_hall_tan_03
C71467F43F96E503,dun_luggage_03_lod0
C71E0AEF3E53CE5E,p7_ra2_paper_scrolls_lod0
C721628BB53E7AC8,tag_hubcap_back_right
C7504DF4B199010E,t10_food_market_meats_combined_02_lod0_mesh
C7571A3DFC7D8264,t10_app_topaz_decor_childs_crayon_drawing_01_mesh1
C76254B667F9CB7E,j_ttcl_main_ri3
C76257B667F9D097,j_ttcl_main_ri4
C765872EC2F98A0F,t10_terrain_snow_slush_04_lod0
C76BD7F42FE06EBE,j_pgrip
C76FA06488BDBE0C,t10_per_storm_window_airport_facade_01_mesh2
C7782C9185733626,j_gate_root
C778FD0F83F38F57,toy_stuffed_animal_giraffe_01
C77986689D38F475,ee_pot_clay_small
C793B8A414948762,landing_gear_door_left2_jnt
C7981E0AFA7F37AC,tag_reticle_invis
C79F5D8900782DC9,tag_wire
C7AEDDD7622F5AA0,bone_13
C7AEDED7622F5C53,bone_12
C7AEDFD7622F5E06,bone_11
C7AEE0D7622F5FB9,bone_10
C7AEE1D7622F616C,bone_17
C7AEE2D7622F631F,bone_16
C7AEE3D7622F64D2,bone_15
C7AEE4D7622F6685,bone_14
C7AEE8D7622F6D51,bone_18
C7B1263CD8888853,un_office_pen_01
C7B1273CD8888A06,un_office_pen_02
C7B1283CD8888BB9,un_office_pen_03
C7BE881FAD0EE74C,j_glider_nose_right_bottom
C7C0832370B7B4EC,un_backgammon_game_01_closed_b
C7C5071F4D7F51B7,dyn_cup
C7C575083FDB26A4,j_usb
C7CED571E8C5CEB8,j_armor_plate_3
C7CED671E8C5D06B,j_armor_plate_2
C7CED771E8C5D21E,j_armor_plate_1
C7CEDC71E8C5DA9D,j_armor_plate_4
C7D16A383187F28B,j_etool
C7D5C1FFF61A1FEC,tag_sling_attach_body
C7D66B3DA56DED16,j_ring_le_1_prop
C7E4B8AC104D31C5,pillar_concrete_02_16x128_corner
C7E656FA4AD37648,xmodel_mesh_node5
C7E657FA4AD377FB,xmodel_mesh_node4
C7E8A9A0BEF47624,jup_pillar_column_mid_01_24x40_mesh
C7EDEF1F4DA22E03,dyn_cap
C7F4468A51A881EB,cyclops_s4_int_atrium_officewall_windows_04_mesh
C7F56157A2F1C439,j_suspension_front_left
C8081CC30BA5DA48,tag_glass_windshield_right_d4
C8081DC30BA5DBFB,tag_glass_windshield_right_d5
C80820C30BA5E114,tag_glass_windshield_right_d0
C80821C30BA5E2C7,tag_glass_windshield_right_d1
C80822C30BA5E47A,tag_glass_windshield_right_d2
C80823C30BA5E62D,tag_glass_windshield_right_d3
C81D7579F1CA8CD8,j_cosmetic_thread_tapes_03
C81D7679F1CA8E8B,j_cosmetic_thread_tapes_02
C81D7779F1CA903E,j_cosmetic_thread_tapes_01
C81D7A79F1CA9557,j_cosmetic_thread_tapes_06
C81D7B79F1CA970A,j_cosmetic_thread_tapes_05
C81D7C79F1CA98BD,j_cosmetic_thread_tapes_04
C82903DB67C1AE55,mout_container_roof_flat_64_lod0_patch_3
C839F45E9EFFBF7A,jup_utility_plane_galley_cart_01_mesh
C83F22FF0F77CADC,roof_asbestos_sheet_32x64_01
C83F25FF0F77CFF5,roof_asbestos_sheet_32x64_02
C8429F3F4EA5F633,j_hat_01
C842A03F4EA5F7E6,j_hat_02
C842A13F4EA5F999,j_hat_03
C842A23F4EA5FB4C,j_hat_04
C84D7F2AA5F6E914,jup_rock_beach_coral_01_mesh
C84EDE6170A40C28,tag_light_front_middle
C8554C9DCCE5FE37,jup_ee_debris_toiletry_pile_01_mesh
C864AD37AE8D00EC,t10_sbx_debris_concrete_01_lod0
C879673ACD192E5D,folding_chair_legs_short
C8796FB9D1334BA8,j_hair_side_l3
C87970B9D1334D5B,j_hair_side_l2
C87971B9D1334F0E,j_hair_side_l1
C87975B9D13355DA,j_hair_side_l5
C87976B9D133578D,j_hair_side_l4
C882776A25355E99,j_ankle_le_twist
C8874C062ED83907,j_switch_right
C88FE4698D023A4D,j_towel_middowntip
C896A73DA8D116AD,proxy_trash_plastic_bin_green_open_01_lod1_01
C8A097E8C083DE3B,tag_phase
C8A6D3018FA71542,t10_int_wall_baseboard_wooden_01_lod0
C8A81915443279D0,j_neck_add_006
C8A81B1544327D36,j_neck_add_004
C8A81C1544327EE9,j_neck_add_005
C8A81D154432809C,j_neck_add_002
C8A81E154432824F,j_neck_add_003
C8A827154432919A,j_neck_add_008
C8A8E5B9D15B84EC,j_hair_side_r1
C8A8E7B9D15B8852,j_hair_side_r3
C8A8E8B9D15B8A05,j_hair_side_r2
C8AB27154434C771,j_neck_add_012
C8AB28154434C924,j_neck_add_015
C8AB2A154434CC8A,j_neck_add_017
C8AB2B154434CE3D,j_neck_add_016
C8B29A5BC6B05AA4,j_furniture_storage_safe_interactive_02
C8B9B034CA3E56A3,j_carry_ankle_ri
C8BC43B41294F5C3,j_cosmetic_carabiner_a
C8BC44B41294F776,j_cosmetic_carabiner_b
C8BC45B41294F929,j_cosmetic_carabiner_c
C8BC46B41294FADC,j_cosmetic_carabiner_d
C8C7838E45800607,t10_signage_wlecome_new_01_xmodel_mesh_lod0
C8CB65E188571100,j_card_1
C8CB67E188571466,j_card_3
C8CB68E188571619,j_card_2
C8DF0566CAB57338,ee_trim_large_roof_48_destroyed
C8E99034CA674405,j_carry_ankle_le
C8EC0E207DDFD749,tag_carry_attach
C8ECDB3F4F36DC25,j_hat_ba
C8F9E03F4F416F00,j_hat_fr
C90ED33F4F53B4F3,j_hat_le
C910ADCBE3020604,j_eye_l
C910B3CBE3021036,j_eye_r
C91F89ECB46F6E84,j_cosmetic_flippers_b
C91F8CECB46F739D,j_cosmetic_flippers_a
C923033F4F64AF8D,j_hat_ri
C92A78CA71284457,j_pilot_chutebase
C92CFC3F4F6CF82D,j_hat_up
C933E28B4E0C74B6,p7_bottle_glass_liquor_expensive_06_empty
C94F5B06A4591126,ee_ladder_metal_service_extension
C950B4C739AF1066,tag_kickstand
C953972162C81D58,sat_pillar_ht_skyscraper_column_01_lod0
C96891E741ED7738,j_cosmetic_cloth_bag_04
C96892E741ED78EB,j_cosmetic_cloth_bag_05
C96893E741ED7A9E,j_cosmetic_cloth_bag_06
C96898E741ED831D,j_cosmetic_cloth_bag_03
C972038BA52ED96E,j_loadingport_carrier
C97799D2408B0BED,me_window_wood_arch_double_frame_01
C98088D39FEEB6EB,ee_furniture_bench_wood_poolside
C980B2FD15DE37AC,ee_window_plaster_frame_03_destroyed_01
C982A7FFAFE63DAC,tag_number_screen_03_c
C982A8FFAFE63F5F,tag_number_screen_03_b
C982A9FFAFE64112,tag_number_screen_03_a
C98D91FF294BD78C,j_cosmetic_lanyard_02_a
C9A0554DBAE4A683,tag_hook
C9A0624DBAE4BC9A,tag_hood
C9AB1BC50F015566,j_lever
C9AFD4C739FFDB4A,tag_kickstart
C9B4D417D1AF9F69,tag_wheel_center_front
C9C298C08CE53D13,j_cosmetic_small_bag_handle
C9D5069EE0168275,tag_door_bottom_panel_mid_l
C9E0D2EB0F93B508,sat_storage_guild_large_shipping_container_03_mesh
C9E157F0167377F3,arcade_spinner
C9E22B7B65C96895,j_top_le
C9E92D7B65CF8AA9,j_top_bk
C9EC52002B1266E0,j_cloth_simmesh_48
C9EC53002B126893,j_cloth_simmesh_49
C9EC5A002B127478,j_cloth_simmesh_40
C9EC5B002B12762B,j_cloth_simmesh_41
C9EC5C002B1277DE,j_cloth_simmesh_42
C9EC5D002B127991,j_cloth_simmesh_43
C9EC5E002B127B44,j_cloth_simmesh_44
C9EC5F002B127CF7,j_cloth_simmesh_45
C9EC60002B127EAA,j_cloth_simmesh_46
C9EC61002B12805D,j_cloth_simmesh_47
C9ECB1BF1C5173CA,jup_pillar_stone_ornate_24x36x128_mesh
C9EE1DDC8E983010,deb_plaster_flakes_chunky_9
C9EE27DC8E98410E,deb_plaster_flakes_chunky_3
C9EE2BDC8E9847DA,deb_plaster_flakes_chunky_7
C9EFD7002B157EB6,j_cloth_simmesh_59
C9EFD8002B158069,j_cloth_simmesh_58
C9EFDD002B1588E8,j_cloth_simmesh_53
C9EFDE002B158A9B,j_cloth_simmesh_52
C9EFDF002B158C4E,j_cloth_simmesh_51
C9EFE0002B158E01,j_cloth_simmesh_50
C9EFE1002B158FB4,j_cloth_simmesh_57
C9EFE2002B159167,j_cloth_simmesh_56
C9EFE3002B15931A,j_cloth_simmesh_55
C9EFE4002B1594CD,j_cloth_simmesh_54
C9F13DB6FEE4B707,j_barrel_bolt_release_button
C9F2E0002B17C3D8,j_cloth_simmesh_66
C9F2E1002B17C58B,j_cloth_simmesh_67
C9F2E2002B17C73E,j_cloth_simmesh_64
C9F2E3002B17C8F1,j_cloth_simmesh_65
C9F2E4002B17CAA4,j_cloth_simmesh_62
C9F2E5002B17CC57,j_cloth_simmesh_63
C9F2E6002B17CE0A,j_cloth_simmesh_60
C9F2E7002B17CFBD,j_cloth_simmesh_61
C9F4C1367E90ADE4,j_side_b
C9F71C7B65DBAB22,j_top_fr
C9FD51002B20D860,j_cloth_simmesh_17
C9FD52002B20DA13,j_cloth_simmesh_16
C9FD53002B20DBC6,j_cloth_simmesh_15
C9FD54002B20DD79,j_cloth_simmesh_14
C9FD55002B20DF2C,j_cloth_simmesh_13
C9FD56002B20E0DF,j_cloth_simmesh_12
C9FD57002B20E292,j_cloth_simmesh_11
C9FD58002B20E445,j_cloth_simmesh_10
C9FD5F002B20F02A,j_cloth_simmesh_19
C9FD60002B20F1DD,j_cloth_simmesh_18
CA00D6002B23F036,j_cloth_simmesh_28
CA00D7002B23F1E9,j_cloth_simmesh_29
CA00DC002B23FA68,j_cloth_simmesh_22
CA00DD002B23FC1B,j_cloth_simmesh_23
CA00DE002B23FDCE,j_cloth_simmesh_20
CA00DF002B23FF81,j_cloth_simmesh_21
CA00E0002B240134,j_cloth_simmesh_26
CA00E1002B2402E7,j_cloth_simmesh_27
CA00E2002B24049A,j_cloth_simmesh_24
CA00E3002B24064D,j_cloth_simmesh_25
CA014D4D347291B1,sat_frenetic_electronics_monitor_mesh
CA03DB002B262E8C,j_cloth_simmesh_39
CA03DC002B26303F,j_cloth_simmesh_38
CA03DF002B263558,j_cloth_simmesh_35
CA03E0002B26370B,j_cloth_simmesh_34
CA03E1002B2638BE,j_cloth_simmesh_37
CA03E2002B263A71,j_cloth_simmesh_36
CA03E3002B263C24,j_cloth_simmesh_31
CA03E4002B263DD7,j_cloth_simmesh_30
CA03E5002B263F8A,j_cloth_simmesh_33
CA03E6002B26413D,j_cloth_simmesh_32
CA03E87A85F0A14E,j_cosmetic_dump_pouch_a_le
CA0558F5F02B1128,j_cosmetic_bead_pin_g
CA200B7B65FE9353,j_top_ri
CA256DB8A6707A4B,j_barrelcarryhandle
CA2589C90330865B,lighting_fixtures_security_lamp_withcage_01
CA2A729CC6932330,j_cosmetic_hijab_c
CA2A739CC69324E3,j_cosmetic_hijab_b
CA2A749CC6932696,j_cosmetic_hijab_a
CA2CFBADD4D5BD1D,j_pill_bottle_cap
CA315A5205FD855C,building_corrugated_metal4x4_holes_lod0
CA37B043E724135F,sat_jap_machinery_express_train_connection_3_4a_lod0
CA3980ECB259D127,j_pin_bend_dn1
CA3E904CD8F565D9,neck0_jnt
CA4249618E8F5034,me_tool_harvest_tray_02
CA498E8D2D54C402,j_knife9
CA498F8D2D54C5B5,j_knife8
CA49908D2D54C768,j_knife7
CA49918D2D54C91B,j_knife6
CA49928D2D54CACE,j_knife5
CA49938D2D54CC81,j_knife4
CA49948D2D54CE34,j_knife3
CA49958D2D54CFE7,j_knife2
CA49968D2D54D19A,j_knife1
CA590ECF961115D3,j_drill_1
CA590FCF96111786,j_drill_2
CA5910CF96111939,j_drill_3
CA63BF0EC1D1A4F3,tag_trunk_d0
CA78DAEE689B9C00,tag_screen02_on_01
CA78DCEE689B9F66,tag_screen02_on_03
CA78DDEE689BA119,tag_screen02_on_02
CA78DFEE689BA47F,tag_screen02_on_04
CA7ABE3D0200ABBE,jup_ee_door_transom_window_frame_01_mesh
CA881228A834A755,j_suspension_back_left_tgt
CA9A309A32495ECF,j_lip_bot_ri_005
CAB8320C8707D383,sat_zm_locust_storage_shipping_crate_wood_lid_01_lod0
CAB858BE4C68D406,tag_tailgate_d0
CAB8E04C2241C178,j_wall_cable_03_ri
CAD1C27504B9AC2F,j_butt_01
CAE32D407F9CEB6B,j_bar_back_left_aim
CAE85CC8DF4E161F,building_exterior_concrete_stairs_01_half
CB0CDA3CF70F249D,tag_ik_target_left_foot
CB1521DE03C0EF7C,j_head_ri
CB1BF9DE03C6CA32,j_head_le
CB351748D7709768,t10_electrical_box_simple_01_mesh
CB48A1A67734793B,j_dummy_r_ankle
CB53DC2798F33499,floor_wood_splintered_end_stack_02_08
CB53E12798F33D18,floor_wood_splintered_end_stack_02_03
CB53E22798F33ECB,floor_wood_splintered_end_stack_02_02
CB53E32798F3407E,floor_wood_splintered_end_stack_02_01
CB53E52798F343E4,floor_wood_splintered_end_stack_02_07
CB53E72798F3474A,floor_wood_splintered_end_stack_02_05
CB53E82798F348FD,floor_wood_splintered_end_stack_02_04
CB60892A8A013BA0,j_nose_add_cn_004
CB608A2A8A013D53,j_nose_add_cn_005
CB608B2A8A013F06,j_nose_add_cn_006
CB608F2A8A0145D2,j_nose_add_cn_002
CB60902A8A014785,j_nose_add_cn_003
CB61D4AE4716EE8F,j_cosmetic_nvg_quad
CB63EE3201D40B84,tag_door_left_animate
CB667982086F19A4,j_flash
CB667C82086F1EBD,j_flask
CB73F881348E791B,chain_t10_ava_signage_shop_restaurant_01
CB813F9D0EA941E2,sat_signage_low_clearance_01_lod0
CB81C92F337A4DD0,tag_bombdoor04
CB81CE2F337A564F,tag_bombdoor01
CB81CF2F337A5802,tag_bombdoor02
CB81D02F337A59B5,tag_bombdoor03
CB8F4A820891CEDB,j_flag1
CB8F4B820891D08E,j_flag2
CB8F4C820891D241,j_flag3
CB8F4D820891D3F4,j_flag4
CB8F4E820891D5A7,j_flag5
CB9572FD359E48D4,front_lowerstrutsend_le
CB9623E82A7AC5FB,ee_trim_church_wood_plank_32
CB97D6BA156DFA3A,j_ring_ri_end
CB9AF54D9AFA60B2,compass_3_jnt
CB9D17E82A80D045,ee_trim_church_wood_plank_16
CB9E974C2926AB96,t10_kitchen_market_stalls_food_tray_03_mesh
CBA093E82A83D8D0,ee_trim_church_wood_plank_64
CBA1FD9F1D1FD5C8,ee_street_cement_curb_ramp_thick_32_a_lod0
CBA53D63FF80432F,tag_wheel_front_left_attach
CBAA2C319DB5A37C,tag_wheel_front_left_scripted
CBACAF433396C218,tag_fx_chestplate
CBB572C8CD969A8D,tag_back_electrical_box_destr
CBB66214D5D6969F,tag_wing_left_03_debris
CBC2D11CE72F6FFA,j_wing_ri_09_fx
CBCAD05F921B1670,pot_clay_02_bright
CBCDB9D3D796CD46,toy_stuffed_animal_duck_01
CBCE03FDEDDF02AC,j_tube
CBD7202EB1F3A481,tag_right_turbine_fx
CBE3146E0F55A735,tag_wing_ri_animate
CBE4B2737EAFA355,bridge_section_road_support_beam_under1
CBE84CDE0474BD9F,j_head_02
CBE84DDE0474BF52,j_head_01
CBEAB6A590F83B49,tag_origin_static
CBEBCF941BFBFFCD,tag_wing_base_le_dst
CBED52FD35E8884A,front_lowerstrutsend_ri
CBEE2327F993318D,seat_ring_lft_jnt
CBF94346CCCAB72C,jup_pillar_town_bar_11_lod0_jup_pillar_town_bar_11_mesh
CC0F23B00B09B42F,tag_wheel_steer_front_left_animate
CC14B5251EB022F1,j_pinky_ri_1_prop
CC17ED8256CDEFC4,j_brake_02
CC17EE8256CDF177,j_brake_03
CC17F08256CDF4DD,j_brake_01
CC1CBE526B0FECF0,t10_int_decor_picture_frame_01_b_lod
CC1DD2BF378E45A0,hanging_lamp_wire_geo
CC1E6C27901B5F46,tag_autocannon
CC1F6A8D21BE0590,t10_ceiling_stealth_sprinklerpipe_joint_01_mesh
CC24567E324BE508,dyn_tent
CC27985D19C5F2B4,j_fold_11
CC27995D19C5F467,j_fold_10
CC2D775444800621,j_back_equip_end_le1
CC32CC823CAB78D0,tag_seat_wm_turret_hole
CC36FDF69EB1F64A,tag_pistons_mid_l_aim
CC3910C7AA4BE8FA,ee_food_fruit_banana_bunch
CC427790A8E7C1C8,container_fertilizer_bag_01
CC4DB76674D5B476,j_cosmetic_flashbang
CC4F5731764C18B6,j_blade_ankle_le
CC5DD5D811037494,ee_machinery_industrial_fan
CC720E0615FFF6D7,j_cosmetic_bakcpack_strap04_ri
CC7B54772E26750B,front_upperstrutsend_ri
CC8626061610C8A9,j_cosmetic_bakcpack_strap04_le
CC8B3F81DF4C4464,j_barrel_extension
CC93600C60BE8D6D,side_door_front2_r_jnt
CC98691EAD117D1C,tag_suspension_middle_bone_one_l_debris
CC9B05B2EC401A1F,tag_hood_light_left
CCA4EBE9E3E12D3B,j_ammobelt8
CCB125C645B48902,tag_bucket_animate
CCB46DF047830531,j_skirt_ri_end
CCBEE87D922622C7,tag_roof_light_center
CCC0EE6809481D30,tag_pilot2
CCC0F16809482249,tag_pilot1
CCDC0E17E6574861,tag_body_d0
CCE184772E7D79CD,front_upperstrutsend_le
CCE1DE401D989AE2,tag_magazine
CCE5246E0B471DAC,wall_refractory_brick_trim_corner_outside_01
CCE5C91D7F284763,uk_automotive_tire_rack_hanging
CCECB014C59956E9,fan_top_jnt
CCEEF2A2BB7BF9B3,tag_light_tail
CCEF2471F0E7D6D7,hay_pile_high_01
CCF6C84493D06E0C,t10_rdc_decor_cognitive_pool_monitors_screens_02_destr
CCFA52CB6979842A,j_sidegilly_a_le
CD0AECE89DFA8C7E,j_tube_01
CD11D8E89E008930,j_tube_21
CD11D9E89E008AE3,j_tube_20
CD21674CBFB7A305,j_starter_link01
CD23F744A53047B3,j_cosmetic_flash_bang_a
CD23F844A5304966,j_cosmetic_flash_bang_b
CD24342B2B04B6A4,tag_flip_light_glass_d0
CD2A6ACB69A2D0B4,j_sidegilly_a_ri
CD2AC7CE492D7D44,par_flower_pot_01
CD53B92C6CDF763A,screen_jnt
CD62B74ABD4FAEF7,j_grenade_spent
CD62E295138FB47E,rail_post_beveled
CD657E61E3396C83,uk_appliance_microwave_01_a
CD740B94167BD631,j_cosmetic_rclipa
CD741994167BEDFB,j_cosmetic_rclips
CD833A35C9F2D0F9,tag_mast
CD9BF951899EEE8A,tag_light_l_wing1
CDAD22BF12A00608,jup_door_gun_range_door_frame_frontend_01
CDD70363D25A2488,tag_canopy_cover_animate
CDDE0FDCB6337EF7,t10_door_metal_bunker_old_01_a
CDEDFF2CE76E46EC,j_hair_back
CDF68ADE792B0E08,j_fx
CDFBC7BF184CBD95,j_proc_groinpadb
CE02872AC6E85BC5,t10_food_market_meats_combined_10_lod0_mesh
CE075CDE79393311,j_c4
CE0DF9C416C3B875,tag_aileron_right
CE0E94DE793FB0E7,j_ax
CE1A2EE191F67863,lm_structural_roof_trim_64_a
CE1B99DE794A43C2,j_mg
CE367BDE7960D880,j_ui
CE3694DE796102FB,j_up
CE3B7E91CD168621,tag_wing_left_01_debris
CE428F2CC1731493,floor_wood_splintered_end_stack_03_01
CE42902CC1731646,floor_wood_splintered_end_stack_03_02
CE42912CC17317F9,floor_wood_splintered_end_stack_03_03
CE42932CC1731B5F,floor_wood_splintered_end_stack_03_05
CE442782EB275F84,j_cosmetic_milsim_west_bag_01
CE442882EB276137,j_cosmetic_milsim_west_bag_00
CE442982EB2762EA,j_cosmetic_milsim_west_bag_03
CE442A82EB27649D,j_cosmetic_milsim_west_bag_02
CE5C858EECBCACEF,j_lid_front_ri_4_hide
CE6D4C3EBEB7B128,building_roof_lip_concrete_01_256
CE72C507DF7B21CA,j_bulletbelt1
CE7F2DF1A1806296,tag_cover_panel_07_dst
CE7F7F8469900397,j_rotors
CE9AEAD231CEA482,j_cosmetic_nvg_arm
CE9E77D3CAC0B1AC,barrier_wooden_slats_01_woodslats_kit_128x34
CE9EDE7A0A54BDCC,uk_house_molding_01_16_damaged_r
CE9EF47A0A54E32E,uk_house_molding_01_16_damaged_l
CEA1FDD3CAC3CB35,barrier_wooden_slats_01_woodslats_kit_128x24
CEB605D3CAD481D7,barrier_wooden_slats_01_woodslats_kit_128x48
CEC1AB1585432251,meshshape
CED636269AD61F93,hay_pile_low_01
CEDD0D1F5111DB79,dyn_bag
CF085559BBF12282,jup_construction_door_industrial_metal_double_right_sp_01_mesh
CF163F6ABE315865,jup_military_asset_keycard_reader_01_mesh
CF17A8E9114457D0,ee_window_plaster_frame_02_destroyed_02_lod
CF1B01A9EB158475,j_bat_offset
CF1C5901D9B7FBF9,seat4_le_jnt
CF1DD7192E1C98E5,j_front_suspension_target
CF1E423021B84E50,j_glider_panel_left_bottom
CF250337A5AE405D,equipment_ac_unit_01_destr001
CF289012750E07BD,sign_billboard_metal_sectioned_01_side_32_mesh
CF381C499EED6862,tag_light_right_back_d0
CF3CE8F5E5E9EE0B,tag_ramp_upper_animate
CF43D3DD35AB9610,ee_light_fixture_wall_mounted_03
CF43DADD35ABA1F5,ee_light_fixture_wall_mounted_04
CF540ECDD03C14FB,tag_gantry_rotate_animate
CF57CD177E7078E0,j_craw_2_le_prop
CF60A99AC3D2AC08,tag_headlight_right_d0
CF66FEEC8C676510,j_head_base
CF7CFB465E2AD615,j_dummy_gun_muzzle
CF872B5323AA680C,storage_chicken_coop_01
CF8825A56DF5EADC,j_cosmetic_wire_rt_b_jnt
CF895264797E4588,j_proc_radio_base_le_a
CF8E4785CF04F0CB,chain_t10_lighting_lamp_metal_hanging_open_01_short
CFACFE0A090C8349,j_back_loader
CFB011ACCDC4C2B4,tag_bishop_black_02
CFB012ACCDC4C467,tag_bishop_black_03
CFB014ACCDC4C7CD,tag_bishop_black_01
CFC650505A16F220,tag_origin_part_wheel_flat
CFCBD9213CE4574F,j_core_base
CFD065A4B959889D,tongueend_jnt
CFD6E356D5A7BD9B,buoy_01_set_06_buoy_long_rot_11_jnt
CFE63FAE7A280073,tag_window_sunroof
CFEEB15E40400AAA,tag_rudder_brake_le_lower
CFFD5081DBAEDAFA,j_cosmetic_bead_pin
D00092CE0452FEF9,spinner_jnt
D000E6731A744F7C,tag_origin_medium
D0068007C5E35167,j_cosmetic_utility_large_le1
D0068107C5E3531A,j_cosmetic_utility_large_le2
D0080D0C987D9F20,me_kitchen_coffee_cup_01
D010885E432420D0,j_head_chunk_2_root
D01307BC3A0FFC2B,toy_stuffed_animal_bear_01
D01C4510D316B08C,j_cosmetic_backpack_zip
D0244F1EC39668A8,me_container_gas_plastic_melted
D02A293FFD0F5F5B,j_helmetstrap
D03459F76F5252BD,tag_door_right_dst
D0376DE4DD799F3F,toy_stuffed_animal_bunny_01
D03E81E1CEBEF653,j_innerlip_bot_ri_001
D040C9F0A835BFF4,jup_construction_window_arch_frame_concrete_01_lod0
D057F864BA6523D0,j_chain_r_12
D057FA64BA652736,j_chain_r_10
D057FB64BA6528E9,j_chain_r_11
D061C5E957D91EA3,j_cosmetic_frontammo
D061C6FDDDEF521F,j_proc_spinelower
D061FCAEB07B8386,t10_food_market_meats_combined_19_lod0_mesh
D067FE040E3BE7EA,shotgun_01_jnt
D06A4486A31EC43D,j_pouch_1
D06E4B02310ADCAA,tag_wheel_back_right_spin_follower
D070DB2F3A0D3474,j_cosmetic_arpouch_a_1
D070DE2F3A0D398D,j_cosmetic_arpouch_a_2
D075ED26C5348366,tag_screen_text
D076FABC455A9486,t10_hst_pillar_canals_01_mesh
D09694D710132C28,me_window_frame_wood_single_01_brown_small_01_noglass
D09B2311B7C503C4,medical_jar_swab_01
D09C3634F6ECF48A,in_structural_trim_base_stone_8_mesh
D09E4EDAE74F6AED,coil_jnt
D09E67F77B679BD2,tag_ik_loc_le_pointconstraint1
D0A540FDDF35DB86,top_cone
D0B1471608E9854E,j_strap2_ri
D0B1F2BBBFE465A1,j_cosmetic_elbow_le
D0BE4A91BA1DD528,jup_sign_metro_station_japan_01_mesh
D0C9B255F40ACCDC,tag_rotor_chunk_a2_dst
D0CAB6A533F50648,j_mag_02
D0CAB7A533F507FB,j_mag_03
D0CAB9A533F50B61,j_mag_01
D0CABCA533F5107A,j_mag_04
D0D142347A3DD0D0,tag_glass_rear_right_d5
D0D143347A3DD283,tag_glass_rear_right_d4
D0D146347A3DD79C,tag_glass_rear_right_d1
D0D147347A3DD94F,tag_glass_rear_right_d0
D0D148347A3DDB02,tag_glass_rear_right_d3
D0D149347A3DDCB5,tag_glass_rear_right_d2
D0D33A474CDBF33E,mout_barrier_concrete_64_d
D0D3EABBC0013E6F,j_cosmetic_elbow_ri
D0DD2090369EB5DF,door_wood_ornate_01_yellow_double_l
D0DD3690369EDB41,door_wood_ornate_01_yellow_double_r
D0DE76CF9E16776F,j_cosmetic_ar_pouches_ri_1
D0DE77CF9E167922,j_cosmetic_ar_pouches_ri_2
D0FACA57734F5354,tag_plat1_light_back_left_fx
D0FB448A391F31DA,t10_decor_pillar_concrete_short_01_mesh
D1009606772D7420,j_cosmetic_ephod_05
D1009706772D75D3,j_cosmetic_ephod_04
D1009906772D7939,j_cosmetic_ephod_06
D1009A06772D7AEC,j_cosmetic_ephod_01
D1009C06772D7E52,j_cosmetic_ephod_03
D1009D06772D8005,j_cosmetic_ephod_02
D1025F27C497984D,j_bolt_catch
D1172F1609400FB8,j_strap2_le
D1173EF38DC47427,tag_door_rear_left_scrap
D11BA47A0367FB76,p7_rebar_single_10_lod0
D129279F15542272,electrical_box_rusted_door
D1322B21457CBAAE,j_push
D132DFB0E8F12520,window_industrial_frame_32x32_01
D135DCE5C3D828AB,tag_cap_slick
D13A51B1E798C767,ee_book_office_folder_pile_02
D13A52B1E798C91A,ee_book_office_folder_pile_01
D13C43B79D10D5DC,tag_pistons_base_mid_l_tgt
D14CD340C894DAEE,military_cp_crafting_crate_military_b
D16CAF8E591EA63C,sniper_02_fx
D1701F2145B20768,j_pump
D173312145B45BD5,j_pull
D1775A2694764E39,j_chute_a_mid_cord_10
D17EFB2C3D631B9C,j_proc_clavicle_ri
D17F55DB6D2E0668,j_vert1
D17F58DB6D2E0B81,j_vert2
D185D32C3D68F652,j_proc_clavicle_le
D18E6848F01F2DD0,j_leg_05
D18E6948F01F2F83,j_leg_04
D18E6A48F01F3136,j_leg_07
D18E6B48F01F32E9,j_leg_06
D18E6C48F01F349C,j_leg_01
D18E6E48F01F3802,j_leg_03
D18E6F48F01F39B5,j_leg_02
D18E7548F01F43E7,j_leg_08
D18EFFD60EBC2853,tag_gun_r
D18F0FD60EBC4383,tag_gun_b
D18F10D60EBC4536,tag_gun_a
D18F1DD60EBC5B4D,tag_gun_l
D194F64824AF9757,chain_t10_ava_signage_shop_shoe_01
D19D047DBABFB004,t10_electronics_topaz_dafg_wire_01_lod0
D19DE5A534A8DB37,j_mag_ri
D1AAFFFFB46085F4,tag_number_screen_02_b
D1AB00FFB46087A7,tag_number_screen_02_c
D1AB02FFB4608B0D,tag_number_screen_02_a
D1B1FDA534B9AD09,j_mag_le
D1BECF4D36838328,tag_rear_door_ramp_animate
D1C3B486B90E441D,middle1_right_axle
D1D3EE3CEDEA6FA4,j_power_switch
D1DCD9CA139B7A6F,mc_perimeter_wall_01_32_lod0_patch_65
D1E086C7FEA9E310,un_stairs_exterior_brick_short_192
D1E2908515D47749,j_cosmetic_butbag
D209650EB5093364,tag_glass_bus_left_11_d1
D209660EB5093517,tag_glass_bus_left_11_d0
D209680EB509387D,tag_glass_bus_left_11_d2
D21536BACF41C219,me_door_shop_lock_01
D218A5602C2A6BFB,j_left_lock
D21BC0080DF09E43,j_cosmetic_wire
D2248365DDE0752B,tag_bumper_back
D22D520CE9BB01EF,ee_pipe_04_valve_02_optimized_mesh
D2375EFBBE3147ED,decor_worn_curtains_large_01
D23AE450B55C0BDC,t10_rdt_decor_metal_shelf_01_mesh_lod0
D241310FD02D4759,j_ammobox_flap
D244C623402917DC,t10_storm_street_speedbump_01_mesh
D2598B2E8DC6241C,j_saliva
D25F447DBBDC0B93,jup_hardware_black_box_flight_recorder_mesh
D2614848F0D27C82,j_leg_ri
D2629A34E8F4A290,sat_locust_zm_fishing_house_roof_end_cap_128_mesh
D273FBB00430C6E6,j_proc_collar_ri
D27C208516902977,j_cosmetic_strap_a1
D2861085169862CC,j_cosmetic_strap_b1
D2890BB6DF65FFD4,cube_1
D2890EB6DF6604ED,cube_2
D2954C7F3759FC79,tag_blade_tail
D299C3CE13E852D6,j_tongue
D2A29A0846A1A297,j_rod
D2A413B0045A1370,j_proc_collar_le
D2AC1848F112166C,j_leg_le
D2B0DA49D5D1BF75,ammo_box_01
D2B7BE0846B43BCD,j_red
D2B98420D14304E1,j_eye_lid_top_ri_003
D2B98520D1430694,j_eye_lid_top_ri_004
D2B98620D1430847,j_eye_lid_top_ri_005
D2BE66BBB450EF62,ee_mansion_int_railing_stairway_woodwork_8x12_01
D2C054734FDB8236,tag_rudder
D2C48B0846BE6F80,j_rag
D2C4950846BE807E,j_ram
D2CDD4B0A0F7544F,tag_ramp_lever_animate
D2CF6E4EC593B9C0,j_sensor_dart_tactical_antenna_03
D2CF6F4EC593BB73,j_sensor_dart_tactical_antenna_02
D2CF704EC593BD26,j_sensor_dart_tactical_antenna_01
D2CF754EC593C5A5,j_sensor_dart_tactical_antenna_04
D2CFF32A6AEE9727,furniture_cafe_rail_system_straight_end_32
D2D95042459EAEC6,tag_screen_0_relays_on
D2D9670CB88905CD,j_furniture_storage_safe_interactive_02_door
D2DA91B17BB2E1BD,j_cosmetic_vest_bag_radio_01
D2DC317148EE2848,j_log_1
D2DC347148EE2D61,j_log_2
D2DC73906F88CF5B,j_proc_metaindex_ri_2
D2DC74906F88D10E,j_proc_metaindex_ri_1
D2ED8FA98525D2EE,j_cosmetic_vest_bag_bomb_a
D2F7DBC3E5489F93,stationary_train_car_cargo_door_right_02
D2F7DCC3E548A146,stationary_train_car_cargo_door_right_01
D30964F4A6F6777F,ee_utility_pole_bottom
D30D88A8CAF995F3,j_cosmetic_baga
D30D89A8CAF997A6,j_cosmetic_bagb
D30D8AA8CAF99959,j_cosmetic_bagc
D30D8BA8CAF99B0C,j_cosmetic_bagd
D31663A1C8DBF8E8,chain_3
D31664A1C8DBFA9B,chain_2
D31665A1C8DBFC4E,chain_1
D31D315D992A93BD,un_backgammon_game_01_closed
D331D74FC695BAB5,tag_tail_light
D331E4524EED4593,mesh_counter_top
D3343BE882046D60,lm_wall_rooftop_metal_lip_8
D3441800926CA2B6,j_sling_loop
D34E61AD1DE78AFB,j_tie_06
D34E62AD1DE78CAE,j_tie_05
D34E63AD1DE78E61,j_tie_04
D34E64AD1DE79014,j_tie_03
D34E65AD1DE791C7,j_tie_02
D34E66AD1DE7937A,j_tie_01
D34EA909A319B2B8,l_frontleg4_jnt
D35AF71ABDEAE6AB,sat_decor_pillar_ht_skyscraper_int_art_01_lod0
D360DCFAB85BA8E3,loader_rot_jnt2
D3621EDA8135A2FD,uk_kitchen_cabinet_01_door_btm_r
D36220DA8135A663,uk_kitchen_cabinet_01_door_btm_l
D368A169F64CC78F,j_kalistick_le
D36F4A81BEF08EEA,t10_app_window_greenhouse_section_01_mesh1
D3750604310A5040,tag_small_missile_a
D3750804310A53A6,tag_small_missile_c
D3750904310A5559,tag_small_missile_b
D3750B04310A58BF,tag_small_missile_d
D3776F7E385B3F29,decor_hanged_clothes_01_towel
D37F4E3988D83062,tag_origin_part_wheel_hubcap_left
D399D96DE4B34A0E,j_canopy_left_front
D3A606099B537998,j_cosmetic_heavy_bag_zipper_04
D3A60B099B538217,j_cosmetic_heavy_bag_zipper_01
D3A60C099B5383CA,j_cosmetic_heavy_bag_zipper_02
D3A60D099B53857D,j_cosmetic_heavy_bag_zipper_03
D3A6B60658B90845,tag_elevon_ri_in
D3ADC20658BF3B57,tag_elevon_ri_ob
D3AFB5A19FEFFD79,p7_foliage_grass_tall_cluster_sml_lod0
D3B74E0F9B76AD14,j_clamp_upriver_upri
D3CBFCBD1381819D,jup_urz_storage_dry_cask_mesh
D3D06DE130FCBFF0,j_brow_ri_1
D3D06FE130FCC356,j_brow_ri_3
D3D070E130FCC509,j_brow_ri_2
D3D169BD2353BD2C,t10_barrier_chain_metal_rusty_01_mesh
D3D3B74A86AEBF95,chandelier_a_bottom_rot_jnt
D3D49EE66DD8091F,j_cosmetic_sword_a
D3D49FE66DD80AD2,j_cosmetic_sword_b
D3EDE10384C94073,tag_sabotage01
D3EDE20384C94226,tag_sabotage02
D3F186DD6D14AAF9,static_base
D3F7CBC024AEF872,j_draw_01
D3F8B9BCC7C0EB8A,j_lock_set
D4097B1E9545D553,t10_rdt_electronics_vac_tape_drive_glass
D418FE37C768C06C,t10_ava_storage_yacht_ice_cabinet_01_mesh
D428270C20D8F8A0,j_cosmetic_shemaghcenterd
D4282C0C20D9011F,j_cosmetic_shemaghcentera
D4282D0C20D902D2,j_cosmetic_shemaghcenterb
D4282E0C20D90485,j_cosmetic_shemaghcenterc
D4372722FECFD07A,j_proc_radio
D437ABECC0F53E22,board_02
D43CFD07EFD8E924,tag_fx_bulb
D445B5162424F09A,sat_decor_coin_gold_pile_med_mesh
D451F79A57EC34BA,tag_clutch_pedal
D453CC032214B380,j_proc_hip_back_le
D45A1026F8E20C6A,tag_spoiler_le_01_animate
D4661244123F7577,tag_wall_l_top
D46AF5D7185FC226,tag_exhaust
D46E4677423563AB,gnv_vst_farm_house_medium_b_lod0
D470655DEC4B11A6,tag_right_outer_prop
D477021E65DFE942,j_fan_rear_top_ri
D47B88B140A1397A,tag_mag_hide2
D47D581E21100868,j_antenna_2
D47D591E21100A1B,j_antenna_3
D47D5B1E21100D81,j_antenna_1
D47F5D75BD176F74,j_cosmetic_fast_mag_ar_pouch_c
D47F5E75BD177127,j_cosmetic_fast_mag_ar_pouch_b
D47F5F75BD1772DA,j_cosmetic_fast_mag_ar_pouch_a
D48B40C8A5DC8C78,t10_furniture_mc_liberty_falls_bowling_alley_bar_shelf_02_mesh
D48BB088B67EE1FA,j_skull_jaw
D490F4032248A596,j_proc_hip_back_ri
D492BF9E16079D18,j_lid_front_le_4_show
D49B2B8864ECAC54,mesh_lod0
D49BFBD4F7692310,j_mana1
D49E7FD5BB0E5726,front_shockbushingend_ri
D4A817D9955EC5AE,tag_turret_attach
D4AC030E264FD08E,me_wires_marines_hospital_end_016_a1
D4B4A8ADE70EF16D,j_dustcover
D4B9D6ECCB411D06,j_cosmetic_vest_bag_bomb
D4BDC1DD7D87F925,me_communication_cctv_mic_01
D4BE9D4123351138,tag_spoiler_ri_01_animate
D4C1D21E661F832C,j_fan_rear_top_le
D4C61EC1E2E1F008,me_window_frame_wood_single_01_brown_damaged
D4CAC4504FE572BD,tag_light_on2_fx
D4CD97D5BB35F0B0,front_shockbushingend_le
D4F928F1EB1E1420,tag_light_emergency_red_07_d1
D4F929F1EB1E15D3,tag_light_emergency_red_07_d0
D4FCECD8BEE242C1,buckle
D4FF91712099BE05,tag_clip_02
D5038AB1BC329963,t10_zm_ornate_library_ladder_01_mesh
D5043E25D600C4C3,tag_left_aphid_missile
D51F49D8567092B1,tag_light_top_right
D5289614AEEF9EB4,j_head_back_le
D52B5223F9A3967F,j_tail_2_prop
D52B9D4E322D1F82,j_hair8
D52B9E4E322D2135,j_hair9
D52B9F4E322D22E8,j_hair6
D52BA04E322D249B,j_hair7
D52BA14E322D264E,j_hair4
D52BA24E322D2801,j_hair5
D52BA34E322D29B4,j_hair2
D52BA44E322D2B67,j_hair3
D52BA64E322D2ECD,j_hair1
D52C4327B63C6B56,j_strap4_le
D52E196466EAE9BB,j_wristwatch_hour
D531EEA0969E2B73,j_boltcarrier
D5326210FB2A5301,tag_rear_left_landing_gear_piston_upper_aim
D537DBF5172C7D0F,tag_wheel_trailer_back_right_d0
D53FE8F69D94CB00,tag_weakspot_1
D53FEAF69D94CE66,tag_weakspot_3
D53FECF69D94D1CC,tag_weakspot_5
D53FEFF69D94D6E5,tag_weakspot_6
D5402327B64CDE00,j_strap4_ri
D54500DEDB2648EF,tag_head_weakpoint
D54B333E64CD04AE,j_fridge_door_le
D55146EF7FE6EFE4,tag_cockpit_glass_dmg1
D55149EF7FE6F4FD,tag_cockpit_glass_dmg2
D554F9E205FF28F1,r_ripbottom0_jnt
D55644A3BA06DB20,tag_leg_rr_02
D55645A3BA06DCD3,tag_leg_rr_03
D55647A3BA06E039,tag_leg_rr_01
D5564AA3BA06E552,tag_leg_rr_04
D5582DBC8D08B077,j_cosmetic_slingbag
D55C312D7432100A,buoy_02_rot_jnt
D5674773FDEDD860,ee_gym_weight_metal_dumbbell
D569E5F7E8868656,tag_rear_suspension
D56D96DFEAE93FCE,r_frontleg4_jnt
D572C4A1931917E2,tag_attach_rotor_chunk_b3_dst
D5807614AF39DE2A,j_head_back_ri
D59516E1ED6C0121,j_cosmetic_camelbackhandle
D596033E650C9E98,j_fridge_door_ri
D59C5B1043626E92,tag_attach_chunk_b_dst
D5AF439CBF0AD1E1,ee_electronics_pos_cash_billmachine
D5BB04F6EEEE49F1,uk_foliage_plant_potted_grass_01
D5BD7FB2D18B3B51,plumbing_hazmat_pipe_8
D5BFF1A8A7D72E54,med_lid_jnt
D5C021A3E0294500,j_ammo
D5D75FAED3BD2422,buoy_01_set_04_buoy_long_rot_07_jnt
D5DBC2D0697C960B,t10_furniture_market_rack_straight_128
D5DC0F7EF04B4C29,buoy_01_set_04_buoy_long_rot_06_jnt
D5DE09EBA2D82942,j_glider_panel_right_mid
D5DF9A15D91532C4,j_bulletgrp1
D5DF9C15D915362A,j_bulletgrp3
D5DF9D15D91537DD,j_bulletgrp2
D5E606F9EFF1C558,j_groinend
D5EB75A66C60AE50,ee_trim_small_roof_32_destroyed_02
D5EB91067884EB5E,j_chute_b_10
D6039FA8F72AE34A,tag_wing_le_weakpoint
D618C163F4491EC0,geo_t10_app_signage_super_snips_storefront_01_lod0
D62745FDF435FF25,j_trap
D6274CFDF4360B0A,j_tray
D627CA315BDC63FB,j_gasmask
D62AF9328F79725E,tag_turret_yaw
D637BA7554285633,tag_rotor_chunk_b_dst
D637DC64984A6DAB,sat_pillar_ht_skyscraper_column_02_lod0
D63A4A4D670D03D0,tag_page_on_2
D63A4B4D670D0583,tag_page_on_3
D63A4D4D670D08E9,tag_page_on_1
D63A504D670D0E02,tag_page_on_4
D6407413982C7234,pipe_aim_jnt
D64B3924A9337B88,j_cosmetic_fanny_c
D64B3A24A9337D3B,j_cosmetic_fanny_b
D64B3B24A9337EEE,j_cosmetic_fanny_a
D651928D43F94EC3,j_cosmetci_heavy_bag_zipper_01
D651938D43F95076,j_cosmetci_heavy_bag_zipper_02
D651948D43F95229,j_cosmetci_heavy_bag_zipper_03
D651958D43F953DC,j_cosmetci_heavy_bag_zipper_04
D651ADB66FC23DE1,j_ttcl_main_le4
D651AEB66FC23F94,j_ttcl_main_le3
D65BC6D00581F977,slider_v_arm_jnt
D6669909DC165DBE,t10_food_market_fruits_combined_01_lod0_mesh
D676F8E0908749E4,j_proc_dummy_spinelift
D6803410AE51A8E6,tag_tube_base
D683D4186BC7EF43,tag_tail_rotor_blade03_rot
D6AB7A4B3D75F424,awning_closed
D6AEAB5A4FCB78FC,turret_animate_jnt
D6BBDFDC4FFDF06D,t10_storage_case_gun_hardshell_01_medium_open_lid
D6C2BA494EEC43AD,ls_red_star_circular_sign
D6C7ACF33351AC8F,j_meter
D6E62D41E05A67ED,j_cosmetic_pouch_small
D6E90F2CDDB85C35,j_strap5_ri
D6EBC6E6B64F128E,tag_ik_target_left_mover
D6EC952D1C165F30,tag_num_10
D6EC962D1C1660E3,tag_num_11
D6EC982D1C166449,tag_num_13
D6EC992D1C1665FC,tag_num_14
D6EC9A2D1C1667AF,tag_num_15
D6EC9C2D1C166B15,tag_num_17
D6EC9E2D1C166E7B,tag_num_19
D6F0192D1C197553,tag_num_02
D6F01B2D1C1978B9,tag_num_00
D6F01C2D1C197A6C,tag_num_07
D6F01D2D1C197C1F,tag_num_06
D6F01F2D1C197F85,tag_num_04
D6F0232D1C198651,tag_num_08
D6F12F0C5641B834,j_steering_rod_front_right_aim
D6F40D78DF70C9F1,tag_fx_smog
D6F6A72D1C1ED24B,tag_num_20
D6F6A92D1C1ED5B1,tag_num_22
D6F8929696D38CC8,j_manb_ankle_ri
D6FF157CA9E92F15,automotive_wheel_chock_01_large
D7044297379DF8A5,sat_construction_chainlink_fence_gate_left_01_lod0
D7093B87784336A5,lipupper0_jnt
D70B0F2CDDD5429B,j_strap5_le
D715D7E5A58A2586,lm_sign_apartment_pyramiden_b_01_frame
D7180144E9349B4C,j_cloth_simmesh_center1
D7180344E9349EB2,j_cloth_simmesh_center3
D7180444E934A065,j_cloth_simmesh_center2
D71863E7336B32AF,l_foot0_jnt
D71A829696F057FE,j_manb_ankle_le
D720E73EC3A83AB8,building_roof_lip_concrete_01_128
D7299EFB68F1702C,t10_topaz_window_exterior_stone_lancet_02_lod0
D72DC70B9F98811F,j_chute_c_10
D730D4499AF28D37,tag_ik_loc_le_akimbo
D7352B7E9EDF95CD,tag_battering_ram_offset
D738099CBC8864F0,j_neck5
D7380A9CBC8866A3,j_neck4
D7380D9CBC886BBC,j_neck1
D7380F9CBC886F22,j_neck3
D738109CBC8870D5,j_neck2
D75821C1553221CA,jup_structural_siding_metal_corrugated_128x64_mesh
D762D2A4DEAA2D85,sat_pillar_ht_skyscraper_lobby_column_01_lod0
D77E23CD7DC3DD40,j_dynamic_r_fronthairlocka
D77E25CD7DC3E0A6,j_dynamic_r_fronthairlockc
D77E26CD7DC3E259,j_dynamic_r_fronthairlockb
D77E28CD7DC3E5BF,j_dynamic_r_fronthairlockd
D783818B8A276860,tag_rope_dyn_5
D783828B8A276A13,tag_rope_dyn_4
D783838B8A276BC6,tag_rope_dyn_7
D783848B8A276D79,tag_rope_dyn_6
D783858B8A276F2C,tag_rope_dyn_1
D783878B8A277292,tag_rope_dyn_3
D783888B8A277445,tag_rope_dyn_2
D7838D8B8A277CC4,tag_rope_dyn_9
D7838E8B8A277E77,tag_rope_dyn_8
D798DBB09533CEFF,t10_signage_dealership_billboard_05_chain
D7A69071CCF855F5,uk_storage_wall_light_01_broken
D7AA01CB6A7F5325,lm_wall_rooftop_metal_lip_corner
D7BF72FCA3D935C1,uk_house_gutter_pipe_32_end_01
D7D65553003D01FB,tag_wing_slide_fold_left
D7E1142641D068DD,tag_cover_panel_02_dst
D7E85C1596F9306B,j_skull2
D7E85D1596F9321E,j_skull1
D7F1FC243526A3CF,j_armorplate_1
D7F1FD243526A582,j_armorplate_2
D7FB1D12B0632F36,j_skirt_ri_fr_end
D7FC396BD3B0B4E1,tag_sling_attach_body_2
D7FDDD4DB96FDF34,tag_booster
D7FF23AEF60B66C1,j_sword_ri
D7FF92B87AC9B68D,j_mag_rel
D806C03ADEA12CAC,ee_sign_building_address_factory
D80DAEF223B4F995,j_dynamic_hairbase
D816D17FBEAE1790,j_speed_loader_cylinder
D8183E88D983D9D7,tag_interior_light_control_white
D8199261E9DCC67F,uk_appliance_microwave_02_b
D81FE73A693A4D85,j_blunt
D8225A2205F69BD0,j_tail8
D8225B2205F69D83,j_tail9
D822622205F6A968,j_tail0
D822632205F6AB1B,j_tail1
D822642205F6ACCE,j_tail2
D822652205F6AE81,j_tail3
D822662205F6B034,j_tail4
D822672205F6B1E7,j_tail5
D822682205F6B39A,j_tail6
D822692205F6B54D,j_tail7
D8236AA10B7E394F,tag_drone_attach_001_d0
D82C4EBE5AC5249A,tag_underbarrel_attach
D83C0BAEF63EEC17,j_sword_le
D83F8E101711B04A,lamp_wire_dynent
D83FB7BCD76FFDC6,sat_pillar_ht_skyscraper_lobby_column_02_lod0
D840A64DC26936FD,tag_hint
D842C24D6F1DE2BC,t10_redacted_decor_vent_01_destr
D84BB41666133365,s4_cyclops_stairsteps_slanted_mesh
D84CB6380950A093,j_ghillie_13_av2
D84CC0D677F13034,j_dummy_r_shoulder
D85DF2CB77C3B4C0,ee_furniture_table_wood_round_small
D87650AF9CCD9A76,j_cosmetic_bead_pin_pin
D87CFC8DE7EA88D6,r_eye0_jnt
D8853680D2342F06,j_main_light_01_on
D889DE9A8AEC3179,j_craw_1_le_prop
D88C75F6E4B5419B,j_cosmetic_smgpouches_b
D88C76F6E4B5434E,j_cosmetic_smgpouches_a
D88C8E048C2744FC,t10_rdt_barrier_tunnel_01_mesh
D899E158B83FE441,t10_terrain_snow_slush_02_lod0
D89A22CA81FF5948,j_cosmetic_incen_grenade_a
D8A73DF7FEA53954,t10_signage_menuboard_01_signage
D8A815EF7BE7D212,tag_tail_left
D8C0E4F789D89A02,tag_weapon_platform
D8CAE68D9675BD52,sat_frenetic_lighting_emergency_future_sml_mesh
D8D238258EEE65E4,tag_sling_attach3
D8D239258EEE6797,tag_sling_attach2
D8D8FCEC385E717D,l_frontleg3_jnt
D8EA5F9318F7DAC1,j_stone_05_ri
D8F09F12F3CA70B7,j_cover_release
D8F25B8A752BC233,building_roof_lip_concrete_01_end_02
D8F25C8A752BC3E6,building_roof_lip_concrete_01_end_01
D902C033A534F82B,j_zmb_glowstick_top
D91867A2F475B5FF,sml_lift_extend_middle_01_jnt
D921C99D395473D2,debris_scrap_metal_12
D9232F71B056C120,toy_plastic_tricycle_01_back_tires
D925469D39577E10,debris_scrap_metal_07
D9274793192B6017,j_stone_05_le
D928C947F14136DA,tag_bumper_guard_d0
D92CD9503B513CB2,tag_origin_part_bumper_guard
D9316756D5BB56CF,j_knife
D93C101E08364363,j_axel_front_right_tgt
D9404BF7DD945BC8,j_pipe_2_ri_fx
D9491463E4FD9BAE,j_bullet_top
D957D9A53F76C390,j_tag_weakspots_ri
D95885F79867B2F5,decor_barbed_wire_razor_64_01
D965FF2EB256284C,tag_key_0
D966002EB25629FF,tag_key_1
D9680E08C2C62940,j_strap_ri_1
D9681008C2C62CA6,j_strap_ri_3
D9681108C2C62E59,j_strap_ri_2
D9681308C2C631BF,j_strap_ri_4
D968FB6F1827A92F,sat_decor_window_modern_blinds_forge_01_mesh
D976946A1DAEF144,j_fin_l
D9769A6A1DAEFB76,j_fin_r
D979417B6A0BD097,cp_disco_street_barricade
D97FDD237D7336A2,j_bar_front_right_tgt
D98148954D965511,j_cabinet_le_door
D986F6758CED52E0,tag_wing_hinge_back_right_aim
D98821B778F91232,j_weakspots_armor_mid
D98C2ED0FFBCDEE5,door_metal_halligan_frame_right_01
D98FB9C1AF56CCB3,j_head_geo_high
D9975B6A24168662,jup_furniture_canopy_beach_modern_01_mesh
D9A1DEA1AB1D0FC4,j_squint_le_1
D9A7748F4404AEB1,j_stone_legs
D9A85711EBCCC152,j_cosmetic_radio_04_a
D9A925CDABDCC091,j_cosmetic_upperspineprotector
D9B0B9A53FC2B606,j_tag_weakspots_le
D9B25CB733287028,j_loading_gate
D9B4D4084A301907,j_saw
D9B7F83D8F32DCA1,j_dummy_rot_aim_02
D9BD2BE84B606016,ht_ground_business_park_01_stand_03_tarp_mesh
D9BF84A957720E2D,un_fire_hose_01
D9C5CEE31E0361FB,dyn_hood
D9EF722B00B6450E,tag_loot
D9EFC848809221BE,tag_ramp_lower
DA083B5E68EA0665,j_camera
DA12BCCCFB4C7765,bsh_boat_speaker_01_lod0
DA1429FE6C6885DF,tag_leg_fr_piston_lower_aim
DA30B6AD0CCA1C44,j_cosmetic_pouch_medium_b
DA337D880B06FD6F,tag_door_left_rear_animate
DA34D639A2CAF963,arm_extend_rot_jnt
DA51BF0EC0720800,headset_rgt_jnt
DA56E909CEA6C630,tag_window_front_left
DA607D95622F87E7,tag_trailer_animate
DA7CAEA823CC10C7,j_tail_11
DA802CA823CF1CB8,j_tail_07
DA802EA823CF201E,j_tail_05
DA8032A823CF26EA,j_tail_01
DA8A899D50092084,tag_glass_bus_right_11_d0
DA8A8A9D50092237,tag_glass_bus_right_11_d1
DA8A8B9D500923EA,tag_glass_bus_right_11_d2
DA9A35C8C996098E,j_cosmetic_back_caribeaner
DAA4AF4D5574D398,j_boltcatch
DAABE69B6EA5A8CB,tag_flap_le_animate
DABA6F3CAAE7CB4F,tag_nose
DACDBCFB59EFDB05,chair_03_jnt
DACF261E17EB1B88,j_hip_proc_ri
DAD42B6ABD59BB04,building_elevator_shaft_cap
DADBDA0BF0E8DD86,t10_ava_signage_clothing_sign_03_chain_mid
DAE06203EE3F413E,tag_camera_turret
DAE09AFA7B0E229B,ar_01_jnt
DAE33F4F607C5155,me_door_stone_arch_frame_01
DAF1161E1807E6BE,j_hip_proc_le
DB15A3D6B22BEF09,t10_sabotage_decor_label_forniture_01_mesh
DB2247B66DE376FD,j_stone_01_ri
DB244471DCEAF249,j_cosmetic_utility_large_ri1_1
DB2653DF7BE35F42,tag_aps_box_lid_dst
DB2EECCF41D0CEDA,j_decocker
DB3EFD4F333A150B,j_chest_flesh_b_01_le
DB3F0FA9CE2DB301,tag_origin_part_hood
DB4847B8B95C08BA,j_window
DB50B741875C74F5,j_c4_clacker
DB5CD47C18D3B923,me_pillar_stone_ornate_corinthian_02
DB6A53CEB0364216,tag_light_white
DB6C47E73D623413,j_sheild
DB738B1C0A0BDD3C,j_cosmetic_arpouch_b1_b1
DB7B57B66E2FBB03,j_stone_01_le
DB812EC7C5258A6A,ee_foliage_bush_hedge_48x36
DB855A081021CE71,tag_fx_jaw_center
DB9E3E2FEB7EA291,tag_nav_light_front_l
DB9E482FEB7EB38F,tag_nav_light_front_r
DBB5B841D5A8379F,j_cosmetic_le_cloths_d_02
DBB5B941D5A83952,j_cosmetic_le_cloths_d_01
DBE56D42550E5418,tag_trailer_door_right_handle_animate
DBE7B11EBB8ADA97,tag_gunner_barrel1
DBF037584D280B74,j_inter_elevator_blood
DBF91AAA689B1EE2,tag_tread_03_debris
DC0323A6DAB25250,j_cosmetic_cqc1_bagc
DC0324A6DAB25403,j_cosmetic_cqc1_bagb
DC0325A6DAB255B6,j_cosmetic_cqc1_baga
DC0329A6DAB25C82,j_cosmetic_cqc1_bage
DC032AA6DAB25E35,j_cosmetic_cqc1_bagd
DC12831BD5D451CB,fence_metal_gate_pole_01
DC19D8F3E3E66688,tag_glass_windshield_left_d1
DC19D9F3E3E6683B,tag_glass_windshield_left_d0
DC19DAF3E3E669EE,tag_glass_windshield_left_d3
DC19DBF3E3E66BA1,tag_glass_windshield_left_d2
DC19DCF3E3E66D54,tag_glass_windshield_left_d5
DC19DDF3E3E66F07,tag_glass_windshield_left_d4
DC2A8C3234517B9C,j_mouth_bag_cn_001
DC2A8E3234517F02,j_mouth_bag_cn_003
DC2A8F32345180B5,j_mouth_bag_cn_002
DC307D9F0445ECC7,t10_food_market_goods_hanging_tomato_01_lod_mesh
DC37F1FC0961F56C,j_cosmetic_hood
DC3C1871D738E9E4,ee_fence_street_metal_02
DC3C1B71D738EEFD,ee_fence_street_metal_01
DC4B8DCFC97B069A,aset_nature_rock_l_vmjdbda_lod0
DC54BA5578F1C75C,jup_rock_boulder_large_01_geo_clean
DC5F2C07DD565102,j_fold_8
DC5F2D07DD5652B5,j_fold_9
DC5F2E07DD565468,j_fold_6
DC5F2F07DD56561B,j_fold_7
DC5F3007DD5657CE,j_fold_4
DC5F3107DD565981,j_fold_5
DC5F3207DD565B34,j_fold_2
DC5F3307DD565CE7,j_fold_3
DC5F3507DD56604D,j_fold_1
DC64D61C7C37312F,tag_tail_rotor_rot
DC6CDA2D6F44491A,p7_debris_concrete_rubble_pile_01_lod0
DC753E5C1A620237,welding2
DC93CE31CD2F413E,tag_fire_control_yaw_animate
DC96F323FDD77844,j_kalisticks_ri
DC99BCE4A0296551,tag_main_rotor_blade_05_rot
DCA410A7F3DE7D1D,tag_door_fr_animate
DCAC92E6EE4F32F0,j_cosmetic_buttbag_ri_b
DCAC95E6EE4F3809,j_cosmetic_buttbag_ri_a
DCB7DE35087CF155,container_cooler_01_base
DCBA65563C04384B,j_cosmetic_ar_mag_hard_a
DCBA66563C0439FE,j_cosmetic_ar_mag_hard_b
DCBA67563C043BB1,j_cosmetic_ar_mag_hard_c
DCBEE9BA4B2445DF,tag_ankle_le
DCC79F0316E304F3,military_target_firingrange_metal_01_aim_01
DCC7A00316E306A6,military_target_firingrange_metal_01_aim_02
DCC7A10316E30859,military_target_firingrange_metal_01_aim_03
DCC7A20316E30A0C,military_target_firingrange_metal_01_aim_04
DCC7A30316E30BBF,military_target_firingrange_metal_01_aim_05
DCC7A40316E30D72,military_target_firingrange_metal_01_aim_06
DCD41B23FE0B6A5A,j_kalisticks_le
DCDB06890797A55E,t10_electrical_transformer_shed_01
DCE488D710BCDB90,saw_machinery_mc_mill_pond_02_lod0
DCE547132A39BA76,jup_lighting_flashing_red_01
DCFF5C09DBA38C23,camcorder_01
DD0368FE2809E02D,j_metaring_ri_1_prop
DD039A477D8AEF46,stairs_industrial_staircase_rails_green_15
DD077C984EF4CB75,t10_foliage_grass_manicured_strip_01_mesh
DD18C28DDD8BD0CA,t10_food_market_meats_combined_06_lod0_mesh
DD2511BA4B7B3D09,tag_ankle_ri
DD2D04597FC304BB,j_pin_base
DD3DBED104072C40,tag_main_rotor_blade_06_rot
DD430388028F8211,t10_accessory_icicle_bit_01_lod0
DD6228667D7812D2,j_elevator_door_int_right
DD721D30522F80DF,tag_right_archer_missile
DD74F40D67508A73,j_proc_metapinky_ri_1
DD74F50D67508C26,j_proc_metapinky_ri_2
DD7C6A10E4EB340C,j_10_d
DD8030E6438D4422,j_map_01
DD9A703A210B7D3D,tag_interior_light_control_green
DDACD12857F9A573,t10_terrain_ground_geo_snow_trim_256_lod0
DDB6A19AF961F1BF,j_proc_spinelower_back_le
DDBBFDE7129DDAC6,toy_stuffed_animal_monkey_01
DDBD7B3945FB2F2D,shirt_03
DDC18AF8BADED6C9,tag_wing_elevon_left
DDC593D0042B93A4,j_ankle_le_geo_high
DDED1BA8E7DB9FB8,tag_lid_02
DDED1EA8E7DBA4D1,tag_lid_01
DDF170C00935900E,t10_barrier_glass_half_wall_middle_01_mesh
DDF18460ACCE0592,sat_ava_signage_avalon_resort_logo_02_mesh
DDF4952439878160,j_lantern_back_le_01
DDF49724398784C6,j_lantern_back_le_03
DDF4982439878679,j_lantern_back_le_02
DDF49A24398789DF,j_lantern_back_le_04
DDFC0C8398597BB1,j_proc_crotch_guard__spineupper_backward
DE0166CE55648F3A,tag_weapon_le
DE0F2E5DAAE564BA,jup_pillar_bathhouse_wood_02_mesh
DE14D6ED96022F51,ee_trim_small_roof_corner_outside
DE1599D3CE53A310,tag_stage_05
DE159AD3CE53A4C3,tag_stage_04
DE159CD3CE53A829,tag_stage_06
DE159DD3CE53A9DC,tag_stage_01
DE159FD3CE53AD42,tag_stage_03
DE15A0D3CE53AEF5,tag_stage_02
DE1CC99AF9B8E8E9,j_proc_spinelower_back_ri
DE349BBF5D8F5950,barrier_wooden_slats_01_woodslats_kit_single_128_slat_02
DE349EBF5D8F5E69,barrier_wooden_slats_01_woodslats_kit_single_128_slat_01
DE3C44F89F1651DF,j_cosmetic_spinelower_frnttip_ri_new
DE4370C555E2EA0E,j_cosmetic_outerframe
DE536926712E3DB2,j_cosmetic_large_pouch_l
DE537B26712E5C48,j_cosmetic_large_pouch_r
DE5AD9576539106E,j_steeringbar_front
DE5D639D5596993A,tag_light_emergency_red_11_d0
DE5D649D55969AED,tag_light_emergency_red_11_d1
DE5E7062DE380766,tag_rotor_chunk_a_dst
DE6648103E30F864,roof_asbestos_sheet_64x64_diagonal_02_2sided
DE7FE2C463EF1C43,tag_drone_attach_005_d0
DE95760913FFF1B3,j_dummy_r_knee
DEA308426A178EC2,j_cosmetic_bead_pin_pin_pin
DEA79FF9AFF88185,j_visor
DEABB02BFC5CF8CC,toy_plastic_rocking_horse_01
DEAF2316DB2DA23F,tag_tail_wing_chunk_right
DEB6972B092F4999,tag_antenna_left
DEB6EBF058F81198,j_bolt_r
DEB6F9F058F82962,j_bolt_l
DEB72BF058F87E58,j_bolt_2
DEBAEE15AFE2A244,jup_clothing_stacked_shirts_pile_tourist_04_mesh
DEBD2A7BF268E98C,toy_nursery_hanging_mobile_01_dyn_s1_f8
DEBD2B7BF268EB3F,toy_nursery_hanging_mobile_01_dyn_s1_f9
DEBD2E7BF268F058,toy_nursery_hanging_mobile_01_dyn_s1_f4
DEBD2F7BF268F20B,toy_nursery_hanging_mobile_01_dyn_s1_f5
DEBD307BF268F3BE,toy_nursery_hanging_mobile_01_dyn_s1_f6
DEBD317BF268F571,toy_nursery_hanging_mobile_01_dyn_s1_f7
DEBD347BF268FA8A,toy_nursery_hanging_mobile_01_dyn_s1_f2
DEBD357BF268FC3D,toy_nursery_hanging_mobile_01_dyn_s1_f3
DEC03C1F7076FDE5,t10_sabotage_accessory_keeneye_radar_clipboard_mesh
DEC62B6E06F96A3D,j_cape_01
DEDF7E745EF5CE9F,j_receiver_bolt
DEE9FD3B6831F666,machinery_generator_trailer_01_base_sm_geo
DEF3C321309E6EFC,tag_heel_roll_ri
DEFA9B2130A449B2,tag_heel_roll_le
DEFE05741156CEE9,tag_knife_offset
DEFF71C2B1FDB8D6,j_mask
DF05D684FD6679FE,roof_asbestos_sheet_32x32_diagonal_02_2sided
DF0C6A7FB5276497,j_canopy_right_front
DF0E56D805281C38,tag_shaft
DF1C3A0D6C329364,j_shell_stop_right
DF20E645305F0611,t10_terrain_snow_slush_long_01_lod0
DF2B94F52E4DE276,recovery_wood_beam_01_lod0
DF2D229DF10D5823,j_cosmetic_backgunbelta
DF2D239DF10D59D6,j_cosmetic_backgunbeltb
DF2D249DF10D5B89,j_cosmetic_backgunbeltc
DF2D259DF10D5D3C,j_cosmetic_backgunbeltd
DF2D269DF10D5EEF,j_cosmetic_backgunbelte
DF30EE16D23B38E8,j_image2_4
DF30EF16D23B3A9B,j_image2_5
DF30F316D23B4167,j_image2_1
DF30F416D23B431A,j_image2_2
DF30F516D23B44CD,j_image2_3
DF350B394CD3F91E,tag_hatch_circular_left
DF355BC2B22B22E4,j_mace
DF39432C474D6E44,tag_plate_dmg01
DF39462C474D735D,tag_plate_dmg02
DF431CC2B236F533,j_mag4
DF4321C2B236FDB2,j_mag3
DF4322C2B236FF65,j_mag2
DF4361C2B2376A72,j_mags
DF4580E7A4C115FE,j_stick
DF4A76C2B23DACCF,j_main
DF4C7122C7141AC1,p7_bottle_glass_liquor_expensive_03_empty
DF531908AF805F34,structural_bracket_iron_rusted_32_l_02
DF531C08AF80644D,structural_bracket_iron_rusted_32_l_01
DF54E7EC79B6B809,tag_leg_rl_piston_lower_aim
DF5A3339FC9A96F6,j_suspension_back_right
DF6291A3291C7B94,uk_security_camera_redlight_01
DF6A229BD144D5B7,bi_l
DF6A289BD144DFE9,bi_r
DF6F21F90DCB98E2,j_cheek_add_le_009
DF6F22F90DCB9A95,j_cheek_add_le_008
DF6F23F90DCB9C48,j_cheek_add_le_007
DF6F24F90DCB9DFB,j_cheek_add_le_006
DF6F25F90DCB9FAE,j_cheek_add_le_005
DF6F26F90DCBA161,j_cheek_add_le_004
DF6F27F90DCBA314,j_cheek_add_le_003
DF6F28F90DCBA4C7,j_cheek_add_le_002
DF6F29F90DCBA67A,j_cheek_add_le_001
DF700D29F88F2D38,tag_turret_hydraulic_stabilizer_lower_aim
DF75D09952389AAB,jup_ee_construction_log_04_mesh_straight115
DF75D29952389E11,jup_ee_construction_log_04_mesh_straight117
DF796D2B218C7C60,tag_canopy_piston_a_lower_aim
DF79C8AAB9FF04AA,j_forehead_ri_1
DF7F6339573C3FE8,j_leg_3_pin
DF833313418FA436,t10_stationary_paper_tray_black_01_d_lod0
DF8ECA95B0220C8D,tag_blade_02_dst
DF98E76E07AC7BC3,j_cape_ri
DFB31F293EBA8A5B,j_skull
DFB690C41ED5D12E,j_support_box_top_metal_lock_right
DFC31DA7AB45AD5A,j_proc_spinelower_frnt_ri
DFC8C76E07D56925,j_cape_le
DFD7FDA7AB57D304,j_proc_spinelower_frnt_le
DFDB1F52F17E77D0,j_bolt1
DFDB2252F17E7CE9,j_bolt2
DFE95FF64C41F078,ee_debris_dead_cow_01
DFEB0B92CCBC9DC0,j_crab
DFEBD5B5EC6D874C,tag_door_back_bottom_piston_base_tgt
DFEDBEAD296CFD10,tag_bar_2_left
DFEFF4DA70708D1D,jup_stairs_red_carpet_4steps_01_mesh
E0088E1F16625247,t10_sabotage_construction_wall_broken_corner_24x24_01_mesh
E00E844461F3B631,j_leg_back_01_upper
E013E46BD6FB0B7A,back_right_axle
E0163C8C67AD1DF3,medical_jar_cottonball_03
E024E0E6BB544CE1,woodbeam_01_lod0
E03A7B07207FAF74,j_cosmetic_oxygen_01
E03A7E07207FB48D,j_cosmetic_oxygen_02
E045325E9772FA9C,tag_rear_left_landing_gear_piston_lower_aim
E0486D0054588EC5,tag_main_rotor_blade_05_blur
E04E39E8336EADA2,jup_food_plane_catering_01_mesh
E059D0DE77DDA679,j_dice_01
E05F04A305431CEE,j_military_shooting_target_cart_01
E05FB8575015E9D9,tag_pistons_base_front_l_tgt
E0616189A80811F7,structural_bracket_iron_rusted_junction_01
E071D3406764B8ED,j_head_mid
E0784AF3A9683BE4,liquid1
E0884F5DEE5678CF,pipe_concrete_support_03
E09155DEDE58A5DD,un_office_steel_book_rack_01_small
E0A037A5172BE243,j_upperlip
E0A1B5609CC37514,mout_catwalk_cap_02
E0AE37E2966A9D4D,t10_decor_office_desk_stapler_01_lod0_mesh
E0B6E2E082827EDE,j_cosmetic_scarf_right
E0B89A15EC870176,j_shiv
E0EC4B13DF9C0748,j_done_01
E10FADDA06F48AB4,j_steeringshaft_front_right_aim
E11500F6A2629E5C,j_qamiz_cloth_simmesh_30
E11501F6A262A00F,j_qamiz_cloth_simmesh_31
E117FFF6A264D280,j_qamiz_cloth_simmesh_27
E11800F6A264D433,j_qamiz_cloth_simmesh_26
E11801F6A264D5E6,j_qamiz_cloth_simmesh_25
E11802F6A264D799,j_qamiz_cloth_simmesh_24
E11803F6A264D94C,j_qamiz_cloth_simmesh_23
E11804F6A264DAFF,j_qamiz_cloth_simmesh_22
E11805F6A264DCB2,j_qamiz_cloth_simmesh_21
E11806F6A264DE65,j_qamiz_cloth_simmesh_20
E1180DF6A264EA4A,j_qamiz_cloth_simmesh_29
E1180EF6A264EBFD,j_qamiz_cloth_simmesh_28
E11B6CEE4C51387C,j_cosmetic_pistol_pouch_b
E11B6FEE4C513D95,j_cosmetic_pistol_pouch_a
E11B84F6A267EA56,j_qamiz_cloth_simmesh_18
E11B85F6A267EC09,j_qamiz_cloth_simmesh_19
E11B8AF6A267F488,j_qamiz_cloth_simmesh_12
E11B8BF6A267F63B,j_qamiz_cloth_simmesh_13
E11B8CF6A267F7EE,j_qamiz_cloth_simmesh_10
E11B8DF6A267F9A1,j_qamiz_cloth_simmesh_11
E11B8EF6A267FB54,j_qamiz_cloth_simmesh_16
E11B8FF6A267FD07,j_qamiz_cloth_simmesh_17
E11B90F6A267FEBA,j_qamiz_cloth_simmesh_14
E11B91F6A268006D,j_qamiz_cloth_simmesh_15
E12EE17BFAD65C5F,t10_sfh_decor_license_plate_03_lod0
E140B6C9526CEE77,j_cosmetic_small_bag_strap_ri_a
E140B7C9526CF02A,j_cosmetic_small_bag_strap_ri_b
E140B8C9526CF1DD,j_cosmetic_small_bag_strap_ri_c
E155D0265A33D2FF,j_offhand_briefcase_bomb_fuse_button
E157512039D146D2,tag_thrust_vector_right_upper
E15B1F7CD1D8BC51,j_mag2_01
E160274BE38B3F9C,j_cloth_proxy_2
E160294BE38B4302,j_cloth_proxy_0
E16A9AB076A7558E,j_trigger
E16CF0DEF34BDDDE,panel_05_jnt
E17C80FE2C348451,lm_don_bldg_res_window_ext_frame_neoclassical_arched_pillar
E192B305FBF91789,sat_debris_dirt_floating_island_02_lod0
E1ACD363EF339532,j_cosmetic_baglstrap
E1BCD68B08F26531,j_dummy_knee_dist
E1D264BD30E365F5,t10_sabotage_debris_rappel_skylight_window_broken_09
E1D26CBD30E3738D,t10_sabotage_debris_rappel_skylight_window_broken_01
E1D9C8181300D384,back_lowerstrutsend_ri
E1DB4B7BAAAAC086,tag_spoiler_ri_03_animate
E1DF3E9D7A738CB0,j_optics
E1E081847919E3BA,tag_light_back_right_flatbed
E1EA4928B86BFA72,j_cosmetic_ptt
E1EB2471AD9142C9,tag_top4
E1EB2571AD91447C,tag_top3
E1EB2671AD91462F,tag_top2
E1EB2771AD9147E2,tag_top1
E1F6BCDA80A34450,tag_rotor
E2000C7F8FC61981,sphere_wire02_jnt
E2014D8EE5BD1E13,t10_furniture_market_rack_straight_32
E2022FFD9C21AC92,buildup_dirt_plaster_01_corner_16
E204F50DA696B7FA,jup_furniture_plane_galley_box_04_mesh
E207584500E6B3EC,snowcap_01
E207E18EE5C2853D,t10_furniture_market_rack_straight_16
E20B5D8EE5C58DC8,t10_furniture_market_rack_straight_64
E216BE303B292919,tag_end
E216F0181334C59A,back_lowerstrutsend_le
E21A0C6221A86FC2,j_fish_01
E21DC3303B2F5046,tag_elo
E2282D6CE9346B54,tag_gear_door_front_ri_animate
E22941D2BBA5831C,fruit_tart_lowpoly
E2314128B8A7EF7D,j_cosmetic_pin
E23503D00D95245B,j_container_lid
E245B8C8225559F9,tag_ruddervator_right
E24894AAA3FB2017,j_thumb_le_2_prop
E2492EC154E50C69,j_military_loot_crate_ui_01_lid
E25128F4E043E0AF,j_furniture_storage_safe_interactive_02_handle
E2770A05EB2C64F4,tag_wheel_middle1_right_scripted
E2782B25143F96BF,j_manb_origin
E28AC4DBD43A2718,j_t10_zm_harmonict_riangulators_x
E28AC5DBD43A28CB,j_t10_zm_harmonict_riangulators_y
E28AC6DBD43A2A7E,j_t10_zm_harmonict_riangulators_z
E29324EB120266DC,t10_food_market_hanging_plastic_bags_01_lod0_mesh
E2972F1035BFA592,j_rail
E2A377E3D6AA7C55,tag_boom_base
E2AC1108EEDF87E1,sat_debris_snowclumps_01_mesh
E2B5E5F18638BBFB,j_saw_01
E2DAEED804727FEC,bi_base
E2EA5ED465D4CD09,tag_wing_right_fx
E2FBF778F5C8F5BC,j_base_rear_01
E2FBFA78F5C8FAD5,j_base_rear_02
E2FD04FCCFD5CC92,tag_leg_rl_flatten
E307756C7A8D6542,tag_missile_clamp_right_piston_upper_aim
E3079F9F8AC62273,jup_electrical_street_box_01_geo
E34201F602C59093,t10_sabotage_construction_catwalk_damage_01_mesh
E34B19F186B7384B,j_saw_le
E34D66D6687586DA,tag_rear_cab_origin
E35D3783DE65C322,tag_ramp_le_piston_lower_aim
E365248B7AAC88D9,j_engin
E38183E57F0E7639,t10_decor_plaster_ornate_trim_01_mesh
E38EAD8AC43B59C2,j_head_middle_le
E38F98D43A19CFE8,j_cosmetic_puffyjacket_le
E39619F186F723C5,j_saw_ri
E39670D43A1FAA9E,j_cosmetic_puffyjacket_ri
E3B3094D00AB7F2F,sat_barrier_wood_mine_01_lod0
E3B33878AFB8ED00,brakehandle_le
E3B918FF382B69B1,j_cosmetic_lanyard_01_a
E3CB0F57F0FF37DC,j_drone_03
E3CB1057F0FF398F,j_drone_02
E3CB1157F0FF3B42,j_drone_01
E3D2DFEC60EE0C78,j_spine1
E3D2E1EC60EE0FDE,j_spine3
E3D2E2EC60EE1191,j_spine2
E3DD2EF205A1A540,j_smallpack
E3E2D460C85C54C9,plane019
E3E65F60C85F76D1,plane006
E3F06078AFECDF16,brakehandle_ri
E3F11ABCD4D63422,j_fireselect
E3F4958AC491E42C,j_head_middle_ri
E3F6B26B7DD38EC0,duct_metal_circular_straight_128
E409B1CE392D776A,tag_debris_wing_flap_r
E409B3CE392D7AD0,tag_debris_wing_flap_l
E40A483B14FAB3FF,tag_right_bench_animate
E40CB4240B9ADF2C,j_fan_l
E40CCA240B9B048E,j_fan_r
E40CF6F4FBE92BB9,tag_screen_1_relays_on
E412C97C0D5D410B,j_shock_rod_middle_right_tgt
E41DF4AF1DD2357B,tag_origin_claymore
E422B576D95E978C,j_cosmetic_le_cloths_b_01
E422B876D95E9CA5,j_cosmetic_le_cloths_b_02
E425E608509B55D1,j_pen
E43154C9ACA09B58,me_kitchen_tea_cup_01
E433060850A6168D,j_pin
E436058E5F8FC98B,j_cosmetic_tied_gloves
E439F00850AC0FD9,j_pot
E43EBCCDA9FE1907,t10_clothing_gear_bowler_hat_01_lod0
E446C64E3ECB53D5,t10_sfh_decor_license_plate_01_lod0
E44D3F326ABAA63B,medical_centrifuge_01
E4555006800DDD3D,tag_wheel_center_back
E45BF10850C8F7F2,j_pus
E45C289ABA739C77,j_canopy_mid_front
E45F52B47CC9A51B,j_steeraxel_front_left_aim
E4602E47F1EE0F83,j_coin_01
E465682157C18007,tag_chunk_c_dst
E466D361FB4DDB90,j_forehead_add_le_009
E466D461FB4DDD43,j_forehead_add_le_008
E466DB61FB4DE928,j_forehead_add_le_001
E466DE61FB4DEE41,j_forehead_add_le_002
E466E161FB4DF35A,j_forehead_add_le_007
E477619CE85EEED2,toy_nursery_hanging_mobile_01_dyn_s1_f11
E477629CE85EF085,toy_nursery_hanging_mobile_01_dyn_s1_f10
E4793B348D6F0B95,j_underlip
E48422DD1E120348,barrier_wooden_slats_01_woodslats_kit_64x24
E486978468F8F5D2,p7_bottle_glass_liquor_expensive_02_empty
E491BB39A2BAE6E4,equipment_roof_skylight_medium_01
E495572930F670B5,skull_jnt
E498566F7B387E24,j_gift
E4A75360552BF090,uk_house_gutter_pipe_funnel_01
E4A802E21927E050,j_barrel_rotate
E4A99D206C328119,j_maw_le
E4CE2C1C15F9A639,tag_door_right_animate
E4D37303771A9E17,tag_wheel_center_middle1_right_flat
E4DACBC7A6EF89EB,tag_door_side_bottom_front_l
E4E3E36904FF493F,j_ghillie_shoulder_le
E4E92D0C13A4ED7B,j_shock_rod_back_right_aim
E4ECD0EC61DD7AB0,j_spin02
E4ECD1EC61DD7C63,j_spin03
E4ECD3EC61DD7FC9,j_spin01
E4ECD4EC61DD817C,j_spin06
E4ECD5EC61DD832F,j_spin07
E4ECD6EC61DD84E2,j_spin04
E4ECD7EC61DD8695,j_spin05
E4ECDAEC61DD8BAE,j_spin08
E4ECDBEC61DD8D61,j_spin09
E4F3DAFE4BD43BB7,trim_char_f_1_1
E502C5206C7EEDE7,j_maw_ri
E50998D0E8093FD4,moving_crane_rail_01
E50F59D1E0C28932,j_cosmetic_rope_b1
E5120A4926A2DC1D,j_dummy_l_elbow
E517541B40E36213,j_lid_front_le_2_hide
E51F61735B3F0200,sat_debris_dirt_floating_island_03_lod0
E52765A784666794,sat_synapse_fabric_server_plastic_cover_01_mesh
E5292B5717B0ABC7,j_steering_rod_middle1_right_aim
E52CA1CD861FC66D,j_jack
E541D5FBB0473D8D,sat_mp_forge_window_bridge_glass_pane_02_mesh
E546A547674D0525,uk_brick_wall_trim_01_16_endcap
E54A0B6905564069,j_ghillie_shoulder_ri
E54CEBD340DCF68D,j_cosmetic_techgear
E556BDD1339C8F44,tag_aps_box_dst
E556E8F246AAD2D0,tag_switch_cover_animate
E55714C21CD4B5E7,sat_construction_shelf_column_01_mesh
E567349B77185AC0,lod0_t10_electronics_zm_elevator_keypad_01_lod0
E56E7B5B6378224D,j_lip_bot
E572BCDFF0FAD8C2,tag_tail_rotor_blade_03_rot
E58458F6529CA25C,j_cheek_ri_1
E5845AF6529CA5C2,j_cheek_ri_3
E5845BF6529CA775,j_cheek_ri_2
E586DDDFEB878D2A,jup_archway_town_library_01_mesh1
E59764432A312FCF,tag_trailer
E5A4E306A43E9862,j_upper_brow_le_004
E5A752E251585640,j_back_equip_le
E5A7556FA22C1B17,uk_walls_drywall_01_debris_lg_01
E5A86006A441A2A0,j_upper_brow_le_015
E5A86106A441A453,j_upper_brow_le_014
E5A86306A441A7B9,j_upper_brow_le_016
E5A86406A441A96C,j_upper_brow_le_011
E5A86506A441AB1F,j_upper_brow_le_010
E5A86606A441ACD2,j_upper_brow_le_013
E5A86706A441AE85,j_upper_brow_le_012
E5B8BC0055118F58,tag_shtgn_attach
E5BD8BB2F370DC64,tag_bipod_show
E5D0DE17C020203B,j_cosmetic_radio_collar
E5D75E5B6E3C4A64,tag_screen_red
E5DE94F6EBEA121D,j_charginghandleassistleft
E5E47AE2518C4856,j_back_equip_ri
E5E8D14CCA784001,j_innerlip_bot_le_001
E5E9DA3BB5406BC3,tentacle
E5F32F9529A0762B,j_mag_release_le
E5F57F68A1BF5303,j_fuse
E5F840879D208FA6,tag_left_archer_missile
E60BF3B4608DD123,j_front_plates
E61F44DFC47B9267,j_cosmetic_camelbackrstrap
E62BFAE0A73C9EE1,j_cosmetic_wire_mid_a_jnt
E62FBB9C2183E970,ee_trim_small_roof_8
E638443A6237C879,j_knee_back_le
E63E2F9529E061A5,j_mag_release_ri
E64990DFCDCC4B29,decor_prison_hanging_shackle_01_open_b
E64DB414ED9FBEC7,lm_wall_rooftop_metal_lip_16
E64E91CFB67CD043,j_sword
E653E5A59EC49D9A,tag_tail_rotor_blade_01_blur
E654A014EDA5BB79,lm_wall_rooftop_metal_lip_32
E65DC6197B2492CF,j_bell_01
E65EB414EDAE31FA,lm_wall_rooftop_metal_lip_64
E663D0EA74648B57,j_sleave_reshape_top_le_1
E663D1EA74648D0A,j_sleave_reshape_top_le_2
E663D2EA74648EBD,j_sleave_reshape_top_le_3
E66B545B99A5210E,j_arm_gear_ri
E66F873756B5ACD0,bio_gr_arid_grass_straight_01
E671D82959BE9946,un_office_desk_phone
E67C4EABB751DE68,j_bells_lights_back_01
E68104E9D78684D9,tag_slats_left
E686BCAB528163B0,j_thighbag
E6906C3A62828247,j_knee_back_ri
E69C1E408A671D38,wheel_root_r
E69C2C408A673502,wheel_root_l
E6A2B074E14F45B6,side_door_front1_l_jnt
E6AD83E2971A61B4,j_panel
E6AF17CB9D8AC46E,tag_light_lightbar_d1
E6AF18CB9D8AC621,tag_light_lightbar_d0
E6B692BEDE8BF1D1,j_chute_c_top
E6B716422B0D1B07,me_store_grocery_mobile_stand_tray_02
E6B80EA77B3E3E26,t10_sbx_rocks_natural_04_lod0
E6CA7A45F52FEB4F,j_cosmetic_camelback
E6D11709E527E524,sat_decor_bollard_01_up_mesh
E6D13C5B99FBAB78,j_arm_gear_le
E6EC5C717E5F5AFF,tag_acog_2
E6EE8E4A57F260FE,tongue2_jnt
E6F70536C90C4320,tag_light_fwd_parking_left_d0
E6F717A3F8062C69,tag_balloon_base
E70DBB2C13076769,j_cosmetic_cape_9
E70DC22C1307734E,j_cosmetic_cape_0
E70DC32C13077501,j_cosmetic_cape_1
E70DC42C130776B4,j_cosmetic_cape_6
E70DC52C13077867,j_cosmetic_cape_7
E70DC62C13077A1A,j_cosmetic_cape_4
E70DC72C13077BCD,j_cosmetic_cape_5
E739FCE5C688F142,tag_chunk_door_ri_dst
E73D27EAC1BE39F2,j_charginghandle_right
E741541BF6E8B01C,back_left_axle_z
E74805D3422487E2,tag_ammo_box_debris
E74CC9EC1EB6BB80,cyclops_s4_construction_wall_facade_piece_01_a_short_mesh
E74FD24707E46020,j_modem
E75159F16C1481F1,j_panel1_screen_push
E75943B5EBD38641,j_smartphone
E765D1D56EF02556,j_liquid
E76CD3D56EF6476A,j_liquor
E776E0D7CE13EF29,j_cosmetic_chest_knife
E77769F9C062796F,j_lid_front_ri_1_show
E7827909ADEAFE12,tag_rudder_left
E782941FF564C2D7,j_cosmetic_broken_mirror_01
E782951FF564C48A,j_cosmetic_broken_mirror_02
E782961FF564C63D,j_cosmetic_broken_mirror_03
E788936CF71A7572,tag_missile_hydraulic_large_lower_aim
E791CF012427E9A5,j_dummy_r_hip
E7A224FB700903BF,sat_zm_locust_animal_fur_03_mesh
E7A4BEC0020F4622,tag_blade_03_dst
E7AA9AB399EE79A0,tag_neck_ri_weakpoint
E7C323BB5D52F39A,tag_flatbed
E7C33D8902C6994C,j_cylinder_rel
E7CC303B75404565,tag_attach_rotor_chunk_b_dst
E7D2BA21D755BD76,jup_mx_electronics_register_01_mesh
E7DA433DE03B0B4C,j_cosmetic_tacticalgear
E7DB9618140582B7,j_cosmetic_ar2_camelback
E7DCABFCAE669985,tag_leg_fl_base_rotate
E7DD898871C86C72,tag_thrust_vector_left_lower
E7DE24592F178914,tongue0_jnt
E7E7AAC5FDBFC905,tag_fire_control_handle_animate
E7FDDE4D0BCA4BA8,decor_misc_props_01_funnel_small_plastic_white
E80744920E2256F1,tag_pedal_l_rot
E80FDA8108135558,tag_glass_side_back_right_d2
E80FDB810813570B,tag_glass_side_back_right_d3
E80FDC81081358BE,tag_glass_side_back_right_d0
E80FDD8108135A71,tag_glass_side_back_right_d1
E80FE08108135F8A,tag_glass_side_back_right_d4
E80FE1810813613D,tag_glass_side_back_right_d5
E8128AA2D95DDDA4,steel_ladder_toplod0
E81336173F0444C5,sat_electronics_tactical_smartphone_bongo_01_mesh
E814A876FCE60854,j_key_pound
E82A4FD44D985FB1,t10_stationary_paper_tray_black_01_c_lod0
E82ADA7120847F54,tag_tree
E82C696CDB7C4E7C,dash_shaker_lft_jnt
E82F552A9C7C52B7,lift_loader_rot_jnt
E85F6A1284A2032A,r_ripbottom1_jnt
E86A6775267AAAC1,decor_suitcase_01_body
E87107722C09D84F,j_bracket_upper02
E878BF9440D612CE,j_shoulder_armor_ri
E87CE3FD4E0E22E0,mayhem_export_cloth_50
E87CE4FD4E0E2493,mayhem_export_cloth_51
E87CE5FD4E0E2646,mayhem_export_cloth_52
E87CE6FD4E0E27F9,mayhem_export_cloth_53
E87CE7FD4E0E29AC,mayhem_export_cloth_54
E87CE8FD4E0E2B5F,mayhem_export_cloth_55
E87CE9FD4E0E2D12,mayhem_export_cloth_56
E87CEAFD4E0E2EC5,mayhem_export_cloth_57
E87CEBFD4E0E3078,mayhem_export_cloth_58
E87CECFD4E0E322B,mayhem_export_cloth_59
E87D18CAB668AE8F,j_cosmetic_backradioa
E88066FD4E113750,mayhem_export_cloth_43
E88067FD4E113903,mayhem_export_cloth_42
E88068FD4E113AB6,mayhem_export_cloth_41
E88069FD4E113C69,mayhem_export_cloth_40
E8806AFD4E113E1C,mayhem_export_cloth_47
E8806BFD4E113FCF,mayhem_export_cloth_46
E8806CFD4E114182,mayhem_export_cloth_45
E8806DFD4E114335,mayhem_export_cloth_44
E88070FD4E11484E,mayhem_export_cloth_49
E88071FD4E114A01,mayhem_export_cloth_48
E8827036399B2C81,j_carry_hip_ri
E8828712D724D664,sat_ava_signage_adv_poster_02_mesh
E88369FD4E137240,mayhem_export_cloth_76
E8836AFD4E1373F3,mayhem_export_cloth_77
E8836BFD4E1375A6,mayhem_export_cloth_74
E8836CFD4E137759,mayhem_export_cloth_75
E8836DFD4E13790C,mayhem_export_cloth_72
E8836EFD4E137ABF,mayhem_export_cloth_73
E8836FFD4E137C72,mayhem_export_cloth_70
E88370FD4E137E25,mayhem_export_cloth_71
E88377FD4E138A0A,mayhem_export_cloth_78
E88378FD4E138BBD,mayhem_export_cloth_79
E886ECFD4E1686B0,mayhem_export_cloth_69
E886EDFD4E168863,mayhem_export_cloth_68
E886F5FD4E1695FB,mayhem_export_cloth_60
E886F6FD4E1697AE,mayhem_export_cloth_63
E886F7FD4E169961,mayhem_export_cloth_62
E886F8FD4E169B14,mayhem_export_cloth_65
E886F9FD4E169CC7,mayhem_export_cloth_64
E886FAFD4E169E7A,mayhem_export_cloth_67
E886FBFD4E16A02D,mayhem_export_cloth_66
E889606276405C06,electrical_cable_surge_arrester_horizontal_01
E88A73FD4E19A1EC,mayhem_export_cloth_18
E88A74FD4E19A39F,mayhem_export_cloth_19
E88A77FD4E19A8B8,mayhem_export_cloth_14
E88A78FD4E19AA6B,mayhem_export_cloth_15
E88A79FD4E19AC1E,mayhem_export_cloth_16
E88A7AFD4E19ADD1,mayhem_export_cloth_17
E88A7BFD4E19AF84,mayhem_export_cloth_10
E88A7CFD4E19B137,mayhem_export_cloth_11
E88A7DFD4E19B2EA,mayhem_export_cloth_12
E88A7EFD4E19B49D,mayhem_export_cloth_13
E88B0B87F3A16EB7,j_laptop_tray
E89165FD4E1FA8D0,mayhem_export_cloth_32
E89166FD4E1FAA83,mayhem_export_cloth_33
E89167FD4E1FAC36,mayhem_export_cloth_30
E89168FD4E1FADE9,mayhem_export_cloth_31
E89169FD4E1FAF9C,mayhem_export_cloth_36
E8916AFD4E1FB14F,mayhem_export_cloth_37
E8916BFD4E1FB302,mayhem_export_cloth_34
E8916CFD4E1FB4B5,mayhem_export_cloth_35
E8916FFD4E1FB9CE,mayhem_export_cloth_38
E89170FD4E1FBB81,mayhem_export_cloth_39
E893B02B083E9E16,tag_lamp
E89468FD4E21E3C0,mayhem_export_cloth_25
E89469FD4E21E573,mayhem_export_cloth_24
E8946AFD4E21E726,mayhem_export_cloth_27
E8946BFD4E21E8D9,mayhem_export_cloth_26
E8946CFD4E21EA8C,mayhem_export_cloth_21
E8946DFD4E21EC3F,mayhem_export_cloth_20
E8946EFD4E21EDF2,mayhem_export_cloth_23
E8946FFD4E21EFA5,mayhem_export_cloth_22
E89474FD4E21F824,mayhem_export_cloth_29
E89475FD4E21F9D7,mayhem_export_cloth_28
E8A303427F6C1BB4,tag_light_front_signal_left_d0
E8A304427F6C1D67,tag_light_front_signal_left_d1
E8A4ECF9435AA4B7,j_cosmetic_spinelower_frnt_ri
E8A567FD4E305540,mayhem_export_cloth_94
E8A568FD4E3056F3,mayhem_export_cloth_95
E8A569FD4E3058A6,mayhem_export_cloth_96
E8A56AFD4E305A59,mayhem_export_cloth_97
E8A56BFD4E305C0C,mayhem_export_cloth_90
E8A56CFD4E305DBF,mayhem_export_cloth_91
E8A56DFD4E305F72,mayhem_export_cloth_92
E8A56EFD4E306125,mayhem_export_cloth_93
E8A573FD4E3069A4,mayhem_export_cloth_98
E8A574FD4E306B57,mayhem_export_cloth_99
E8A5B6D02721E9E0,joint1060
E8A5B7D02721EB93,joint1061
E8A8EAFD4E3369B0,mayhem_export_cloth_87
E8A8EBFD4E336B63,mayhem_export_cloth_86
E8A8ECFD4E336D16,mayhem_export_cloth_85
E8A8EDFD4E336EC9,mayhem_export_cloth_84
E8A8EEFD4E33707C,mayhem_export_cloth_83
E8A8EFFD4E33722F,mayhem_export_cloth_82
E8A8F0FD4E3373E2,mayhem_export_cloth_81
E8A8F1FD4E337595,mayhem_export_cloth_80
E8A8F8FD4E33817A,mayhem_export_cloth_89
E8A8F9FD4E33832D,mayhem_export_cloth_88
E8A93BD0272501B6,joint1071
E8A93CD027250369,joint1070
E8AC42D027274372,joint1040
E8AC43D027274525,joint1041
E8AFC7D0272A5B48,joint1051
E8AFC8D0272A5CFB,joint1050
E8B34ED0272D7684,joint1020
E8B34FD0272D7837,joint1021
E8B6D3D027308E5A,joint1031
E8B6D4D02730900D,joint1030
E8B904F9436B7689,j_cosmetic_spinelower_frnt_le
E8BA3AD027337336,joint1000
E8BA3BD0273374E9,joint1001
E8BD3FD02735B18C,joint1011
E8BD40D02735B33F,joint1010
E8BF583639CEB1D7,j_carry_hip_le
E8C522679C96BD7A,tag_headlight
E8CAE36E267C4646,tag_door_trailer_rear_left_d0
E8D38999E161BA7C,uk_scaffold_kit_256_02
E8D38A99E161BC2F,uk_scaffold_kit_256_03
E8D52343B2DFEFD6,tag_skid_right_dst
E8D54AD0274A561E,joint1080
E8D54BD0274A57D1,joint1081
E8D81722B93BF676,building_elevator_01
E8D8CFD0274D6DF4,joint1091
E8D8D0D0274D6FA7,joint1090
E8DD71CE47A8A5FB,uk_electrical_box_medium_01_open
E8DDC5427B76671D,j_hydraulic_top_ri_01
E8DEA794412C9D38,j_shoulder_armor_le
E8DF40B5F79734C8,j_panel1_screen_green_up
E8E4B840C221760F,j_dummy_r_torso
E8E6746CD970F93A,ct_lowerlip_jnt
E8EF24F496176D7B,water_basin_enamel_01_white_lod0
E8EFAAB3E2DDF3E4,tag_plate_dst
E8F66244ABBF6279,tag_gear_ri_01_animate
E8F97AE39E0E3F46,j_radiator_down_8
E8F980E39E0E4978,j_radiator_down_2
E8F981E39E0E4B2B,j_radiator_down_3
E8F983E39E0E4E91,j_radiator_down_1
E8F984E39E0E5044,j_radiator_down_6
E8F985E39E0E51F7,j_radiator_down_7
E8F986E39E0E53AA,j_radiator_down_4
E8F987E39E0E555D,j_radiator_down_5
E8F9FDED7FAE6FCD,j_carry_neck
E8FDD12235702B5E,j_cosmetic_smoke_grenade
E904206291AFA7C8,electrical_box_small_02
E9129A105B7BCEF6,furniture_dresser_damaged_door_right
E923ECEC62045A87,misc_tools_pliers_01
E923EDEC62045C3A,misc_tools_pliers_02
E92768BB6AF529D7,sgon_sat_q2_sc_mtn_town_01_gl_7da918d6_2
E93D39303EC8B706,tag_fx8
E93D3A303EC8B8B9,tag_fx9
E93D3F303EC8C138,tag_fx2
E93D40303EC8C2EB,tag_fx3
E93D42303EC8C651,tag_fx1
E93D43303EC8C804,tag_fx6
E93D44303EC8C9B7,tag_fx7
E93D45303EC8CB6A,tag_fx4
E93D46303EC8CD1D,tag_fx5
E9455230602590B6,tag_lever_rot
E95CD3494C48EE95,sat_aus_machinery_switchyard_pipe_case_side_mesh
E96F41BB608F4524,middle_right_axle
E974486A31DB9D4E,tag_blade
E97F27A959368BD0,sgon_ht_ground_marketplace_01_gl_7da918d6_2_high
E97FAB497EEAC3A8,j_proc_nvg
E98501028848EB1D,tag_bed_sidewall_left_animate
E98B0221B88F43B7,doorknob2_lod0
E99307168CCC6659,bottle_ind_geo
E99759D554374F2E,jup_rock_beach_coral_03_mesh
E99EA0AAFDCAF73B,tag_left_prop_swing_arm
E9A18100ADC71B25,tag_windshield_frame_animate
E9B561B418FEE68C,j_lid_front_ri_2_show
E9C731D472212B6C,j_mask2
E9C734D472213085,j_mask1
E9D8C3C2EE20810C,automotive_wheel_chock_01_med
E9E5AEB6D2ED8C2F,lod_0
E9EBA630D2A5DFA0,tag_rudder_brake_ri_lower
EA1D8983DA70051B,ee_street_cement_curb_thick_32_mesh
EA2286CC73ED1DCB,j_cosmetic_comboxa
EA2287CC73ED1F7E,j_cosmetic_comboxb
EA243399FC1F1F47,jup_lighting_long_wall_sconce_01_mesh
EA2596E1231653EB,t10_machinery_pump_01_0_mesh
EA446241D6C232F4,t10_sabotage_window_iron_bar_big_grate_lod0
EA4B1F4CE2321BBC,j_nvg_pivot
EA5EF239A6DA0101,tag_door_fl_slide_animate
EA6145515FD893B5,kitchen_01_pot_food_01_hanging_pot
EA654027CAFEAB5F,tag_origin_arm_1
EA654127CAFEAD12,tag_origin_arm_2
EA6F672381C77653,electronics_control_units_04
EA6F6A2381C77B6C,electronics_control_units_01
EA719C5F87DC963A,sign_t10_ava_signage_shop_pizza_01
EA772077393775E0,tag_airbrake_piston_upper_aim
EA7AA490757ABBC8,tag_glass_bus_right_07_d3
EA7AA590757ABD7B,tag_glass_bus_right_07_d2
EA7AA690757ABF2E,tag_glass_bus_right_07_d1
EA7AA790757AC0E1,tag_glass_bus_right_07_d0
EA7E760B4E34339D,me_tools_pick
EA82637B3C20CF6D,t10_zm_cemetery_tombstone_05_mesh
EA846D7A4F22CA4B,j_disc
EA9BB812B3C46D17,shotgun_02_jnt
EAA8143B09AD44B0,j_barrel_3
EAA8153B09AD4663,j_barrel_2
EAA8163B09AD4816,j_barrel_1
EAAA58E3C217251F,j_charginghandlegrip
EAABBB3F71A8EC32,sat_jap_machinery_express_train_wagon_window_lod0
EAB4867A4F4C1888,j_dial
EAC3C64D77A0DFB0,rod_extend_jnt
EAD33CA09B43A0B4,j_lip_inside_ri_1
EADA4D6E71076594,j_screen_3
EADA4E6E71076747,j_screen_2
EADA4F6E710768FA,j_screen_1
EADA7D6E7107B724,j_screen_c
EADA7E6E7107B8D7,j_screen_b
EADA7F6E7107BA8A,j_screen_a
EADB6A32C2E23A10,j_ammo_58
EADB6B32C2E23BC3,j_ammo_59
EADB7232C2E247A8,j_ammo_50
EADB7332C2E2495B,j_ammo_51
EADB7432C2E24B0E,j_ammo_52
EADB7532C2E24CC1,j_ammo_53
EADB7632C2E24E74,j_ammo_54
EADB7732C2E25027,j_ammo_55
EADB7832C2E251DA,j_ammo_56
EADB7932C2E2538D,j_ammo_57
EADBC44851A46C68,j_mag_follower
EADE6F32C2E47866,j_ammo_49
EADE7032C2E47A19,j_ammo_48
EADE7532C2E48298,j_ammo_43
EADE7632C2E4844B,j_ammo_42
EADE7732C2E485FE,j_ammo_41
EADE7832C2E487B1,j_ammo_40
EADE7932C2E48964,j_ammo_47
EADE7A32C2E48B17,j_ammo_46
EADE7B32C2E48CCA,j_ammo_45
EADE7C32C2E48E7D,j_ammo_44
EADFD7D90F48812F,j_piston
EADFD9D90F488495,j_pistol
EAE56332C2EA82B0,j_ammo_61
EAE56432C2EA8463,j_ammo_60
EAE60A9D6198E7BA,equipment_roof_vent_blades
EAE8E632C2ED9720,j_ammo_14
EAE8E732C2ED98D3,j_ammo_15
EAE8E832C2ED9A86,j_ammo_16
EAE8E932C2ED9C39,j_ammo_17
EAE8EA32C2ED9DEC,j_ammo_10
EAE8EB32C2ED9F9F,j_ammo_11
EAE8EC32C2EDA152,j_ammo_12
EAE8ED32C2EDA305,j_ammo_13
EAE8F232C2EDAB84,j_ammo_18
EAE8F332C2EDAD37,j_ammo_19
EAEC6932C2F0AB90,j_ammo_07
EAEC6A32C2F0AD43,j_ammo_06
EAEC6B32C2F0AEF6,j_ammo_05
EAEC6C32C2F0B0A9,j_ammo_04
EAEC6D32C2F0B25C,j_ammo_03
EAEC6E32C2F0B40F,j_ammo_02
EAEC6F32C2F0B5C2,j_ammo_01
EAEC7732C2F0C35A,j_ammo_09
EAEC7832C2F0C50D,j_ammo_08
EAEF6E32C2F2E9E6,j_ammo_38
EAEF6F32C2F2EB99,j_ammo_39
EAEF7432C2F2F418,j_ammo_32
EAEF7532C2F2F5CB,j_ammo_33
EAEF7632C2F2F77E,j_ammo_30
EAEF7732C2F2F931,j_ammo_31
EAEF7832C2F2FAE4,j_ammo_36
EAEF7932C2F2FC97,j_ammo_37
EAEF7A32C2F2FE4A,j_ammo_34
EAEF7B32C2F2FFFD,j_ammo_35
EAF2F332C2F601BC,j_ammo_29
EAF2F432C2F6036F,j_ammo_28
EAF2F732C2F60888,j_ammo_25
EAF2F832C2F60A3B,j_ammo_24
EAF2F932C2F60BEE,j_ammo_27
EAF2FA32C2F60DA1,j_ammo_26
EAF2FB32C2F60F54,j_ammo_21
EAF2FC32C2F61107,j_ammo_20
EAF2FD32C2F612BA,j_ammo_23
EAF2FE32C2F6146D,j_ammo_22
EAF6F4F0B27C9D68,j_dummy_chest
EAFFAB2979B718A2,tag_torso_le_weakpoint
EB05D29B2DD7E8E8,in_structural_trim_base_stone_28_mesh
EB06E194A3FE2360,j_paperh
EB06EA94A3FE32AB,j_papera
EB06EB94A3FE345E,j_paperb
EB06EC94A3FE3611,j_paperc
EB06ED94A3FE37C4,j_paperd
EB06EE94A3FE3977,j_papere
EB06EF94A3FE3B2A,j_paperf
EB06F094A3FE3CDD,j_paperg
EB181E5214DF88E8,gravel_pile_03_lr
EB39C0CEF9D5D894,j_neck_rt_1
EB39C3CEF9D5DDAD,j_neck_rt_2
EB3DD1EB703C9657,tag_leg_mid_actuator_ri
EB418E8AD92E4099,sat_signage_forge_server_fui_plane_02_mesh
EB4A10C7C23F96E6,j_bipod_leg_01_upper
EB51E9EB704D6829,tag_leg_mid_actuator_le
EB5770792F7A1615,tag_investigator_1
EB79BBBC9C717BCF,furniture_dresser_mirror_subd
EB8A1F3A0A5784E7,j_temple_le_001
EB8A203A0A57869A,j_temple_le_002
EB8A213A0A57884D,j_temple_le_003
EBA5BCF950EE2C30,jup_decor_medical_crate_01_mesh
EBA78BCC35CF0D86,sat_building_far_vista_12
EBADF6B259261D1E,j_cosmetic_shemagh_d
EBADF7B259261ED1,j_cosmetic_shemagh_e
EBADF8B259262084,j_cosmetic_shemagh_b
EBADF9B259262237,j_cosmetic_shemagh_c
EBADFBB25926259D,j_cosmetic_shemagh_a
EBB651959C88FD10,tag_glass_bus_right_06_d0
EBB652959C88FEC3,tag_glass_bus_right_06_d1
EBB653959C890076,tag_glass_bus_right_06_d2
EBB654959C890229,tag_glass_bus_right_06_d3
EBC44FEEDF078435,medical_jar_pad_04
EBC9D5EB96D510A5,t10_door_metal_bunker_frame_old_01_a
EBD6B4990F317B08,container_fertilizer_bag_stack_02
EBD6B5990F317CBB,container_fertilizer_bag_stack_03
EBD6BB990F3186ED,container_fertilizer_bag_stack_05
EBDCDA700C128F83,t10_street_trash_green_dumpster_02
EBDFDAB25A00FD70,tag_window_right5
EBDFDBB25A00FF23,tag_window_right4
EBDFDEB25A01043C,tag_window_right1
EBDFE0B25A0107A2,tag_window_right3
EBDFE1B25A010955,tag_window_right2
EBE557E57E528F26,j_shock_rod_middle1_right_aim
EBF2794079DE29F7,tag_wheel_front_right_spin
EBF7EFB796EA451C,j_valve
EC05B3A68CABCBBC,revolver_04_jnt
EC0A6376A939F3C3,revolver_05_jnt
EC121C9AAD615581,mesh_node
EC1757D67963E1F5,nose_jnt
EC480CBE2390F62C,laptop_screen_off
EC48DCDC5D49BA28,flag_tag
EC4BBAD739354184,proc_bag
EC4FDBE22B9569A2,sat_decor_floor_mat_rubber_01_mesh
EC5529F87420DF4C,j_leg_back_01_lower
EC5818D736805D31,un_stairs_exterior_marble_white_corner_inside_lod0
EC6282C237E70320,tag_canister_02
EC6283C237E704D3,tag_canister_03
EC6285C237E70839,tag_canister_01
EC6EFF0A9DAF11A8,sml_lift_rot_head_jnt1
EC8A99F4EF7F0ECE,tag_engine_pod_ri_dst
ECA6B6471D143E3B,tag_winglet_rudder_ri_ob
ECAE6D9B1B18F91D,jup_sign_commercial_billboard_political_01_mesh
ECB8EDF75B4EBD93,stick_l_jnt
ECBA92471D24AA19,tag_winglet_rudder_ri_in
ECC0EBA8321C0C11,rot_jnt
ECC27865BF7440EF,j_train01
ECC8C9F7890A4778,lm_door_glass_metal_frame_window_48
ECCF49F7890F8CA6,lm_door_glass_metal_frame_window_64
ECD11BA3323225C9,j_ghillie_shouldertwist_ri1
ECE04DF7891E06A5,lm_door_glass_metal_frame_window_32
ECE64B2BA9188E6D,j_kitchen_appliance_refrigerator
ECED27BED57F3963,j_proc_mid_le_1
ECF266771666928A,pasted__edge_02
ECF4720DD763787A,tag_gunner_right
ECF9A5C23FD5D963,shotgun_02_fx
ED03ED75DEAEF382,tag_light_one_off_8
ED03EE75DEAEF535,tag_light_one_off_9
ED03EF75DEAEF6E8,tag_light_one_off_6
ED03F075DEAEF89B,tag_light_one_off_7
ED03F175DEAEFA4E,tag_light_one_off_4
ED03F275DEAEFC01,tag_light_one_off_5
ED03F375DEAEFDB4,tag_light_one_off_2
ED03F475DEAEFF67,tag_light_one_off_3
ED03F675DEAF02CD,tag_light_one_off_1
ED03F955F03C22F6,group61_cluster77
ED040355F03C33F4,group61_cluster79
ED040455F03C35A7,group61_cluster78
ED070255F03E6818,group61_cluster80
ED070355F03E69CB,group61_cluster81
ED1AC40F7EA7FAC8,j_elevator_door_dbl_int_left_back
ED1B82AE5ABB1294,j_cosmetic_glowsticka
ED1B85AE5ABB17AD,j_cosmetic_glowstickb
ED2CEA98E645D585,sat_signage_forge_server_fui_plane_06_mesh
ED2E0CB0D530B34E,jnt_chunk_4
ED2E0EB0D530B6B4,jnt_chunk_2
ED2E0FB0D530B867,jnt_chunk_3
ED2E11B0D530BBCD,jnt_chunk_1
ED352B7FEA258DA4,p7_conduit_metal_2_brace_support_lod0
ED3C88C0979EBD38,antenna1_l0
ED42901C36AF3B3F,floor_wood_plank_splintered_end_02_burned
ED4DAD5EBD311396,j_antenna_rot_tip_joint
ED6169234C1FF0E5,me_furniture_fancy_armchair_02
ED652F6CE7092CEB,tag_ik_loc_le_orientconstraint1
ED6E8D784EC78D73,jup_accessory_kayak_paddle_02_lod0
ED79E09FADC1B3FE,lighting_commercial_lamp_small_01_attached_chain
ED81E472E5A0B329,j_steeringshaft_front_left_tgt
ED88A612C57FC22D,tag_barrel_hide2
ED892095146BEEA1,tool_security_padlock_staple_01
ED939C8983E2C804,t10_clothing_bags_purse_ekasmall_01
ED98CD4B15BB6149,j_pilot_chutebase_dynamic
EDC71D99A8716EFB,tag_crane_slide_a_animate
EDCA1E57B99B0DC4,jup_ground_geo_fallen_tree_large_01_geo
EDDF72EA7EC0FBA9,j_chest_prop
EDE6816EFBF15C14,j_ghillie_05_av2
EDEA0065C06F3A18,j_train_1
EDF2193901F4047F,j_cosmetic_bcd_vest_dring_a
EDF21A3901F40632,j_cosmetic_bcd_vest_dring_b
EDFA1ECC3AF6FE28,clothing_military_uniform_fabric_01
EDFE9D24382239F0,t10_electronics_calculator_vintage_01_mesh
EDFF21A27EC96244,tag_tail_wing
EE0469D24BF7FE21,j_cosmetic_bakcpack_strap02_ri
EE09CF04E6B63CB3,me_door_shop_right_damaged_02
EE0FD04496F52B31,uk_plastic_container_filled_01_empty
EE1487C79C02467A,toy_stuffed_animal_elephant_01
EE1F9899B219AEE3,j_piston_01
EE1F9999B219B096,j_piston_02
EE1F9A99B219B249,j_piston_03
EE1F9B99B219B3FC,j_piston_04
EE1F9C99B219B5AF,j_piston_05
EE1F9D99B219B762,j_piston_06
EE1F9E99B219B915,j_piston_07
EE1F9F99B219BAC8,j_piston_08
EE280FC947B3CCE2,ar_04_fx
EE30D7C2ECC3CAA5,j_container
EE323A20128DB11A,tag_hatch_driver_d0
EE38D4C3DC8B316F,t10_rdt_decor_intel_set_01_mesh2
EE4151D24C2B8377,j_cosmetic_bakcpack_strap02_le
EE5A49A480C63848,j_clamp_back_uple
EE6121A480CC12FE,j_clamp_back_upri
EE70127DD60D8F94,sgon_sat_avalon_pipeline_retaining_wall_02_gl_7da918d6_2
EE85756A3D4A0B20,j_wing_le_01_fx
EE86C5EC1D466960,j_light_red_01
EE86C7EC1D466CC6,j_light_red_03
EE86C8EC1D466E79,j_light_red_02
EE95321042933810,tag_light_roof_front_left_d2
EE95341042933B76,tag_light_roof_front_left_d0
EE95351042933D29,tag_light_roof_front_left_d1
EEA9486CB55E8203,j_eject
EEB5ABA8EAA27B3B,sat_decor_bodybag_01_ui_od0
EEB676C7D95B21D6,j_upperspineprocuplow
EEBD073377AC204C,j_glider_frame_right
EECB166F47C94D77,j_wrist_le_prop
EED051A41E5270BD,tag_light_r_wing
EED1AFB88AB7C4A7,ee_railing_wood_stairs_wall_mounted_angled_short_02
EED1B0B88AB7C65A,ee_railing_wood_stairs_wall_mounted_angled_short_01
EED3879A6F202E7B,tag_light_rop_right
EEE00D9062FBFB10,tag_windshield_front_pristine
EEE0A792C1F4ABDB,tag_grenade_05_fx
EEFB5E350D5FC4B9,electronics_fire_alarm_bell_01
EF059AA3EE46443F,j_anim
EF0CA1A3EE4C6ED2,j_ankh
EF11048B6F2812C3,uk_house_gutter_pipe_32_01
EF3DD7961009619A,j_cosmetic_pouch_utility
EF3E78A0B87F4934,ee_gate_metal_painted_01_left_door
EF442814B8C75432,j_badge01
EF4484C3463276DC,j_cosmetic_gypsy_bag_8
EF4488C346327DA8,j_cosmetic_gypsy_bag_4
EF448AC34632810E,j_cosmetic_gypsy_bag_6
EF448EC3463287DA,j_cosmetic_gypsy_bag_2
EF44BDC34632D7B7,j_cosmetic_gypsy_bag_a
EF44BEC34632D96A,j_cosmetic_gypsy_bag_b
EF44BFC34632DB1D,j_cosmetic_gypsy_bag_c
EF4C3110E1F7FCDC,tag_barrel_show
EF5158ED46A2B179,s4_rus_vase_05
EF5159ED46A2B32C,s4_rus_vase_02
EF515CED46A2B845,s4_rus_vase_01
EF52D1237E431C16,j_cosmetic_taperollend
EF5336EEA31B310F,j_cosmetic_caribeanerc
EF5338EEA31B3475,j_cosmetic_caribeanera
EF57BA0AC2343F3B,tag_wing_tip_left
EF602B7258AC71F6,j_cosmetic_ear_wire
EF70E0A52AF1242E,tag_door_front_right_bottom_d0
EF78AA2324A53A2A,t10_int_decor_vinyl_record_sleeve_01_lod0
EF7C12FAD7F48DA2,clothing_retail_store_mannequin_dress_01
EF7D990601308EBB,toy_stuffed_animal_elephant_dmg_01
EF82048E164E918C,j_pipe_01
EF85BA87A5BBA53E,machinery_water_pump_01_complete
EF8A832668A4FD0E,j_barrel
EF8B6C341E0E3D61,uk_yellow_component_bin_filled_01
EF8B7943DC4641C1,j_ghillie_02_av2
EF8E0E0A2082CB86,j_cosmetic_cqc1_radio
EF95E96A491E41A6,tag_door_back_right_2
EF963290EDC25C7B,j_light_blue
EFA94290A847DD50,j_strap_5
EFA94390A847DF03,j_strap_4
EFA94490A847E0B6,j_strap_7
EFA94590A847E269,j_strap_6
EFA94690A847E41C,j_strap_1
EFA94890A847E782,j_strap_3
EFA94990A847E935,j_strap_2
EFA94E90A847F1B4,j_strap_9
EFA94F90A847F367,j_strap_8
EFB6A402576ECC59,trim_concrete_02_176
EFBE0501576067F8,j_stone_body
EFC4B9CAB521F50A,j_cosmetic_mini_carabiner_b
EFC5C2119C5D308C,j_pin_bend_dn
EFCE8F3383A47418,tag_screen_opened
EFD27AD48381E772,electronics_fan_box_01_destroyed
EFDB0D63A422681E,turret_recoil
EFE74124CDBF78B2,tag_wheel_center_front_right_flat
EFEC46D8E9CB3958,j_cosmetic_ar1_camelback_lstrapa
EFEC48D8E9CB3CBE,j_cosmetic_ar1_camelback_lstrapc
EFEC49D8E9CB3E71,j_cosmetic_ar1_camelback_lstrapb
EFEC4AD8E9CB4024,j_cosmetic_ar1_camelback_lstrape
EFEC4BD8E9CB41D7,j_cosmetic_ar1_camelback_lstrapd
EFED81014D5BD029,jup_decor_duck_statue_01_lod0
EFF500DCF2AF3A52,tag_back_electrical_box_intact
EFFFDE119C8ED867,j_pin_bend_up
F00029D6299089D0,tag_spotlight
F0178D0CF92E423F,tag_wheel_center_front_left_flat
F0194E90A8A6F96B,j_strap01
F019EFD02B0328F8,joint1110
F019F0D02B032AAB,joint1111
F01C097AB757A8E8,j_snack_1
F01CD390A8AA1141,j_strap10
F01D74D02B0640CE,joint1101
F01D75D02B064281,joint1100
F01F19D155589DD7,j_cosmetic_ropes_a
F01F1AD155589F8A,j_cosmetic_ropes_b
F0207BD02B08828A,joint1130
F0207CD02B08843D,joint1131
F023E0D02B0B6400,joint1121
F023E1D02B0B65B3,joint1120
F02AECD02B119712,joint1141
F02AEDD02B1198C5,joint1140
F033B662F5745FB9,camera_head
F033DC9C0B6DE9F0,j_cosmetic_46
F033DD9C0B6DEBA3,j_cosmetic_47
F033DE9C0B6DED56,j_cosmetic_44
F033DF9C0B6DEF09,j_cosmetic_45
F033E09C0B6DF0BC,j_cosmetic_42
F033E19C0B6DF26F,j_cosmetic_43
F033E29C0B6DF422,j_cosmetic_40
F033E39C0B6DF5D5,j_cosmetic_41
F033EA9C0B6E01BA,j_cosmetic_48
F033EB9C0B6E036D,j_cosmetic_49
F034F0772CA4C2A4,j_brow_le_3
F034F1772CA4C457,j_brow_le_2
F034F2772CA4C60A,j_brow_le_1
F037679C0B710BF8,j_cosmetic_51
F037689C0B710DAB,j_cosmetic_50
F037699C0B710F5E,j_cosmetic_53
F0376A9C0B711111,j_cosmetic_52
F0376B9C0B7112C4,j_cosmetic_55
F0376C9C0B711477,j_cosmetic_54
F0376E9C0B7117DD,j_cosmetic_56
F03AE69C0B74199C,j_cosmetic_28
F03AE79C0B741B4F,j_cosmetic_29
F03AEA9C0B742068,j_cosmetic_24
F03AEB9C0B74221B,j_cosmetic_25
F03AEC9C0B7423CE,j_cosmetic_26
F03AED9C0B742581,j_cosmetic_27
F03AEE9C0B742734,j_cosmetic_20
F03AEF9C0B7428E7,j_cosmetic_21
F03AF09C0B742A9A,j_cosmetic_22
F03AF19C0B742C4D,j_cosmetic_23
F03DEB9C0B7657F2,j_cosmetic_39
F03DEC9C0B7659A5,j_cosmetic_38
F03DED9C0B765B58,j_cosmetic_37
F03DEE9C0B765D0B,j_cosmetic_36
F03DEF9C0B765EBE,j_cosmetic_35
F03DF09C0B766071,j_cosmetic_34
F03DF19C0B766224,j_cosmetic_33
F03DF29C0B7663D7,j_cosmetic_32
F03DF39C0B76658A,j_cosmetic_31
F03DF49C0B76673D,j_cosmetic_30
F041589C0B794700,j_cosmetic_02
F041599C0B7948B3,j_cosmetic_03
F0415B9C0B794C19,j_cosmetic_01
F0415E9C0B795132,j_cosmetic_04
F044DB9C0B7C5B70,j_cosmetic_15
F044DC9C0B7C5D23,j_cosmetic_14
F044DD9C0B7C5ED6,j_cosmetic_17
F044DE9C0B7C6089,j_cosmetic_16
F044DF9C0B7C623C,j_cosmetic_11
F044E09C0B7C63EF,j_cosmetic_10
F044E19C0B7C65A2,j_cosmetic_13
F044E29C0B7C6755,j_cosmetic_12
F044E79C0B7C6FD4,j_cosmetic_19
F044E89C0B7C7187,j_cosmetic_18
F045EF67E01C830D,tag_fx_armor_shoulder_ri
F0475544CCD2FBEF,j_suspensionspring_right_tgt
F053E80039B46651,j_limb_left_axle
F05706308F4CBC4E,tag_lift_arm_platform_animate
F059B77083621DE2,bell_clapper
F06250F5A80163E4,jup_archway_town_mis_02_lod0
F0635D61FBB575CD,j_cosmetic_back_pouch_molle
F07111A911233DF5,p7_spl_pirate_brig_tube_sleeve_lod0
F0727C75ACAF7B30,electrical_tower_01_lod0shape
F0A6B4DF4A492566,j_sonar_pulse_panel_5
F0A6B5DF4A492719,j_sonar_pulse_panel_4
F0A6B6DF4A4928CC,j_sonar_pulse_panel_3
F0A6B7DF4A492A7F,j_sonar_pulse_panel_2
F0A6B8DF4A492C32,j_sonar_pulse_panel_1
F0C7471812435534,sat_al_rocks_ice_cliff_02_mesh
F0C94BDB14382705,j_clamp_1
F0CAC677D2719BA5,sat_truss_underpass_steel_01_lodx
F0D151F4E3F5092E,j_clamp_lever_dnle
F0D4C4F7A7DA1D4C,tag_light_red
F0D8C567DD03C3CC,j_cosmetic_heavy_bag_03
F0D8C667DD03C57F,j_cosmetic_heavy_bag_02
F0D8C767DD03C732,j_cosmetic_heavy_bag_01
F0D8C867DD03C8E5,j_cosmetic_heavy_bag_00
F0DAD49375F06560,tag_left_bench_legs_animate
F0DB1DDF0B1B5A3E,me_barber_shave_kit_razor
F0DF32D475B3ACAF,j_match
F0E7F6893BA63470,tag_eye_le_weakpoint
F0F517D27BA66450,j_ghillie_proc_spineupperlift
F0F522B153C07CF6,j_gear_mid_05
F0F523B153C07EA9,j_gear_mid_04
F0F524B153C0805C,j_gear_mid_03
F0F525B153C0820F,j_gear_mid_02
F0F526B153C083C2,j_gear_mid_01
F0F61390243B5990,jup_rock_beach_coral_05_mesh
F0F703A82E3428E2,tag_right_prop_front
F10A0A23856A074D,t10_per_storm_furniture_bookshelf_tower_01_meshshape_02
F11A40C6752FF4DE,sat_construction_gate_farm_metal_rusted_01_mesh
F1220F88D9A638F9,decor_bicycles_01
F127E935DE6B23FB,tag_menu
F12D54AE060E44EA,j_top_cap
F12D5B3A54519B65,tag_detach_left
F130E69D98434541,t10_hst_furniture_ornate_fireplace_01_lod0
F1360E8EB349022F,im_door_glass_metal_frame_03
F139ACBD1482877A,tag_wing_slat_ri_animate
F1485F5D95DBCCEE,tag_window_back_left
F151F053E9B06DCC,tag_tail_debris
F169BE4E09565784,tag_front_panel_intact
F16F69B8F46EDB94,tag_glass_bus_right_02_d0
F16F6AB8F46EDD47,tag_glass_bus_right_02_d1
F16F6BB8F46EDEFA,tag_glass_bus_right_02_d2
F16F6CB8F46EE0AD,tag_glass_bus_right_02_d3
F1749EBFA404C369,j_drawer4
F1749FBFA404C51C,j_drawer3
F174A0BFA404C6CF,j_drawer2
F174A1BFA404C882,j_drawer1
F1751A4C9ABC527F,tag_left_outer_prop
F1785B9082DCDA67,tag_screen_ui_01
F1785C9082DCDC1A,tag_screen_ui_02
F1798C6B53F9C0FB,r_wing4
F1798F6B53F9C614,r_wing1
F179916B53F9C97A,r_wing3
F179926B53F9CB2D,r_wing2
F17CF398197C86DF,j_carabiner
F17D55333398D971,p7_debris_concrete_rubble_sm_06_lod0
F1872FE9DEA145CA,lm_decor_parliament_corinthian_column_01_shaft
F1878E0C0E2F4BDC,gib_hanging_light_02_lod0
F18AB6741C447DE6,cafe_light_fixtures_off_chain
F1998F996D0B35A8,trash_plastic_bin_green_lid_01_no_text
F1ADBF652B9F84F8,lever_jnt
F1B16D69FB713990,l_eye0_jnt
F1B3CED168DFEAEA,r_frontleg0_jnt
F1B5E87D31E726B0,jup_zm_aether_landing_pad_small_01
F1B5EA7D31E72A16,jup_zm_aether_landing_pad_small_03
F1B5EB7D31E72BC9,jup_zm_aether_landing_pad_small_02
F1C72BFE739CE2A1,tag_rudder_0
F1D1D76AC9B70F80,j_boxhandri_ce
F1D9504286793EC0,j_page_6
F1D9514286794073,j_page_7
F1D9524286794226,j_page_4
F1D95342867943D9,j_page_5
F1D954428679458C,j_page_2
F1D955428679473F,j_page_3
F1D9574286794AA5,j_page_1
F1D95E428679568A,j_page_8
F1D95F428679583D,j_page_9
F1D9D83925E4CE2E,j_r_arm01
F1DB91DCEE8A793E,j_rods_01
F1F0DFAC6B36A96F,j_rope_200
F1F28E3B3EECC387,j_piston_rear_right_tgt
F1FA4E1EFA4F9CE3,ee_furniture_table_pool_rack_triangle
F1FA75583618B860,irrigation_hose_cap
F204DF6AC9E276B1,j_boxhandri_ri
F208A16037FC92CE,bio_gr_arid_grass_02b_01
F23C7F98CCC50D6B,wheel_left_jnt
F23F67E80912F0C0,tag_origin_hydraulic_1_a
F23F6AE80912F5D9,tag_origin_hydraulic_1_b
F244F43F7E15C986,tag_rear_left_armor_dst
F257739BC78C1F1E,j_c4_button_left
F25D6494FE452B82,j_cosmetic_camelbacklstrapend
F2699596AFCF8049,lm_door_glass_metal_frame_02
F26D163AF3405760,j_sign3
F26D173AF3405913,j_sign2
F26D183AF3405AC6,j_sign1
F26D1C3AF3406192,j_sign5
F26D1D3AF3406345,j_sign4
F26E2D2BCEC7F783,p7_conduit_metal_2_strap_lrg_lod0
F29475E3D5A01B04,j_goble1
F2A5891B2C4E7394,t10_furniture_exterior_wooden_gun_rack_01
F2BCE87CDCAC4903,tag_wall_03_add01
F2BCE97CDCAC4AB6,tag_wall_03_add02
F2BCEA7CDCAC4C69,tag_wall_03_add03
F2BCEB7CDCAC4E1C,tag_wall_03_add04
F2BCEC7CDCAC4FCF,tag_wall_03_add05
F2BCED7CDCAC5182,tag_wall_03_add06
F2BCEE7CDCAC5335,tag_wall_03_add07
F2BCEF7CDCAC54E8,tag_wall_03_add08
F2BCF07CDCAC569B,tag_wall_03_add09
F2BFA145EAE6DB83,tag_wheel_05_debris
F2D35084F5E0828B,tag_bumper_back_animate
F2D4A8ECA34ECEC5,tag_trailer_door_right_a_animate
F2D9FBDE19E6D401,tag_cover_panel_06_dst
F2DE51BAA22B0BE0,saw_pillar_mc_church_01_lod0
F2DFED48FA42D23F,j_cosmetic_frontgunbeltdpin
F2E5FC38AD3320A5,j_cosmetic_frontmed
F2E7495F5B82AFC4,pcylinder492
F2EAB85F5B85A238,pcylinder489
F2EF52801E407F07,tool_orange_stretcher_01
F3058FFF58EC2D7C,j_main_shaft
F30DE1368720B042,j_fan_mid_ri
F31A52A11B349D16,j_r_wing
F31DFCC726D83CD3,j_head_chunk_1_root
F324BDE138F02971,ee_trim_wall_large_01_corner_lod0
F32C828CBB4A1691,tag_missilepod_ri_01_animate
F32F9DD5007E1F42,floor_wood_splintered_end_stack_05_inv_burned
F358B13687604A2C,j_fan_mid_le
F35B8FC24D464ED0,j_chute_b_bottom
F38DE72FCFA427F6,folding
F3905E8E9ECE5709,tag_right_tail_wing
F392A0D85F535416,chair_folded_wood_short_legs
F3973EBCE37D465B,j_cosmetic_groin
F39E75F4C9B6385F,jup_urz_utility_greenhouse_frame_01_mesh_lod0
F3A428307F474082,wire_mid_jnt_07
F3A86B1AC1A2D798,wheel_1
F3A86D1AC1A2DAFE,wheel_3
F3A86E1AC1A2DCB1,wheel_2
F3A8BB1AC1A35F88,wheel_a
F3A8BE1AC1A364A1,wheel_b
F3AE4370209B52D6,un_building_tarp_construction_128_04
F3B9B9A04F078C52,tag_origin_bed
F3C611C7E6265BDE,j_proc_spinelower_backsidetip_ri_new
F3D0B19829A56872,j_glass
F3D31A27ED7445CD,j_interior_hand_ring4_end
F3DD717205F5E3FD,j_wing_gear_le
F3E0E998227A8071,ee_building_base_48
F3E416CA03D43348,j_num_right_0
F3E417CA03D434FB,j_num_right_1
F3E4817205FC1DDB,j_wing_gear_ri
F3E7F1982280ACB7,ee_building_base_64
F3EB71982283BC0E,ee_building_base_16
F3F1DD982288DF40,ee_building_base_32
F40E52AE44487B9E,j_bottle
F40FAF6553B4D3AB,tag_originshape
F4114AAE444AA3DD,j_bottom
F41CB0BD47B65321,sat_vista_radar_dish_01_lod0
F42B69F3033FFC0E,tag_screen_white
F42D9C9EA721C88C,j_towel_bottom_side1
F42D9E9EA721CBF2,j_towel_bottom_side3
F42D9F9EA721CDA5,j_towel_bottom_side2
F42FF892C7D75E80,tag_micro_missile3
F42FF992C7D76033,tag_micro_missile2
F42FFA92C7D761E6,tag_micro_missile1
F4370D5590EBDEDC,j_pinky_ri_0
F4370E5590EBE08F,j_pinky_ri_1
F4370F5590EBE242,j_pinky_ri_2
F437105590EBE3F5,j_pinky_ri_3
F451B8BBFC1C3201,tag_main_handle_light_off
F458B19C080E2E00,j_eye_lid_top_le_2
F458B49C080E3319,j_eye_lid_top_le_1
F46CD724B74E02EA,tag_front_pipe_intact
F46FE55880B47170,j_armor_box_top_buckle_1
F46FE85880B47689,j_armor_box_top_buckle_2
F475FEA83634A18C,rot_int
F47C60318CDE2C1C,uk_house_handrails_end_cap_01
F47DD8DC4FCA20F3,j_lip_le
F487D24DE5D775A9,sign_01_jnt
F49208DC4FDB1B8D,j_lip_ri
F499AFB619DA6F2F,tag_grenade_01_fx
F49C01DC4FE3642D,j_lip_up
F4AA9DE74B78D92B,j_shell1
F4AA9EE74B78DADE,j_shell2
F4AA9FE74B78DC91,j_shell3
F4AAA0E74B78DE44,j_shell4
F4AAA1E74B78DFF7,j_shell5
F4AAA2E74B78E1AA,j_shell6
F4AADFE74B794951,j_shells
F4B612E06F938647,j_towelsideend_le
F4C04400032A9FE8,tag_fx_icon_01
F4C04600032AA34E,tag_fx_icon_03
F4C04700032AA501,tag_fx_icon_02
F4C04800032AA6B4,tag_fx_icon_05
F4C04900032AA867,tag_fx_icon_04
F4C04A00032AAA1A,tag_fx_icon_07
F4C04A12EEA64230,vine_6
F4C04B00032AABCD,tag_fx_icon_06
F4C04B12EEA643E3,vine_7
F4C04C12EEA64596,vine_4
F4C04D12EEA64749,vine_5
F4C04E12EEA648FC,vine_2
F4C04F12EEA64AAF,vine_3
F4C05112EEA64E15,vine_1
F4C0D23432251DFD,sat_railing_ht_skyscraper_stairs_rail_01_lod0
F4C78B10404C29D1,j_rcxd
F4D0C5B8C7B12A44,j_wing_r
F4D0CBB8C7B13476,j_wing_l
F4E317ACD8943F8A,ee_trim_small_roof_corner_inside
F4E539D246904135,vfx_shell_fired
F4E5EAE06FBC6611,j_towelsideend_ri
F4ECDEF312DAEEA0,j_arm_5
F4ECDFF312DAF053,j_arm_4
F4ECE1F312DAF3B9,j_arm_6
F4ECE2F312DAF56C,j_arm_1
F4ECE4F312DAF8D2,j_arm_3
F4ECE5F312DAFA85,j_arm_2
F4FE674C2AB1B482,j_shock_02_rod_front_right_aim
F5032A7349A2E8DD,tag_screen_5_relays_on
F5188B4599ABCEA8,side_door_jnt
F520ABC7C3D226F1,tag_grenade_03_fx
F5223C85823649DE,appliance_water_heater_01
F52C3D27E150B01B,j_comboxa
F535164E4BF1457F,t10_decor_luggage_opened_01_geo
F5356B5744760082,tag_door_rear_right
F53AF63B594DA776,j_cosmetic_ar2_armorflap
F54828BF16FE087A,j_cosmetic_carabiner1
F55C58DFB5D050AD,tag_boom_cannon
F56449CF49C83A65,jup_sign_manga_japan_02_tri
F5677EFD5C02E636,jup_sign_commercial_banner_autoreplacement_01_mesh
F5769E8C9AB64B13,ee_machinery_industrial_turbine_03_lod0shape
F57D857499E0B7F1,tag_open_gun
F596403CC20DFABE,j_towel_downflap1_le
F5A79A9039513631,psphere1
F5AA4FB47D37F438,j_suspensionbar_rear_right_aim
F5AAC4FE4496D580,j_drone
F5AF5147E9D35B92,j_chamber_bottom
F5B9F68FC6654059,lm_wall_rooftop_metal_lip_128
F5C4BD3A884DB5C0,j_cosmetic_backmedpouch
F5C896F973F55204,j_glowsticka
F5C899F973F5571D,j_glowstickb
F5CCF73F8BD78433,tag_screen_half_opend
F5D2F5B93D60E341,tag_mainenginerudder_l1_animate
F5F4E67BE7FE3E1E,dome_02_jnt
F604E8190D0154E0,cog
F60C69C13BAD91BB,j_towel_mid1_side2
F60C6AC13BAD936E,j_towel_mid1_side1
F615C2AADE808D63,buoy_01_set_02_buoy_long_rot_02_jnt
F61E492B676211CB,j_indexbulge_ri_1
F61F58928A65DEEC,tag_attach_quest
F63525CFB4028C9A,tag_light_enabled_publicevent
F63E1A6AFD1EB7C4,zmb_light_med_03_lod0
F6462F04B20977F5,j_proc_radio_buff_ri_02
F6478CBB6B7772A5,j_helmet_prop
F6631F65306521D0,j_ghillie_01_av2
F6696AD42DB1AAC8,tag_light_fog_right_d1
F6696BD42DB1AC7B,tag_light_fog_right_d0
F6696DD42DB1AFE1,tag_light_fog_right_d2
F66B43831788A546,t10_hst_barrier_metal_gate_01_mesh
F66CAF87DFD93407,j_pliars
F66F01A96096206B,j_shoulder_gore_chunk_root
F675D47F239D5CA8,tag_door_side_bottom_rear_l
F67906C976EAD280,lighting_fixtures_security_lamp_withcage_01_glass
F67A3BFF74629991,j_cosmetic_carabiner_belt
F67D7C707B150A00,j_eye_up_fx8
F67D85707B15194B,j_eye_up_fx1
F67D86707B151AFE,j_eye_up_fx2
F67D87707B151CB1,j_eye_up_fx3
F67D88707B151E64,j_eye_up_fx4
F67D89707B152017,j_eye_up_fx5
F67D8A707B1521CA,j_eye_up_fx6
F67D8B707B15237D,j_eye_up_fx7
F68C2EBFF2AD0E4A,ee_electronics_pos_cash_drawer_box
F68DDE639C57DFA7,t10_instrument_metal_cable_anchor_b_lod0
F692D86C33B0CE2E,j_lip_inside_le_1
F6BD0D83F8ED8890,tag_fx_armor_stomach_ri
F6CAA61724398635,nozzle_01
F6CCC163AA5AC107,average5
F6D24F7F5DD0C1FC,j_bag_ri
F6D2FF4CEC226238,j_antislide_ik
F6D51EB4BD636F1B,j_cosmetic_carabine_01
F6D8A43C38FB65C0,j_cosmetic_small_bag_zipper_04
F6D8A93C38FB6E3F,j_cosmetic_small_bag_zipper_01
F6D8AA3C38FB6FF2,j_cosmetic_small_bag_zipper_02
F6D8AB3C38FB71A5,j_cosmetic_small_bag_zipper_03
F6D9277F5DD69CB2,j_bag_le
F6DBF744E1DE8841,cnd_river_rock_05_lod0
F6E1849D03192808,cp_disco_monitor_speaker
F6E58A4D53F3AE99,tag_wing_03_animate
F6E5EAB779593F6D,furniture_dresser_damaged_shelf
F6E900A4C5E83D61,j_elbow_ri_prop
F6EFC015104F19D4,j_cosmetic_backradio
F6F4FCFC73957938,j_hook_r
F6F50AFC73959102,j_hook_l
F6FFF770E9D7D652,j_cosmetic_access_01
F70E7CBB4A94AE9D,toy_teddy_bear_01
F70F8D6F59046208,j_bulletlink_spent1
F70F906F59046721,j_bulletlink_spent2
F717EFED23407D00,tag_tail_rotor_blade02_rot
F72106E4D22979BE,tag_barrel2
F72CC56974DE8AF5,carboard_chinese_bunch_b_lod0
F732C73A9B82115B,container_sm_grey_ng_a_lod0
F73565CCEB986F10,tag_grenade_02_fx
F73E72AC8BC8FB20,uk_walls_drywall_01_32x64_dmg
F7530FCA010197AE,tag_steering_yoke_le_animate
F7540FDCAE795D5D,buoy_01_set_01_buoy_long_rot_01_jnt
F756F0DE8AEF7903,j_baltic
F776E2E849AEEF1C,tag_phys0
F77B2E2925329EC3,j_cosmetic_small_bag_03pin
F77DE31490520226,ee_utility_pole_street_light_on_upres
F7821C7B1F90F215,j_gourd
F78FD6EEDDADECDD,j_speed_loader
F7914FF004FAE7CB,sat_jpn_decor_stone_fountain_01_mesh
F795891207542E92,ee_furniture_chair_wood_lounge_pool_lod0_mesh
F79915EEAF49EE0F,tag_stock_hide
F7A29FA356C21F78,column_short_geo
F7A57A7F5E84901F,j_bag_02
F7A57B7F5E8491D2,j_bag_01
F7AD2758B845CC68,j_bulb14
F7AD2B58B845D334,j_bulb10
F7AD2C58B845D4E7,j_bulb11
F7AD2D58B845D69A,j_bulb12
F7AD2E58B845D84D,j_bulb13
F7B02858B84803F2,j_bulb09
F7B02958B84805A5,j_bulb08
F7B02A58B8480758,j_bulb07
F7B02B58B848090B,j_bulb06
F7B02C58B8480ABE,j_bulb05
F7B02D58B8480C71,j_bulb04
F7B02E58B8480E24,j_bulb03
F7B02F58B8480FD7,j_bulb02
F7B03058B848118A,j_bulb01
F7B0F5C66B5C0A2D,security_camera_small_white_01
F7B3823861D8796B,tag_geo_frag_b_001
F7C26F1CFC835048,j_antiswaybar_front_right_aim
F7C63EF0509FE545,j_cosmetic_scarf_left
F7CE61474508D0AD,rot_door_r_jnt
F7CE835F52C66F22,j_reargilly_d_le
F7D48BD19E73FD25,j_cover_pin
F7D94C5F081DCA22,j_wall_cable_01_ri
F7DFF5518D589C69,tag_silenced
F7E681CEB8DE0BF3,j_spring
F7F6BB0845F4F204,j_cosmetict_magpouch_ar_1_closed_b
F7F6BE0845F4F71D,j_cosmetict_magpouch_ar_1_closed_a
F7F716A2FFEBB1D9,jup_food_plane_hijack_paper_cup_01_mesh
F7FBB8D118CC7BE4,tag_foot_ri
F81181A820ABA45C,j_cosmetic_mag_pouch_b
F81184A820ABA975,j_cosmetic_mag_pouch_a
F81BE593DE9ECA01,j_link01
F81E716B7366ED14,tag_pylon
F81E8761A0D01E7C,tag_fin_fx
F81EE993DEA106A4,j_link11
F81EEA93DEA10857,j_link10
F81EEB93DEA10A0A,j_link13
F81EEC93DEA10BBD,j_link12
F82624C7D320FD64,tag_main_rotor_blade_02_rot
F82D9EC0015E41A4,jup_urz_construction_vent_01_mesh
F8318D8F723914AF,j_cosmetic_carabiner
F832413FAB3EE14E,j_clock_part_sec
F8346B5F531CF98C,j_reargilly_d_ri
F842F5A79AF0D0E3,tag_gunner_barrel_recoil2
F842F6A79AF0D296,tag_gunner_barrel_recoil1
F848FD01A9CD26AE,equipment_bombsite_crate_02
F851060439414FDC,zm_sat_locust_shop_01_window_trim_03_mesh1
F85851F1EEB35965,tag_wheel_back_left_spin_follower
F85C7AA820EB83F1,j_cosmetic_mag_pouches
F85F3126A6FF19FA,panel_01_jnt
F862D832B29ABF1A,j_jiggle
F8735BCB8AAB4FAE,j_steeraxel_front_right_tgt
F87FC459D59C5616,tag_wing_right_01_debris
F87FF799600E9314,j_clock_part
F884C98CD215179B,uk_brick_wall_trim_02_64
F8979404717E66E1,jawend_jnt
F89A118081FE1B57,bsh_boat_winch_pully_02_lod0
F8AB3089506972F0,j_wristtwist_ri
F8AB4678091396FB,ammo_box_plastic_sm_01
F8B31758912FFDF9,t10_int_decor_stuffed_girl_doll_01_lod0
F8B5D775A0FD476E,j_leg_front_ri
F8BE68E6943CD741,tag_main_handle_green_light_on
F8C8FC580BA09150,j_origin
F8D251454FBB1E89,uk_car_body_paint_filler_01
F8E26E38C02FBBCB,j_canopy_mid_back
F903108950B3B266,j_wristtwist_le
F915005C5B78F5A8,j_hair_01
F91842E7F27F8A8E,lm_structural_roof_trim_16_a
F91BBF75A153D1D8,j_leg_front_le
F91DA5E863C71380,j_pin_strip
F927A0E1A31B4B88,tag_glass_overhead_rear_right_d2
F927A2E1A31B4EEE,tag_glass_overhead_rear_right_d0
F927A3E1A31B50A1,tag_glass_overhead_rear_right_d1
F92B746A7346B50B,me_machinery_oil_tank_a_02
F92B756A7346B6BE,me_machinery_oil_tank_a_01
F92C9094E62F07C7,tag_door_lockbarrelri
F92FB492DAD83B8F,j_coin
F939B092DAE08948,j_coll
F93A6B4238C60E6D,tag_claw_hook_animated
F93EA6571F247087,uk_scaffold_kit_base_128_01
F949E92529083EC1,j_proc_neckguard_le
F95B96BD2DAB30CD,j_shaft_front_right_aim
F964C6B3907E1528,j_ttcl_main16
F964CAB3907E1BF4,j_ttcl_main12
F96BC4064B66E9C3,tag_wall_02_add08
F96BCB064B66F5A8,tag_wall_02_add01
F96BCD064B66F90E,tag_wall_02_add03
F96BCE064B66FAC1,tag_wall_02_add02
F96BCF064B66FC74,tag_wall_02_add05
F96BD0064B66FE27,tag_wall_02_add04
F96BD1064B66FFDA,tag_wall_02_add07
F96BD2064B67018D,tag_wall_02_add06
F96BE1252925178F,j_proc_neckguard_ri
F96E70C00E13C1B4,tag_road_cobble_2lane_01_tee
F975BE316ACFF146,tag_steering_right
F97AD570A80498E4,j_maskstrap_ri
F9831B7C459D6407,cyclops_s4_int_atrium_fountain_box_00_mesh
F986972304065180,machinery_ac_unit_condenser_01_paver
F98D70776944A863,tag_cockpit_glass_front_right_dmg1
F98D71776944AA16,tag_cockpit_glass_front_right_dmg2
F9960B75A1BBAF38,j_leg_front_01
F9960E75A1BBB451,j_leg_front_02
F9976C1B61958714,j_cosmetic_grabstrapb_le_3
F9976D1B619588C7,j_cosmetic_grabstrapb_le_2
F9976E1B61958A7A,j_cosmetic_grabstrapb_le_1
F9AA071859C57421,equipment_ac_unit_01_lod0
F9AFD9674F406E3A,j_forehead
F9B744BF3ABF5D90,j_cosmetic_kneebag_06
F9B745BF3ABF5F43,j_cosmetic_kneebag_07
F9B746BF3ABF60F6,j_cosmetic_kneebag_04
F9B747BF3ABF62A9,j_cosmetic_kneebag_05
F9B748BF3ABF645C,j_cosmetic_kneebag_02
F9B749BF3ABF660F,j_cosmetic_kneebag_03
F9B74BBF3ABF6975,j_cosmetic_kneebag_01
F9B752BF3ABF755A,j_cosmetic_kneebag_08
F9B7FD70A8388AFA,j_maskstrap_le
F9B9055CFA80B2AF,j_cosmetic_shemaghcenterdpin
F9BCD5B19BF42CC2,lm_structural_roof_trim_s_left_a_lod0
F9C3493B7A9AC284,tag_skyhook_side_attach
F9C54D206255A046,t10_sabotage_debris_corner_snowcap_02_mesh
F9C6C43F25432C46,body_jnt
F9D5D065A4DD0C49,j_insidegum
F9D5E280C23A2D0F,tag_light_brake_center_d2
F9D5E380C23A2EC2,tag_light_brake_center_d1
F9D5E480C23A3075,tag_light_brake_center_d0
F9D66886BDFDE31B,furniture_electronic_counter_shelving_door_left
F9D7F3D698DBE489,tag_boom_arm_upper
F9DC0911AF61DE34,j_bricks
F9E1301F23F3B910,tag_nuclear_core
F9F17765010B8748,tag_tongue
F9F3F04AC40DB82E,uk_brick_top_row_endcap
F9F56AF254A2209E,j_dummy
FA0158EDFA721303,j_dorsal_base
FA17386644E5EABC,s4_cyclops_blueprint_01_mesh2
FA2D8A387F355CE7,decor_wooden_trim_01_64
FA32932D173FA261,j_needle_hub
FA45EE2807CDDB42,tag_door_le_dst
FA4AA6DE4F7E87CE,j_sidegilly_c_ri
FA5EC0098734D4EB,un_military_storage_container_small_open_01
FA6688DE28B78671,chain_t10_ava_signage_shop_cheese_01
FA713D8EF22633D5,j_insidegum_le_1
FA718E5E78099E13,tag_origin_part_trunk
FA92D65C82020A0A,tag_bomb_release_animate
FAA12B15FB2E8ACD,j_sear
FAB08EDE4FD51238,j_sidegilly_c_le
FABC6FD6E5AAEA1B,j_cosmetic_vestcoat_01
FABC70D6E5AAEBCE,j_cosmetic_vestcoat_02
FABC71D6E5AAED81,j_cosmetic_vestcoat_03
FABC72D6E5AAEF34,j_cosmetic_vestcoat_04
FACAA6CDABE6A560,j_proc_hip_lift_aim_le
FAE065E79DEF0AC0,j_cosmetic_rhib_rope_03
FAE066E79DEF0C73,j_cosmetic_rhib_rope_02
FAE067E79DEF0E26,j_cosmetic_rhib_rope_01
FAE06AE79DEF133F,j_cosmetic_rhib_rope_06
FAE06BE79DEF14F2,j_cosmetic_rhib_rope_05
FAE06CE79DEF16A5,j_cosmetic_rhib_rope_04
FAE06FE79DEF1BBE,j_cosmetic_rhib_rope_09
FAE070E79DEF1D71,j_cosmetic_rhib_rope_08
FAE7EA159E7F6732,j_crowbar
FAEC04AC70642020,j_rope_186
FAEC05AC706421D3,j_rope_187
FAEC06AC70642386,j_rope_184
FAEC07AC70642539,j_rope_185
FAEC08AC706426EC,j_rope_182
FAEC09AC7064289F,j_rope_183
FAEC0AAC70642A52,j_rope_180
FAEC0BAC70642C05,j_rope_181
FAEC12AC706437EA,j_rope_188
FAEC13AC7064399D,j_rope_189
FAEE6402E8D4EB3A,tag_bench_03_ri
FAEF87AC70673490,j_rope_199
FAEF88AC70673643,j_rope_198
FAEF8FAC70674228,j_rope_191
FAEF90AC706743DB,j_rope_190
FAEF91AC7067458E,j_rope_193
FAEF92AC70674741,j_rope_192
FAEF93AC706748F4,j_rope_195
FAEF94AC70674AA7,j_rope_194
FAEF95AC70674C5A,j_rope_197
FAEF96AC70674E0D,j_rope_196
FAEFB744B70E5463,j_ghillie_04_av2
FB0086AC7075A610,j_rope_128
FB0087AC7075A7C3,j_rope_129
FB008EAC7075B3A8,j_rope_120
FB008FAC7075B55B,j_rope_121
FB0090AC7075B70E,j_rope_122
FB0091AC7075B8C1,j_rope_123
FB0092AC7075BA74,j_rope_124
FB0093AC7075BC27,j_rope_125
FB0094AC7075BDDA,j_rope_126
FB0095AC7075BF8D,j_rope_127
FB024402E8E55DE4,tag_bench_03_le
FB038BAC7077E466,j_rope_139
FB038CAC7077E619,j_rope_138
FB0391AC7077EE98,j_rope_133
FB0392AC7077F04B,j_rope_132
FB0393AC7077F1FE,j_rope_131
FB0394AC7077F3B1,j_rope_130
FB0395AC7077F564,j_rope_137
FB0396AC7077F717,j_rope_136
FB0397AC7077F8CA,j_rope_135
FB0398AC7077FA7D,j_rope_134
FB0712AC707AFFA2,j_rope_108
FB0713AC707B0155,j_rope_109
FB0714AC707B0308,j_rope_106
FB0715AC707B04BB,j_rope_107
FB0716AC707B066E,j_rope_104
FB0717AC707B0821,j_rope_105
FB0718AC707B09D4,j_rope_102
FB0719AC707B0B87,j_rope_103
FB071AAC707B0D3A,j_rope_100
FB071BAC707B0EED,j_rope_101
FB07CECDAC1A9776,j_proc_hip_lift_aim_ri
FB09C4004EA6A6D2,havok211
FB0A7FAC707DEEB0,j_rope_111
FB0A80AC707DF063,j_rope_110
FB0A81AC707DF216,j_rope_113
FB0A82AC707DF3C9,j_rope_112
FB0A83AC707DF57C,j_rope_115
FB0A84AC707DF72F,j_rope_114
FB0A85AC707DF8E2,j_rope_117
FB0A86AC707DFA95,j_rope_116
FB0A87AC707DFC48,j_rope_119
FB0A88AC707DFDFB,j_rope_118
FB0C316F8A6491D1,dash_shaker_jnt
FB0E02AC70810320,j_rope_164
FB0E03AC708104D3,j_rope_165
FB0E04AC70810686,j_rope_166
FB0E05AC70810839,j_rope_167
FB0E06AC708109EC,j_rope_160
FB0E07AC70810B9F,j_rope_161
FB0E08AC70810D52,j_rope_162
FB0E09AC70810F05,j_rope_163
FB0E0EAC70811784,j_rope_168
FB0E0FAC70811937,j_rope_169
FB1185AC70841790,j_rope_177
FB1186AC70841943,j_rope_176
FB1187AC70841AF6,j_rope_175
FB1188AC70841CA9,j_rope_174
FB1189AC70841E5C,j_rope_173
FB118AAC7084200F,j_rope_172
FB118BAC708421C2,j_rope_171
FB118CAC70842375,j_rope_170
FB1193AC70842F5A,j_rope_179
FB1194AC7084310D,j_rope_178
FB148AAC708655E6,j_rope_148
FB148BAC70865799,j_rope_149
FB1490AC70866018,j_rope_142
FB1491AC708661CB,j_rope_143
FB1492AC7086637E,j_rope_140
FB1493AC70866531,j_rope_141
FB1494AC708666E4,j_rope_146
FB1495AC70866897,j_rope_147
FB1496AC70866A4A,j_rope_144
FB1497AC70866BFD,j_rope_145
FB14CF468963F9EF,j_cannon
FB180FAC70896DBC,j_rope_159
FB1810AC70896F6F,j_rope_158
FB1813AC70897488,j_rope_155
FB1814AC7089763B,j_rope_154
FB1815AC708977EE,j_rope_157
FB1816AC708979A1,j_rope_156
FB1817AC70897B54,j_rope_151
FB1818AC70897D07,j_rope_150
FB1819AC70897EBA,j_rope_153
FB181AAC7089806D,j_rope_152
FB1F375215A653A6,window_exterior_metal_bar_e_1
FB299FC7F741B8AF,j_bar_b_rear_left_tgt
FB2D1A60BD542914,j_cosmetic_antenna1_a
FB2D1D60BD542E2D,j_cosmetic_antenna1_b
FB3356FEDC00111E,tag_window_cockpit_front
FB38C80CE9071D3C,tag_door_front_left
FB421814843CAD4D,jup_furniture_store_shelf_64_01_mesh
FB43B5FAF666494B,sgon_clifftown_gl_5d7c997c_2_high
FB4EC13A108FB1ED,t10_ava_signage_shop_open_closed_01_mesh
FB53939B0855C4CA,t10_int_decor_globe_01_lod0
FB6117ACCD6FDEAE,j_shock_rod_middle_left_tgt
FB6BC163C3CD9F9D,tag_eject
FB713983FF26124A,misc_interior_chess_game_black_horse
FB84A69BF2D5FA55,j_dummy_l_torso
FB88EF8D7F322212,wall_refractory_brick_trim_16_01
FB9D05C9FC8212CE,ee_bathroom_toilet_divider_01
FBA0E00BE7A1F914,ee_food_glass_liquor
FBB59050D96DA708,j_cosmetic_urban_flashbang_b
FBB59350D96DAC21,j_cosmetic_urban_flashbang_a
FBBC7DBBE9C06288,j_guitar
FBC6BFB7CC86481D,j_spineupper_prop
FBC7C7C533ACC6FE,j_light_02_yellow
FBC8F080D34F5E43,welding_1
FBC9D1C962F59BD0,j_dart_4
FBC9D6C962F5A44F,j_dart_1
FBC9D7C962F5A602,j_dart_2
FBC9D8C962F5A7B5,j_dart_3
FBE697CFFC7D71AF,j_cosmetic_vest_upper
FBEB400FC5CA8576,uk_house_gutter_32_01
FBEF58A62F834EF3,tag_thrust_vector_right_lower
FBFBF871EF166620,plank_04
FBFBFD71EF166E9F,plank_01
FBFBFE71EF167052,plank_02
FBFBFF71EF167205,plank_03
FC0315D6EC16C134,t10_topaz_window_exterior_stone_4pane_01_lod0
FC241484830048D5,curvedsection_lod0
FC2B2F0563C54E7F,j_spent_link_01
FC2B300563C55032,j_spent_link_02
FC2B310563C551E5,j_spent_link_03
FC4C455C7DEF908F,j_console_wheel
FC54022C1A112F94,j_skirt_ri_fr
FC58C6B74B1FADB4,j_neck_helper_le
FC5D056DFBEE4C46,lawn_chair_lounge_01
FC620D2C1A1D7FA1,j_skirt_ri_ba
FC6593FEFC5F4877,sat_electronics_battery_crate_01_mesh
FC747B9E3631062D,j_pants_root
FC7B39FCE67B02DC,j_proc_crotch_guard__spinelower_forward
FC92F7D3CB53F89C,j_cosmetic_grenade
FC95F52F2362A40B,j_skirt_ri
FC96D57879E01760,j_rearfin_2
FC96D67879E01913,j_rearfin_3
FC96D87879E01C79,j_rearfin_1
FC96DB7879E02192,j_rearfin_4
FC9A18073BC13D61,j_8_d
FC9FD7308EC5A1AF,j_cosmetic_bp_handle
FCA4EC5FBA4B5190,jnt_piece_7
FCA4ED5FBA4B5343,jnt_piece_6
FCA4EE5FBA4B54F6,jnt_piece_5
FCA4EF5FBA4B56A9,jnt_piece_4
FCA4F05FBA4B585C,jnt_piece_3
FCA4F15FBA4B5A0F,jnt_piece_2
FCA4F25FBA4B5BC2,jnt_piece_1
FCA4FA5FBA4B695A,jnt_piece_9
FCA4FB5FBA4B6B0D,jnt_piece_8
FCAA117710EAE580,equipment_military_radio_old_02
FCAA177710EAEFB2,equipment_military_radio_old_04
FCB0A6B74B69ED2A,j_neck_helper_ri
FCB17F7441018C64,sgon_sat_q4_sc_police_station_01_gl_7da918d6_2
FCB1E45FA561834B,t10_app_signage_beepers_store_06_bottom
FCB349F0A9EC3468,j_cosmetic_radiopack
FCBB99FC74C9FB53,tag_light_screen_on
FCBF8FC261B47681,tag_plat1_light_back_right_fx
FCC2018C34BB4453,tag_front_damaged
FCC9F18C7363956D,j_cosmetic_vest_bag_01_a
FCD48C6AEB63F1F6,j_cosmetic_radio_4
FCD48E6AEB63F55C,j_cosmetic_radio_2
FCD48F6AEB63F70F,j_cosmetic_radio_3
FCD4916AEB63FA75,j_cosmetic_radio_1
FCD4BC6AEB644386,j_cosmetic_radio_d
FCD4BE6AEB6446EC,j_cosmetic_radio_b
FCD4BF6AEB64489F,j_cosmetic_radio_c
FCD4C16AEB644C05,j_cosmetic_radio_a
FCDBB382A5E42606,ee_building_base_128
FCE78824A0E3D3E3,j_cosmetic_raga
FCE78924A0E3D596,j_cosmetic_ragb
FCE78A24A0E3D749,j_cosmetic_ragc
FCE78B24A0E3D8FC,j_cosmetic_ragd
FCE9F3EB86DC2215,tag_gunner_barrel1_null
FCEA805F54C5FDC1,chair_folded_wood_seat
FCFC252F23B9A8CD,j_skirt_le
FD1856CA62CC41B1,j_mask_mid_upperlip
FD18AE4FE069B059,j_eye_lid_top_le
FD1E795B13F12866,pcube22
FD1E7C5B13F12D7F,pcube25
FD1E7D5B13F12F32,pcube26
FD1E7E5B13F130E5,pcube27
FD1E7F5B13F13298,pcube28
FD1E805B13F1344B,pcube29
FD207A3485274D29,j_proc_hiptwist_tip
FD21FA5B13F43970,pcube33
FD21FB5B13F43B23,pcube32
FD21FC5B13F43CD6,pcube31
FD21FD5B13F43E89,pcube30
FD22005B13F443A2,pcube35
FD22015B13F44555,pcube34
FD29005B13FA6250,pcube19
FD29015B13FA6403,pcube18
FD29085B13FA6FE8,pcube11
FD29095B13FA719B,pcube10
FD290A5B13FA734E,pcube13
FD290B5B13FA7501,pcube12
FD2B02331FAD5B92,ee_appliance_kitchen_industrial_stove_01_ceiling_vent_decal
FD2C075B13FCA40C,pcube68
FD2C0B5B13FCAAD8,pcube64
FD2C0C5B13FCAC8B,pcube65
FD2C0D5B13FCAE3E,pcube66
FD2C0E5B13FCAFF1,pcube67
FD2C125B13FCB6BD,pcube63
FD2DE2CCD3E925B8,j_panel2_screen_push
FD3887F4E77A2FFF,electronics_fan_blade_rotate
FD44211F0E2F4D6E,tag_riot_shield
FD4E56ED4D0B1C84,sat_zm_ground_vista_sand_burnt_01_mesh
FD54746DCC5EA3E5,tag_canopy_piston_a_upper_aim
FD5EBE490E551508,tag_wheel_middle2_right
FD5EF1F49256E573,back_04
FD5EF6F49256EDF2,back_03
FD5EF7F49256EFA5,back_02
FD61BAF8316DEC37,tag_ground
FD6E7478562440F5,j_temple_ri
FD70D64FE0B46A27,j_eye_lid_top_ri
FD7D24985DD2B512,wicker_basket_16x16
FD7E132ADCEF2D15,t10_trim_ornate_wood_01_128_mesh
FD9074785641275B,j_temple_le
FD96B51CFFEDB7F6,j_support_box_top_handle
FD9DCA0467BCD238,ee_signs_industrial_responsible_comrad
FDBA0702C27A2595,tag_tailgate_hitch_right
FDC82ED3F51497BC,tag_hull_door_animate
FDD3F8E6EC5CE00E,j_rtopbackbag
FDD5873CE2F5EB97,tag_bolt_animate
FDE001540241016B,j_proc_spinelower_frntside_ri
FDE47696E8EB35B3,barrier_chain_link_fence_160_01
FDE81D4916E5BA5A,j_webbing_ri
FDEAF0FFF1881EEB,uk_brick_wall_trim_01_32_endcap
FDF5CCD5F4295738,j_ring_1
FDF5CED5F4295A9E,j_ring_3
FDF5CFD5F4295C51,j_ring_2
FDF5D1D5F4295FB7,j_ring_4
FDFCFD4916F7E004,j_webbing_le
FE01E8F48D10E302,j_oprod
FE04AD7B4286250D,uk_building_exterior_concrete_stairs_64_center_01
FE1515BF663FC984,me_instrument_tambourine_01
FE1B82ADC7D638B6,kitchen_plastic_kid_cup_01
FE22C96171814D77,j_bar_front_left_aim
FE2D431C6B8FB695,j_strap3_le
FE380399FE58B33E,jup_wall_brick_trim_01_mesh
FE3B1A7762424BE8,j_cosmetic_back_bag
FE42A40206DC4188,r_earend_jnt
FE4531540296532D,j_proc_spinelower_frntside_le
FE4C2A7696E1DAAF,j_eyelash_bot_ri_1
FE4C2B7696E1DC62,j_eyelash_bot_ri_2
FE5A2C128D9E636C,j_pouch1
FE5A2E128D9E66D2,j_pouch3
FE5A2F128D9E6885,j_pouch2
FE65E600C6D2FF1D,vine
FE6892CAFD01BD8B,j_proc_spinelift
FE6B231C6BC4E153,j_strap3_ri
FE6CF81DEF900717,jup_decor_library_bookcase_06_mesh
FE6D36F058EDFB33,furniture_wood_baby_crib_01
FE71F44027A4BD93,j_mask_mid_le
FE86244027B5B82D,j_mask_mid_ri
FEA63C78DEAB8B00,sat_decor_statue_piazza_01_mesh
FEB1BE56AF8106DC,tag_light_on3_fx
FEBD92FB2DB0C941,j_chute_a_10
FEC3D3B7D77D558A,tag_props
FEC5A2EFFCD16DD6,j_sidegilly_e_le
FEC5B3EE2BF3142A,tag_wheel_center_middle1_left
FED54C728A0E2981,s4_cyclops_wall_facade_angled_trim_01_a_lod0_patch_02
FED982EFFCE1E080,j_sidegilly_e_ri
FEE2FD3061C02E70,j_cosmetic_flash_grenade_2
FEE3824F48C8C240,ape_preview_sphere
FEED20DF381F22F4,r_eyebrow0_jnt
FEEEA3B40519AEC6,j_cosmetic_mask_9
FEEEA4B40519B079,j_cosmetic_mask_8
FEEEA9B40519B8F8,j_cosmetic_mask_3
FEEEAAB40519BAAB,j_cosmetic_mask_2
FEEEABB40519BC5E,j_cosmetic_mask_1
FEEEADB40519BFC4,j_cosmetic_mask_7
FEEEAEB40519C177,j_cosmetic_mask_6
FEEEAFB40519C32A,j_cosmetic_mask_5
FEEEB0B40519C4DD,j_cosmetic_mask_4
FEF6EB5B7C389C62,tag_screen_off
FEF87F340F9D9AB3,j_cosmetic_glove_a2
FEF8CD5D17EE6110,j_bipod_legleft
FEFC05340FA0B43C,j_cosmetic_glove_b2
FEFC08340FA0B955,j_cosmetic_glove_b1
FEFEAE0B3730AA0B,j_shards
FF0605DA1743A612,un_military_storage_container_03
FF0606DA1743A7C5,un_military_storage_container_02
FF12A65B7C50A1DB,tag_screen_on1
FF12A75B7C50A38E,tag_screen_on2
FF12A85B7C50A541,tag_screen_on3
FF14B94555895031,j_cosmetic_larmpadbuckle
FF2820C8DC58D8A8,uk_scaffold_kit_right_angle_clamp_01
FF2CD8ECCF8F1845,aac_hats_men_02_lod0
FF2E8BAC6145A1D6,electronics_fan_box_01
FF3880B30FE30080,trashbag1_lod0
FF455E934B117A41,tag_right_wing_mid
FF482F6D10025CC7,t10_wall_greenhouse_glass_topaz_01_mesh
FF4C8F134AF97ED9,tag_light_yellow
FF4FB901251C5034,cord_02
FF4FBC01251C554D,cord_01
FF531D0C243A3429,tag_wheel_front_left_spin_follower
FF54F4CA6615D106,tag_laser_hide2
FF587B53A9CA7653,p7_bottle_glass_liquor_expensive_01_empty
FF6624CC77056A36,j_modi_root
FF6BD675737255FD,tag_flatbed_wall_left_animate
FF7A1E924BEF3BD0,j_cosmetic_lropebagropecpin
FF86039E77D632E3,j_dynamic_rear_hairlocka
FF86049E77D63496,j_dynamic_rear_hairlockb
FF86059E77D63649,j_dynamic_rear_hairlockc
FF88C59219256B39,tag_engine_le_paddle_in_animate
FF904CE851D4A9CD,right_wheel
FFBEE6AE83489510,j_dynamo
FFC1AACB391021D4,t10_sab_terrain_snow_edge_lp
FFC23AE2A50CF38B,j_pack6
FFC23BE2A50CF53E,j_pack5
FFC23CE2A50CF6F1,j_pack4
FFC23DE2A50CF8A4,j_pack3
FFC23EE2A50CFA57,j_pack2
FFC23FE2A50CFC0A,j_pack1
FFCAE29BE2F70302,bulb
FFCF9BBA914A08AE,fastrope_clasp_le_jnt
FFD56DE3748A3631,uk_portable_radio_01
FFD932C490F16429,j_cosmetic_spine
FFF223C2C42BBC74,j_mesa
FFF38E7FECF72868,tag_road_cobble_2lane_to_1lane_tee
FFF57E422EA3E065,t10_redacted_decor_vent_01
004FF5720D7227D9,tag_visor_left
00FE96A01F7CD5E7,tag_sight_on
0171B2F5DEFC3F93,tag_front_link_start
01BAD62139BAD1F2,tag_flash_silenced
02019FCF191C1C65,tag_already_exists_in_old_array
022C82AC1682F2F5,tag_weapon_right
029FD2574E376FFA,j_head_pv_z
02AF148EE311C9AE,tag_gesture_fx
02B85F304D12B8AC,tag_ang
02C969304D213CDD,tag_aim
02D939F18EF06472,tag_reflex
02DA6B304D2FB376,tag_ads
035E5546B69D33B0,tag_gunner_turret2
035E5646B69D3563,tag_gunner_turret3
035E5846B69D38C9,tag_gunner_turret1
037730C70D35658A,tag_fx_exp_front
0438517EA55C3D66,tag_stowed_hip
04EE39ECC412B439,tag_fx_light_1
0573B233AC86B17A,tag_driver_foot_right
0656549D2774C155,tag_flash_origin
07B1A8882E4426EE,tag_fx_iff_front_left
07C628F20E630524,tag_shield_ri_dmg
094944600EAFE3BB,tag_claw_bottom_base_animated
095C61345F54B2B7,tag_gunner_barrel3_null
09C2C52702DC947D,tag_wheel_center_middle_left
09C5893CC1897ED4,tag_wheel_drive_front_left
0B45A522865C2E26,tag_wheel_back_left_d0
0B51DB3DADF0644E,tag_shield_le_dmg
0C0E6E75D8B7DA73,tag_sideskirt_left_00_animate
0C26F23C3F4BB43A,tag_seat_1_window
0C7471DBA231F79F,j_exec_prop_smoke
0CBB11E9042E7EB3,tag_lense_top
0D225B1109E2D158,tag_lense_hide
0D36ACFBDB158B5C,tag_ik_target_left_character
0D694FA84929E9CB,tag_flash_alt_2
0D85F970A3936389,tag_fx_flashlight
0DE378999CFF5805,tag_laser_attach
0E007DB63D0531AE,tag_gametype
0E35917A351C0AA6,tag_chosen
0E65CE7F1AA6B195,j_left_hand
0E6669E405E23EE6,j_knife_2
0E950845CC550B7A,j_armor_plate_damaged
0EB8568A40CA4AFB,tag_sight_off2
0EFA2B8682BE5D8A,tag_stowed_back
0F079C474E013734,tag_lobby_id
0FB872CF95168BD1,tag_glass_ads
0FE2AC49899E548C,tag_patch_01
100C8FE886DDFB01,tag_reflector_arm_le
102E87E886FAD3CF,tag_reflector_arm_ri
10F906E6DB0B11CD,tag_popout
110AA948AC74E113,tag_detach
11AD88BF3AC2FDF9,tag_shield_le
1205B0BF3B0DB7C7,tag_shield_ri
1277AB90049D6B3D,tag_prop
129B332571C571C7,tag_engine_right
12BF9053A4801D74,tag_flash_entity
1345EA11EB011D85,tag_ik_target_right_character
14E222F95C2982A1,tag_arm_rear
16024B87B3ED0879,tag_stowed_hip_rear
16279FB4E0150189,tag_wheel_back_left
1629E054DB1D9410,tag_barrel_attach_large
179EDCBADA90071D,j_spinelowerbottom
185F8C5FA7828AE7,tag_reticle_thermal_scope
18F5680BE2E5EE12,tag_arm_front
1A3BD0D5D0A5A64B,j_ankle_ri
1A6F4B5015C719DF,j_knee_ri
1AA200D5D0FCAB0D,j_ankle_le
1ABA5350160712F1,j_knee_le
1B51C16581C81C7A,tag_radius
1BAF109A7ED1AFD3,tag_wheel_back_right_d0
1C07FE305B384D02,tag_loc
1C0C4759D42DA44C,j_sling_pivot
1CB46DCCB3F8520A,tag_stock_attach
1D5157A7597C4ADD,tag_main_rotor_static
1D5ABDB1EDAA7A28,tag_offset_x
1D5ABEB1EDAA7BDB,tag_offset_y
1D5ABFB1EDAA7D8E,tag_offset_z
1D6AD6556ADE8667,tag_view_debug_end
1DB75572BB892615,tag_bolt_attach
1F5F55441C55019F,tag_offset
1FE8D9080668B364,tag_glass_hip2
20296401E353CEAF,j_spineupper_1
20296501E353D062,j_spineupper_2
212902F6BFEBCE64,tag_barrel_attach
214CB3CA792DF40E,tag_sticker_shotgun
21C79D8966578440,tag_seat_7_window
24935BF8BB36FF36,tag_wheel_center_middle_right
24D55FC3C0C1AFE6,tag_loadout_vest_gloves
24ED198EEC322A80,heli_pilot_mesh
2598DB76B21B58E3,tag_ik_loc_ri
25C8BB76B2444645,tag_ik_loc_le
25D887E8C330BE1C,tag_bipod_attach
260F69A88729FC2C,tag_playerhelmet
267AFB8E4F13234B,tag_progression
26B7D83CB19BBDD4,tag_stowed_chest2
27BB56EEEA3D6CD5,tag_struct
28E84258EB76FBE1,tag_cambone
29652FA12A5871CC,tag_role
296C56E0654FD520,tag_gunner_flash2
29BC04A28632B5BA,tag_driver
2A503BB05A84A354,tag_grip_attach
2ADE4936433F2095,j_hip_back_ri
2B004936435C06FB,j_hip_back_le
2B16B244A8A415B2,tag_child
2B40C1B08102826F,tag_weekly
2C3DA9D7FD1CCB8A,tag_ik_foot_loc_le
2C4EA707E7EDEB34,j_gun
2C6CC1D7FD446514,tag_ik_foot_loc_ri
2D1B42572AC9E6CA,tag_to_shoot_from
2D54831581081DAB,tag_sight_off
2D6FC715811F58EF,tag_sight_on2
2DF75230658D2CB4,tag_num
2E988F789C4EA4C2,tag_ik_loc_le_launcher
2F0A2275C568F8A9,tag_helmet_cam
2F3C6F6AEBDFF843,tag_weapon_focus
3029FF15BC8C4667,tag_reticle_acog
306B2FD33B93972E,tag_reticle_tavor_scope
3162E1048E01C3A7,tag_seat_8_window
3175AD9029793FA8,tag_stowed_back2
3175AE902979415B,tag_stowed_back3
317D3D11C12E42BC,tag_thread
33480B28C435F8F2,tag_folding_grip
33D857A2D9EF80BC,tag_rope_attach
359EE61220C66F34,tag_ai_aim_target
36340859B8588452,tag_playlist_id
36C31E0DBC960A72,tag_seat_8
36C31F0DBC960C25,tag_seat_9
36C3200DBC960DD8,tag_seat_6
36C3210DBC960F8B,tag_seat_7
36C3220DBC96113E,tag_seat_4
36C3230DBC9612F1,tag_seat_5
36C3240DBC9614A4,tag_seat_2
36C3250DBC961657,tag_seat_3
36C3260DBC96180A,tag_seat_0
36C3270DBC9619BD,tag_seat_1
371DAE24D0005AA6,tag_wheel_front_right
3767B28F126528E4,tag_reticle_on
386485306BF4B8BA,tag_org
39E25EBD8E6A4A12,tag_laser_origin
39F804E6E74023DB,tag_eotech_reticle
3B1D77EB8F26D7BE,tag_attachment_focus
3C52B2545B84518D,j_neck_1
3CF9F0FEB4D595AE,tag_turret
3D634B31447380FC,tag_height_pivot
3D74F410065B9BE7,tag_trace_update
3D847A2167C72825,tag_carry_ik_loc_le
3E3AB13DCA7914BC,tag_shield_le_new
3E5838BAB5D9AEC7,tag_gunner
3E9FE107F2956913,j_ent
3FB681306FB8A9C5,tag_hud
401A3D376E2C06FF,tag_entity
40B7A236CCFCA7D3,tag_reticle_reflex
427A0736C343BF7B,tag_aim_animated
42C89A5284848DDD,tag_gasmask
42DFB58C1EAB8EBF,tag_ai_linkto_right
42EE95E51BEE1AD5,j_ball_ri
431095E51C0B013B,j_ball_le
43A2CA383DD4652B,j_leg_front_foot
43CF85E899DE1CB7,tag_wheel_extra_right_1
43CF86E899DE1E6A,tag_wheel_extra_right_2
43CF87E899DE201D,tag_wheel_extra_right_3
44A557C94EABEFB3,tag_cover_panel_08
44A55EC94EABFB98,tag_cover_panel_01
44A560C94EABFEFE,tag_cover_panel_03
44A561C94EAC00B1,tag_cover_panel_02
44A562C94EAC0264,tag_cover_panel_05
44A563C94EAC0417,tag_cover_panel_04
44A564C94EAC05CA,tag_cover_panel_07
44A565C94EAC077D,tag_cover_panel_06
4553B894CF564D70,tag_rail_attach
455C98B00A770ACF,tag_progress
46C1B9E391012D0C,j_label
484312C96FDC690C,tag_wheel_center_back_right
4A5E80AE370DB247,tag_accessory_right
4A8EA0D3D1E58FD0,rides_on_mesh
4AC349D3E77501A8,tag_weapon
4C873BF34AC2F622,tag_pilot
4D4EED8717081C75,tag_tu_ver
4DA043E27EB49741,tag_flash_2_silenced
4DE6BF8FE974D00F,tag_file_type
5041D631BB90A346,tag_weapon_chest
50469C4BA49B5F3E,tag_trunk_hint_outside
50CF549BD433522E,tag_engine
510DC886C8325319,j_shield_ri
52D9388914B963C6,j_spinelower
534BAED782168EA5,tag_tail_rotor
544F28C52D68A7B7,j_chest
55598D3CF0BDCE3F,tag_name
5751F70EF7BAF6E8,j_ik_foot_root
57A16C432D1CED11,tag_vfx_back_l
57A176432D1CFE0F,tag_vfx_back_r
587EEE8E40BD1A9E,j_dummy_slingcenteraim
59318B8CF6F13160,tag_weapon_left
598A80E1227269B3,j_mainroot
59B3DBE15263B458,tag_front_lens
5A276F41B8FEC9B7,tag_lense
5A8BA383C3C19C44,tag_angles
5AC4EF1A4DEEDFF7,tag_height_over_bot_head
5B14C029A2FEAEDF,tag_a
5B14C329A2FEB3F8,tag_l
5B14D129A2FECBC2,tag_r
5B7789C77C334B3E,j_spinelower_1
5BC4F1AFD9C2885C,tag_tail_rotor_static
5BEBCABE8371F304,tag_next_flash
5C2B59B5238B3BE4,tag_launcher
5D5E5E6BF6436206,tag_inspect_dof
5D888DAB06E82F65,j_neck
5E644F1552AB336A,tag_front_connect
5F38D9DB8F220240,tag_gunner_aim1
5F38DBDB8F2205A6,tag_gunner_aim3
5F38DCDB8F220759,tag_gunner_aim2
5F85E4CFC2CF653E,tag_glass_hip
6090DD231BB09DA4,j_left_shoulder
61A5E75B5E7D1103,tag_rear_connect
62A02F7DCC61F000,tag_to_play_on
632EB2AA25F9CEA1,tag_zerog_off2
63FB05C1549234A3,tag_camera
6416453084D013A7,tag_top
645AA7632A32C29E,tag_prop_l
645AB1632A32D39C,tag_prop_r
64FC024FFC37F536,tag_flash
65DF2F85134E4380,tag_blade_off
6601A5D75C3B4C5A,tag_accessory_left
660413872643BDCB,j_base
66B46E8D33E6A9EA,tag_wheel_back_right
66EF077532F0A8BF,tag_sling_attach
69751604208D62B3,tag_cosmetic
6AB5603B26FBB813,j_spineupper
6B06693088417E4F,tag_use
6C475761F100208C,j_head_pv_horizontal
6C6687808C717258,tag_align_gun
6CCAB538611391AF,tag_wheel_middle_left
6D6C42841DF32123,j_main_cable_tip
6DB0AADE41FFFC69,tag_zerog_off
6E28152601C5A79E,tag_door_lr_hint_inside
6F5D677E8F09C7DD,tag_view
6F6B9AAE96B44682,tag_moving
70B548633F7D9FD7,tag_ads_gun
70C81BEAB21DDE04,tag_wheel_middle_left_d0
7195C0BD8012B61F,tag_reticle_attach_offhand
73AB7CC792F21D08,tag_flicker
73D2FB9320B26D01,j_cape
73F134C21A4416B2,tag_inhand
7584C7D64F074433,tag_eye_on
75A531CE545C665B,tag_helmetlight
7753C844FF619CE9,tag_attach
7838172EAA42B871,tag_below
7A10AA444458CBAF,tag_ai_linkto_rear_left
7E02643BE77766C6,j_dummy_sling_clavicle
7E5D631E3AE5FBA0,tag_body
7E6B8706BE85BDA6,"tag_origin,"
7E6BA106BE85E9D4,tag_origin2
7EAB7353FBB1452C,tag_ik_target_left
7EC279DB5501070F,j_sling_spine
8050A8FABD5EB08A,tag_joystick
806A0032FD01C501,tag_upvec
807EDF3AFF76DA31,tag_wheel_left_front
807F04EE3704D79C,j_spinelower2
80A29DDA11327759,tag_reticle_hamr
8143E937FEFBD441,tag_seat_2_window
8153FC0A9C27D1F4,tag_door_rr_hint_inside
81B11740E4B19783,tag_wheel_center_back_left
8293664B2D2CA781,tag_view_debug
82FAFE1267F7C795,tag_rack_attach
83974250C0C5690B,tag_seat_4_window
83A86A99AF50D395,tag_light_right
83C42E88FD2EF9FF,tag_engine_right_animate
840AE74809F9CEDA,tag_engine_left
8477B2DCD9B956A6,tag_grapple_flash
848A90CDF22BC102,j_strap_09
848A91CDF22BC2B5,j_strap_08
848A92CDF22BC468,j_strap_07
848A93CDF22BC61B,j_strap_06
848A94CDF22BC7CE,j_strap_05
848A95CDF22BC981,j_strap_04
848A96CDF22BCB34,j_strap_03
848A97CDF22BCCE7,j_strap_02
848A98CDF22BCE9A,j_strap_01
84B7E23096B99C6E,tag_pos
850DFD3D95C8C7EE,tag_reticle_attach2
8567CA81F8C59D3C,tag_retrieved
862E890052A05CC6,tag_ai_linkto_front_left
8639B81833C05E04,j_jacket
869F69685AA90C04,tag_fx_light_tail
86D77FF476164B70,tag_machine_gun
86E90529F92517CF,tag_torso
873F5FBE186B30B9,tag_line_04_animated
88010C03F909F798,j_rocket_01
88010D03F909F94B,j_rocket_00
88010F03F909FCB1,j_rocket_02
89498D35A493EEF9,tag_ai_linkto_back_right
8A180249CFD5AE93,j_headband_le
8A2C3249CFE6A92D,j_headband_ri
8A52C405448A75C3,tag_gunner_turret3_animate
8AD07FAAAF290E1A,tag_scanner
8AEB6E6E53427D11,j_riotshield_offset
8C912F5E31BE51A9,tag_ik_tread_left_front
8CB0BC980006DFBA,tag_magnifier_eotech_reticle
8DA01B9B71FF286C,tag_light_1
8DA6EA5C5710AD06,tag_flash_attach
8E9A1D23FC2769A2,tag_clip
90411FEBB2C47FC1,tag_ads_scope
91EF67D0F267242E,tag_engine_base
92503DEBE215FC93,tag_comb_attach
925A69C33327882B,tag_door_rf_hint_outside
9304BB8ADB9C662D,tag_wheel_front_left
94712A5B0A1D4A38,tag_barrel_attach_small
95701B50F0A0F261,tag_wheel_middle_right_d0
960DBC583BD5DACF,tag_seat_0_window
96185E06DE21526C,tag_watcher
967CD72E482CF86F,tag_wheel_center_front_left
9718E42C62D17F5B,tag_count
991954FA64DAE9A8,tag_fire
9936A36FF3446210,tag_outline_entity
9946B95E8171655B,tag_guard_attach
99764AD37760A59B,tag_ai_linkto_front_right
99A232184D1B74EC,tag_positions
9A6DB8DF21CD8E0B,j_clavicle_ri
9AD3E8DF222492CD,j_clavicle_le
9CE58BE8FC5D1478,tag_barrel
9E4FFE452505C1DF,tag_door_rr_hint_outside
9F10E883BD55F74E,tag_origin_animate
9F432E8D4C5C87A0,tag_ai_linkto_rear_right
9F47C8375B019C0C,tag_gunner_brass1
9F68BBF5CB37F3AC,tag_ik_loc_le_foregrip
A05847FBF885F6E0,tag_index
A0B4CF4574501F3C,tag_getting
A10708456748DAE2,tag_offset_origin
A1352BFEBB9E3AB0,tag_knife_fx
A210E4C080A008BB,tag_sound
A2D1A560184C7DD2,tag_wheel_front_left_d0
A2F065B302924D0F,j_leg_back_01_foot
A2FEFFBF13F8BD31,j_sling_target
A3FFCEBC24724404,tag_offsets
A61D780145A46BCF,tag_goal
A7DA2D3AAE1AEF70,tag_steering_jnt
A87CAFD296F8752C,tag_rocket
A8AF2AE6B4091462,tag_ai_linkto_front_center
A9F22C00E25CC51A,tag_flashing
AA163CCA8536BD52,tag_seat_9_window
AC21879C4A5A6C58,tag_charge_fx16
AC21899C4A5A6FBE,tag_charge_fx14
AC218A9C4A5A7171,tag_charge_fx15
AC218B9C4A5A7324,tag_charge_fx12
AC218C9C4A5A74D7,tag_charge_fx13
AC218D9C4A5A768A,tag_charge_fx10
AC218E9C4A5A783D,tag_charge_fx11
AC24F29C4A5D5800,tag_charge_fx01
AC24F49C4A5D5B66,tag_charge_fx03
AC24F59C4A5D5D19,tag_charge_fx02
AC24F69C4A5D5ECC,tag_charge_fx05
AC24F79C4A5D607F,tag_charge_fx04
AC24F89C4A5D6232,tag_charge_fx07
AC24F99C4A5D63E5,tag_charge_fx06
AC24FA9C4A5D6598,tag_charge_fx09
AC24FB9C4A5D674B,tag_charge_fx08
AD4DC01EF1BD53DF,tag_trace_pulse
AD7D578B34826E1F,j_elbow_ri
ADC75F8B34C0B431,j_elbow_le
AE3FF0D42B894986,tag_flash_alt
B1B2FE7E39ADDF56,tag_turret_null
B2D6F319559A3EAE,tag_turret_base
B33E288AEB1D091D,tag_door_lr_hint_outside
B45F64BBD71C886B,tag_first_time_ever_seen
B50D39D9798237CB,tag_parameter
B6889A69E8363AF7,j_sling_clavicle
B6ECE810C40E3F10,tag_is_ranked_match
B70DA11BC61D6B2D,tag_trace_track
B75A972D7A12C18A,tag_ai_linkto_front
B77F3301B00A9BB9,tag_player
B7FED628496FC8F7,tag_eye_off
B80DD2414EB5573F,j_nose_tip
B84289FC752577A3,j_loose_round
B89E7559B23A1287,tag_collected
B8A5C6FFAB884E04,tag_build_id
B97E6F35683C6EAC,tag_top_flicker
B9DFAB12FB0A004A,tag_ammo
BB97807EA037B90C,tag_ai_linkto_back_left
BC11D8597EAE59E5,tag_gamemode_key
BC641E01510898EE,tag_stowed_chest
BC82BD9CAA5693CE,tag_score
BC89899CAA5C5A20,tag_scope
BD1047EC6869EB81,tag_forwardvec
BE287AF60EABB758,j_dummy_sling_spine
BF03B06BDBC16816,tag_motion_tracker_tl
BF33986BDBEA6310,tag_motion_tracker_fx
BF3FC031CDE3B860,tag_wheel_center_front_right
BF419A6BDBF6A3D2,tag_motion_tracker_br
BF41AC6BDBF6C268,tag_motion_tracker_bl
BFEC1F7C9B7DA3E3,tag_owner
C05319F9B9CD0AD8,tag_heli_with_head_icon
C0E8C8290C0693B9,tag_origin_mangler_torpedo
C164717864E640FF,tag_denied
C1A139AB5027AD12,tag_mag_spring_hide
C2808E7FF4099233,tag_build_config
C28FDE1DD14EF6B5,tag_butt
C2E72BBFF6BA6DDA,tag_fx
C31A1DBFF6E5AFA9,tag_up
C32441BFF6EE415A,tag_pb
C3495EFD155015C4,tag_seat_3_window
C585E8446FCA18D1,tag_chest
C62622DA9607F4D0,j_head
C697A9FF28DB7CBE,tag_aim_pivot
C6D783E2D95B7B1F,tag_tail_rotor_blur
C83D0CF92FA4465E,tag_key_card_with_head_icon
C8434549B203E3AB,tag_vfx_front_l
C8435349B203FB75,tag_vfx_front_r
C8BBFD299ECC4B1B,tag_frame_time
C9564777A3613552,tag_main_rotor
C997594300E4489C,tag_gunner3
C9975A4300E44A4F,tag_gunner2
C9975B4300E44C02,tag_gunner1
C99C394DBAE08E18,tag_holo
CB56416C9A997E58,tag_intel_with_head_icon
CBA661CF576E6441,tag_front_base
CC29CB5A1DBAF9A0,tag_wheel_middle_right
CCF6F9BA554FB2B9,tag_glass_ads2
CE29A8DE79569A9B,j_id
CE742223D34DC651,tag_door_lf_hint_outside
D076911012CA5E74,tag_sunroof_hint_outside
D2182C23A2CDDD38,tag_convoy_with_objectives
D29ABCA0F923DED4,tag_rail
D308E273C35BC311,tag_mapname
D30C07E4EE644A3B,tag_flash_2
D32EFB973F147183,j_left_elbow
D386E9A862239948,tag_testing
D3A08094BDB4312D,tag_shield_back
D3DA0642A4899568,tag_reticle_attach
D4400DBB2C1DF199,tag_ik_target_right
D44602C792B35141,tag_gripvert_attach
D4E051D9CDCF36BD,tag_gun_pivot_le
D4E761D9CDD5709B,tag_gun_pivot_ri
D58032F1F2647FA6,tag_shield_ri_new
D5C25BEF5705F372,tag_ai_linkto_left
D645740DCD89FBA1,tag_pistolgrip_attach
D6F1B1303425204B,tag_dot
D7989B57CB201750,tag_brass_2
D7D9514DD68A58E6,tag_front_link_end
D7E0B0E183F85290,tag_reticle_red_dot
D906449830495F3B,tag_match_id
D99CD4CF06935F54,tag_ik_loc_le_shotgun
DA2EBD3C7DD2750C,tag_override
DB022619BCC8D62B,j_wrist_ri
DB685619BD1FDAED,j_wrist_le
DB8A8CCA3810F96C,tag_rightvec
DB9F7283A4D3B0A3,tag_sticker
DD5A1A4F3CC63FED,tag_show_alt
DD5DC296AA24C3B4,j_leg_back_02_foot
DF431FC2B236FA4C,j_mag1
DF7B8EE143B1533C,tag_build_number
DFC57EF85D23D27F,tag_cosdisplay
E159D6776DEB3203,tag_trace_state
E1D6ED303AF39501,tag_eye
E2C2CAEF9490CE18,tag_body_animate
E39AABE1B2E5034B,tag_update_enemy_in_sights
E39E04C4AA1C8086,tag_seat_5_window
E3D2E4EC60EE14F7,j_spine4
E6E3E3DDE8AD25D9,j_hip_ri
E6EAFBDDE8B36D4F,j_hip_le
E7376349375D553D,tag_notify
E838BF7120908ECF,tag_trap
E83F139E692C9F0B,j_mag_spring
E90F5BABDCA91166,tag_watch_fx
E9477C1419728E7C,tag_bayonet_attach
EA336B792699683A,tag_usb_with_head_icon
EA59F4E857EED48C,tag_data
EC1E5E62BBF8BF6E,tag_camera_scripted
EC2837584EEC2329,tag_forward
ED6F8E89A427B55B,tag_pile_watcher
EDA7F87FDD158E7C,j_eyeball_le
EDC9E87FDD3259B2,j_eyeball_ri
EDF4A1B41927BCEE,tag_origin
EE52D34B9C664D17,tag_flash_muzzle_2
EF46C0CDF67E40C4,tag_rider
EF7869B54B10717D,tag_sling
F01EE8F87439281A,tag_flash_muzzle
F100CD6424737942,tag_vfx_back
F19A83F44CE97CF2,tag_engine_left_animate
F1CA47A7E4745DC7,tag_sync
F21D8017E86C7F1E,tag_shotgun
F3786E9EA723933D,tag_above
F701FC0E78EBCCFE,tag_gun_attach
F7DFE7518D58849F,tag_silencer
F8030054739EB878,tag_vfx_front
F8F19501F53220E2,tag_main_rotor_blur
F95D41B8A06004FD,tag_seat_6_window
F9C0871671F0B719,tag_array
F9CFE7CDFCFE331E,tag_right
FA0E5A68C17A112B,tag_flash_angles
FAB4811EBFC0C2AF,tag_laser
FB24F31EE3A4989F,tag_grenade_launcher
FB6EEA0051776B50,tag_barrel_animate
FC5A4C82776E9728,tag_wheel_extra_left_3
FC5A4D82776E98DB,tag_wheel_extra_left_2
FC5A4E82776E9A8E,tag_wheel_extra_left_1
FCDACD6EDB233AE9,tag_brass
FD7E35B5464FDFE7,tag_wheel_front_right_d0
FEEBDCE4420C8681,tag_mag_attach
FF321B96CCD94C27,tag_stowed_thigh
FF640EBBE5F6292B,j_helmet
FF6C29372D3D2D1D,tag_gasmask2
FF7590B3D37BFF62,j_shoulder_ri
FFC060B3D3BB994C,j_shoulder_le
FFC34B73FC738828,tag_playlist_ver
01478B64EC71AEE7,tag_elevator_right_animate
0DCEB844DBE8FABB,j_quad_mainroot
115056060001BE58,tag_aileron_left_animate
8540BDB8C9FFE375,tag_aileron_right_animate
94DBF0F5F6445B60,tag_patch_ver
A8C6B115D4A7ACDA,tag_elevator_left_animate
B5C5D9702461C8F6,tag_build_ver
80BA7D068759A647,tag_ffotd_ver
