hash,name
001A2DFEDF315CD4,behaviortree/juggernaut.gsc
001B65613B28EB18,scripts/mp/maps/mp_jup_highrise_xmas/mp_jup_highrise_xmas_lighting.gsc
001CC1B3BD7B69A9,scripts/mp/maps/mp_jup_estate/mp_jup_estate_precache.gsc
002B86C8B90F84A6,scripts/sp/maps/sp_t10_interrogation/sp_t10_interrogation_trauma_3.gsc
002E0206D4774172,scripts/mp/gametypes/br_skydive_protection.gsc
002F5972E002650F,scripts/cp_mp/loot_crystal.gsc
00318DA8E1FB2EF2,scripts/mp/maps/mp_jup_karachi/gen/mp_jup_karachi_sound.gsc
003E02CFC59436B1,scripts/mp/maps/mp_intercept/gen/mp_intercept_fx.gsc
005322327EEF13B1,scripts/mp/maps/mp_jup_shipment_iw9/gen/mp_jup_shipment_iw9_fx.gsc
005C0E9023E37121,character/character_hero_griggs_desert.gsc
006999B801B89486,scripts/mp/maps/mp_jup_vertigo/mp_jup_vertigo_audio.gsc
0070C2478FC6D8EF,scripts/mp/gametypes/ob.gsc
007E9A6905907E9C,scripts/sp/maps/sp_jup_gunship/sp_jup_gunship_lighting.gsc
0087DF9778DA2043,character/character_cp_al_qatala_desert_9_rpg.gsc
008D6EED4534AE75,scripts/mp/maps/mp_fishtown_gw/mp_fishtown_gw.gsc
008EEF4D9D1DB95F,character/c_jup_sp_villain_makarov_shirt.gsc
0091857B22BC390B,scripts/mp/emp_debuff_mp.gsc
009260F116382760,scripts/aitypes/vehicle.gsc
00927B4907418542,scripts/mp/maps/mp_mgl_escape4/mp_mgl_escape4_lighting.gsc
00A3E73C9CCEAFB1,scripts/engine/math.gsc
00B49FF19F4446B7,character/c_jup_sp_civ_guard_05.gsc
00C086ADAC4EBAAC,scripts/mp/maps/mp_jup_delta/gen/mp_jup_delta_sound.gsc
00C65B28F7DC928C,scripts/mp/maps/cp_raid1/cp_raid1_lighting.gsc
00C6A3CA16286CB4,xmodelalias/c_t10_usa_civ_m_formal_heist_body_black.gsc
00CC652497DF12A7,scripts/mp/bots/bots_gametype_ko.gsc
00CD407D1DAA0E1D,scripts/mp/gametypes/br_publicevent_lootcratedrop.gsc
00D67C1EA6FA326C,scripts/mp/gametypes/br_history_quest.gsc
00DFC95275CA64F5,scripts/mp/maps/mp_jup_greece/gen/mp_jup_greece_fx.gsc
00E246AFBD6ABD13,scripts/mp/gametypes/dmz_bosses_butcher.gsc
00ECDC0601E07F09,scripts/cp/cp_reward.gsc
00EE231B82F51E36,character/character_iw8_al_qatala_desert_9_rpg.gsc
00F06430868A2143,scripts/mp/vehicles/hoopty_truck_mp.gsc
00F084CC4C5D4C60,scripts/mp/maps/mp_jup_elevated/mp_jup_elevated_lighting.gsc
00FC53EDFA47F13B,scripts/mp/br_metal_detector.gsc
010512D8DA03A023,character/c_jup_sp_enemy_pmc_soldier_03.gsc
0109979747584E79,scripts/mp/maps/mp_jup_quarry_alt/mp_jup_quarry_alt_precache.gsc
010B6724C15A95E8,scripts/common/cap.gsc
0115188AD8D5F5E4,scripts/mp/maps/mp_t10_hideout/mp_t10_hideout_fx.gsc
011A95CB71D0CDA4,scripts/mp/gametypes/br_headgear.gsc
01299D55C0D48CC2,scripts/code/ai_shooting.gsc
012F75E2C60E0D42,character/character_hero_price_woodland_nvg.gsc
013C7C6E617BFDA4,scripts/cp/cp_infilexfil.gsc
013ED6770A8671A9,scripts/mp/maps/mp_fort/mp_fort_precache.gsc
014A05A9AC9613E6,scripts/mp/bots/bots_gametype_tdef.gsc
0158CC290FA3E45C,scripts/mp/utility/script.gsc
015EDFA8E2BDACE2,scripts/aitypes/combat.gsc
015FB07B24C5AB0B,behaviortree/suicidebomber_agent.gsc
016C0486017D9E46,scripts/zm/maps/zm_t10_garnet/gen/zm_t10_garnet_art.gsc
016E06A0BBAAA959,xmodelalias/civilian_london_male_body_skintone_med.gsc
016FDD6ECA367849,scripts/mp/maps/mp_jup_shipment_alt_4/mp_jup_shipment_alt_4_precache.gsc
0171E4F4A4EA34C0,scripts/autotests/gscunittest/test_gscunittest_undefined_struct_array_object.gsc
0188D3129E026F1D,character/character_cp_usmc_basic_ar_4.gsc
018C9036DC9A4081,scripts/cp/armor.gsc
019139727DB2B067,scripts/mp/maps/mp_bio_lab/mp_bio_lab_precache.gsc
01945A8D1CA99972,xmodelalias/heads_jup_sp_enemy_pmc_surge_plain.gsc
0198BA16CBD06610,scripts/cp_mp/dead_drop.gsc
01A0AEA59EE8415F,scripts/mp/trials/mp_trials_patches_petrograd.gsc
01ABCD351DC6A9EA,scripts/mp/maps/mp_frontend/gen/mp_frontend_art.gsc
01ABEE48E066BEAD,xmodelalias/civilian_london_female_heads_skintone_light_nohair.gsc
01B55EC09C72CE1B,scripts/mp/maps/mp_shoothouse2/gen/mp_shoothouse2_fx.gsc
01D019CB9DAA869F,scripts/asm/soldier/throwgrenade.gsc
01DD8C2481AC6E8A,scripts/sp/pip_util.gsc
01EA3B88E6F70A32,scripts/mp/maps/mp_t10_rm_grind_shell/mp_t10_rm_grind_shell_fx.gsc
01FFB2F471C28FAD,scripts/mp/maps/mp_floatinghouses/mp_floatinghouses.gsc
0201885A03CC3BCB,scripts/sp/maps/sp_t10_interrogation_2/sp_t10_interrogation_2_truth_3_end.gsc
020426E3DAF3A7F0,scripts/mp/killstreaks/loadout_drop_mp.gsc
02047002CB822C06,scripts/sp/maps/sp_t10_union/sp_t10_union_lighting.gsc
0210CAA060373B6A,scripts/aitypes/soldier_agent/setup.gsc
0215E8C6CBB5E921,scripts/mp/maps/mp_jup_highrise/gen/mp_jup_highrise_fx.gsc
02201D91547828C3,scripts/mp/gametypes/vip.gsc
022A691C4F1EEDBB,scripts/mp/bots/bots_gametype_aon.gsc
023A633AC3893869,scripts/cp/classes/cp_class_progression.gsc
024D396DBAC5EACC,scripts/cp/equipment/nvg.gsc
02623E6CE28C94B3,scripts/mp/bots/bots_gametype_br_solos_delta.gsc
026F0756F77CFCFD,scripts/mp/hud.gsc
0272536687F66DC7,scripts/sp/equipment/improvised_mine.gsc
027FF5BAFD325163,scripts/aitypes/assets.gsc
028091398FC96955,scripts/mp/maps/mp_skerries_v2/mp_skerries_v2.gsc
028F0F787153DE02,scripts/mp/maps/mp_jup_slaughterhouse_oct/mp_jup_slaughterhouse_oct_fx.gsc
0293BA44C408FEF1,scripts/cp_mp/playerachievements.gsc
029DD4BA61D6BCF7,scripts/mp/maps/mp_hydro/mp_hydro.gsc
02AABAC61F2AE422,scripts/cp_mp/superdeploy.gsc
02AE0175D9620C61,character/civ_al_qatala_urban_civ_female_turquoise.gsc
02B23B6A5BA29FB2,scripts/mp/killstreaks/pac_sentry_mp.gsc
02BDEFC4B5300716,scripts/mp/gametypes/br_assassination_quest.gsc
02C3C946A02B59C5,scripts/mp/killstreaks/remote_turret_mp.gsc
02CD4DA5E181D9DF,scripts/autotests/selftest/test_selftest_validation_failed.gsc
02D83CC39B46ABC8,scripts/sp/maps/sp_t10_extraction/sp_t10_extraction_fx.gsc
02E127E87BA4AA01,scripts/mp/killstreaks/missile_turret_mp.gsc
02E378A72BB22C5E,scripts/mp/maps/mp_luxury/gen/mp_luxury_art.gsc
0307262DA117A888,scripts/mp/destructible_pieces.gsc
030E0EDB13A2F1CC,scripts/mp/killstreaks/uav_s2_mp.gsc
03109B47041E42F8,scripts/mp/equipment/shieldturret.gsc
031396CE3A2ABBBA,scripts/sp/spawner.gsc
031BCEB1B2187E47,scripts/sp/maps/sp_t10_interrogation/sp_t10_interrogation_code.gsc
032FC1DC3F580EB2,scripts/mp/maps/mp_jup_rundown/mp_jup_rundown_fx.gsc
0330733F9FBBB9F9,scripts/mp/maps/mp_frontend/mp_frontend_precache.gsc
03314ADD7998AB13,scripts/mp/gametypes/activity_manager.gsc
0345FA4A960C66DE,character/civ_syrkistan_female_scarf_dress_orange.gsc
0347E655ACACDACE,scripts/common/progress_tracker.gsc
034913509EFACCAE,scripts/mp/maps/mp_jup_shoothouse2/gen/mp_jup_shoothouse2_sound.gsc
0353D65CD51FDB0C,scripts/mp/maps/mp_mgl_escape4/gen/mp_mgl_escape4_sound.gsc
0355C4042B123147,scripts/mp/bots/bots_gametype_resurgmass_trios.gsc
036E1953734FE72C,scripts/mp/maps/mp_jup_home_01_alt_toon/gen/mp_jup_home_01_alt_toon_sound.gsc
036E9988C3BE2565,scripts/mp/animation_suite.gsc
036FD89CA842AEF9,scripts/sp/equipment/signal.gsc
036FEC862C69F5B5,scripts/mp/maps/mp_jup_quarry/mp_jup_quarry_precache.gsc
037052EFEC602BD0,scripts/mp/subway/fast_travel_subway_station.gsc
0370EAD08F569080,scripts/mp/maps/mp_strike/gen/mp_strike_sound.gsc
0372301AF73968CB,scripts/cp_mp/playerhealth.gsc
0373619943A24F6E,scripts/mp/gametypes/escort.gsc
038BB77D4108DFFC,scripts/mp/maps/mp_jup_shipment_alt_3/mp_jup_shipment_alt_3_lighting.gsc
038EAC2888EF17FD,scripts/cp_mp/powerups/nuke.gsc
03906ED8412FD030,character/character_iw8_russian_army_ar_2_gasmask.gsc
03925321CD5B5289,scripts/mp/maps/mp_jup_fort/mp_jup_fort_ob.gsc
0394B0216927D91B,scripts/cp_mp/frontendutils.gsc
039BF998C0C9F3C4,scripts/mp/maps/mp_jup_bigmap/mp_jup_bigmap_lighting.gsc
039FD642D0C65FBB,scripts/mp/gametypes/tjugg.gsc
03A03B76E39970C8,scripts/mp/maps/mp_mgl_shipment_iw9/mp_mgl_shipment_iw9_lighting.gsc
03A246920C9288C4,scripts/cp_mp/equipment/scripted_trophy.gsc
03A3F1AE3D99150C,xmodelalias/t10_usa_dc_security_combat.gsc
03A5FFAEAD56E45B,scripts/mp/emp_debuff.gsc
03AA8E63A56E3416,scripts/mp/gametypes/br_twotwo_gulag.gsc
03ADABCEA4BA61C4,character/c_jup_sp_civ_prisoner_04_b.gsc
03B23E4FE65A2A20,scripts/sp/maps/sp_t10_safehouse_arrival/sp_t10_safehouse_arrival_fx.gsc
03B8D41C76313C77,scripts/autotests/test_gsc.gsc
03C7CD7498E1AD04,character/character_civ_male_rus_clerical_3.gsc
03C8FCB79090D614,character/civ_london_female_03_skintone_med.gsc
03CDE999873EE2BB,character/c_jup_sp_civ_prisoner_02_a.gsc
03D918DD819F36DF,scripts/mp/gametypes/arena_alt.gsc
03E816B921D0B226,scripts/sp/stealth/utility.gsc
03EEED4EC7FABCD1,character/c_jup_sp_hero_farah_urban.gsc
03F1B6713CA4C9C7,scripts/cp_mp/cash.gsc
040CB00815C998C3,scripts/autotests/autotests.gsc
041297C155FDEE34,scripts/mp/killstreaks/recon_drone_mp.gsc
0424D7DEDA010305,xmodelalias/russian_army_bodies_2_light.gsc
043574E13BEC7541,scripts/mp/gametypes/br_parliament_puzzle.gsc
043E578FEC661FF6,scripts/autotests/autotests_utility_player.gsc
04423B72BA570844,scripts/mp/maps/mp_jup_luxury/mp_jup_luxury_lighting.gsc
0468934889D71B78,scripts/mp/maps/mp_shoothouse2/gen/mp_shoothouse2_art.gsc
046CA9E7416BA3B6,scripts/sp/equipment/green_beam.gsc
046CF752D93DC17B,scripts/mp/gametypes/br_supply_drops_common.gsc
046EED464E0CA0D3,scripts/mp/equipment/throwstar.gsc
047130FDC5CD2D9C,scripts/mp/maps/mp_shipment_iw9/gen/mp_shipment_iw9_sound.gsc
048727F159F5E63E,scripts/zm/systems/zm_round_logic.gsc
0497F620360B162D,scripts/sp/footsteps.gsc
04A4DE0B92E3137C,scripts/mp/maps/cp_mission_esc/cp_mission_esc_fx.gsc
04A9FF33C9C66EC4,scripts/mp/killstreaks/throwback_marker.gsc
04B40D1EA1126B1C,xmodelalias/civilian_me_female_embassy_bodies.gsc
04B506D0F86D850C,scripts/mp/killstreaks/emp_mp.gsc
04B5B395EA0EA0FB,scripts/mp/gametypes/rescue.gsc
04C699B8EEF388D4,scripts/sp/maps/sp_t10_safehouse_destination/gen/sp_t10_safehouse_destination_art.gsc
04D2F8FE5B3A58FC,scripts/mp/maps/mp_sira_gw/gen/mp_sira_gw_sound.gsc
04DD1006A98EF214,xmodelalias/heads_civilian_asm_male_1.gsc
04F5963CAAD4070D,scripts/mp/bots/bots_gametype_br_duos.gsc
04FD7AE7467577B5,scripts/sp/stealth/manager.gsc
04FDA95B028741E4,xmodelalias/c_t10_iraqi_republicguard_a_bodies.gsc
0500E238EBDC8D01,scripts/mp/maps/mp_m_penthouse/mp_m_penthouse_precache.gsc
0502800B6ABE8006,scripts/mp/maps/mp_jup_incline/mp_jup_incline_lighting.gsc
052407859F1EE32A,scripts/cp_mp/xmike109.gsc
0524E8E6BEEE6F64,scripts/sp/load.gsc
05253422DB7E19BF,scripts/mp/gametypes/br_publicevent_plundermultipliers.gsc
0530B9D4E130FB6D,scripts/cp_mp/powerups/full_armor.gsc
05323B44EE395058,scripts/cp_mp/utility/turret_utility.gsc
05327F2D92ADBE5F,scripts/mp/maps/mp_jup_m_alley/gen/mp_jup_m_alley_fx.gsc
0541FA2A95760B99,scripts/mp/equipment/shockstick.gsc
0543149A0DE8625F,scripts/mp/maps/mp_jup_vertigo/mp_jup_vertigo.gsc
054823A29593228C,scripts/mp/compass.gsc
054C8C14BD48C282,scripts/mp/maps/mp_sira_gw/gen/mp_sira_gw_art.gsc
055ACBF6BD1CB125,scripts/mp/maps/mp_jup_urca/gen/mp_jup_urca_fx.gsc
0563FAA2D4A740F9,scripts/common/vehicle_ai.gsc
056F189DC0896467,scripts/cp/animation_suite.gsc
05701CA9799612C1,scripts/mp/maps/mp_jup_underpass/mp_jup_underpass_precache.gsc
057AE949D0922D07,scripts/mp/maps/mp_jup_observatory/mp_jup_observatory_precache.gsc
057EC8322297A84E,scripts/cp/pingcallout_cp.gsc
057ECDF06AE2850F,scripts/cp_mp/auto_ascender.gsc
059E15C23FE18B3C,character/c_jup_sp_enemy_pmc_jumper_03.gsc
059F5880FFCCAAF7,scripts/cp/cp_visionsets.gsc
05A65D0BD5B403CF,scripts/mp/maps/mp_jup_gw_fallout_wz/mp_jup_gw_fallout_wz_precache.gsc
05B1415C1B5D0F61,scripts/sp/geo_mover.gsc
05C607EF7F46F361,scripts/mp/maps/mp_sealion/mp_sealion.gsc
05C863BEB71432B7,scripts/cp_mp/ammopouch.gsc
05CAC6B43278B186,aiasm/shoot_sp.gsc
05D69A5FD2E45F60,scripts/quaked/script_vehicle_iw9_mil_lnd_cargo_truck_cover_open_physics.gsc
05D86C69C1BE0B69,scripts/mp/maps/mp_mgl_luxury/mp_mgl_luxury_precache.gsc
05DF4ADF33E9F704,scripts/aitypes/zombie_abom/zombie_abom_metabones.gsc
05E7E74A6FD92E01,scripts/cp/astar.gsc
05F006A1931E24DC,scripts/vehicle/pindia.gsc
06041BC662A0442E,scripts/mp/killstreaks/airdrop_escort_mp.gsc
060C925A3A240548,scripts/mp/maps/mp_jup_rundown/mp_jup_rundown_lighting.gsc
060E1F73D693AEF1,scripts/mp/maps/mp_jup_grandprix_pm_2/gen/mp_jup_grandprix_pm_2_fx.gsc
0618F814DE674736,scripts/mp/bots/bots_gametype_vip.gsc
0628DF08C1D48FEC,scripts/mp/maps/mp_t10_sm_bullet/gen/mp_t10_sm_bullet_art.gsc
062B082B02843BE8,scripts/mp/class.gsc
062B0889104A0D53,scripts/mp/infilexfil/vindia_infil.gsc
062CEB051D758BFE,scripts/engine/trace.gsc
0636C396F102B44F,scripts/mp/maps/mp_jup_delta_alt/mp_jup_delta_alt_precache.gsc
063E4333B636989D,scripts/mp/maps/mp_saba_pm/mp_saba_pm_precache.gsc
0645528CB1B1EF14,scripts/stealth/callbacks.gsc
064EAA9097DCFF71,scripts/mp/maps/mp_jup_terminal/gen/mp_jup_terminal_fx.gsc
0659FAB11DF906CC,scripts/mp/gametypes/rogue_perks.gsc
0659FBFFD512150B,scripts/mp/equipment/decoy.gsc
0663FF1906E9FE70,scripts/common/hud_util.gsc
066A4282CA5C9D2E,scripts/mp/maps/mp_jup_skydiving/mp_jup_skydiving_audio.gsc
066BA8BBAF5E6550,scripts/quaked/script_vehicle_iw9_mil_lnd_cargo_truck_flatbed_physics.gsc
066C1AB3E12369E9,scripts/mp/equipment/armory.gsc
06775AD452D13858,scripts/cp_mp/operator.gsc
067FB1233E876ED8,scripts/cp_mp/structspawnconfig.gsc
068220E8E0090A70,scripts/cp_mp/gestures.gsc
0683FF568524889A,scripts/code/struct.csc.gsc
06849A875AF56E3E,scripts/mp/utility/player.gsc
068CF0F0233BC5F9,scripts/autotests/test_callback_sequence.gsc
06915CAA9316909E,scripts/aitypes/alert.gsc
06956673F919E9E6,scripts/cp/agents/gametype_cp_survival.gsc
069601D62B1B1BAA,scripts/mp/maps/mp_m_exhibit/gen/mp_m_exhibit_sound.gsc
069E2E8BEBE24A71,scripts/mp/agents/agents.gsc
069EA9B509386900,scripts/mp/maps/cp_lone/gen/cp_lone_sound.gsc
06AD4F9E2F4C6105,scripts/mp/gametypes/br_movingtrain.gsc
06AF203D52A56EA0,scripts/mp/bots/bots_gametype_poiresurgence.gsc
06B86E1BE1827BF6,scripts/mp/maps/mp_mgl_shipment_iw9/gen/mp_mgl_shipment_iw9_art.gsc
06BA1ADE10B3481C,scripts/sp/maps/sp_t10_safehouse_domestic/gen/sp_t10_safehouse_domestic_art.gsc
06BA5E65CF4F487E,scripts/mp/maps/mp_jup_rust_alt_toon/mp_jup_rust_alt_toon_fx.gsc
06CBC59CB53EA0F8,scripts/mp/maps/mp_jup_growhouse/gen/mp_jup_growhouse_art.gsc
06D3E39FA43B6DE6,scripts/mp/maps/mp_biobunker/mp_biobunker_fx.gsc
06E3DB491C970B3A,scripts/mp/maps/mp_jup_waterfront/gen/mp_jup_waterfront_art.gsc
06E841F7AB146915,xmodelalias/bodies_c_jup_sp_enemy_rusgeneral.gsc
06F81DAC10AC2D33,character/character_sas_urban_ar_1.gsc
06F93362AC863721,character/c_jup_sp_enemy_pmc_soldier_05_masked.gsc
070DE4B08084A8FE,scripts/cp/radar_scrambler.gsc
070EAE1B2101A187,scripts/quaked/script_struct_mp_iw9_dirt_bike.gsc
0712E27378DACE0A,scripts/sp/maps/sp_t10_interrogation/gen/sp_t10_interrogation_art.gsc
0721AF321FFADE1D,scripts/cp/killcam.gsc
0739AD1459BB1CA6,scripts/mp/gametypes/br_train_quest.gsc
073D801F600ADD92,scripts/vehicle/umike.gsc
07556D6FF132B5AA,scripts/cp_mp/utility/equipment_utility.gsc
075841B8A332BA05,scripts/mp/maps/mp_jup_home_01/mp_jup_home_01.gsc
075B0CB7BD858C1C,scripts/mp/maps/mp_scrapyard_mobile/mp_scrapyard_mobile_lighting.gsc
075C097CF31AC6C0,character/c_jup_sp_enemy_pmc_hooded_03.gsc
075D8B0F93D100C2,scripts/mp/maps/mp_catedral_hlwn/mp_catedral_hlwn_lighting.gsc
07615068E3C982AD,scripts/cp/killstreaks/chopper_gunner_cp.gsc
0762B218DDC37E9B,scripts/mp/gametypes/wm_ui.gsc
07719CD57D3F570E,scripts/mp/maps/mp_m_canal/mp_m_canal_fx.gsc
077475F5FF211F11,scripts/sp/equipment/acid_grenade.gsc
0780CA0FF5944FCE,scripts/mp/gametypes/obj_bombzone.gsc
07955033516BA4ED,scripts/common/bots/bots_strategy.gsc
079AD8FF77475726,scripts/autotests/test_scripted_widgets.gsc
079CB0953119DCE0,scripts/mp/bots/bots_gametype_bigctf.gsc
07C250FED32DCA82,scripts/sp/helicopter_ai.gsc
07C40FA80892A721,scripts/cp_mp/armor.gsc
07CAEBC5D4875185,scripts/cp_mp/stealth/manager.gsc
07CE915060551A27,scripts/mp/maps/mp_jup_gw_fallout_wz/mp_jup_gw_fallout_wz.gsc
07D0E211DF0E5B61,scripts/mp/maps/mp_jup_shipment_alt/mp_jup_shipment_alt_precache.gsc
07DA24B7838807ED,scripts/mp/maps/mp_jup_shipment_alt_4/gen/mp_jup_shipment_alt_4_fx.gsc
07DD42F8BA1C1B0E,xmodelalias/c_jup_civilian_russian_female_body_flashback.gsc
07E994E91383C7BA,scripts/cp_mp/killstreaks/airdrop_escort.gsc
07EE8BAD86C952E4,scripts/sp/vehicle_treads.gsc
07FE11FABED87C38,xmodelalias/t10_usa_dc_security_combat_tan.gsc
08237C8CDAB9C00A,character/character_iw8_russian_army_ar_5_gasmask_only.gsc
082467C472E9E5ED,character/character_iw8_russian_army_1.gsc
0828A3BF9492E63D,scripts/mp/maps/mp_jup_slaughterhouse/mp_jup_slaughterhouse.gsc
0829687054C90DC2,scripts/mp/bots/bots_gametype_hc_control.gsc
08318E5C45CF4496,character/character_iw8_al_qatala_urban_04.gsc
083851F1CB94F27C,scripts/cp/cp_battlechatter_ai.gsc
083FD934D21467BE,scripts/mp/maps/mp_jup_luxury/mp_jup_luxury_fx.gsc
084AF360809289A2,scripts/sp/drone_base.gsc
085E4BF0387DCC41,character/character_hero_alex_urban.gsc
0860BFDFE82326E3,scripts/cp_mp/content_manager.gsc
086935FFAB684487,character/c_jup_sp_enemy_pmc_undercover_civ_konni.gsc
0873A961AAF63D09,scripts/cp_mp/vehicles/vehicle_collision.gsc
088093FCE8D71524,scripts/mp/maps/mp_jup_scrapyard_alt_v2/gen/mp_jup_scrapyard_alt_v2_sound.gsc
088804CFE1C28645,scripts/aitypes/bt_state_api.gsc
088B3FD3730CB78B,scripts/autotests/autotests_telemetry.gsc
088DB15B99161605,scripts/mp/maps/mp_townhouses/mp_townhouses.gsc
0897D11DF058EA1B,character/c_jup_sp_villain_makarov_jump.gsc
089B97E3AB1D86BC,scripts/cp/crafting_system.gsc
089F00BB868D0981,character/character_iw8_russian_army_2_hood_safehouse.gsc
08ABA1A7A15ED49A,scripts/sp/maps/sp_t10_safehouse_reunion/sp_t10_safehouse_reunion_fx.gsc
08AFBBC16473D488,scripts/mp/killstreaks/deployablebox.gsc
08B0AE017A7B271D,scripts/mp/dedicated.gsc
08B8E6C03E993C43,scripts/sp/maps/sp_t10_union/sp_t10_union_precache.gsc
08BACB6080E33309,scripts/mp/maps/mp_jup_bm_live/gen/mp_jup_bm_live_fx.gsc
08BAE979BBAB4744,scripts/mp/equipment/wristrocket.gsc
08BC8E8C7995D6CF,scripts/vehicle/secho.gsc
08C34A575093B8A9,character/character_hero_kyle_undercover.gsc
08C4310C64A44C13,scripts/mp/bots/bots_gametype_resur_quads.gsc
08C8E132AF264960,scripts/mp/laststand.gsc
08D309061EFD73B8,xmodelalias/bodies_iw9_enemy_aq_tier2_1.gsc
08D5AA26827356EC,scripts/mp/maps/mp_jup_terminal/gen/mp_jup_terminal_sound.gsc
08D98F954943A36E,scripts/mp/maps/mp_jup_hydro/mp_jup_hydro_lighting.gsc
08DA6063C587A694,scripts/sp/maps/sp_t10_intro/sp_t10_intro_audio.gsc
08DB78D8D0F38FE2,scripts/mp/gametypes/br_armory_trader.gsc
08DC23A8D8BAD4C3,scripts/cp/cp_puzzles_core.gsc
08DCB71820AEF7F1,scripts/mp/maps/mp_m_king/mp_m_king.gsc
08DD7BF5DE21FB78,xmodelalias/russian_army_heads.gsc
08E0C5338CE524D4,scripts/mp/bots/bots_gametype_resurgence.gsc
08E4A5ECEFF4640C,scripts/mp/maps/mp_catedral/gen/mp_catedral_sound.gsc
08E4D21CA0DE77C2,scripts/sp/interactables/dynolight.gsc
08EA223C76EADE2B,scripts/cp/vehicles/vehicle_oob_cp.gsc
08EB711E37ED0AFA,scripts/mp/gameobjects.gsc
08EC0E3926033582,scripts/mp/maps/mp_m_alley/gen/mp_m_alley_sound.gsc
08F3CB4DBABAE3A5,scripts/mp/spawnselection.gsc
08F8C84C5C288DCF,character/character_villain_wolf.gsc
08F98F408A6FAFD2,scripts/mp/maps/mp_shoothouse2/gen/mp_shoothouse2_sound.gsc
09002E3F894F958F,scripts/mp/battlechatter_mp.gsc
0905A0E30C1FAEC5,scripts/mp/maps/mp_jup_escape5_hell/mp_jup_escape5_hell_precache.gsc
090732B7A0F42AA6,scripts/mp/bots/bots_gametype_tjugg.gsc
0910A5286AC058D8,scripts/mp/bots/bots_gametype_battleroyale_ftue.gsc
09112FF428E6966B,character/civ_embassy_ambassador_assistant.gsc
091151E289AFEC2E,character/character_al_qatala_desert_ar_4.gsc
09171E242DE6A5A2,scripts/zm/maps/zm_t10_garnet/zm_t10_garnet_script_samtrials.gsc
0918A19212085653,scripts/sp/scriptable.gsc
091958088235607A,scripts/mp/gametypes/br_ending_chopper_no_hq.gsc
092E849E55F32D10,scripts/sp/equipment/hb_sensor.gsc
09337DD648535689,scripts/common/stackablehitmarker.gsc
0936B0C3330D4D04,scripts/cp_mp/scripted_weapons.gsc
09395ACE6DC015F9,xmodelalias/t10_secondary_heads_guard.gsc
09468046BECC8D59,scripts/mp/maps/cp_observatory/gen/cp_observatory_fx.gsc
094687C777BF3F17,character/character_sas_woodland_nvg.gsc
094870D4B71D3F3E,scripts/mp/maps/mp_t10_nuketown_winter/mp_t10_nuketown_winter_fx.gsc
09487322CAC9297E,scripts/sp/global_fx_code.gsc
094CD6A17094BDBD,scripts/mp/maps/mp_m_mercado/mp_m_mercado.gsc
09510F49310DE468,scripts/mp/maps/mp_shipment_iw9/mp_shipment_iw9_lighting.gsc
0954CF31A45CB5CD,scripts/mp/bots/bots_gametype_cmd.gsc
09561CB069F0415B,scripts/mp/maps/mp_jup_rust_alt_toon/gen/mp_jup_rust_alt_toon_fx.gsc
0957EFF7C812A514,scripts/mp/maps/mp_regional_gw/gen/mp_regional_gw_sound.gsc
09601F6FC1B3CDDA,scripts/cp/vehicles/vehicle_cp.gsc
096406475683663E,scripts/mp/maps/mp_jup_benchmark/gen/mp_jup_benchmark_sound.gsc
09711BB6E8ABDC00,scripts/mp/supers/super_stoppingpower.gsc
0971DA978A5D3107,scripts/mp/maps/mp_jup_drivethru/gen/mp_jup_drivethru_fx.gsc
0974236B390FBD2A,scripts/aitypes/bt_action_api.gsc
0978473EB1F8A26E,scripts/mp/maps/mp_bounty/mp_bounty_fx.gsc
0986E20BF687AAAE,scripts/mp/maps/mp_t10_sm_bullet/mp_t10_sm_bullet_fx.gsc
099236BAF60F156E,scripts/mp/maps/mp_skerries_v2/mp_skerries_v2_fx.gsc
0997082582A6C9BF,xmodelalias/heads_sas_woodland_nvg.gsc
099823E985D28A2A,scripts/mp/agents/suicidebomber/suicidebomber_agent.gsc
0998572FF3C96EE5,scripts/cp/progression.gsc
099ABE9D0AA699EA,scripts/mp/maps/mp_jup_shipment_alt_5/gen/mp_jup_shipment_alt_5_art.gsc
099B9AE87B9F00A9,scripts/cp_mp/killstreaks/nuke.gsc
09A98F653FFF265A,scripts/sp/names.gsc
09AC75F6223F719E,aiasm/playerasm_sub_mp.gsc
09AEA31B8FD2DF74,scripts/mp/maps/mp_jup_incline/gen/mp_jup_incline_sound.gsc
09B5B80876F7C0D2,scripts/mp/bots/bots_gametype_jugg.gsc
09BC184E5B58D70E,scripts/mp/maps/mp_jup_sm_island_2/mp_jup_sm_island_2_fx.gsc
09C462D37F156280,scripts/quaked/script_vehicle_jup_mil_lnd_cargo_truck_cover_open_physics_vip.gsc
09C8505822C19884,scripts/mp/maps/mp_jup_favela_alt/gen/mp_jup_favela_alt_sound.gsc
09D0561FF8DED2FB,scripts/unittest/call.gsc
09D2D9B2FB9B5D8D,scripts/vehicle/zuniform.gsc
09D771CD39D94225,character/character_civilian_me_male_cinderblock_d.gsc
09DD76076AFA2AA3,scripts/cp/cp_objective_mechanics.gsc
09DDA7E56E370B77,xmodelalias/bodies_al_qatala_desert_02.gsc
09E8BCA98403E59F,character/character_civilian_me_male_cinderblock_b.gsc
09E8FC39CD2F6663,scripts/game/sp/door.gsc
09F3D607A2667EBC,scripts/aitypes/melee.gsc
09F9D1B28A54DCC2,scripts/mp/equipment/smoke.gsc
09FF4A7E89E9E8CE,scripts/mp/maps/mp_jup_benchmark/mp_jup_benchmark_fx.gsc
0A13D93DF26D2666,scripts/sp/maps/sp_t10_extraction/sp_t10_extraction_lighting.gsc
0A18AD3DA8134D7B,scripts/mp/equipment/electric_discharge.gsc
0A19E4D5955D28E9,scripts/mp/trials/mp_t_reflex_create_script_quadrace.gsc
0A1ACDAA4ABD9DAC,scripts/mp/weaponrank.gsc
0A1CB31801728F2E,scripts/mp/maps/mp_sira_gw/mp_sira_gw_lighting.gsc
0A1CE10E842F9CA0,scripts/mp/maps/mp_jup_scrapyard/gen/mp_jup_scrapyard_art.gsc
0A34750D17473C49,scripts/mp/gametypes/br_utility.gsc
0A35012B9B75A996,scripts/mp/equipment/shock_stick.gsc
0A4BE0DFE2AC8A6C,scripts/mp/bots/bots_gametype_ob_pvpve.gsc
0A5115799E4C3245,scripts/mp/maps/mp_jup_sira/mp_jup_sira.gsc
0A5AD12775B6C704,scripts/mp/maps/mp_oilfield_gw/mp_oilfield_gw_lighting.gsc
0A5D836E2CDE0EA2,scripts/sp/ai_armor.gsc
0A68931F658A714E,scripts/mp/maps/mp_t10_rm_hacienda_alt/mp_t10_rm_hacienda_alt_fx.gsc
0A6FDF35B481AE82,scripts/zm/maps/zm_t10_garnet/zm_t10_garnet_pap_quest.gsc
0A77393E20ACBEE1,xmodelalias/bodies_iw9_cartel_tier1_1.gsc
0A7B6C06E6FAEFEB,scripts/cp/coop_escape.gsc
0A7D1715B70FF548,scripts/cp_mp/vehicles/vehicle_tracking.gsc
0A945DBD6C5969C6,scripts/sp/slowmo_init.gsc
0A98AC1C1320BD7F,scripts/mp/maps/mp_m_mercado/gen/mp_m_mercado_fx.gsc
0A9FF503C643E71A,scripts/mp/infilexfil/estate_infil.gsc
0AA331F79D40CCBE,character/c_jup_sp_enemy_pmc_sniper_01.gsc
0AA3CDA24769A358,scripts/sp/maps/sp_t10_safehouse_desperation/sp_t10_safehouse_desperation_audio.gsc
0AA432172D0E22B0,scripts/cp_mp/utility/train_utility.gsc
0AA8E2C831E59552,scripts/mp/maps/mp_jup_farm_18/gen/mp_jup_farm_18_art.gsc
0AAD8B1D70A9B5D8,scripts/mp/maps/mp_t10_fallout/mp_t10_fallout_lighting.gsc
0AAE0DF5B368D06E,character/c_jup_sp_enemy_pmc_hooded_02_jump.gsc
0AB66257F363A87C,scripts/mp/damagefeedback.gsc
0AB8D3A2D44320F1,xmodelalias/heads_al_qatala_desert_bomber.gsc
0AC80AB8D0901385,scripts/cp/utility/auto_ascender_ai.gsc
0ACE04C5C3EE7547,scripts/mp/gametypes/br_bank.gsc
0AD35C4B19D34E48,scripts/mp/bots/bots_gametype_hc_dm.gsc
0AD41356D11D47AE,scripts/mp/maps/mp_t10_training_br/mp_t10_training_br_fx.gsc
0AD626320935DDBF,scripts/sp/maps/sp_t10_redacted/sp_t10_redacted_precache.gsc
0ADD375274685DC5,scripts/mp/callbacksetup.csc.gsc
0AE604151E11DB2C,scripts/cp/cp_compass.gsc
0AF55484F1EFCF56,scripts/mp/gametypes/training_course.gsc
0AF925F4BF691DED,scripts/mp/maps/mp_m_king/gen/mp_m_king_fx.gsc
0AFB7E332AEE4BF2,scripts/cp/laststand.gsc
0AFC3EEB1E62D8E4,scripts/mp/maps/mp_intercept/mp_intercept_fx.gsc
0B0385BB45379222,scripts/mp/gametypes/br_dom_gulag.gsc
0B1AD919E42C3116,scripts/sp/maps/sp_t10_sabotage/sp_t10_sabotage_lighting.gsc
0B27F513235A49F6,scripts/cp/cp_weapon.gsc
0B32BD37527ED5D0,scripts/cp/utility/player.gsc
0B3544DFCD06A18E,character/character_al_qatala_urban_civ_4.gsc
0B399794BFDC4E52,scripts/mp/bots/bots_gametype_assault.gsc
0B39A8DB9AB23587,scripts/cp/cp_debug.gsc
0B3B7F369D748B54,scripts/mp/maps/mp_m_canal/mp_m_canal_lighting.gsc
0B52D22132D0FA32,scripts/mp/maps/mp_t10_rm_grind/mp_t10_rm_grind_fx.gsc
0B5BEB935E8CC4F5,scripts/mp/maps/mp_jup_skidrow_alt/mp_jup_skidrow_alt.gsc
0B5F26E0486CAE5C,scripts/cp/player/offhand_box.gsc
0B610F59F6A8D7E7,xmodelalias/heads_civilian_uk_female_surge_3.gsc
0B6BC33C5D4637D6,scripts/sp/maps/sp_t10_interrogation/sp_t10_interrogation_lighting.gsc
0B6E69AC53E6EE66,scripts/cp_mp/killstreaks/auto_drone.gsc
0B75A4A8C7D277AD,scripts/mp/maps/mp_jup_derail/mp_jup_derail.gsc
0B76F2D4779F19A0,scripts/sp/maps/sp_t10_safehouse_domestic/sp_t10_safehouse_domestic_fx.gsc
0B814FA82622EF7C,scripts/mp/equipment/armor_box_mp.gsc
0B8A0932FDC35B80,scripts/mp/gametypes/br_keypad_util.gsc
0B8C5ED4E9664B02,scripts/mp/maps/mp_delta_pm/gen/mp_delta_pm_art.gsc
0BAA1424E598BDD0,character/character_villain_wolf_bombvest.gsc
0BAFB85FAD2A45C4,scripts/mp/maps/mp_arn_zone1/mp_arn_zone1_lighting.gsc
0BB2B63F19A7FA8E,scripts/mp/tac_ops/hostage_utility.gsc
0BB3B3FCF1E71C68,scripts/mp/arm_objectives/arm_obj_nuke.gsc
0BB6F6C8DDD59043,scripts/mp/maps/mp_jup_incline/mp_jup_incline_precache.gsc
0BDEF97EF9E75B41,character/character_usmc_basic_lmg.gsc
0BE6CB102C46939E,scripts/cp/movement_trigger.gsc
0BE9221CB5F6F1F1,scripts/mp/maps/mp_forsaken_gw/gen/mp_forsaken_gw_fx.gsc
0BF343C09BA1F164,character/c_jup_sp_civ_guard_05a.gsc
0BF3584572AA2FEB,scripts/common/exploder.gsc
0BF5E009F3AED42C,scripts/sp/maps/sp_t10_safehouse_desperation/gen/sp_t10_safehouse_desperation_art.gsc
0C0103042E9D9F97,character/c_jup_sp_hero_price_london_blood.gsc
0C0338520796EBF4,scripts/cp/cp_analytics.gsc
0C0F9F3B00E6DBCC,scripts/mp/equipment/proximity_alarm.gsc
0C11D6400BA31ED7,scripts/anim/squadmanager.gsc
0C1563DC424637EE,scripts/mp/bots/bots_gametype_hq.gsc
0C18EDDDC1C5B130,scripts/mp/maps/mp_jup_shipment_alt/gen/mp_jup_shipment_alt_sound.gsc
0C1ED458362CE271,scripts/cp_mp/equipment/aether_blade.gsc
0C2889DBFB411A02,scripts/mp/maps/mp_jup_launchfacility/mp_jup_launchfacility_fx.gsc
0C388E97BB998325,scripts/mp/utility/teams.gsc
0C3A19E6469E8B6B,scripts/mp/gametypes/br_publicevent_stronghold.gsc
0C440494903971CC,scripts/mp/maps/mp_m_mercado/mp_m_mercado_lighting.gsc
0C46589F289D961A,scripts/mp/spawnscoring.gsc
0C4EEB121BA27B97,scripts/mp/killstreaks/nuke.gsc
0C592E3C4D03B7A7,scripts/mp/maps/mp_jup_delta_alt/mp_jup_delta_alt.gsc
0C5943AD6CA7F008,scripts/mp/maps/mp_jup_afghan_v2/gen/mp_jup_afghan_v2_sound.gsc
0C5ABF1CDB1BB1A5,scripts/mp/riotshield.gsc
0C5CC3D0D9E62A6D,scripts/mp/gametypes/grnd.gsc
0C698B2595B907CD,scripts/mp/maps/mp_jup_fort/gen/mp_jup_fort_fx.gsc
0C7FA313D48D792B,scripts/asm/asm.gsc
0C82B5B3B0CB66E0,scripts/mp/maps/mp_jup_shipment_alt_toon/gen/mp_jup_shipment_alt_toon_art.gsc
0C8738F5E61AA3AD,scripts/cp/vehicle_race/coop_vehicle_race.gsc
0CA4B00B4B2C6ADD,scripts/mp/maps/cp_raid1_trap/gen/cp_raid1_trap_fx.gsc
0CA71575C8DC26BD,xmodelalias/bodies_civilian_asm_male_3.gsc
0CAB1C8DED8DA82A,scripts/mp/maps/mp_m_alley/mp_m_alley_fx.gsc
0CAF1D000C52B25D,scripts/common/vehicle_interact.gsc
0CB6FAE1D89AB8AC,xmodelalias/civilian_syrkistan_female_head_no_hair.gsc
0CBF606F04945A2D,scripts/mp/maps/mp_jup_fort/mp_jup_fort.gsc
0CC64E08F07608B4,character/civ_syrkistan_female_nurse_mask.gsc
0CD6AD30BB55F2F2,scripts/mp/maps/mp_forsaken_gw/gen/mp_forsaken_gw_art.gsc
0CEA8F165A816A0C,scripts/stealth/init.gsc
0CEE2A9326D799FB,scripts/mp/equipment/tac_cover.gsc
0CF1CD4F0B4D92D7,scripts/sp/maps/sp_t10_sabotage/sp_t10_sabotage_anim.gsc
0CF3DE6B8A623500,scripts/mp/bots/bots_gametype_resurgsupreme.gsc
0D04FD42475E849D,scripts/mp/killstreaks/nuke_multi_mp.gsc
0D17503F56B92539,scripts/mp/gametypes/gwtdm.gsc
0D3AF535878CE6A1,scripts/cp/cp_challenge.gsc
0D3C447F147F5981,scripts/sp/maps/sp_t10_safehouse_reunion/sp_t10_safehouse_reunion_anim.gsc
0D418606A0C8B886,scripts/mp/maps/mp_jup_bigmap_wz2/mp_jup_bigmap_wz2_fx.gsc
0D5AC5FBC289F77D,character/civ_embassy_office_worker_female_1_1.gsc
0D5BEC410F76C041,xmodelalias/c_t10_usa_dc_metro_police_02_body.gsc
0D5DC0819A999532,scripts/mp/maps/mp_toujane2/gen/mp_toujane2_art.gsc
0D5E4B0D8068558C,scripts/mp/maps/mp_jup_emergency/mp_jup_emergency_lighting.gsc
0D61CBBD5CF60E27,scripts/asm/soldier/patrol.gsc
0D7628A6DFC41B52,scripts/mp/maps/mp_shipment_iw9/mp_shipment_iw9_fx.gsc
0D7A3009B3281A19,scripts/mp/maps/mp_jup_resort_gw/gen/mp_jup_resort_gw_fx.gsc
0D7ECC9DA600EC47,scripts/sp/intelligence.gsc
0D85AC4657C23A10,scripts/sp/player/note.gsc
0D957B719A00CC94,scripts/game/sp/stealth/manager.gsc
0D96F81D8AD0B457,xmodelalias/heads_civilian_me_male_1.gsc
0DA52CED873B216E,scripts/cp/factions/faction_progression.gsc
0DA8FACE6189CC04,scripts/mp/maps/mp_crossing/gen/mp_crossing_sound.gsc
0DABA2E9A8350242,scripts/mp/killstreaks/mapselect.gsc
0DC32AEF0A47A23C,character/c_jup_sp_enemy_pmc_soldier_02.gsc
0DC559D5A05DC474,scripts/mp/maps/mp_oilfield_6v6/mp_oilfield_6v6_lighting.gsc
0DCC09902E277B83,scripts/cp_mp/equipment/stimpistol.gsc
0DD7835B9CBE1CA8,scripts/sp/outline.gsc
0DD91B2C913B5E5B,scripts/mp/maps/mp_embassy/mp_embassy_precache.gsc
0DEA4020F8FF4111,scripts/mp/maps/mp_jup_resort_gw_wz/gen/mp_jup_resort_gw_wz_fx.gsc
0DF46DDB8A7DF820,scripts/mp/maps/mp_jup_highrise_xmas/gen/mp_jup_highrise_xmas_art.gsc
0E00A175CD3C099D,character/character_sas_urban_nvg_ar.gsc
0E029ECC1624799D,xmodelalias/c_t10_usa_civ_m_formal_capitol_body_mideast.gsc
0E0E3184E03E7C00,scripts/mp/bots/bots_gametype_mini_duos.gsc
0E286DF1258F74D5,xmodelalias/heads_civilian_asm_female_1.gsc
0E2FC04A6CC6C766,scripts/sp/maps/sp_jup_vip/sp_jup_vip_lighting.gsc
0E429028F9C1C965,scripts/sp/equipment/bottle.gsc
0E43E8E28E88639E,scripts/mp/killstreaks/popsmoke.gsc
0E462D62DE635594,scripts/zm/systems/agent_manager.gsc
0E494DD5DEBDA9C7,scripts/mp/bots/bots_gametype_war.gsc
0E4A4BCD834BD23D,scripts/vehicle/ralfa.gsc
0E4DCDE7F29DDE3D,scripts/cp_mp/zombie_intel.gsc
0E4EFCF5498B4D0A,scripts/mp/maps/mp_jup_quarry/mp_jup_quarry_fx.gsc
0E4F3E49398FDBE5,scripts/cp/pvpve/pvpve.gsc
0E57E0BA05E04ACD,xmodelalias/c_t10_civ_m_heads_black.gsc
0E58CB13C7E71EDE,character/c_jup_sp_civ_guard_03a.gsc
0E5DB4163DDC9246,scripts/mp/gametypes/wm.gsc
0E68A38461A6E3D4,xmodelalias/heads_civilian_uk_male_surge_1.gsc
0E6F637D07D400CA,scripts/mp/equipment/tactical_cover.gsc
0E75889B2EFE5D16,scripts/sp/security_camera.gsc
0E7E3F2DE9A6CECE,scripts/mp/maps/mp_fishtown_gw/mp_fishtown_gw_fx.gsc
0E80538EF14D00E1,scripts/cp/vehicles.gsc
0E8A252B4C2138ED,scripts/mp/gametypes/gold_gun.gsc
0E8C3ABA7F313913,scripts/mp/maps/mp_embassy/mp_embassy.gsc
0EA2B9B4FFB27E35,scripts/mp/bots/bots_gametype_escort.gsc
0EA4C80B05AD5611,character/character_cp_usmc_basic_lmg.gsc
0EA4FAD5C0FB4A2C,xmodelalias/heads_al_qatala_tmtyl.gsc
0EA500E63B8DDAC4,character/character_iw8_al_qatala_desert_3.gsc
0EA7B8318C7A1823,scripts/mp/maps/mp_jup_resort_gw/mp_jup_resort_gw.gsc
0EA83FDED6D70060,scripts/mp/bots/bots_gametype_poiresurgence_quads_bots.gsc
0EAACDDDEB82E2A2,scripts/cp_mp/challenges.gsc
0EAB76E4D130A0D6,character/character_spetsnaz_lmg_cp_nvg.gsc
0EAF05A0BEEBB7D4,scripts/mp/gametypes/t10_training_course.gsc
0EB04DF0C68F04C8,scripts/mp/maps/mp_t10_rm_grind_shell/mp_t10_rm_grind_shell_lighting.gsc
0EB4F4CE0838A5D9,scripts/quaked/script_struct_mp_jup_truck_tech_hmg.gsc
0EBB6067A2162225,character/character_barkov_captive.gsc
0EBC709082B1546C,xmodelalias/bodies_sas_urban_cqc.gsc
0EC0F9AD939B29E0,scripts/cp_mp/equipment/hb_sensor.gsc
0EC1A7FE2686DCC1,scripts/mp/maps/mp_jup_blackheart/mp_jup_blackheart_precache.gsc
0ED276256A336066,aiasm/gesture_lw_mp.gsc
0ED61DA927B3BA80,scripts/mp/maps/mp_jup_scrapyard_alt_v2/mp_jup_scrapyard_alt_v2_lighting.gsc
0ED7CA3BE0CE08E7,scripts/mp/maps/mp_sealion/br_sealion_sidequest_supply_sweep.gsc
0EE49FBD69A66DBD,scripts/cp/cp_agent_damage.gsc
0EF47F6B12175664,scripts/engine/flags.gsc
0F0271E8E1D2C35A,scripts/sp/maps/sp_t10_contract/sp_t10_contract_market.gsc
0F02A7566345D263,scripts/aitypes/zombie_base/zombie_base.gsc
0F06855F31D8BCC4,character/c_jup_sp_hero_farah_desert.gsc
0F106A920E67C929,scripts/mp/maps/mp_jup_shipment_alt_5/gen/mp_jup_shipment_alt_5_fx.gsc
0F146B2D0F31B324,scripts/sound/snd_utility.gsc
0F2AA4F91514E196,scripts/mp/maps/mp_jup_shipment_alt_5/mp_jup_shipment_alt_5_fx.gsc
0F377DF950536F95,scripts/cp/cp_aitype_structs_ally_usmc.gsc
0F430E9B819C8833,scripts/common/benchmark.gsc
0F4678C9C2A5B24E,scripts/mp/gametypes/br_ending_chopper.gsc
0F4E8D02D2F70888,scripts/anim/battlechatter_ai.gsc
0F53F9E5AB0B3082,xmodelalias/heads_civilian_asm_female_4.gsc
0F547766B907DD86,scripts/mp/bots/bots_gametype_rugby.gsc
0F5E8D3188AB65D2,scripts/mp/maps/mp_jup_bait/gen/mp_jup_bait_art.gsc
0F5F3AF38B9CE328,scripts/asm/soldier/mp/script_funcs.gsc
0F63DE2324CD0A73,scripts/cp/drone/utility.gsc
0F66EFA8802D9D2C,scripts/mp/killstreaks/juggernaut_recon_mp.gsc
0F679FD605A69D24,xmodelalias/civilian_london_female_body_skintone_med_anim_safe.gsc
0F76EB6B01FE49CD,scripts/mp/maps/cp_jugg_maze/cp_jugg_maze.gsc
0F8F6EF2EACDE085,scripts/mp/gametypes/br_publicevent_choppers.gsc
0FA3C2952F0DCA0D,scripts/mp/maps/mp_jup_rust/mp_jup_rust.gsc
0FB5E517D78327F4,scripts/mp/maps/mp_bio_lab/mp_bio_lab_fx.gsc
0FBF4F1788F6E81A,scripts/mp/maps/mp_wz2_escape/mp_wz2_escape_light.gsc
0FC05952538B8AC6,scripts/sp/equipment/hellstorm_device.gsc
0FC0D9178CC3EAFB,scripts/cp_mp/supers/evg.gsc
0FC0E00E7CF9B73B,scripts/aitypes/cover.gsc
0FC32D6454CBDBCD,character/character_iw8_sla_rebels_female_prisoner_4.gsc
0FD32F08E72B657F,scripts/mp/gametypes/common.gsc
0FE0A0DFACD2D27B,character/c_jup_sp_enemy_pmc_sniper_02.gsc
0FE23E6D8B0BE18A,scripts/cp_mp/doorbuy.gsc
0FFC11472C1F0BA3,character/c_jup_sp_civ_prisoner_05_b.gsc
0FFC1613209C0E58,aiasm/playerasm_void_mp.gsc
10107DC25F5BD62E,scripts/mp/spectating.gsc
10122B3722577A77,scripts/cp/agents/gametype_cp_specops.gsc
101352BEA05224CC,character/character_spetsnaz_gasmask_nohelmet_cqc.gsc
10267C55A210F0F0,aiasm/shoot_mp.gsc
1026EFE5892E4F12,scripts/sp/player/ledgewalk.gsc
104306B2AAF2D73F,scripts/mp/bots/bots_gametype_poiresurgence_quads.gsc
104E3370B024F998,scripts/mp/equipment/temp_v.gsc
10587A0683D82922,scripts/sp/player/youngfarrah.gsc
10662A1ACF0EBE7E,scripts/mp/killstreaks/emp.gsc
106CEEA112AEB3D0,scripts/mp/maps/mp_wz2_escape/mp_wz2_escape_br.gsc
1071CDF8B9C71407,scripts/mp/maps/mp_jup_rundown/gen/mp_jup_rundown_fx.gsc
10737EEAEC1D1C5A,scripts/autotests/selftest/test_selftest_sre.gsc
107442FB675C829F,scripts/cp_mp/supers/capture_bot.gsc
10795DCD85533296,scripts/mp/maps/mp_jup_shipment_xmas/mp_jup_shipment_xmas_lighting.gsc
107FE0BE820063D4,scripts/mp/equipment/c4.gsc
1086521C02AC89D4,scripts/mp/maps/mp_jup_waterfront/gen/mp_jup_waterfront_sound.gsc
10896A5B5E755DAF,scripts/mp/maps/mp_catedral_hlwn/mp_catedral_hlwn.gsc
108BA8C9324404CD,scripts/mp/maps/mp_jup_karachi/mp_jup_karachi_precache.gsc
108DCBADBA39201C,scripts/sp/maps/sp_t10_interrogation/sp_t10_interrogation_trauma_1.gsc
108FAF3DABBC3E99,scripts/mp/gametypes/control.gsc
1090E1CA8300A33A,scripts/mp/maps/mp_jup_luxury/gen/mp_jup_luxury_art.gsc
109CF9CC19F3D346,scripts/sp/dialogue_wheel.gsc
10A0F3A3C4081183,character/civ_embassy_office_worker_male_2_3.gsc
10A87589F1D6FEB5,scripts/mp/maps/mp_jup_sm_island_2/mp_jup_sm_island_2.gsc
10AD6174C8938599,scripts/cp_mp/killstreaks/cluster_spike.gsc
10AD76D2AB53CD59,scripts/mp/gametypes/br_gametype_mini.gsc
10D8EB6F75795C29,scripts/cp/utility/cp_safehouse_util.gsc
10E73492FA6B95DD,scripts/mp/killstreaks/rcxd_mp.gsc
10E7A93D981318CA,scripts/mp/pingcallout_mp.gsc
10E7F3F869070228,scripts/mp/bots/bots_gametype_war_snipers.gsc
10EC51EF4AE45A4D,scripts/mp/maps/mp_jup_zooquarium/mp_jup_zooquarium_precache.gsc
10F5930837707647,scripts/sp/maps/sp_jup_tundra/sp_jup_tundra_precache.gsc
10FE14A6C227A5A6,scripts/mp/bots/bots_gametype_br_quads.gsc
1102D268DAAEE97C,scripts/mp/maps/mp_jup_delayed/gen/mp_jup_delayed_sound.gsc
110368D614FC4337,character/c_jup_sp_enemy_pmc_capt_01.gsc
110568F0CBE28D89,scripts/quaked/script_vehicle_jup_mil_lnd_cargo_truck_physics_vip.gsc
110E8CCE19077CC3,scripts/mp/bots/bots_gametype_koth.gsc
112B6172A8E03232,character/civ_london_female_skintone_light_anim_safe.gsc
112CE5394D514E2F,scripts/mp/gametypes/br_gametype_zonecontrol.gsc
113ABC2265EE440F,scripts/sp/equipment/spy_cam.gsc
113C907EEF13C4C6,scripts/cp_mp/loot_digging.gsc
1148C586F5B997E0,scripts/quaked/script_vehicle_iw9_suv_overland_2016_tech_physics.gsc
115281D4522A1404,xmodelalias/civilian_london_female_head_skintone_light.gsc
115D1FAD3B173502,scripts/mp/crossbow.gsc
1161301AB760C579,character/c_jup_sp_civ_guard_04a.gsc
116171939929AF39,scripts/cp/globallogic.gsc
116476B6BD59FB19,scripts/mp/maps/mp_fort/gen/mp_fort_fx.gsc
116B16251A6FF950,scripts/mp/maps/mp_m_exhibit/gen/mp_m_exhibit_art.gsc
116CEABE045DE636,scripts/mp/init_cp_mp.gsc
116DF3CC7751D509,scripts/mp/maps/mp_jup_shipment_iw9/mp_jup_shipment_iw9_precache.gsc
116EB4D7BA1A9325,character/character_civ_russian_police_officer.gsc
11726127FD59442B,scripts/sp/equipment/flashlight.gsc
1172EFE51C441BF6,scripts/sp/missilelauncher.gsc
1176DF9FF216E516,scripts/autotests/test_http.gsc
11845DB74B81359F,scripts/cp/helicopter/cp_helicopter.gsc
11939510967EC54C,scripts/mp/maps/mp_jup_estate/gen/mp_jup_estate_sound.gsc
1196CFFE8A5DBE37,xmodelalias/heads_civilian_asm_male_4.gsc
119A7616BF501D2D,xmodelalias/c_t10_usa_civ_m_formal_capitol_body_black.gsc
11A298CE6627A2C9,scripts/mp/maps/mp_toujane2/mp_toujane2.gsc
11B4260CE61B0788,xmodelalias/bodies_civilian_uk_female_surge_1.gsc
11C39CBB70B26E8D,character/c_jup_sp_civ_prisoner_04_a.gsc
11C55E2B1FDB5952,scripts/cp_mp/pingcallout.gsc
11C71C62D64982C2,scripts/sp/maps/sp_t10_union/sp_t10_union_audio.gsc
11CC830B10EC9E27,scripts/cp/cp_anim.gsc
11DC5C1C34F463EC,scripts/sp/maps/sp_t10_redacted/sp_t10_redacted_fx.gsc
11E65938DDAAC8B8,character/character_iw8_al_qatala_urban_02.gsc
11E98DCE5A485DDE,scripts/mp/maps/mp_t10_sm_heirloom/mp_t10_sm_heirloom_lighting.gsc
11EA0E44F2C70504,scripts/mp/bots/bots_gametype_poiresurgence_solos_bots.gsc
11F8482D601A0E8B,scripts/aitypes/suicidebomber/setup_agent.gsc
11FAA036A7A64386,scripts/mp/maps/mp_jup_shipment_alt_4/mp_jup_shipment_alt_4_fx.gsc
120270BD0A747A35,scripts/mp/ai_behavior.gsc
120775574E054C2A,scripts/common/vehicle_airdrop.gsc
1222322394E3DDE0,scripts/mp/vehicles/vehicle_occupancy_mp.gsc
1222FB675E6919C9,xmodelalias/c_t10_usa_dc_metro_police_heads_black.gsc
123898B3EB05C744,xmodelalias/civilian_me_female_wrap_bodies.gsc
123A6F38785CDF2D,scripts/mp/gametypes/br_respawn.gsc
124C0460ED84305F,character/c_jup_sp_enemy_pmc_spforce_03.gsc
1253596E7EA3B78C,scripts/mp/maps/mp_jup_estate/mp_jup_estate_lighting.gsc
125B0209F31BCCF4,scripts/sp/player/carrylinked.gsc
125E1DE662C614BC,scripts/mp/outofbounds.gsc
126F12D0A469E47E,scripts/cp/cp_scriptable_states.gsc
127004EDBBE46F47,scripts/mp/equipment/semtex.gsc
1272B945C902B191,scripts/mp/killstreaks/manual_turret_mp.gsc
127D3D9BDAC90B00,scripts/sp/maps/sp_t10_interrogation_2/sp_t10_interrogation_2_audio.gsc
128048FFB0E55685,scripts/mp/maps/mp_luxury/mp_luxury.gsc
12838DDB9B7FD7FE,scripts/mp/maps/mp_jup_favela_alt/mp_jup_favela_alt_fx.gsc
1287EAC158212373,scripts/cp/cp_persistence.gsc
12971CEBDD7FFF70,scripts/mp/serversettings.gsc
1297498E8CD577A3,xmodelalias/c_t10_civ_f_heads_asian.gsc
12AC8E46F9F1B1D7,character/character_spetsnaz_riotshield_cp.gsc
12C4FCF07F81C417,scripts/common/vehicle_compass.gsc
12CCF3C0663C2738,scripts/mp/gametypes/ko.gsc
12D33BE994A1E409,scripts/cp_mp/killstreaks/emp_drone.gsc
12E2FB553EC1605E,scripts/cp/loadout.gsc
13020667BCDB72FE,scripts/mp/maps/mp_mgl_catedral/mp_mgl_catedral_fx.gsc
13043514F86DCC97,scripts/sp/maps/sp_t10_union/sp_t10_union_code.gsc
130B90141EB30189,scripts/cp_mp/equipment/bunkerbuster.gsc
1314F8CA41250C97,scripts/cp/vehicles/apc_rus_cp.gsc
131AB51C35CD3CEA,scripts/mp/maps/mp_museum/gen/mp_museum_art.gsc
1322F7F2FD8DC770,scripts/unittest/callback.gsc
132D62A694A66E00,scripts/cp/cp_laststand.gsc
1330F1D3477B251A,character/c_jup_sp_villain_ivan_urban.gsc
133D21EB3F7E37AB,scripts/common/minimap.gsc
1340A85ED25B5FD9,scripts/mp/maps/mp_floatinghouses/mp_floatinghouses_precache.gsc
13535550B56B5EC3,scripts/common/vehicle_upgrade.gsc
1365F0C79DA001E8,scripts/mp/maps/mp_jup_elevated/gen/mp_jup_elevated_sound.gsc
136A2497B8C49F29,scripts/mp/maps/mp_jup_m_alley/mp_jup_m_alley.gsc
13756E31CBAEBF8C,scripts/mp/maps/mp_fort/mp_fort_lighting.gsc
137A641CADC5DF20,scripts/cp/utility/game_utility_cp.gsc
137DC0CB6B7460A6,character/character_civilian_me_male_embassy_dad.gsc
13A2097FA273CA9E,scripts/cp_mp/emote.gsc
13AF5D97EA9037E4,scripts/sp/maps/sp_t10_intro/sp_t10_intro_lighting.gsc
13B120A0376C694C,scripts/mp/maps/mp_jup_zooquarium/gen/mp_jup_zooquarium_sound.gsc
13B474E16AE0700F,scripts/code/struct.csc
13C0801E30856000,scripts/sp/global_fx.gsc
13C1AA5F4765A401,character/character_spetsnaz_cqc_nvg_cp.gsc
13C6CAF562C141C5,scripts/mp/maps/cp_lone/gen/cp_lone_fx.gsc
13D14023C67003BF,scripts/mp/accolades.gsc
13D1C402F1421C35,scripts/anim/combat_utility.gsc
13D30E0BCF50207F,character/c_jup_sp_civ_prisoner_01_b.gsc
13D36FE5666830E0,scripts/cp/execution.gsc
13D7519ECADA5FEA,scripts/cp_mp/outofrange.gsc
13D8FD098278B5C4,scripts/mp/maps/mp_jup_delayed/mp_jup_delayed_fx.gsc
13E562E39A0560DB,character/character_spetsnaz_gasmask_cqc.gsc
13F05A92A4F35787,scripts/common/vehicle_omnvar_utility.gsc
13F6D1136F0A1B51,scripts/mp/gametypes/havoc.gsc
13F8859DD3DF3A91,scripts/mp/maps/mp_narcos/gen/mp_narcos_fx.gsc
13F9DDE7EECFBC71,scripts/cp_mp/equipment/thermal_phone.gsc
1406E03016D96DEA,xmodelalias/bodies_civilian_asm_female_1.gsc
1415FA215F5F1EA4,scripts/mp/maps/mp_mgl_verdansk/mp_mgl_verdansk_lighting.gsc
1418331052F9AAF3,xmodelalias/c_t10_civ_urban_dc_heads_female.gsc
14183DF6F9AF8737,scripts/mp/gametypes/br_gametype_resurgence.gsc
1455D908FF492105,scripts/killstreaks/remote_turret.gsc
14609B809484646E,scripts/cp/utility/connect_event_aggregator.gsc
14660943F9B0BB08,scripts/mp/maps/mp_jup_wasteland/gen/mp_jup_wasteland_art.gsc
14664F0C5050F274,scripts/mp/maps/mp_t10_sm_bullet/mp_t10_sm_bullet_lighting.gsc
146A17616F44667A,scripts/stealth/corpse.gsc
146CF05CA89271EB,scripts/mp/trials/mp_euphrates_create_script_gunnonlinear.gsc
1470A8E739BEBB8A,character/c_jup_sp_enemy_pmc_capt_02.gsc
14728AE601229CCA,xmodelalias/c_jup_civ_russian_male_body_flashback.gsc
1489A8B1F1D0EE4A,character/character_london_police_hivis.gsc
14993A596C0F22BB,scripts/cp/vehicles/tac_rover_cp.gsc
14A891212E407741,scripts/mp/maps/mp_mgl_catedral/mp_mgl_catedral_precache.gsc
14B00477671C5A35,behaviortree/suicidebomber.gsc
14B29BDC53004413,scripts/sp/maps/sp_jup_flashback/sp_jup_flashback_precache.gsc
14C97D26444E532D,scripts/mp/bots/bots_gametype_hc_koth.gsc
14D32184C28E8194,character/civ_uk_female_coat_blue.gsc
14D3930854CB398C,scripts/mp/plea_for_help.gsc
14D6980754649152,scripts/mp/maps/mp_jup_growhouse/gen/mp_jup_growhouse_sound.gsc
14D8EE0493F99CF6,scripts/mp/equipment/geigercounter.gsc
14E0AEC82EF0352C,scripts/cp_mp/equipment/sonar_pulse.gsc
14E0E26641C439DC,scripts/mp/maps/mp_jup_gw_fallout_wz/mp_jup_gw_fallout_wz_fx.gsc
14F2C0458EF716C6,scripts/mp/equipment/suppression_rounds.gsc
15022BA351684FBE,scripts/mp/maps/mp_jup_das_haus/mp_jup_das_haus_fx.gsc
15047AF555F1F9A0,scripts/common/heartbeat.gsc
1505AFBB50ACCA42,scripts/mp/gametypes/br_publicevent_flybuy.gsc
150FC9212F421DE4,scripts/smartobjects/stealth_knock_off_30.gsc
151B1CCE100B540A,scripts/mp/maps/mp_wz2_escape/mp_wz2_escape_ee.gsc
151D81BF634AAD5C,scripts/cp/cp_hud_util.gsc
1531B7F1CC7837FB,scripts/sp/stealth/social.gsc
1531EFC681BAEFE4,xmodelalias/body_iw9_aq_smg_1_white.gsc
154439FDBDB10B95,scripts/mp/gametypes/hq.gsc
1555A70C7C68BCE0,character/character_cp_usmc_basic_ar_3.gsc
156835EF9924856A,scripts/mp/equipment/iodine_pills.gsc
1576A58623076050,scripts/mp/challenges.gsc
1582197658C00E0F,scripts/mp/arm_objectives/arm_obj_capture.gsc
1584D072DD426127,scripts/mp/br_window_alarm.gsc
1587DBDAAB302301,scripts/mp/maps/mp_jup_delayed/gen/mp_jup_delayed_fx.gsc
15911D67A81B41FA,scripts/asm/soldier/custom.gsc
159A6C716E66F4B9,scripts/sp/flags.gsc
159F253F9BD2314E,scripts/asm/shared/death.gsc
15A70AD2B561D11D,scripts/vehicle/empty_heli.gsc
15AE524B52B2D461,scripts/mp/maps/mp_jup_invasion/gen/mp_jup_invasion_fx.gsc
15AE8137379807E9,character/test_character_farah_father.gsc
15B5DB2F5F796305,scripts/mp/maps/mp_jup_highrise/mp_jup_highrise.gsc
15BE0F50D6E10D48,scripts/cp/infilexfil/lbravo_infil_cp.gsc
15C27E47A18D238B,scripts/mp/maps/mp_jup_dubai/gen/mp_jup_dubai_fx.gsc
15C58B3443C8F5AA,scripts/asm/soldier/cover.gsc
15CA72CE9214A2F2,scripts/mp/maps/mp_jup_delta_alt/gen/mp_jup_delta_alt_art.gsc
15CAA49E8AB60CD8,scripts/cp/survival/survival_loadout.gsc
15CBBAC1E0DB6A31,scripts/mp/maps/cp_raid1_boss1/gen/cp_raid1_boss1_fx.gsc
15D666F1CEF2140C,scripts/common/scriptable_door.gsc
15E911C2E47193B4,character/character_opforce_juggernaut.gsc
15E9979C98CB018C,scripts/cp/vehicles/little_bird_cp.gsc
15EF279651DCFDCF,xmodelalias/civilian_london_female_body_02_skintone_dark.gsc
15F86984DA58CDA7,scripts/asm/soldier/ground_turret.gsc
15F98CDC6D745232,scripts/mp/maps/mp_delta/gen/mp_delta_art.gsc
15FB857D9E8B5F6D,scripts/mp/maps/mp_jup_invasion/mp_jup_invasion.gsc
16008C3F0A2090C6,character/c_jup_sp_hero_soap_london_tactical.gsc
160BC2B853762904,scripts/cp/cp_awards.gsc
160D0F1B81840667,scripts/mp/gametypes/br_vip_quest.gsc
161F9595DFC9ADA6,scripts/mp/maps/mp_bounty/gen/mp_bounty_art.gsc
16233AAF7262DC05,scripts/mp/maps/mp_jup_favela/mp_jup_favela_precache.gsc
162FA4C633ED9A35,scripts/mp/maps/mp_m_lounge/mp_m_lounge.gsc
163386F8246EA03C,scripts/stealth/threat_sight.gsc
1633F052890D788B,scripts/zm/systems/zm_round_spawning.gsc
1634E64913248C4E,scripts/mp/bots/bots_gametype_dom_snipers.gsc
1636BB4817605A4F,scripts/mp/killstreaks/placeable.gsc
163AD3CCB646C1FA,scripts/mp/gametypes/wm_ending.gsc
16428D24C490AED3,scripts/ob/ob_rift_gate.gsc
16448E4E69E35554,scripts/common/mocap_ar.gsc
164622EB2B0F5390,scripts/mp/gametypes/dmz_s5_reveal.gsc
16466C0BFF179CA5,character/c_jup_sp_ally_redshirt_01.gsc
1649B26024AFFCF9,scripts/mp/bots/bots_gametype_koth_horde_haunting.gsc
164E928B2FD0063E,scripts/mp/maps/mp_embassy/mp_embassy_lighting.gsc
165108FAC4CD107E,xmodelalias/bodies_civ_western_boy.gsc
16617DE231BF5280,scripts/mp/scoreboard.gsc
1666312BF878AF9C,scripts/mp/maps/mp_jup_quarry_alt/gen/mp_jup_quarry_alt_sound.gsc
1668F5863B1DFE2E,scripts/cp_mp/supers/super_launchers.gsc
16691A533B0C86FA,scripts/mp/gametypes/fr.gsc
166B11563999BC01,character/character_spetsnaz_gasmask_lmg_trial.gsc
166B4F052DA169A7,scripts/cp/vo.gsc
1671F48D05259D22,scripts/mp/gametypes/br_killstreaks.gsc
1673C08D3BE4AE9F,xmodelalias/civilian_london_female_heads_skintone_dark.gsc
167428C4C368615C,scripts/sp/player/ballistics.gsc
16788B23F7813A68,aiasm/gesture_cp_mp.gsc
167E5BD4B426E313,scripts/mp/gametypes/assault.gsc
1685AE0605A93B68,scripts/engine/scriptable.gsc
16893FC2525DAC44,scripts/mp/maps/mp_jup_terminal_alt/mp_jup_terminal_alt_audio.gsc
16A93360157F61EC,scripts/mp/maps/mp_embassy_hlwn/gen/mp_embassy_hlwn_sound.gsc
16B87C6B95574BD0,scripts/mp/minefields.gsc
16C9B4314094853E,scripts/vehicle/veh9_mil_air_heli_blima.gsc
16D0109D2FF055DF,scripts/mp/infilexfil/van_infil.gsc
16D75E0530ECE1EE,scripts/mp/trials/mp_harbor_floorislava_create_script.gsc
16DC7AF36B7908C0,scripts/mp/maps/mp_observe_gw/gen/mp_observe_gw_sound.gsc
16DDD685A448C6D2,scripts/engine/scriptable_ascender.gsc
16E0489809BCC604,scripts/mp/maps/mp_jup_underpass/mp_jup_underpass_lighting.gsc
16F5049E37134935,scripts/mp/maps/mp_museum/mp_museum.gsc
1706659CA9734A24,scripts/sp/maps/sp_t10_safehouse_defend/sp_t10_safehouse_defend_fx.gsc
170918A4881CC5B7,character/character_spetsnaz_cqc_cp.gsc
172D002C28F413E6,scripts/sp/nvg/nvg_ai.gsc
172F5F8FC2C75DE1,aiasm/soldier_sp.gsc
173F238005CB70B9,scripts/cp/incursion_waves.gsc
17428198488C338F,scripts/mp/gametypes/front.gsc
1743BEBD3419635C,scripts/mp/maps/mp_regional_gw/mp_regional_gw_fx.gsc
175B69D8F2B89D12,scripts/mp/vehicles/med_transport_mp.gsc
175EE4E233B0DAF1,scripts/mp/maps/mp_jup_quarry/gen/mp_jup_quarry_fx.gsc
1762D7B022D62EC7,scripts/cp_mp/pet_watch.gsc
176675C59A936A96,scripts/mp/maps/mp_jup_rust/mp_jup_rust_fx.gsc
1771E0718AABCFE1,scripts/cp_mp/seasonalevents.gsc
17795A290BA768B1,character/character_iw8_al_qatala_urban_01.gsc
177EA61B6C77D04F,scripts/mp/bots/bots_gametype_rush.gsc
17822983BFEF61F9,scripts/mp/bots/bots_gametype_resur_quads_sealion.gsc
178551461C04CB24,scripts/autotests/selftest/test_selftest_function.gsc
179B71A4FB0AD5C5,xmodelalias/bodies_iw9_enemy_aq_ar_3.gsc
17A313607EC7D300,character/civ_embassy_office_worker_female_2_1.gsc
17AC901F490C15BB,scripts/sp/maps/sp_t10_sandbox/sp_t10_sandbox_precache.gsc
17ACBC814535793F,xmodelalias/bodies_iw9_enemy_aq_ar_5.gsc
17B1B6957A922B2C,scripts/mp/maps/mp_jup_rust/gen/mp_jup_rust_sound.gsc
17CAF3AB35DEFD13,scripts/killstreaks/switchblade_drone.gsc
17DA0A253C54B0FB,character/character_spetsnaz_ar_nvg.gsc
17DF70E07BFDB243,scripts/mp/maps/mp_jup_st_c_gw/mp_jup_st_c_gw.gsc
17E1C85F6522B03E,scripts/mp/equipment/hb_sensor.gsc
17F2C690F3A59C64,scripts/sp/door.gsc
1806953AC216FC93,scripts/mp/trials/trial_utility.gsc
18081CF8B9A9DA94,character/civ_syrkistan_girl_2_1.gsc
18163BE051A6CB80,scripts/mp/maps/mp_t10_sm_heirloom/mp_t10_sm_heirloom_fx.gsc
181F897B8E85DD84,scripts/mp/gametypes/sharp.gsc
182319ADB729522F,scripts/mp/killstreaks/fuel_airstrike_mp.gsc
182955D3F35EB8F1,scripts/cp/helicopter/chopper_boss.gsc
182BB60CD19FAD16,scripts/mp/maps/mp_jup_tower/gen/mp_jup_tower_sound.gsc
18352E596D3D46DD,xmodelalias/c_t10_usa_dc_metro_police_heads.gsc
183764699C0BCD81,character/character_spetsnaz_gasmask_nohelmet_lmg.gsc
18397AD45A54DAF2,scripts/mp/bots/bots_gametype_grnd.gsc
183BA55FED386936,scripts/mp/gametypes/grind.gsc
18475A669837B301,character/character_usmc_raiders_ar_2.gsc
1849CB35C4349D55,scripts/mp/bots/bots_gametype_arcade.gsc
184C00AF74E45F30,scripts/mp/gamelogic.gsc
185E0BB2EA68BF11,scripts/mp/vehicles/van_mp.gsc
18620E6A17DB569A,scripts/sp/maps/sp_t10_extraction/sp_t10_extraction_util.gsc
1862D204D74DA147,scripts/mp/maps/cp_raid1_boss1/cp_raid1_boss1_precache.gsc
1865037432903ABC,scripts/mp/bots/bots_gametype_more_battles.gsc
18661C91DE5B5195,scripts/cp_mp/factions.gsc
18700AC8288A0229,xmodelalias/c_t10_iraqi_republicguard_heads.gsc
1870E90529EB0822,scripts/mp/maps/mp_shipment_iw9/gen/mp_shipment_iw9_art.gsc
187A04151C40FB72,scripts/cp/rank.gsc
188209D7A6D9661D,scripts/sp/destructibles/oil_barrel.gsc
189B67B2735B981D,scripts/cp_mp/talking_gun.gsc
18A132AEEE23136E,scripts/mp/teams.gsc
18A342B42A64AC91,scripts/autotests/selftest/test_selftest_failed.gsc
18A73A64992DD07D,scripts/cp/spawning.gsc
18ABCE9B34457823,scripts/mp/maps/mp_jup_scrapyard/gen/mp_jup_scrapyard_fx.gsc
18AF78602B67B70C,scripts/cp/utility/raid_util.gsc
18B92FCB75257F1C,scripts/mp/trials/trial_sniper.gsc
18BC8221442CEEA3,scripts/mp/maps/mp_jup_highrise_xmas/gen/mp_jup_highrise_xmas_fx.gsc
18C1E36AE92D394F,xmodelalias/civilian_london_female_body_skintone_01.gsc
18C700DCAAADA0B9,scripts/mp/equipment/emp.gsc
18CBC2523C2BFB9D,scripts/mp/infilexfil/blima_infil.gsc
18D5A4A78BCF1D05,scripts/mp/maps/mp_jup_m_alley/mp_jup_m_alley_precache.gsc
18D63E5EFA8784C0,scripts/autotests/selftest/test_selftest_http.gsc
18DFB2EFA90825CA,scripts/common/objective_marker_bundle_helper.gsc
18E0E81A33DEC69E,scripts/cp/tripwire_cp.gsc
18E84F31CA1EE3F1,scripts/mp/maps/mp_observatory/gen/mp_observatory_fx.gsc
18EB67651E38DBFE,scripts/vehicle/veh_t10_mil_us_heli_medium_trans.gsc
18EE7AE10A52C8AF,aiasm/soldier_lw_mp.gsc
190790F6466F8A06,scripts/quaked/script_struct_mp_jup_cougar_mg.gsc
191339F5C1A6195B,scripts/stealth/debug.gsc
191A65338B3E81CD,scripts/autotests/selftest/test_selftest_success.gsc
192702EE5B99E604,scripts/mp/maps/mp_m_mercado/gen/mp_m_mercado_art.gsc
1955C748B00BEC22,character/test_character_crew_male_vest_picc_01.gsc
1956C52318204AA6,scripts/mp/bots/bots_gametype_mini_trios.gsc
19623334C167E314,xmodelalias/civ_london_male_1.gsc
1966DFCBD2D268D2,scripts/mp/killstreaks/airdrop_multiple_mp.gsc
1968DF0F374CD0BC,xmodelalias/alias_hero_stpetersburg_nikilai_body.gsc
196A1A67F48A5ADE,xmodelalias/bodies_civilian_asm_male_2.gsc
1971B0AC5B8846B0,scripts/cp_mp/vehicles/vehicle_damage.gsc
1974079C607A332C,scripts/sp/treadfx.gsc
1975B2A6D9277F52,scripts/mp/equipment/snapshot_grenade.gsc
19765011272DFE27,scripts/cp_mp/utility/pickups_utility.gsc
197A1774AE32A599,character/civ_embassy_office_worker_female_2_2.gsc
198018AC1916BF3A,scripts/mp/gametypes/cache.gsc
19818A4D668D8841,scripts/mp/supers/loadout_drop.gsc
199A1F4363AFB888,scripts/vehicle/blima.gsc
199CFEDC988E52F2,scripts/mp/maps/mp_embassy/gen/mp_embassy_art.gsc
19A564D17590E1BA,scripts/mp/vehicles/vehicle_mp.gsc
19AA72688C1A1921,scripts/sp/player_stats.gsc
19BEB2599A856A11,scripts/cp/vehicles/vehicle_utility.gsc
19BF35518126CFDE,scripts/sp/maps/sp_t10_heist/sp_t10_heist_util.gsc
19C169A442D5975A,scripts/cp_mp/utility/vision_utility.gsc
19C4FB49961F79AE,scripts/mp/maps/cp_raid1_trap/cp_raid1_trap_fx.gsc
19C9434F77ED7F77,xmodelalias/c_t10_usa_dc_metro_police_01_body_mideastern.gsc
19CB693D3542F849,scripts/cp/cp_disguise.gsc
19D8325A65696BEC,scripts/cp/cp_deployablebox.gsc
19E020D7B19C133C,scripts/sp/player_rig.gsc
19E5AA4E682F4A43,scripts/mp/gametypes/br_publicevent_heavyarmor.gsc
19EC0FE0C3415CA2,scripts/mp/killstreaks/uav_mp.gsc
19EE0761912074FD,scripts/sp/maps/sp_jup_vip/sp_jup_vip_makarov_reveal.gsc
19EE9AE3BB56EEDF,scripts/cp/infilexfil/infilexfil.gsc
19FD5B5D73D44C18,scripts/mp/equipment/battlerage.gsc
1A06A2EE09C533BA,scripts/sp/player/flare.gsc
1A108372A314490E,scripts/sp/interaction_manager.gsc
1A1EB360D6975346,scripts/sp/maps/sp_jup_silo/sp_jup_silo_lighting.gsc
1A28A26F7DCE2DD4,scripts/mp/maps/mp_jup_m_exhibit/mp_jup_m_exhibit_lighting.gsc
1A32C2673CB9020B,scripts/mp/gametypes/escort_horde.gsc
1A436D415B296844,scripts/cp/vehicles/vehicle_occupancy_cp.gsc
1A4FC95657361D97,scripts/common/rat.gsc
1A564CC8C5096A80,scripts/mp/maps/mp_davos/gen/mp_davos_art.gsc
1A6122CD2AABBB81,scripts/cp_mp/killstreaks/chopper_support.gsc
1A6B6463763C95D4,scripts/mp/maps/mp_m_lounge/mp_m_lounge_lighting.gsc
1A70DAB983449BB8,scripts/cp_mp/equipment/thermobaric_grenade.gsc
1A72625A4E9B5150,scripts/mp/equipment/throwing_knife_fire.gsc
1A770865F3E0213E,xmodelalias/hats_civ_russian_police_officer.gsc
1A88B3BCA3265954,scripts/sp/maps/sp_jup_tundra/sp_jup_tundra_fx.gsc
1A8C89F0AAC451AF,scripts/quaked/script_vehicle_iw9_mil_lnd_cargo_truck_layout1_physics.gsc
1A988F4238CC134A,scripts/cp/vehicle.gsc
1AA1D55DA85D1A3F,scripts/common/vehicle_mines.gsc
1AA1FCB2FE99EF27,character/character_iw8_al_qatala_desert_6.gsc
1AA3B49B8B6BE0BA,scripts/mp/maps/mp_jup_highrise_xmas/gen/mp_jup_highrise_xmas_sound.gsc
1AA8D9019B401C0E,scripts/vehicle/decho.gsc
1AAA79412E7BC206,scripts/mp/bots/bots_personality.gsc
1AB577BC55B813D0,scripts/mp/gametypes/br_publicevent_bountyroyale.gsc
1ADB4918CECB4F6A,scripts/aitypes/weapon.gsc
1AE1486F97B0A002,scripts/mp/maps/cp_raid1/gen/cp_raid1_sound.gsc
1AE9934491A991BC,scripts/mp/maps/mp_jup_skydiving/gen/mp_jup_skydiving_sound.gsc
1AF880741FEDA1C0,scripts/quaked/script_vehicle_iw9_sedan_2009_physics.gsc
1B109CCEE044C626,scripts/mp/maps/mp_mgl_luxury/mp_mgl_luxury_fx.gsc
1B140B1C410148DA,xmodelalias/civilian_russian_female_head_flashback.gsc
1B1733A424733305,scripts/aitypes/dog/combat.gsc
1B18A05A284D55C2,scripts/mp/gametypes/obj_zonecapture.gsc
1B1F9E847E3776C6,scripts/common/lighting_pbg.gsc
1B2D7444824E829F,scripts/cp/vehicles/hoopty_cp.gsc
1B31527B4E9781D2,scripts/mp/juggernaut.gsc
1B332AFF743D3690,scripts/smartobjects/stealth_look_under_10.gsc
1B35E493780B3E75,scripts/common/objective2.gsc
1B39AEF175356AA8,scripts/mp/maps/mp_strike/mp_strike_lighting.gsc
1B4114093CD44368,scripts/cp_mp/oxygenmask.gsc
1B444F86D35450CE,scripts/mp/maps/mp_t10_sm_nomad/gen/mp_t10_sm_nomad_art.gsc
1B4723A117033C58,scripts/mp/equipment/ammo_resupply_box.gsc
1B53796FCE9F3E9F,character/c_jup_sp_hero_price_tundra_frost.gsc
1B561F178FEF18E3,xmodelalias/heads_al_qatala_urban_04.gsc
1B564758BF9EFF3A,scripts/mp/maps/mp_jup_grandprix_pm_2/mp_jup_grandprix_pm_2_fx.gsc
1B56C93663A131B8,scripts/common/snd/snd_utility.gsc
1B65085B23A42E5E,scripts/sp/maps/sp_t10_intro/sp_t10_intro_fx.gsc
1B696353FD202239,scripts/mp/maps/mp_jup_bigmap_wz2/gen/mp_jup_bigmap_wz2_fx.gsc
1B6BCB8637046792,scripts/mp/maps/mp_saba_pm/mp_saba_pm_fx.gsc
1B7097EC3A830F81,scripts/mp/trials/trial_arm_course.gsc
1B755C51BE1D471E,xmodelalias/bodies_civilian_asm_female_5.gsc
1B79AB3405B3751A,character/character_hero_kyle_urban.gsc
1B7A8B0794EF5F02,scripts/mp/maps/mp_jup_delayed/gen/mp_jup_delayed_art.gsc
1B85BD9B6FF0FD84,scripts/mp/maps/mp_jup_m_blacksite2/gen/mp_jup_m_blacksite2_sound.gsc
1B9D6B0232DBFB87,scripts/killstreaks/ims.gsc
1B9F8D5B8D8BD522,character/character_spetsnaz_gasmask_lmg.gsc
1BADAF71B53D50F3,scripts/asm/suicidebomber/suicidebomber.gsc
1BAE56D7639CAADD,scripts/mp/supers/redeploy_drone_beacon.gsc
1BBA142349FC25C7,scripts/mp/maps/mp_jup_bm_live/mp_jup_bm_live.gsc
1BBD73F73D2EF1B9,scripts/mp/agents/alien/agents.gsc
1BBDB713320C7181,scripts/mp/maps/mp_sira_gw/gen/mp_sira_gw_fx.gsc
1BC31E8E20EF1B94,scripts/mp/maps/mp_t10_rm_hacienda_alt/mp_t10_rm_hacienda_alt_lighting.gsc
1BC886EC3878BA66,scripts/mp/maps/mp_jup_emergency/mp_jup_emergency_fx.gsc
1BCFB8587606A596,scripts/mp/bots/bots_gametype_ctf.gsc
1BD447994BB080F3,scripts/mp/rat_mp.gsc
1BE7F0EB0E52CA40,character/test_character_cp_crew_male_vest_picc_01.gsc
1BED238A56A2DA97,character/character_russian_suits.gsc
1BF41126054F4E1D,scripts/mp/rally_point.gsc
1BFFD32ADC8C4209,scripts/mp/maps/mp_crossing/mp_crossing.gsc
1C0C872AA3BF0CB0,scripts/cp/nvg_ai.gsc
1C13E19D3D32A27C,scripts/mp/maps/mp_jup_escape5/gen/mp_jup_escape5_sound.gsc
1C177F8B59EA24BF,scripts/unittest/switch.gsc
1C26AA437F78EC66,scripts/asm/soldier/long_death.gsc
1C281DEFAC394121,scripts/mp/maps/mp_m_blacksite2/mp_m_blacksite2.gsc
1C29BBFDB6F4E1F7,scripts/mp/gametypes/exgm_activity_boss.gsc
1C2EBC853F6CE958,scripts/sp/maps/sp_jup_flashback/sp_jup_flashback_fx.gsc
1C2F3C85C5CD2B2C,scripts/mp/maps/mp_grandprix_pm_2/gen/mp_grandprix_pm_2_sound.gsc
1C335D8CA5FAE58E,scripts/mp/infilexfil/skerries_infil.gsc
1C344EAD431AF8E3,character/character_civilian_syrkistan_boy_6_1.gsc
1C378ECA8A5BA83B,scripts/sp/player/takedown.gsc
1C3CAAD72B4517DA,scripts/quaked/script_vehicle_jup_mil_lnd_cargo_truck_cover_physics_gunship.gsc
1C3E770BD551B8E9,scripts/mp/maps/mp_jup_favela_alt/gen/mp_jup_favela_alt_fx.gsc
1C3EC92145488C34,scripts/mp/maps/mp_jup_terminal_alt/mp_jup_terminal_alt_lighting.gsc
1C46827277379C17,character/c_jup_sp_enemy_pmc_hooded_02.gsc
1C51953A2443BCEC,scripts/mp/maps/mp_wartorn/mp_wartorn_lighting.gsc
1C546092D05D8344,scripts/cp/cp_wall_buys.gsc
1C5F6911943697C1,scripts/mp/maps/mp_townhouses/mp_townhouses_precache.gsc
1C6417E9FEDDAD34,scripts/mp/maps/mp_bounty/mp_bounty_lighting.gsc
1C66378FB8B32394,scripts/cp_mp/vehicles/vehicle_occupancy.gsc
1C7F9D74D59B2416,scripts/mp/gametypes/br_publicevent_outbreak.gsc
1C8476F56CBCD27C,scripts/mp/playeractions.gsc
1CA4F62D92DD5210,scripts/stealth/enemy.gsc
1CA56F1554A1454E,scripts/mp/maps/mp_narcos/mp_narcos_fx.gsc
1CA9792A92FA0EBE,character/character_iw8_russian_army_ar_1_gasmask_only.gsc
1CB3E871A8823D19,scripts/mp/gametypes/risk.gsc
1CB7E984BFB2488C,scripts/mp/trials/mp_euphrates_create_script.gsc
1CBC9F5D1D540B75,character/character_hero_hadir_urban.gsc
1CC2577548245112,scripts/mp/maps/mp_dogtown_gw/gen/mp_dogtown_gw_art.gsc
1CC7937ED66BE69C,character/character_usmc_raiders_ar_5.gsc
1CCF49BCEEB40BD2,xmodelalias/c_t10_usa_dc_metro_police_heads_mideastern.gsc
1CD62A16E0D5DD95,scripts/asm/asm_sp.gsc
1CD928C73A3C7AED,scripts/cp/cp_breach_c4.gsc
1CDFA30BE679555D,scripts/mp/bots/bots_gametype_wm.gsc
1CE08BF2C58FB9BB,scripts/mp/vehicles/technical_mp.gsc
1CEA1B70A5AAD392,scripts/mp/gametypes/obj_dogtag.gsc
1CF2ED809496BF4E,scripts/mp/equipment/deployed_decoy.gsc
1CF7605E6D68C130,scripts/cp_mp/magicbox.gsc
1CFB12D324AB2623,scripts/common/dev.gsc
1CFEA9FD23EE5416,scripts/mp/maps/mp_oilfield_6v6/gen/mp_oilfield_6v6_art.gsc
1D0029E7BDFCE7E2,scripts/mp/gametypes/frontend.gsc
1D00ED5404824759,scripts/cp/utility/spawn_event_aggregator.gsc
1D0CF33B53E307AE,scripts/cp_mp/utility/weapon_utility.gsc
1D156FFAA6303170,scripts/cp/gestures_cp.gsc
1D1755FBD2EF1716,scripts/mp/equipment/shockstick_ballmode.gsc
1D1D62B180E3729B,scripts/mp/maps/mp_jup_growhouse/gen/mp_jup_growhouse_fx.gsc
1D306FFD8D10D8D0,scripts/mp/maps/mp_jup_tower/mp_jup_tower_lighting.gsc
1D30C559BEA4BA42,scripts/sp/encounter_bundle.gsc
1D31961E095E6EF6,scripts/mp/equipment/decoy_grenade.gsc
1D3630F1A437E071,scripts/cp/inventory/cp_target_marker.gsc
1D36C5707B65CDAE,character/character_civ_male_rus_clerical_1.gsc
1D393929CF0BD6A2,scripts/mp/equipment/balloon_extract.gsc
1D3B709F6C167118,scripts/sp/maps/sp_t10_extraction/gen/sp_t10_extraction_art.gsc
1D4A967FA84A3841,scripts/mp/maps/mp_farm_18/gen/mp_farm_18_fx.gsc
1D4B01C1EC829364,scripts/mp/gametypes/arm_upgrades.gsc
1D7C9B5D6DF19B6C,scripts/mp/maps/mp_jup_rundown/gen/mp_jup_rundown_art.gsc
1D8527A42287C0C5,scripts/mp/maps/mp_jup_bigmap/mp_jup_bigmap.gsc
1D8CEE07C9034983,scripts/autotests/gscunittest/test_gscunittest_all.gsc
1D9CF083513B6796,scripts/mp/gametypes/br_breakable_loot_cache.gsc
1DA1788C3403A19E,scripts/sp/autosave.gsc
1DA2323FE4BF12FC,scripts/mp/maps/mp_jup_shipment_alt_5/mp_jup_shipment_alt_5_lighting.gsc
1DA485C7183FFCA8,character/character_civilian_me_male_cinderblock_c.gsc
1DA5EE063934C32C,scripts/common/vehicle_aianim.gsc
1DA79D9F75F7326F,scripts/mp/maps/mp_jup_m_exhibit/gen/mp_jup_m_exhibit_fx.gsc
1DADE61B2677915B,scripts/cp/cp_globallogic.gsc
1DAFAEBC95981B6E,scripts/common/vehicle_lights.gsc
1DB8D0E02A99C5E2,scripts/cp/equipment.gsc
1DB9509E5E7E75D5,scripts/mp/bots/bots_gametype_hc_conf.gsc
1DBC3A99E873061B,scripts/mp/maps/mp_wz2_sierra/mp_wz2_sierra_moving_train.gsc
1DC886A0CBED83A2,character/c_jup_sp_enemy_kastovsoldier_01.gsc
1DC88BCECABC5E01,character/c_jup_sp_enemy_police_omon_02.gsc
1DD88FB495B3768E,scripts/mp/equipment/weapondrop.gsc
1DD9AB533D9B9BE9,scripts/mp/maps/mp_m_mercado/mp_m_mercado_precache.gsc
1DD9E544AD3DEF8D,scripts/common/gasmask.gsc
1DE390E0E3CAE591,scripts/mp/maps/mp_davos/mp_davos.gsc
1DE7F143AD1184D2,scripts/mp/gametypes/br_map_quest.gsc
1DE8374EB03FEABD,xmodelalias/c_jup_zmb_zombie_base_male_hoodie_body_yz.gsc
1DE98D05EF7C03C4,scripts/mp/maps/mp_t10_nuketown_winter/mp_t10_nuketown_winter_lighting.gsc
1DEA48BDB7A13064,character/character_al_qatala_urban_civ_6.gsc
1E066541EEB7D69D,xmodelalias/civilian_london_female_heads_skintone_dark_nohair.gsc
1E06CF212F559628,scripts/cp_mp/vehicles/pickup_truck.gsc
1E0A39FECFB8CD77,scripts/vehicle/vehicle_common.gsc
1E11B478B6012C7E,scripts/mp/maps/mp_benchmark/mp_benchmark_fx.gsc
1E148F5C92D129E1,scripts/mp/equipment/tacticalcamera.gsc
1E22D314CC16F807,scripts/cp/star_rewards.gsc
1E319C7E86C1FD56,xmodelalias/bodies_civilian_uk_girl_surge_1.gsc
1E339C9C47EF7765,scripts/mp/maps/mp_wz2_sierra/mp_wz2_sierra_create_script_master.gsc
1E349F6532636F4A,scripts/cp/cp_relics.gsc
1E4A61DB11011446,scripts/mp/gametypes/br.gsc
1E4C74716BDBF1AA,scripts/sp/equipment/c4.gsc
1E5E1BFD8FA7E030,scripts/mp/supers/super_deadsilence.gsc
1E5F17503E1A2CB1,scripts/mp/maps/mp_jup_escape5_hell/gen/mp_jup_escape5_hell_fx.gsc
1E66FFA1ABB2E499,scripts/cp/cp_dev_hud.gsc
1E74C44DA9B867E7,scripts/sp/equipment/molotov.gsc
1E7AA0802F89F2EA,scripts/mp/maps/mp_jup_gw_fallout_wz/mp_jup_gw_fallout_wz_lighting.gsc
1E8641FCA479FE7A,scripts/mp/maps/mp_jup_shipment_alt_toon/gen/mp_jup_shipment_alt_toon_sound.gsc
1EA7F1E781DB3B13,scripts/mp/killstreaks/armor.gsc
1EB61293FA6B85B0,scripts/mp/gametypes/br_collection_quest.gsc
1EC1EE1D250962BD,scripts/mp/maps/mp_jup_sealion/mp_jup_sealion_precache.gsc
1EC4D5EDD87E6257,scripts/autotests/selftest/test_selftest_async_assert.gsc
1ECA195E2BDC1EA8,scripts/mp/equipment/smoke_shroud.gsc
1ED0C34577F0DA0E,scripts/sp/gibbing.gsc
1ED1214969B5EBA7,scripts/cp_mp/supers/supers.gsc
1EDC017AA10C8CBC,scripts/mp/equipment/flash_grenade.gsc
1EDC53F892C6BFBC,scripts/sp/maps/sp_jup_milbase/sp_jup_milbase_fx.gsc
1EDDEC53ABF6E24C,scripts/cp_mp/killstreaks/hover_jet.gsc
1EE094AFDC365081,scripts/sp/maps/sp_t10_safehouse_desperation/sp_t10_safehouse_desperation_anim.gsc
1EE9DED13EAE62B1,scripts/mp/maps/mp_jup_rundown/mp_jup_rundown.gsc
1EEAF988A0C595AE,scripts/mp/maps/mp_jup_skydiving/mp_jup_skydiving_create_script.gsc
1EEB362406E2139A,scripts/cp/cp_kidnapper.gsc
1EF733A204B3599F,scripts/common/chyron.gsc
1F0719E169DA7FCA,scripts/sp/maps/sp_jup_milbase/sp_jup_milbase_lighting.gsc
1F07A3217B842F9F,scripts/mp/maps/cp_hydro/cp_hydro_precache.gsc
1F0B070B4AD8A36A,scripts/mp/maps/mp_jup_delta_alt/mp_jup_delta_alt_lighting.gsc
1F0F2C9C3F51B451,scripts/mp/maps/mp_shoothouse2_mobile/mp_shoothouse2_mobile.gsc
1F10E1EAD35D8C3B,scripts/mp/bots/bots_gametype_conf_tw.gsc
1F16EDD73C807DD4,scripts/mp/maps/mp_t10_charter/mp_t10_charter_lighting.gsc
1F1C3FC239F1D705,scripts/sp/maps/sp_t10_interrogation/sp_t10_interrogation_trauma_2.gsc
1F1F4C1F1B73E50C,scripts/mp/maps/mp_jup_afghan_v2/mp_jup_afghan_v2_fx.gsc
1F221AC0EB30A82D,scripts/mp/maps/mp_sealion/mp_sealion_precache.gsc
1F22B3E6E26E904C,scripts/cp/cp_weaponrank.gsc
1F37ACCFC04F4186,xmodelalias/russian_army_heads_gasmask.gsc
1F4B1E0349126906,character/character_iw8_russian_weapon_smugglers_1.gsc
1F4E2316251222E2,scripts/ob/ob_unstable_rift.gsc
1F4F2DB8287A420D,scripts/sp/vehicle_build.gsc
1F527F885BA419F1,character/civ_syrkistan_girl_1_1.gsc
1F5766C9452C5E12,character/c_jup_sp_enemy_pmc_soldier_04.gsc
1F5F365E79A4CB06,scripts/mp/trials/mp_trl_gunslinger_memory_create_script.gsc
1F6BC044DD1738AB,scripts/mp/gametypes/br_functional_poi.gsc
1F8967BAF0600893,scripts/engine/sp/utility_code.gsc
1F96FBB9D2476358,scripts/mp/equipment/recondrone.gsc
1F97A44D1761C919,scripts/cp_mp/overlord.gsc
1F9A4127EDF4E2EA,scripts/mp/maps/mp_arn_zone1/gen/mp_arn_zone1_sound.gsc
1F9FFC0B79384330,scripts/common/dialogue_wheel.gsc
1FA661E0EC7A2E34,scripts/vehicle/drone_improvised.gsc
1FA8B709AF5368F3,scripts/sp/maps/sp_t10_contract/sp_t10_contract_market_cs.gsc
1FB4BB4A391258BF,scripts/sp/equipment/chopper_gunner_device.gsc
1FC2350D8AEBB68E,scripts/mp/gametypes/br_ending_chopper2.gsc
1FC5765DB46366C6,scripts/mp/perks/weaponpassives.gsc
1FCA6E8D01A6B143,scripts/common/damage.gsc
1FE5AC8CA55EE734,scripts/sp/maps/sp_t10_safehouse_assemble/gen/sp_t10_safehouse_assemble_art.gsc
2001A12EABCEA3F5,scripts/vehicle/apache.gsc
20055BA1138A8A43,scripts/cp/cp_events.gsc
200DABCFA3F18E26,character/character_al_qatala_urban_ar_variant.gsc
200FD802F1105446,scripts/common/input_allow.gsc
20161DEE5F3AE149,character/character_civilian_me_female_embassy_mom.gsc
201E1A94F1554A07,scripts/aitypes/riotshield/riotshield.gsc
2031D3ECB6AD9004,scripts/mp/maps/mp_jup_blackheart/mp_jup_blackheart_lighting.gsc
203A40177CB16AD2,scripts/mp/agents/soldier/soldier_agent.gsc
203A417B3F26B482,scripts/vehicle/empty.gsc
203EFD5321846759,scripts/mp/maps/mp_jup_fort/mp_jup_fort_precache.gsc
2044253E0FED11F1,scripts/mp/maps/mp_embassy/gen/mp_embassy_fx.gsc
204D200F074D34F9,scripts/mp/killstreaks/_firebomb.gsc
204F791EACFEB57C,scripts/mp/maps/mp_delta_pm/gen/mp_delta_pm_sound.gsc
20557FB431C0D152,xmodelalias/bodies_al_qatala_desert_09.gsc
2055A76026E15D05,scripts/mp/maps/mp_jup_blackheart/mp_jup_blackheart.gsc
206423881B3B7E41,scripts/mp/maps/mp_jup_urca/mp_jup_urca.gsc
206931AE7E1769AE,character/c_jup_sp_ally_sas_urban.gsc
206DF27C2294A200,scripts/mp/maps/mp_jup_highrise_xmas/mp_jup_highrise_xmas_audio.gsc
207813618FFA4D82,scripts/mp/maps/mp_jup_dubai/gen/mp_jup_dubai_sound.gsc
207B2520B868EA65,scripts/mp/maps/mp_embassy_hlwn/mp_embassy_hlwn.gsc
208C61CF0FE59153,xmodelalias/heads_civilian_asm_female_3.gsc
208CDD0D907792FB,scripts/common/queue.gsc
209302DEDD3FF56C,scripts/mp/maps/mp_jup_quarry/gen/mp_jup_quarry_sound.gsc
209DE9D21E379854,scripts/sp/vehicle_hud.gsc
20A67CC076CFD53A,character/character_iw8_al_qatala_desert_5.gsc
20B2DF6CB9AFF8F0,scripts/stealth/event.gsc
20B550E03472D6EA,scripts/mp/maps/mp_jup_emergency/gen/mp_jup_emergency_sound.gsc
20BA25A7F3782635,character/character_sas_urban_ar_3.gsc
20BFEFEE89715E34,scripts/sp/maps/sp_t10_sandbox_palace/gen/sp_t10_sandbox_palace_art.gsc
20E2F9F4FDAFF8BE,scripts/cp/killstreaks/init_cp.gsc
20F886E020622A99,scripts/mp/maps/mp_jup_invasion/mp_jup_invasion_precache.gsc
20F9C161DFC06ED0,character/character_iw8_sla_rebels_female_prisoner_3.gsc
20FC47823E95E4AF,scripts/mp/gametypes/dmz_bosses_chopper.gsc
20FF1584679BA621,scripts/mp/bots/bots_gametype_mini_quads.gsc
211923DEDCAFA6FF,scripts/cp_mp/utility/player_utility.gsc
211D04EFBA6BDD8B,scripts/stealth/player.gsc
212374FDF52D6ACC,scripts/mp/maps/mp_jup_skydiving/mp_jup_skydiving_fx.gsc
2127A642689029E9,aiasm/corner_cover_lean_shoot_cp_mp.gsc
212F9B5C484821C4,scripts/mp/maps/mp_jup_shipment_alt_5/gen/mp_jup_shipment_alt_5_sound.gsc
21307DA6B7FCD97C,scripts/autotests/gscunittest/test_gscunittest_patch_far.gsc
2132AFACF8AF45A8,scripts/cp/cp_trigger_spawn.gsc
21333AE88F67B6A6,scripts/mp/infilexfil/tango72_infil.gsc
213C07DA67D10E18,scripts/mp/maps/mp_jup_launchfacility/mp_jup_launchfacility_lighting.gsc
21486AC5E51045AC,scripts/common/createfx.gsc
21497CDFD058C796,scripts/cp_mp/anim_scene.gsc
214D58C008016194,scripts/mp/maps/mp_farm_18/mp_farm_18_fx.gsc
215F6545E59150FE,scripts/sp/maps/sp_jup_hijack/sp_jup_hijack_lighting.gsc
2161B5FA22FA7E26,scripts/asm/asm_bb.gsc
2183D1BAAEE14064,scripts/mp/maps/mp_m_blacksite2/gen/mp_m_blacksite2_sound.gsc
21873023C0473044,scripts/cp/killstreaks/assault_drone_cp.gsc
2189B7AEF2DC1C27,scripts/mp/maps/mp_biobunker/gen/mp_biobunker_fx.gsc
21936B866D097BFA,character/c_jup_sp_enemy_pmc_hooded_dan.gsc
21A9A4608C8EC98D,xmodelalias/civilian_me_female_wrap_heads.gsc
21AA0D48C19EF74C,scripts/mp/maps/mp_t10_trainingcourse/mp_t10_trainingcourse_lighting.gsc
21B311364005EBAA,scripts/mp/killstreaks/remoteuav.gsc
21BD7CE230EB4444,xmodelalias/bodies_iw9_cartel_tier2_1.gsc
21C2EBFE09F5DF8E,scripts/mp/maps/mp_jup_shipment_xmas/gen/mp_jup_shipment_xmas_art.gsc
21C54C1CD61092EA,xmodelalias/bodies_civilian_me_male_1.gsc
21CA663CE27C8A2C,scripts/mp/maps/cp_mission_high_ground/cp_mission_high_ground_lighting.gsc
21CE68A1EC9DC5BD,scripts/cp/coop_personal_ents.gsc
21E827F136E28A04,scripts/sp/stayahead.gsc
21EE292678CEBFBA,scripts/mp/maps/mp_jup_delta/mp_jup_delta_lighting.gsc
21F0CD280B29DF07,character/character_iw8_sla_rebel_female_4_1.gsc
21F3E668BEC6C7B6,scripts/mp/maps/mp_saba_pm/gen/mp_saba_pm_sound.gsc
21F4499C4ABFF7BF,scripts/mp/lightbar.gsc
21FB20A3C1CA8CCF,scripts/stealth/clear_regions.gsc
2203B66A6A693DAB,character/character_civ_male_rus_clerical_2.gsc
2205C1B16EDB84F5,scripts/mp/bounty.gsc
22085D5A2D267F34,scripts/mp/potg_events.gsc
220E895007013C9B,xmodelalias/bodies_civilian_asm_male_1.gsc
22115FEC83741670,scripts/mp/supers/gas_trap.gsc
2220AC5A126127F1,scripts/mp/maps/mp_jup_arcade/gen/mp_jup_arcade_fx.gsc
22225C61B3D5BA6A,scripts/mp/maps/mp_jup_launchfacility/mp_jup_launchfacility_zone1_create_script.gsc
2225B8B062272E66,xmodelalias/bodies_iw9_enemy_aq_ar_2.gsc
2231E84D6175B044,scripts/mp/maps/mp_jup_das_haus/mp_jup_das_haus_lighting.gsc
223A0CDBD1E80DCE,scripts/mp/equipment/br_personal_redeploy_drone.gsc
223DAC67D524C31B,xmodelalias/civilian_london_female_body_skintone_01_anim_safe.gsc
22531A1E39852071,scripts/mp/maps/mp_embassy_hlwn/gen/mp_embassy_hlwn_fx.gsc
22598C6DFF6DBD60,scripts/cp/utility/cp_controlled_callbacks.gsc
22627F7B6B1A1FEC,scripts/sp/script_items.gsc
226CFA6284FF8DEF,scripts/mp/vehicles/cargo_truck_mg_mp.gsc
22742DFD71954E21,scripts/mp/maps/mp_jup_slaughterhouse_oct/mp_jup_slaughterhouse_oct.gsc
228E683EEF1AB1E0,scripts/mp/maps/mp_townhouses/gen/mp_townhouses_sound.gsc
2290AD4AC6031E33,scripts/common/player_broadcasting.gsc
22A56195290EDD97,scripts/asm/gesture.gsc
22A6A30CD2CAED85,scripts/mp/utility/game.gsc
22AFEA6752E74228,scripts/sp/maps/sp_jup_silo/sp_jup_silo_fx.gsc
22AFEE66F19905ED,scripts/sp/equipment/sp_gas_grenade.gsc
22B1DE31D2721635,scripts/cp_mp/vehicles/cargo_truck_mg.gsc
22B22A694A220B54,scripts/mp/maps/mp_jup_sm_island_2/mp_jup_sm_island_2_lighting.gsc
22BBCA849820BE78,scripts/mp/maps/mp_bounty/gen/mp_bounty_sound.gsc
22BFEE8C5F92377D,scripts/mp/maps/mp_jup_sira/gen/mp_jup_sira_fx.gsc
22C2C5FE4B6B3368,character/civ_female_interrogation.gsc
22C673C32C214B45,scripts/cp_mp/auto_ascender_solo.gsc
22C8533DBD8E0D0C,character/c_jup_sp_enemy_pmc_undercover.gsc
22D33EAD163E3943,scripts/common/vehicle_collision.gsc
22D637BE981416F7,scripts/smartobjects/stealth_lean_table_36.gsc
22DA19EEA2032C2F,scripts/mp/infilexfil/crossing_suv_infil.gsc
22DA8B656744450B,scripts/common/gameskill.gsc
22DD6113102F3365,character/character_sla_rebels_male_dmr.gsc
22E13B6923D500B2,scripts/mp/maps/mp_jup_rust/gen/mp_jup_rust_art.gsc
22E77EFEC20671A3,scripts/mp/maps/mp_m_fight/mp_m_fight.gsc
22ECAB79EA596F7A,character/character_civilian_me_male_dist.gsc
22EED615DE3542B1,scripts/mp/maps/mp_caves_gw/mp_caves_gw_precache.gsc
22F1701E151B9D12,scripts/cp_mp/agents/ai_spawn_director.gsc
22F5232830940339,scripts/cp_mp/vehicles/hoopty.gsc
22FC1806B758E28C,scripts/mp/callbacksetup.gsc
230A1EA8BD577F90,scripts/mp/maps/mp_jup_shipment_alt_2/gen/mp_jup_shipment_alt_2_sound.gsc
230C810D931034D4,scripts/mp/maps/mp_jup_bigmap_wz2/gen/mp_jup_bigmap_wz2_sound.gsc
23168C3555D08C26,scripts/mp/maps/mp_t10_trainingcourse/mp_t10_trainingcourse_fx.gsc
231DE5448C642C00,xmodelalias/bodies_civilian_asm_male_4.gsc
2333F3E1BA686DF8,scripts/common/missilelauncher.gsc
23366F933E3CF3A6,scripts/asm/shared/sp/utility.gsc
2336E715BB1FD0F1,scripts/mp/maps/mp_jup_terminal_alt/gen/mp_jup_terminal_alt_fx.gsc
23425A2C53DE5769,scripts/sp/dev.gsc
2343BF466B101B31,scripts/cp_mp/crafting_table.gsc
234683D1B1309737,scripts/cp/dedicated.gsc
23495188D15CDC1D,scripts/mp/maps/mp_bounty/gen/mp_bounty_fx.gsc
235003C98A1B1B96,character/c_jup_sp_enemy_kastovsoldier_05.gsc
235CCFCBDDE6F11C,scripts/mp/calloutmarkerping_mp.gsc
2373D48CF1D539B2,aiasm/gesture_sp.gsc
237A3BE087CD96EA,scripts/mp/bots/bots_gametype_gold_gun.gsc
237BFFD679A9C8BC,scripts/mp/maps/cp_hydro/gen/cp_hydro_sound.gsc
2391409EF7B431E1,scripts/mp/gametypes/dmz_dog_tag.gsc
239ED35DE5054172,xmodelalias/bodies_c_jup_sp_enemy_rusdelegate.gsc
23A295A7D3A949DB,scripts/common/feature_init.gsc
23A739ED06E2E60D,scripts/mp/maps/mp_jup_das_haus/gen/mp_jup_das_haus_fx.gsc
23AE83E6F81BD759,character/civ_syrkistan_male_doctor_mask.gsc
23B32B674F0CF9F5,scripts/mp/maps/mp_jup_bait/mp_jup_bait_precache.gsc
23B7DED7C7CF4834,scripts/mp/maps/mp_skerries_v2/mp_skerries_v2_lighting.gsc
23BE39DF451CF05E,character/c_jup_sp_hero_ghost_bravo.gsc
23C2D24E69A2F178,scripts/sp/lwagent.gsc
23D156EB33881960,scripts/cp/cp_modular_spawning.gsc
23D7E853EC472C58,scripts/mp/maps/mp_delta/mp_delta_fx.gsc
23EF6C1E2FC0A20F,scripts/mp/utility/weapon.gsc
23F85B6079106E91,character/character_civilian_me_female_wrap.gsc
24094DAEA166657C,scripts/mp/maps/mp_jup_greece/mp_jup_greece_lighting.gsc
2415DCEAF96FAAC1,scripts/mp/maps/mp_jup_security_area/gen/mp_jup_security_area_fx.gsc
241E9F8AC66BED06,scripts/mp/maps/mp_forsaken_gw/mp_forsaken_gw_lighting.gsc
241EE5C1794CDDF2,scripts/mp/maps/mp_t10_rm_grind/gen/mp_t10_rm_grind_art.gsc
2420665E75332A77,xmodelalias/heads_al_qatala_desert_03.gsc
242A1F24141D18B3,scripts/mp/maps/cp_observatory/cp_observatory.gsc
242DCDABDEF4C347,xmodelalias/c_t10_gbl_civ_f_service_body.gsc
242DE32B27BC25C1,scripts/vehicle/stango.gsc
2433A9DFEBE07FEC,scripts/mp/maps/mp_jup_observatory/gen/mp_jup_observatory_sound.gsc
24414BB83B2F2627,scripts/cp/killstreaks/chopper_support_cp.gsc
2441B80E6CC0979F,xmodelalias/c_t10_sas_scud_hunter_heads.gsc
2447999251AD2995,scripts/vehicle/veh9_mil_air_heli_palfa.gsc
2448016C505BDA1A,scripts/mp/gametypes/zm_rb.gsc
2458F30EAB0498D8,scripts/mp/killstreaks/target_marker.gsc
24674926856260DA,scripts/smartobjects/stealth_knock_off_36.gsc
2472C997EAF9FB1E,scripts/mp/maps/mp_mgl_verdansk/mp_mgl_verdansk_fx.gsc
247745A526421BA7,scripts/common/ae_utility.gsc
247F2848618C64F6,scripts/sp/player/lockpick.gsc
248084AD2A220B0F,xmodelalias/heads_sas_urban_nvg.gsc
24933BC598A88C61,scripts/mp/supers/super_electric_discharge.gsc
249505031B35FC75,scripts/mp/maps/mp_jup_benchmark/mp_jup_benchmark.gsc
249F45D992AF1114,scripts/cp_mp/killstreaks/assault_drone.gsc
24A6DF96876540D1,xmodelalias/c_t10_gbl_civ_m_service_heads_black.gsc
24BA5D35724CA692,scripts/mp/maps/mp_jup_delayed/mp_jup_delayed_lighting.gsc
24BD5A7A5FC72606,scripts/cp/cp_enemy_drone_turret.gsc
24C06B5AD1445C7F,scripts/cp_mp/supers/comm_scrambler.gsc
24C8E1183F3080A3,scripts/sp/maps/sp_t10_extraction/sp_t10_extraction_precache.gsc
24CF154405590E18,scripts/sp/maps/sp_t10_interrogation_2/sp_t10_interrogation_2_lighting.gsc
24D223EBA7B90847,scripts/zm/maps/zm_t10_garnet/zm_t10_garnet_ww_quest.gsc
24DB68BD2DAEE08A,scripts/sp/utility.gsc
24E08B5F5DACCF9D,scripts/mp/maps/mp_strike/mp_strike_precache.gsc
24E9FD5055655961,scripts/zm/systems/zm_fasttravel.gsc
24EAA94E44D9ED66,scripts/mp/maps/cp_raid1_trap/gen/cp_raid1_trap_art.gsc
24F62F137306493C,behaviortree/enemy_combatant.gsc
24FAF734CBA3EACE,xmodelalias/russian_army_bodies_2.gsc
24FB1971E5925A1E,scripts/quaked/script_vehicle_iw9_sedan_hatchback_1985_physics.gsc
24FE5D6B5F1C43EA,scripts/mp/maps/mp_jup_hydro/gen/mp_jup_hydro_art.gsc
250560A5A8E76B5C,scripts/mp/maps/mp_floatinghouses/mp_floatinghouses_lighting.gsc
250950A7F930FE33,scripts/mp/killstreaks/helper_drone.gsc
250B19ADF37E7CCC,scripts/mp/maps/mp_jup_bait/gen/mp_jup_bait_sound.gsc
2522297DB341B71F,scripts/mp/maps/mp_hydro/mp_hydro_precache.gsc
25231CE27C2312BC,scripts/mp/maps/cp_jugg_maze/cp_jugg_maze_lighting.gsc
2523EE42C68A2B85,scripts/mp/maps/mp_observe_gw/mp_observe_gw_precache.gsc
2529272E55F71840,xmodelalias/bodies_civilian_asm_female_3.gsc
2531353E7D14439E,scripts/mp/maps/mp_jup_scrapyard/mp_jup_scrapyard_fx.gsc
253C4080C47F6AF6,scripts/mp/maps/mp_m_king/gen/mp_m_king_art.gsc
255133686F2D76C0,scripts/quaked/script_struct_mp_iw9_palfa.gsc
255BCA1E36A03A80,scripts/mp/gametypes/br_adventure_quest.gsc
2563B2D6A9846CB9,character/c_jup_sp_enemy_pmc_cmdr_01.gsc
2564117E58A29B42,scripts/mp/bots/bots_gametype_benchmark.gsc
25660DC6A1A4925F,scripts/common/csplines.gsc
2580CAE1520E8A60,xmodelalias/c_t10_iraqi_republicguard_hurt_bodies.gsc
2583EE5680CF4736,scripts/cp_mp/interaction.gsc
25845ACA699D038D,scripts/cp/damage.gsc
2587FE3CA828F536,scripts/cp/vehicles/cp_heli_trip.gsc
2590B7A7DE3DFC79,scripts/ob/points.gsc
25A42FC67218C38B,scripts/smartobjects/stealth_rage_bash_r.gsc
25ABD4D1C887D67B,xmodelalias/c_jup_zmb_zombie_base_male_shortsleeve_head_yz.gsc
25B99F89A4C9696E,character/test_character_civ_female_rus_clerical.gsc
25BC1A3C45AB1F55,scripts/mp/maps/mp_m_alley/mp_m_alley_precache.gsc
25C82356E8D71A29,scripts/mp/maps/mp_museum/gen/mp_museum_fx.gsc
25D9F453DA2E67C1,scripts/smartobjects/stealth_rage_kick_l.gsc
25E08AC35B2B41ED,scripts/mp/maps/mp_jup_highrise_xmas/mp_jup_highrise_xmas_precache.gsc
25E2B333B4736A48,scripts/mp/gametypes/br_dom_quest.gsc
25EC558982515BD3,scripts/aitypes/stealth.gsc
25ED60BD2F4EA1F8,scripts/cp/cp_skits.gsc
25FCB5AFC6976419,scripts/common/ai_devgui.gsc
26056147292BC4C0,scripts/cp/attachment_pickup.gsc
260A88F927B67502,scripts/mp/maps/mp_jup_skidrow/mp_jup_skidrow_fx.gsc
260BE52CAB2E0891,scripts/asm/juggernaut/juggernaut.gsc
2613F1C13EBE88DA,scripts/mp/maps/mp_hydro/gen/mp_hydro_art.gsc
2618B7A11B2D3A81,scripts/mp/maps/mp_m_exhibit/mp_m_exhibit_precache.gsc
2618BD0FBE672A84,scripts/mp/maps/mp_mgl_catedral/mp_mgl_catedral_lighting.gsc
261FDB00E77C9A44,scripts/mp/bots/bots_gametype_havoc.gsc
26260E23639E145A,scripts/mp/gametypes/headhunter.gsc
26265E158B27BDDA,scripts/stealth/door.gsc
2630C8268D414B0B,scripts/mp/maps/mp_forsaken_gw/mp_forsaken_gw.gsc
2635EC9C3FB164AF,xmodelalias/heads_usmc_male.gsc
2636152C566D6C64,scripts/mp/gametypes/br_bosses.gsc
2637F973E91C7EAC,scripts/mp/gametypes/conflict.gsc
2639139734D6C0B2,scripts/sp/maps/sp_t10_sabotage/sp_t10_sabotage_audio.gsc
26508F2DE04C7A52,scripts/mp/gametypes/mgl_mp.gsc
2652A8D02E4D8616,scripts/mp/flashpoint.gsc
2663D22E616ACC2F,character/character_iw8_al_qatala_urban_03.gsc
26660AE1076E2D99,scripts/mp/bounty_system.gsc
2669878CF5A1B6BC,scripts/cp_mp/weapon.gsc
266C399FB76E6719,scripts/cp/aitypes.gsc
266C7A1B794E081D,scripts/mp/bots/bots.gsc
267A69C97E3C6C7C,scripts/mp/gamescore.gsc
267AE50D73BFF6EE,scripts/cp/so_globallogic.gsc
268072EDCB8068D1,scripts/common/scriptable_ascender.gsc
2681245A362210F4,scripts/mp/maps/mp_jup_launchfacility/gen/mp_jup_launchfacility_sound.gsc
268C4DA1EF6A20A8,scripts/mp/gametypes/dmz_ai.gsc
26940E6BF334AEA5,scripts/mp/maps/mp_townhouses/gen/mp_townhouses_fx.gsc
2695A20D4011076D,scripts/mp/gametypes/br_circle.gsc
269E9459BF0FB3C8,xmodelalias/civilian_russian_female_head.gsc
26A364FEB5029EC7,scripts/sp/maps/sp_jup_milbase/sp_jup_milbase.gsc
26A4001904D98E21,scripts/sp/destructibles/destructible_vehicle.gsc
26A87F45E7721C62,scripts/mp/gametypes/aon.gsc
26ABD380A9C35D1D,scripts/sp/equipment/remote_knife.gsc
26AC68977161067E,scripts/mp/maps/mp_jup_highrise/mp_jup_highrise_fx.gsc
26AEEAA01EAA6490,scripts/engine/dev.gsc
26B3115514A3172C,character/c_jup_sp_hero_price_london.gsc
26B6062265BBF919,scripts/mp/infilexfil/defender_infil.gsc
26BBA70E64B67CDB,character/c_jup_sp_enemy_pmc_hooded_neighbor.gsc
26E61A39B49A2D61,scripts/cp/cp_c4.gsc
26E76D730B28C81B,character/character_cp_bombvest_hostage.gsc
26EFB8450933C2C3,scripts/mp/gametypes/get_high.gsc
26EFCCE8AE5B6A9E,scripts/ob/ob_seismic_refractor.gsc
26F03885E9961234,scripts/mp/maps/mp_jup_m_exhibit/gen/mp_jup_m_exhibit_art.gsc
26FC6924F2693F95,scripts/mp/maps/cp_raid1_trap/cp_raid1_trap.gsc
26FD3F055ED6FCEA,xmodelalias/t10_usa_dc_security_pre_combat_black.gsc
2703F00D7AFD0CA7,character/civ_russian_male.gsc
270691CB3207AB92,scripts/mp/maps/mp_jup_vertigo/mp_jup_vertigo_lighting.gsc
270703EC30C04BC2,scripts/mp/gametypes/br_publicevent_jailbreak.gsc
271667045665E514,scripts/mp/gametypes/br_lootchopper.gsc
271862E9117A387E,scripts/sp/maps/sp_t10_safehouse_arrival/sp_t10_safehouse_arrival_lighting.gsc
2720F2C0EEF1847C,scripts/cp/cp_rank.gsc
27230CF4F02F517E,character/character_iw8_al_qatala_urban_female_01.gsc
2723CCC9E0A03B2B,character/character_hero_nikolai_lab.gsc
273B9A21B996B218,scripts/mp/maps/mp_jup_slaughterhouse_oct/mp_jup_slaughterhouse_oct_lighting.gsc
273D48B5958B8D47,character/character_al_qatala_urban_civ_3.gsc
274B3B919A446B08,scripts/cp/cp_circuit_breaker.gsc
2755B9F0595CAD15,scripts/cp/vehicles/little_bird_mg_cp.gsc
275AD31AC3A1BD71,scripts/mp/maps/mp_shoothouse2_mobile/gen/mp_shoothouse2_mobile_fx.gsc
2766B355DBD7D72A,scripts/zm/maps/zm_t10_garnet/zm_t10_garnet_sq_bank_vault.gsc
276F3934A343126C,character/character_iw8_russian_army_ar_3_gasmask_only.gsc
277ACFFF23CDF23D,scripts/cp/cp_traversalassist.gsc
2787A7B68A3927B1,scripts/mp/killstreaks/precision_airstrike_mp.gsc
278B9BD02DE3526C,scripts/mp/maps/mp_forsaken_gw/gen/mp_forsaken_gw_sound.gsc
278C585DF4C3D52D,scripts/common/weapon_weight.gsc
2795CA2381AA1844,aiasm/gesture_mp.gsc
2799F11EB3B1EB71,scripts/mp/maps/mp_m_lounge/gen/mp_m_lounge_fx.gsc
279B0B4014DACE75,scripts/mp/gametypes/br_publicevent_auavscan.gsc
279E1925F3241F5E,scripts/sp/drone_civilian.gsc
27ACF7EEA04D7841,scripts/mp/killstreaks/bradley_mp.gsc
27AFD7662BC38A81,scripts/mp/gametypes/br_infils_ac130.gsc
27B67CF1F7740E3C,character/character_spetsnaz_lmg.gsc
27C2DB69A21775A0,scripts/mp/gametypes/arm_vehicles.gsc
27C4FFEF9D1A1E29,scripts/cp_mp/vehicles/technical.gsc
27C5D22C922F2128,scripts/mp/spawncamera.gsc
27C72E88CD6F7171,xmodelalias/bodies_civ_western_cold_girl.gsc
27CC663766D3662B,character/c_jup_sp_hero_price_desert.gsc
27D06A75E2221622,scripts/mp/gametypes/br_gametype_juggernaut.gsc
27DB55FE34EEA95D,scripts/mp/maps/mp_shipment_iw9/mp_shipment_iw9_precache.gsc
27E688562D2DD6EE,scripts/smartobjects/stealth_rage_punch.gsc
27F63F0BE922A0D3,scripts/cp/cp_vip.gsc
27FA17D9F6484350,xmodelalias/bodies_civilian_uk_male_surge_2.gsc
280C491864F4733C,scripts/mp/gametypes/br_timedrun_quest.gsc
281176F1B69973D7,scripts/mp/maps/mp_jup_delayed/mp_jup_delayed_precache.gsc
28144EBCB239E561,scripts/mp/gametypes/wm_buildable.gsc
281AB48BC1F253CF,scripts/common/autopilot.gsc
28264B40CEFBE224,scripts/mp/playerstats_interface.gsc
28290868030F4DAD,scripts/cp/respawn/cp_respawn.gsc
282B6CE981F0C6BA,scripts/sp/maps/sp_t10_union/gen/sp_t10_union_art.gsc
282EB9D7FDE0753E,scripts/killstreaks/juggernaut_recon.gsc
2837C33EF529314B,scripts/cp/radio_tower/cp_radio_tower.gsc
283E1E9E47346FDC,scripts/mp/gametypes/br_scavenger_quest.gsc
284A0FF1109DF5A0,scripts/mp/maps/mp_jup_sm_island_2/gen/mp_jup_sm_island_2_art.gsc
285752B1F53ED9F1,scripts/common/dof.gsc
286144B1799A88A2,aiasm/shoot_lw_mp.gsc
286746F5DE06DA71,scripts/mp/maps/mp_jup_benchmark/mp_jup_benchmark_precache.gsc
286C637FB939087F,scripts/mp/gametypes/br_attraction_gulag.gsc
28788BAB443F4253,scripts/mp/maps/mp_jup_emergency/gen/mp_jup_emergency_fx.gsc
2879E233E37EB6F2,xmodelalias/bodies_civilian_uk_female_surge_3.gsc
2880C23DEADCDD8F,scripts/mp/overseer.gsc
28822DFB26E46661,character/character_iw8_russian_weapon_smugglers_4.gsc
288959535BF9F252,scripts/mp/maps/mp_historic_gw2/mp_historic_gw2_fx.gsc
288CDB9BFD17C42E,scripts/mp/bots/bots_gametype_dmz.gsc
2896645467F5E0BA,scripts/mp/supers/super_riotshield.gsc
289A9D58A559EC35,scripts/cp/cp_adrenaline_crate.gsc
28AD70AB1EC2BBED,scripts/quaked/script_vehicle_iw9_jltv_physics.gsc
28AF8F932D5AB8AC,scripts/mp/maps/mp_delta/gen/mp_delta_sound.gsc
28B1017C01351032,scripts/mp/maps/cp_raid1_boss1/gen/cp_raid1_boss1_art.gsc
28B2968BED25CDBE,scripts/cp/cp_spawner_scoring.gsc
28B34FF40BDC5650,scripts/cp_mp/utility/killstreak_utility.gsc
28B451B2EA6DAE46,scripts/mp/equipment/sonar_pulse.gsc
28B5F185A9F45899,scripts/mp/maps/mp_swap_meet/mp_swap_meet_precache.gsc
28B71664B616CED0,scripts/mp/maps/mp_luxury/gen/mp_luxury_sound.gsc
28BF4051EF9D7B26,xmodelalias/c_t10_usa_dc_metro_police_02_body_mideastern.gsc
28C73298E4316AC0,scripts/mp/gametypes/br_ai_encounters.gsc
28D27A7FACD64502,character/character_al_qatala_urban_a6_variant.gsc
28E46EEEEC9480C0,scripts/mp/maps/mp_m_alley/mp_m_alley_lighting.gsc
28E4C824B98A21A3,scripts/sp/maps/sp_jup_vip/sp_jup_vip_precache.gsc
28FA69B7D63B8B9E,xmodelalias/c_jup_zmb_zombie_base_male_merc_head.gsc
28FDBC01EA4D3110,scripts/mp/trials/mp_emporium_create_script_floorislava.gsc
290155ACC542FD2C,character/character_spetsnaz_lmg_cp.gsc
2902155747C5C4FE,scripts/mp/gametypes/br_dev.gsc
2903031CB4DB00E9,scripts/mp/maps/mp_jup_escape5_hell/mp_jup_escape5_hell.gsc
2905A5CD3941FFD4,character/c_jup_sp_enemy_pmc_soldier_05_alt3.gsc
290AF2EB8B173FD1,scripts/mp/maps/cp_raid1_trap/cp_raid1_trap_precache.gsc
2914B9E18DD4FC2C,xmodelalias/heads_civilian_asm_female_2.gsc
291A99C3C1D2520E,xmodelalias/civilian_uk_male_heads_skintone_light.gsc
29239F1DA1D73C26,scripts/autotests/gscunittest/test_gscunittest_switch.gsc
293B992A2249F427,scripts/cp/cp_spawning.gsc
293BC33BD79CABD1,scripts/cp/events.gsc
293F278F9CF34658,scripts/sp/fakeactor.gsc
2943BCA09C2A8006,scripts/mp/gametypes/dd.gsc
295B6CC01B40780C,scripts/mp/killstreaks/assault_drone_mp.gsc
2964C0E3E95923C8,scripts/sp/maps/sp_t10_safehouse_destination/sp_t10_safehouse_destination_lighting.gsc
2968631C69B98F88,scripts/mp/utility/player_frame_update_aggregator.gsc
296C4EDFB58AD292,scripts/mp/equipment/rock.gsc
296D214BC76EFA52,scripts/mp/maps/mp_jup_estate/gen/mp_jup_estate_art.gsc
296ECD7E84A52368,character/c_jup_sp_enemy_pmc_spforce_02.gsc
2971096D244C08A9,scripts/cp/equipment/throwing_knife_cp.gsc
29808B5F8F7D6802,character/c_jup_sp_civ_prisoner_05.gsc
29828071AF3AC72E,scripts/mp/test_script.gsc
29849111779F2715,character/character_iw8_russian_army_ar_2_gasmask_only.gsc
2992CA5600A39A84,scripts/cp/drone/emp_drone.gsc
299F2BB0B966A7A9,scripts/killstreaks/dna_nuke.gsc
299F79A62503F3A9,scripts/mp/maps/mp_jup_wasteland/mp_jup_wasteland_precache.gsc
29B1B663F9B50D05,scripts/mp/maps/mp_grandprix_pm_2/mp_grandprix_pm_2.gsc
29B326FB15702173,scripts/zm/maps/zm_t10_garnet/zm_t10_garnet_sq_bank_vault_create_script.gsc
29B9E1ED7F863326,scripts/cp_mp/killstreaks/airdrop_multiple.gsc
29C0D2EB0C9A2888,scripts/mp/bots/bots_gametype_control.gsc
29C32B7117E01180,scripts/mp/gametypes/br_jugg_common.gsc
29CC982FDB174B47,scripts/mp/maps/mp_jup_hydro/mp_jup_hydro_ob.gsc
29DDE8EC1C1CAEC0,scripts/mp/gametypes/ballmode.gsc
29EB10A97CD93857,scripts/quaked/script_vehicle_jup_mil_air_heli_hind_physics_vip.gsc
29EB9ED58098E559,xmodelalias/t10_usa_dc_security_m_heads_black.gsc
29F276D9F19BA920,xmodelalias/c_jup_civ_russian_male_body_1.gsc
29F2AD2211D479BA,scripts/mp/maps/mp_jup_tower/mp_jup_tower_fx.gsc
29F48409D696BB10,scripts/mp/maps/mp_mgl_catedral/gen/mp_mgl_catedral_sound.gsc
29FC815BDE49F867,xmodelalias/heads_al_qatala_desert.gsc
2A06E81642871BB1,scripts/autotests/test_vehicles_pathing.gsc
2A0DF8CB39CABE4A,scripts/mp/maps/mp_nogales_gw2/gen/mp_nogales_gw2_art.gsc
2A1F65FFEC5045C2,scripts/cp_mp/utility/dialog_utility.gsc
2A243841281837A0,character/civ_london_female_03_skintone_dark.gsc
2A320B760B6D0944,scripts/mp/maps/mp_t10_dealership/mp_t10_dealership_lighting.gsc
2A37A70872AA63E0,character/civ_syrkistan_female_scarf_dress_pink.gsc
2A41200200874537,character/character_cp_usmc_basic_ar_2.gsc
2A458B918FBEE4BD,scripts/mp/trials/mp_trl_quarry_raceislava_trial_create_a_script.gsc
2A477C5CE031052A,scripts/mp/gametypes/br_dmz.gsc
2A4BF9C81FFB99CD,scripts/mp/trials/mp_oilrig_create_script.gsc
2A55E9DD5F804112,scripts/mp/maps/mp_jup_dubai/mp_jup_dubai_fx.gsc
2A583DA442EEED30,scripts/mp/maps/mp_delta_pm/mp_delta_pm_lighting.gsc
2A5B848A0353F970,scripts/sp/gamer_profile.gsc
2A5DAB87765478D7,scripts/mp/maps/mp_jup_vertigo/mp_jup_vertigo_precache.gsc
2A5E5A422CE4E9D0,scripts/cp/cp_turret.gsc
2A5EB57416D4798E,scripts/cp_mp/scene.gsc
2A6538D474116472,scripts/autotests/test_spawns.gsc
2A6CEE3395C1645F,xmodelalias/bodies_al_qatala_urban_ar_variant.gsc
2A75EFCD3DA99F86,character/c_jup_sp_enemy_pmc_hvytac_01.gsc
2A8096D1A963B492,scripts/sp/maps/sp_t10_storm/sp_t10_storm_lighting.gsc
2A833CC49ADADB5F,scripts/mp/maps/mp_jup_delayed/mp_jup_delayed.gsc
2A83570409D362EA,scripts/quaked/script_vehicle_jup_mil_air_heli_medium_physics_gunship.gsc
2A83A659F8BB73AC,scripts/mp/maps/mp_toujane2/gen/mp_toujane2_sound.gsc
2A9961A9DB2A1099,scripts/mp/maps/mp_jup_quarry/mp_jup_quarry.gsc
2AA3F2FD74992588,scripts/cp/zombies/zombieclientmatchdata.gsc
2ABEC5BF3BBBD489,scripts/mp/gametypes/br_stadium_puzzle.gsc
2AC84B28CD5B53D2,scripts/mp/maps/cp_jugg_maze/gen/cp_jugg_maze_sound.gsc
2AC9BEB1E2A3768F,scripts/common/snd/snd.gsc
2ACE7209907A93EA,scripts/unittest/threads.gsc
2AD316483982FD43,scripts/mp/maps/mp_forsaken_gw/mp_forsaken_gw_precache.gsc
2AD32EC53A04A2D6,character/character_sas_urban_ar_2.gsc
2AD5131D424A1D6F,scripts/mp/vehicles/apc_rus_mp.gsc
2AD704F5066D8674,scripts/mp/mp_dialogue.gsc
2AE0C65FFBA71F3C,scripts/asm/traverse.gsc
2AE8954A31D1803F,scripts/mp/battlechatter_trigs.gsc
2AEDF0D9C5023712,scripts/mp/maps/mp_jup_resort_gw_wz/gen/mp_jup_resort_gw_wz_art.gsc
2AF1408C11187BFC,scripts/mp/maps/mp_jup_sealion/gen/mp_jup_sealion_art.gsc
2AF1BCDE07F896D2,scripts/sp/turret.gsc
2AF21256915E11D0,scripts/sp/maps/sp_t10_safehouse_destination/sp_t10_safehouse_destination_audio.gsc
2AF9B954E1DB92D0,scripts/smartobjects/hunt_point.gsc
2B01B175F85DC532,scripts/mp/maps/mp_jup_shipment_xmas/mp_jup_shipment_xmas_audio.gsc
2B0D7E2A0F096CD1,scripts/code/delete.gsc
2B0EAAE8C8B97A49,character/c_jup_sp_enemy_pmc_hooded_dan_jump.gsc
2B128BB7F062073A,character/character_sla_rebels_male_lmg.gsc
2B183285A605B0BD,scripts/mp/maps/mp_jup_shipment_alt_2/mp_jup_shipment_alt_2.gsc
2B18B5E07EE78187,scripts/mp/gametypes/br_attraction_racetrack.gsc
2B24015D16A39912,scripts/mp/killstreaks/napalm_strike_mp.gsc
2B264B25C7DA0B12,scripts/cp_mp/laststand.gsc
2B2BB8895F2565E8,scripts/mp/maps/mp_jup_fort/gen/mp_jup_fort_sound.gsc
2B368CB92B87ABCA,scripts/cp/killstreaks/gunship_cp.gsc
2B38C531E1CF71F9,scripts/mp/maps/mp_jup_rust/mp_jup_rust_precache.gsc
2B41AE39A79A7022,xmodelalias/civilian_me_female_heads.gsc
2B46F5F29E39E461,xmodelalias/civilian_me_male_veil_bodies.gsc
2B4E29BD38CA2132,scripts/sp/maps/sp_t10_safehouse_destination/sp_t10_safehouse_destination_fx.gsc
2B4EDAE3FED27B0E,scripts/mp/maps/mp_t10_island/mp_t10_island_fx.gsc
2B531F520DE8BE5D,scripts/cp_mp/agents/agent_init.gsc
2B54ACD000FE9732,scripts/mp/maps/mp_jup_swap_meet/gen/mp_jup_swap_meet_sound.gsc
2B561C2CA275B62F,scripts/cp/vehicles/vehicle_compass_cp.gsc
2B6319138B099D10,scripts/mp/maps/mp_m_fight/mp_m_fight_fx.gsc
2B632FC981F7ABCC,scripts/mp/maps/mp_hydro/mp_hydro_fx.gsc
2B63F05999A45692,scripts/mp/maps/mp_strike/mp_strike_fx.gsc
2B649E446E1D813A,scripts/sp/load_code.gsc
2B69DBD597BCE765,scripts/cp/cp_vo.gsc
2B6D95B6438D19A0,character/character_civilian_me_male_embassy.gsc
2B79931B08683E0A,scripts/anim/utility_common.gsc
2B92E11988DD75FC,scripts/aitypes/melee_sp.gsc
2B95A1FEFE19D3FD,scripts/mp/maps/mp_m_king/mp_m_king_precache.gsc
2BADA07DE712DF57,scripts/mp/equipment/combataxe.gsc
2BADD1116D173B23,scripts/mp/maps/mp_jup_sm_island_2/gen/mp_jup_sm_island_2_fx.gsc
2BB0F43E94BDC558,scripts/cp/cp_strike_debug.gsc
2BB5C587708E9798,character/civ_syrkistan_girl_6_1.gsc
2BBBC965F1309702,scripts/mp/trials/trial_race.gsc
2BBFC1556DA4EF40,character/civ_syrkistan_female_scarf_dress_blue.gsc
2BC0B0102F9B7751,scripts/mp/ai_heli_reinforce.gsc
2BD44F94DBFDD1BF,scripts/cp/cp_damage.gsc
2BD7E98DDDB554C8,scripts/sp/maps/sp_jup_vip/sp_jup_vip_fx.gsc
2C0C973BB42CBD4A,scripts/mp/maps/mp_jup_st_c_gw_wz/mp_jup_st_c_gw_wz_fx.gsc
2C127AAC33157CB4,scripts/common/turret.gsc
2C17AA19D1E937B2,scripts/cp_mp/samsite.gsc
2C1C5D4D18A61876,scripts/cp_mp/vehicles/med_transport.gsc
2C3379BB63754B93,scripts/mp/gametypes/dmz.gsc
2C3CCDF93241A468,scripts/mp/maps/cp_raid1/gen/cp_raid1_art.gsc
2C3F1ACBA41F8010,scripts/zm/maps/zm_t10_garnet/zm_t10_garnet_script_pap_create_script.gsc
2C40FE6A0EC96C04,aiasm/suicidebomber_mp.gsc
2C415637F5D843BE,scripts/cp/cp_core_gamescore.gsc
2C494BBF4A0F17F2,character/civ_embassy_office_worker_male_2_4.gsc
2C5D53B51A5CE493,scripts/mp/maps/mp_jup_underpass/gen/mp_jup_underpass_fx.gsc
2C5E6CC8E8B7747C,scripts/cp/cp_objectives_events.gsc
2C617BDCFFC30A3B,character/character_iw8_al_qatala_urban_female_02.gsc
2C6DE8258BA0B8E8,scripts/mp/maps/mp_forsaken_gw/mp_forsaken_gw_fx.gsc
2C6E2B536F49443E,scripts/mp/maps/mp_jup_shipment_alt/gen/mp_jup_shipment_alt_art.gsc
2C7B9CA9FC9D3C54,scripts/mp/bots/bots_gametype_br_duos_delta.gsc
2C80550609094A65,scripts/mp/maps/mp_jup_scrapyard/mp_jup_scrapyard.gsc
2C906EF4761A0D8E,scripts/mp/maps/mp_jup_m_exhibit/mp_jup_m_exhibit_fx.gsc
2C9121F81520D673,scripts/mp/equipment/claymore.gsc
2C95E57F38D319C3,xmodelalias/bodies_iw9_enemy_aq_ar_1.gsc
2CAAA592D4730DB1,scripts/mp/maps/mp_jup_sealion/mp_jup_sealion.gsc
2CC6455920627806,scripts/mp/gametypes/dead_drop.gsc
2CC7174D35C83369,character/character_hero_price_desert.gsc
2CC9B45597129EE2,scripts/mp/audio.gsc
2CE1E9DC0D171E6B,character/character_iw8_al_qatala_desert_2.gsc
2CE6AE9812D8AF5F,scripts/mp/utility/equipment.gsc
2CECB081B6EA0E6C,scripts/anim/civilian/civilian_scripted.gsc
2CEDCC356F1B9FC8,scripts/mp/gametypes/br_public.gsc
2CEDF72CB7FD569F,scripts/mp/bots/bots_gametype_br_auto.gsc
2CFBD51B20C32D37,scripts/anim/battlechatter_wrapper.gsc
2D026713651899FC,character/character_iw8_russian_weapon_smugglers_3.gsc
2D0318BFB4B92462,scripts/cp/killstreaks/airdrop_multiple_cp.gsc
2D0432F65B1FD9B0,scripts/sp/vehicle_lights.gsc
2D04CEA621F69FB8,character/c_jup_sp_enemy_kastovsoldier_03.gsc
2D22CB39396F0999,scripts/sp/maps/sp_t10_safehouse_destination/sp_t10_safehouse_destination_anim.gsc
2D27291F5EA20A51,scripts/mp/maps/mp_jup_dubai/mp_jup_dubai.gsc
2D28088944F7766D,scripts/cp/pvpe/pvpe.gsc
2D2D6B1CD35470E5,scripts/mp/maps/mp_mgl_verdansk/mp_mgl_verdansk.gsc
2D2DD01497F310C2,xmodelalias/c_t10_usa_dc_metro_police_01_body.gsc
2D3D7722E6014DCA,scripts/sp/ai.gsc
2D425A56B4025FAA,scripts/cp_mp/weapons/ww_setup.gsc
2D444CB8578641D5,character/character_iw8_al_qatala_desert_8.gsc
2D4CE59734F5DAE6,scripts/sp/glass.gsc
2D4E2A91DD207DFC,scripts/cp_mp/powerups/fire_sale.gsc
2D4E31A32FB4EADB,scripts/stealth/neutral.gsc
2D5010318BE07EAD,scripts/mp/bots/bots_debug.gsc
2D5712742C357BB9,scripts/mp/bots/bots_gametype_resurge_solos_fk.gsc
2D58B371506C4359,character/c_jup_sp_enemy_police_kastovia_03.gsc
2D5CA211C82059C4,xmodelalias/c_t10_gbl_opforce_avalon_syndicate_4_bodies.gsc
2D5DB3D458AE1DC5,scripts/mp/maps/mp_m_exhibit/mp_m_exhibit.gsc
2D6037560D38DDF5,scripts/mp/maps/mp_jup_st_c_gw_wz/mp_jup_st_c_gw_wz_precache.gsc
2D66B5A0AEC8827A,scripts/mp/maps/mp_jup_st_c_gw/mp_jup_st_c_gw_create_script.gsc
2D6DA4C0E4B3FCB6,scripts/mp/maps/mp_delta/mp_delta_lighting.gsc
2D6EB134F0F55252,scripts/sp/maps/sp_t10_interrogation_2/sp_t10_interrogation_2_final_plan.gsc
2D73B7633B4640C0,scripts/sp/maps/sp_t10_sandbox/sp_t10_sandbox_fx.gsc
2D77FC1705372104,scripts/mp/bots/bots_gametype_resurgmass_solos.gsc
2D7CCD517FA86B5E,scripts/cp/vehicles/cargo_truck_cp.gsc
2D7E9743A9136175,scripts/sp/maps/sp_jup_surge/sp_jup_surge_precache.gsc
2D882027E680F67D,scripts/quaked/script_vehicle_iw9_heli_blima_physics.gsc
2D88ACD05A29DB4E,xmodelalias/civ_russian_male_body_1.gsc
2D8AD2720F7C12DB,scripts/mp/music_mp.gsc
2D941966991D7541,scripts/mp/maps/mp_jup_skydiving/gen/mp_jup_skydiving_fx.gsc
2D9D24F7C63AC143,scripts/mp/gametypes/br_default_inventory.gsc
2D9DAB3C26B8A7AF,scripts/cp/vehicles/technical_cp.gsc
2DA5A2602582CF12,scripts/mp/maps/mp_shoothouse2_mobile/mp_shoothouse2_mobile_fx.gsc
2DAE60132549BD8A,character/character_cp_usmc_basic_ar_1.gsc
2DAEABC70F9AF051,scripts/mp/maps/mp_jup_sira/mp_jup_sira_ob.gsc
2DB81C9F19D2F67E,scripts/sp/heartbeat_sp.gsc
2DC3A143158CEC7C,scripts/mp/gametypes/dom.gsc
2DC447B1DD033A26,scripts/mp/operator.gsc
2DC6E355AF43A711,scripts/mp/gametypes/br_maphints.gsc
2DCD44765B157D94,scripts/mp/destructible.gsc
2DCF9500245D4B04,scripts/mp/maps/mp_townhouses/mp_townhouses_lighting.gsc
2DD3DAD0CA9F5E5B,character/character_opforce_juggernaut_br.gsc
2DD7B08DEDB081D7,scripts/sp/maps/sp_t10_storm/sp_t10_storm_precache.gsc
2DD9AE325464900D,scripts/cp/equipment/cp_gas_grenade.gsc
2DE2386181FD7DBF,scripts/mp/maps/mp_intercept/mp_intercept.gsc
2DF9D011999F18C5,scripts/mp/agents/agent_utility.gsc
2E0F8665951FDB40,scripts/mp/maps/cp_observatory/cp_observatory_fx.gsc
2E1125AF53E52D26,scripts/cp/cp_convoy_manager_code.gsc
2E121335D81DC81F,xmodelalias/c_t10_usa_civ_f_formal_capitol_body_asian.gsc
2E16EF26A0FFD44D,scripts/cp_mp/utility/omnvar_utility.gsc
2E1B127CE454C368,scripts/mp/maps/mp_historic_gw2/mp_historic_gw2_lighting.gsc
2E1B586227A20CEF,scripts/cp_mp/vehicles/customization/battle_tracks.gsc
2E1EFCC6C34B45A0,scripts/cp_mp/package_airdrop.gsc
2E385BC294259245,scripts/mp/gametypes/br_c130airdrop.gsc
2E3964C5C594664F,xmodelalias/body_iw9_aq_shotgun_1_white.gsc
2E3CDC890B1F4BA8,xmodelalias/russian_army_ar_2_hats_gasmask.gsc
2E42A30B207A31F7,scripts/asm/soldier/mp/melee.gsc
2E513983022163A4,scripts/mp/maps/mp_t10_firebase/mp_t10_firebase_lighting.gsc
2E5BE98FAC81B94A,scripts/mp/maps/mp_jup_bait/mp_jup_bait_fx.gsc
2E6669A9BFB074C1,character/civ_embassy_office_worker_male_1_2.gsc
2E7200683FCD72B7,scripts/mp/bots/bots_gametype_dom_jugg.gsc
2E796B52220AE22E,scripts/mp/maps/mp_jup_home_01_alt_toon/mp_jup_home_01_alt_toon_fx.gsc
2E7F32867417B1F6,scripts/cp/utility/entity.gsc
2E8A54D64A53E69E,scripts/mp/bots/bots_gametype_blitz.gsc
2E8F3E864EE544C4,scripts/mp/maps/mp_jup_subbase/mp_jup_subbase_lighting.gsc
2E990842D835639E,scripts/mp/maps/mp_jup_shipment_alt/mp_jup_shipment_alt_fx.gsc
2E9BA674A809F474,scripts/mp/maps/cp_observatory/gen/cp_observatory_sound.gsc
2E9D38C750386509,scripts/aitypes/robot_dismember.gsc
2EBD69EC65E6D5F3,scripts/mp/bots/bots_gametype_hc_dom.gsc
2EC5BC25F6CEA447,character/character_iw8_russian_army_2_hood_safehouse_finale.gsc
2ED605015C78D1BF,scripts/mp/bots/bots_gametype_br_quads_delta.gsc
2ED63158B46A6D6F,scripts/common/string.gsc
2EDB9A86730EEE9D,scripts/mp/bots/bots_gametype_dd.gsc
2EDEFCDB398116E1,scripts/mp/maps/mp_mgl_verdansk/mp_mgl_verdansk_precache.gsc
2EE844241E221055,scripts/mp/maps/mp_bounty/mp_bounty.gsc
2EF9F05E5209C239,character/c_jup_sp_enemy_pmc_hooded_01_jump.gsc
2F00F43B73751002,scripts/cp/cp_audio.gsc
2F1157BF5E468829,xmodelalias/bodies_civilian_uk_male_surge_1.gsc
2F145C9CF077EB11,scripts/mp/maps/mp_wartorn_gw/gen/mp_wartorn_gw_fx.gsc
2F2F0B2412213D7A,scripts/mp/subway/fast_travel_subway_car.gsc
2F40360D926B119A,scripts/mp/maps/mp_fort/gen/mp_fort_art.gsc
2F491F1DD7B13125,scripts/common/vehicle_treadfx.gsc
2F4DE8D3ED6EFD51,scripts/mp/maps/mp_shoothouse2/mp_shoothouse2_precache.gsc
2F5980AE2AA5ED78,scripts/mp/maps/mp_oilfield_gw/gen/mp_oilfield_gw_art.gsc
2F5A7FDE37CB4EE8,scripts/mp/killstreaks/hover_jet_mp.gsc
2F6B6BF9F9432559,scripts/cp/cp_aiparachute.gsc
2F6FB39CC102F8C0,character/character_iw8_al_qatala_urban_bombvest.gsc
2F729D292DEB59E3,scripts/sp/equipment/smoke_bomb.gsc
2F73AF271342944D,scripts/mp/bots/bots_gametype_cdl_koth.gsc
2F7C1B498F830663,scripts/mp/killstreaks/emp_drone_mp.gsc
2F829372490537B7,character/character_cp_al_qatala_desert_dmr.gsc
2F833547C8153977,character/civ_al_qatala_urban_civ_female_bluetop.gsc
2F86BFCF149EC57E,xmodelalias/civilian_me_male_body_3_hostage.gsc
2F873C7333A20687,scripts/sp/maps/sp_t10_sabotage/sp_t10_sabotage_code.gsc
2F8E5952B4AD584E,scripts/autotests/selftest/test_selftest_undefined.gsc
2F926008FEFDF346,scripts/mp/maps/mp_m_canal/gen/mp_m_canal_sound.gsc
2FA1E6FEEFADE0A3,scripts/mp/maps/mp_jup_security_area/mp_jup_security_area.gsc
2FB06984712C831F,character/civ_tugofwar_male_cp.gsc
2FB7142EB1E1CC3D,character/c_jup_sp_hero_farah_tundra.gsc
2FBDAC52FC9B86B1,scripts/zm/systems/zm_quest.gsc
2FBE796151B2A1B4,xmodelalias/civilian_london_female_body_skintone_med.gsc
2FC321D925A41E8F,scripts/mp/carriable.gsc
2FC5F0C2A4C01B47,scripts/asm/soldier/smartobject.gsc
2FC9D8A91B9FCE8F,scripts/cp_mp/supers/med_box.gsc
2FCA99C6E7959F91,scripts/mp/maps/mp_jup_terminal_alt/mp_jup_terminal_alt_precache.gsc
2FDEB8023287BE67,scripts/mp/gametypes/dmz_bosses.gsc
2FE06DE324077B78,scripts/cp/cp_stealth_zombie.gsc
2FEFE88FA12AC091,scripts/mp/maps/mp_bounty/mp_bounty_precache.gsc
2FF254B9E27B9387,scripts/mp/killstreaks/flares.gsc
2FFC9CC854107314,scripts/common/create_cover_nodes.gsc
300A0A4C67DA0BBB,scripts/mp/killstreaks/helicopter.gsc
302131D09E9D590E,scripts/mp/infilexfil/jltv_infil.gsc
302B310CF5F281F9,scripts/sp/anim_notetrack.gsc
3038AE3B65851F5E,xmodelalias/c_t10_civ_urban_dc_male.gsc
3039452DFDE7FBBA,scripts/sp/compass.gsc
303F0120AF1AE1E4,scripts/cp_mp/powerups/insta_kill.gsc
3042F861DCFE7735,scripts/mp/vehicles/bronco_mp.gsc
3044C25D998A3651,scripts/killstreaks/missile_drone.gsc
304E8093354EE5A6,scripts/mp/killstreaks/multi_airstrike_mp.gsc
304F476283F6D36E,scripts/mp/stationary_notes.gsc
304FB8A7A53594F4,scripts/vehicle/empty_nocollision.gsc
3054BFE01806B03D,scripts/mp/maps/mp_jup_gw_fallout/mp_jup_gw_fallout_ob.gsc
305C491E89D79DA3,scripts/sound/snd_mp.gsc
305F879571599AF1,scripts/mp/gametypes/br_secretstash_quest.gsc
30647DAAE9EEB00C,scripts/zm/systems/zm_lighting_visionset.gsc
30655A40A32B3E87,character/character_spetsnaz_gasmask_ar.gsc
306D098E3642B2F7,xmodelalias/c_t10_gbl_opforce_avalon_syndicate_2_heads.gsc
3076D2ED194B8F16,scripts/sp/maps/sp_t10_safehouse_assemble/sp_t10_safehouse_assemble_lighting.gsc
3077AF469066D482,xmodelalias/heads_iw9_enemy_aq_ar_3.gsc
308091D56071A91C,scripts/common/scene_debug.gsc
30831EEAD8908398,scripts/mp/maps/mp_showdown2/mp_showdown2_lighting.gsc
308E8C3B10305FA9,scripts/sp/maps/sp_t10_contract/sp_t10_contract_finale.gsc
309307A164583093,scripts/sp/maps/sp_t10_heist/sp_t10_heist_anim.gsc
309CA8B2BAF33E1F,scripts/mp/maps/mp_jup_skydiving/mp_jup_skydiving_precache.gsc
30AE4A6F8C0CD5E0,scripts/aitypes/zombie_mangler/zombie_mangler_metabones.gsc
30B2046800230E0E,xmodelalias/heads_al_qatala_urban_ar_variant.gsc
30C42DCABD30A39B,scripts/common/debug_graycard.gsc
30CD25DB3C981D4F,scripts/mp/supers/smokeairdrop.gsc
30D9B647A58A56EF,scripts/cp/vehicles/damage_cp.gsc
30DE8643EF49943B,scripts/mp/killstreaks/specialist_perk_2_mp.gsc
30E7C7F43DEAD23E,character/character_spetsnaz_ar_trial.gsc
30EAE851D6EA5380,character/c_jup_sp_civ_prisoner_05_b_riot.gsc
30F56F4478BA814B,character/character_iw8_russian_army_ar_4_gasmask_only.gsc
30FF154DD752364E,scripts/mp/maps/cp_lone/gen/cp_lone_art.gsc
310204433018CCF1,character/c_jup_civ_plane_bystander.gsc
310453FFD4B826CD,scripts/cp_mp/emp_debuff.gsc
31050F843EDFEE75,scripts/zm/maps/zm_t10_garnet/zm_t10_garnet_script_intel_create_script.gsc
3108637A5197CB40,scripts/mp/maps/mp_m_penthouse/gen/mp_m_penthouse_art.gsc
311597C345EEF672,scripts/mp/maps/mp_embassy_hlwn/gen/mp_embassy_hlwn_art.gsc
31159944151D4786,xmodelalias/t10_usa_dc_security_pre_combat.gsc
312A380DAC3DD80C,xmodelalias/c_t10_gbl_civ_f_service_heads.gsc
3136F2BD3A5023FA,scripts/mp/maps/cp_mission_high_ground/gen/cp_mission_high_ground_sound.gsc
313C67BF196C54AB,scripts/anim/flashed.gsc
313E33DEBC8B4B0E,xmodelalias/c_jup_zmb_zombie_base_male_long_shirt_body_yz_safe.gsc
313F5ABF4B84D0CF,character/character_sla_rebels_male_ar.gsc
3142215E2BC27466,scripts/mp/maps/mp_fort/mp_fort_fx.gsc
314572C11B281D34,scripts/mp/gametypes/br_weapon_case.gsc
31463F34A13101FD,scripts/mp/killstreaks/deployablebox_vest.gsc
314A4197D2CF4C94,scripts/cp/cp_merits.gsc
314B8E4F5302C210,scripts/mp/maps/mp_jup_security_area/mp_jup_security_area_fx.gsc
314E2FDC58DBAB67,scripts/sp/maps/sp_t10_contract/sp_t10_contract_anim.gsc
315571F7CBECA419,scripts/sound/snd_utils.gsc
315785D0955DA390,character/character_iw8_al_qatala_desert_7.gsc
316369F73F01541E,scripts/sp/maps/sp_t10_sandbox/sp_t10_sandbox_lighting.gsc
316C9F93915ADDE5,scripts/mp/maps/mp_delta_pm/mp_delta_pm_precache.gsc
3172CFA1705E1FA2,scripts/mp/maps/mp_jup_wasteland/gen/mp_jup_wasteland_sound.gsc
3175B03723124101,scripts/stealth/friendly.gsc
317DCAEF347397FD,scripts/mp/utility/usability.gsc
317FD45510A25464,scripts/sp/destructibles/water_barrel.gsc
31896C80BB6B4EE1,character/character_iw8_russian_army_ar_6_gasmask_only.gsc
3192D47FE86D5838,scripts/mp/maps/mp_jup_shipment_xmas/mp_jup_shipment_xmas_fx.gsc
319312D6F1D06810,scripts/mp/gametypes/conf.gsc
319B26E5DA0E9AA2,scripts/cp_mp/killstreaks/sentry_gun.gsc
31ABE44CA80F702B,scripts/sp/t10_system.gsc
31B4AF71A67FDEA5,character/civ_london_male_skintone_light.gsc
31B95E88E980290E,scripts/sp/maps/sp_t10_safehouse_arrival/gen/sp_t10_safehouse_arrival_art.gsc
31BE5B920616DCB1,scripts/sp/lights.gsc
31C04A026E139B02,xmodelalias/civilian_london_female_head_skintone_med.gsc
31DCE20CAB248FDE,character/character_cp_al_qatala_desert_ar_4.gsc
31E709A689BAA631,scripts/cp_mp/vehicles/vehicle_load_all.gsc
31E98BC0F90FDD24,scripts/mp/maps/mp_jup_paris/mp_jup_paris_lighting.gsc
31ED4A2674362277,scripts/mp/gametypes/br_puzzle_loot_cache.gsc
31F2D7BA99B436B9,character/character_iw8_al_qatala_urban_female_04.gsc
31F8511D0913CA09,scripts/killstreaks/loitering_munition.gsc
31FB815D06C69412,scripts/mp/maps/mp_jup_rust_alt_toon/gen/mp_jup_rust_alt_toon_sound.gsc
31FC3F9690A04DB0,scripts/mp/maps/mp_jup_resort_gw_wz/mp_jup_resort_gw_wz_create_script.gsc
31FCFD26E002B5AD,scripts/mp/art.gsc
3203B599F81072DC,scripts/mp/maps/mp_jup_fort/mp_jup_fort_lighting.gsc
32096891B2FC39DE,scripts/mp/maps/mp_jup_st_c_gw/gen/mp_jup_st_c_gw_art.gsc
3212CC02A2700260,scripts/anim/battlechatter_table.gsc
3214E6FCDCE468A7,scripts/engine/throttle.gsc
321A4C86508CC1C2,scripts/smartobjects/utility.gsc
32315B389C02CC0B,scripts/mp/maps/mp_jup_incline/mp_jup_incline.gsc
324C128AB55ECFD5,character/character_spetsnaz_gasmask_cqc_cp.gsc
32502A5282236E31,scripts/mp/maps/cp_mission_esc/gen/cp_mission_esc_fx.gsc
3252C18D08B50FA7,scripts/cp_mp/targetmarkergroups.gsc
325BC1C111C4DC9B,scripts/mp/bots/bots_gametype_defuse.gsc
32718DF4DA4920CC,scripts/mp/maps/mp_catedral/mp_catedral_lighting.gsc
327775E376A2B113,scripts/mp/maps/mp_m_exhibit/gen/mp_m_exhibit_fx.gsc
327F500C1192BBCC,scripts/cp_mp/dragonsbreath.gsc
328B3030A65A8DB9,aiasm/soldier_cp_mp.gsc
328CEEBB19C9CF51,scripts/mp/supers/super_laser_charge.gsc
329B211CD24CA232,xmodelalias/c_t10_civ_m_heads_asian.gsc
32AF76B779B47F01,character/character_iw8_sla_rebel_female_2_1.gsc
32B7CDEED77D057E,aiasm/civilian_cp_mp.gsc
32BB6466BA45B7F6,scripts/mp/maps/mp_floatinghouses/mp_floatinghouses_fx.gsc
32C415EC9D5EDD7E,xmodelalias/bodies_sas_urban_dmr.gsc
32CF52C0A4B4C8B7,character/civ_syrkistan_female_nurse_nomask.gsc
32D58E3B5E55B5B5,character/c_jup_sp_civ_prisoner_03_b.gsc
32D76CDC43B36B71,scripts/mp/gametypes/tdef.gsc
32DD4B86977D430C,scripts/cp_mp/loot/common_kiosk.gsc
32E6D782A28EAD3B,scripts/mp/killstreaks/_airstrike.gsc
32EE021D62E7D89A,character/civ_western_cold_girl.gsc
32F367E853EFE0D6,scripts/mp/killstreaks/agent_killstreak.gsc
32F57BF21B863A72,scripts/mp/trials/mp_trl_boneyard_gw_race.gsc
32F62537BED3E966,scripts/mp/maps/mp_t10_sm_reserve/gen/mp_t10_sm_reserve_art.gsc
32F6C66BE439F6E2,scripts/mp/maps/mp_jup_urca/mp_jup_urca_fx.gsc
32F99429F275A46F,scripts/sp/destructibles/log_pile.gsc
32FC059215134990,scripts/mp/maps/mp_jup_launchfacility/mp_jup_launchfacility_zone3_create_script.gsc
3309CEFCFAEB2B58,scripts/mp/bots/bots_gametype_hc_hq.gsc
330F23498CEB121A,scripts/mp/maps/mp_jup_trainingfacility/gen/mp_jup_trainingfacility_art.gsc
3317E070395BD534,scripts/mp/missilelauncher.gsc
331896EDB4223103,scripts/stealth/group.gsc
331D2658BF1699D1,scripts/mp/equipment/leaderbox.gsc
331D554C750258EB,scripts/mp/maps/mp_jup_resort_gw/mp_jup_resort_gw_precache.gsc
3321FCDA17B126B6,scripts/mp/tac_ops/roles_utility.gsc
33374ABA53CCEFA3,scripts/unittest/cond.gsc
333F6EDE791A319F,aiasm/corner_cover_lean_shoot_lw_mp.gsc
3346BDAD0B934EC1,scripts/mp/maps/mp_jup_highrise/mp_jup_highrise_precache.gsc
335DD060FBA30471,scripts/mp/maps/mp_jup_drivethru/mp_jup_drivethru.gsc
3362BFAC36550623,character/civ_london_female_02_skintone_dark.gsc
33703770866382CC,scripts/mp/bots/bots_gametype_resur_trios_escape.gsc
337298E549E7BD86,character/character_civilian_me_female_cp.gsc
337BD370F7C5E6F9,scripts/mp/gametypes/br_publicevents.gsc
337F8ADA9168A7D9,scripts/mp/equipment/reinforcement_flare.gsc
33807C87EC2C55F9,scripts/cp_mp/weapons/ww_raygun.gsc
33857A41C66FD52A,scripts/mp/maps/mp_jup_paris/gen/mp_jup_paris_sound.gsc
3388E263A89AA986,scripts/sp/maps/sp_t10_contract/sp_t10_contract_lighting.gsc
33913F38D0E7CA90,scripts/mp/maps/mp_jup_emergency/gen/mp_jup_emergency_art.gsc
339A874800CD934B,scripts/mp/bots/bots_gametype_resurgmass_duos.gsc
33A9209DA5DBB2F2,scripts/zm/maps/zm_t10_garnet/zm_t10_garnet_fx.gsc
33B5E4E10C48EA8E,scripts/mp/maps/mp_biobunker/gen/mp_biobunker_sound.gsc
33CC2B41C5BD4E4E,scripts/sp/maps/sp_t10_redacted/sp_t10_redacted_audio.gsc
33D085C8DBA10C6C,scripts/mp/maps/mp_jup_delta/mp_jup_delta_fx.gsc
33D29449327912A8,scripts/mp/maps/mp_jup_terminal/mp_jup_terminal_lighting.gsc
33D66FE7D0A6C65C,character/character_al_qatala_desert_lmg.gsc
33E756A5223229DE,scripts/anim/civilian/civilian_pain.gsc
33F21F6F31853A6B,scripts/mp/maps/mp_jup_security_area/mp_jup_security_area_precache.gsc
33F310BE3CF9124E,character/character_villain_barkov_old.gsc
3406DC94C9535A80,scripts/mp/killstreaks/jackal.gsc
340B7EAF5002BD58,scripts/mp/vehicles/jeep_mp.gsc
34115A995D159CD2,character/c_jup_sp_hero_price_london_tactical.gsc
34166786CDCB226E,scripts/mp/maps/mp_jup_resort_gw_wz/mp_jup_resort_gw_wz_fx.gsc
342E089C0EC30948,scripts/sp/equipment/decoy_canals.gsc
3433999DC639C4C5,scripts/smartobjects/hunt_checkin.gsc
3433EE6B63C7E243,scripts/anim/shared.gsc
344020C171EC72D5,scripts/mp/playerlogic.gsc
3444BFEE13A0CAEF,scripts/quaked/script_struct_loot_semtex.gsc
344756288E55ECDC,scripts/mp/archetypes/archcommon.gsc
344A04ED17133BC6,xmodelalias/c_t10_usa_dc_metro_police_01_body_black.gsc
34501F9ECF90E137,scripts/mp/equipment/ammo_box.gsc
345063FD82F0759E,scripts/mp/maps/mp_jup_gw_fallout/gen/mp_jup_gw_fallout_art.gsc
346A8591FB832D05,scripts/mp/utility/infilexfil.gsc
34726B0BFF780D69,xmodelalias/civilian_me_female_bodies.gsc
347C8A067853B721,scripts/mp/bots/bots_killstreaks.gsc
3486F9A1D1DE73F8,character/character_sas_urban_ar_4.gsc
348FD0E2DD0D7729,xmodelalias/heads_sas_urban.gsc
3490042681D4F61B,character/c_jup_sp_hero_soap_tundra_frost.gsc
3491E1B8D5574372,scripts/mp/maps/mp_jup_drivethru/mp_jup_drivethru_fx.gsc
349C0B9D73BC7BEC,scripts/asm/soldier/mp/gesture_script_funcs.gsc
34A720E17D0E697B,scripts/code/struct.gsc
34B48F13A2A4937D,scripts/mp/maps/mp_jup_emergency/mp_jup_emergency.gsc
34BD609CA11B027D,scripts/mp/maps/cp_raid1/cp_raid1.gsc
34BFC6AB4B788F91,scripts/mp/utility/killstreak.gsc
34C045CD83C5D296,scripts/cp_mp/powerups/full_ammo.gsc
34D70A7AB78B1421,scripts/cp/armor_crate.gsc
34DEDFB35366718A,scripts/mp/equipment/high_jump.gsc
34E0212BD6EB0B7B,scripts/cp_mp/ent_manager.gsc
34E92A0E42BA2F80,scripts/mp/gametypes/brtdm_mgl.gsc
34F5AB75BD545118,scripts/mp/maps/mp_jup_skidrow/mp_jup_skidrow_lighting.gsc
34FE671DEBCA9689,scripts/mp/maps/mp_wartorn/mp_wartorn_precache.gsc
34FEE078CD4F3D73,scripts/sp/maps/sp_t10_contract/sp_t10_contract_scenes.gsc
34FF41F4B3FA424F,scripts/mp/killstreaks/cruise_predator_mp.gsc
3506CF049DCDF381,scripts/sp/equipment/pipebomb.gsc
3509C5B5FA7A7269,character/character_iw8_al_qatala_desert_4.gsc
3510835C04D231DF,scripts/common/rockable_vehicles.gsc
3518045D35AFE076,character/c_jup_sp_civ_prisoner_01.gsc
351975F16D321880,scripts/sp/vehicle_code.gsc
35199F2A94ED1877,scripts/mp/gametypes/rugby.gsc
351D65AABB9D15E8,scripts/mp/maps/mp_jup_dubai/gen/mp_jup_dubai_art.gsc
351EAF226C7BE860,xmodelalias/bodies_al_qatala_urban_cqb_variant.gsc
3524015605241B87,character/character_iw8_al_qatala_desert_2_rpg_helmet.gsc
353995EDBBD428DF,scripts/mp/maps/mp_wz2_escape/mp_wz2_escape_art.gsc
3545F03861FF9002,behaviortree/juggernaut_agent.gsc
3548AD60EA702547,scripts/mp/maps/mp_nogales_gw2/mp_nogales_gw2_precache.gsc
354C862768CFE202,scripts/cp/damagefeedback.gsc
35501F0CE234172F,scripts/zm/systems/zm_interaction.gsc
35521F277FBC2D34,scripts/mp/maps/mp_jup_resort_gw_wz/mp_jup_resort_gw_wz_lighting.gsc
3564AAADCA229F5E,scripts/sp/maps/sp_t10_contract/sp_t10_contract_canals.gsc
356D29B50E0D748A,scripts/mp/equipment/nvg.gsc
3571B723A9D236F0,scripts/mp/maps/mp_t10_nuketown_winter/gen/mp_t10_nuketown_winter_art.gsc
357A2C6BD2C192ED,scripts/killstreaks/drone_swarm.gsc
357B9A54DFEDBD4A,scripts/anim/notetracks.gsc
3581B5A8CD365E20,character/civ_london_female_skintone_med_anim_safe.gsc
35843412D88E1B0B,scripts/mp/maps/cp_raid1/gen/cp_raid1_fx.gsc
35892C1C47825F2C,scripts/mp/maps/mp_jup_shipment_iw9/gen/mp_jup_shipment_iw9_sound.gsc
358A4C8214A89870,scripts/cp_mp/mortar_launcher.gsc
358A96F6175CECC1,scripts/mp/maps/mp_grandprix_pm_2/mp_grandprix_pm_2_precache.gsc
35A8E19B6286841E,aiasm/civilian_mp.gsc
35B1921537324436,scripts/mp/hostmigration.gsc
35B67F60101DB714,scripts/mp/maps/mp_jup_benchmark/mp_jup_benchmark_lighting.gsc
35BC63223FFE235B,scripts/common/easing.gsc
35BF03C1E3892473,scripts/mp/equipment/medkit_box.gsc
35C97E2C73946069,scripts/mp/vehicles/little_bird_mg_mp.gsc
35DB669A8395D145,scripts/mp/maps/mp_m_penthouse/mp_m_penthouse.gsc
35DE402EFC5ACFB3,scripts/anim/battlechatter.gsc
35E4B06C34445EE2,xmodelalias/civ_russian_male_head_1_flashback.gsc
35E7732D85CF4FB4,scripts/mp/playerstats.gsc
35E8BE7F3FA3F35E,scripts/mp/equipment/tracker_grenade.gsc
35EA29F9BD5D2F7E,scripts/cp/challenges_cp.gsc
35F1C253181907B1,scripts/mp/bots/bots_gametype_dom.gsc
35FDB6D23CDEB3EC,character/character_sla_rebels_male_cqb.gsc
3607CE6CB25542DD,scripts/mp/bots/bots_gametype_mines.gsc
3609935C780A8378,scripts/sp/maps/sp_t10_interrogation/sp_t10_interrogation_fx.gsc
360BD660B11B2242,scripts/mp/maps/mp_sealion/mp_sealion_fx.gsc
362AB6076736A373,scripts/cp_mp/equipment/monkey_bomb.gsc
362C58E8BB39BCDA,scripts/mp/gametypes/br_gametypes.gsc
3638CC05A9A86A8C,xmodelalias/bodies_civ_russian_police_officer.gsc
36432841E0ADE275,scripts/mp/maps/mp_jup_elevated/mp_jup_elevated_precache.gsc
3643E7DC7F2606AA,scripts/sp/helicopter_globals.gsc
364572C4F01670AF,scripts/mp/maps/mp_jup_bm_live/mp_jup_bm_live_precache.gsc
365357707594B8F4,scripts/mp/bots/bots_gametype_cyber.gsc
36566104FE04FDF2,xmodelalias/c_jup_zmb_zombie_base_male_suit_body_gz.gsc
365A8687BCCEB3A5,scripts/sp/maps/sp_t10_contract/sp_t10_contract_vo.gsc
3662C2DF2C0127F9,xmodelalias/c_t10_gbl_opforce_avalon_syndicate_5_bodies.gsc
3667E9DF607A0E97,scripts/sp/maps/sp_t10_interrogation/sp_t10_interrogation_anim.gsc
366CA3A566B6972B,scripts/mp/cinematic_replays/cinematic_replays.gsc
366E283D25AB19F2,scripts/mp/maps/mp_jup_grandprix_pm_2/gen/mp_jup_grandprix_pm_2_art.gsc
3671B95204EE984C,scripts/mp/maps/mp_jup_farm_18/gen/mp_jup_farm_18_sound.gsc
3686609F08F20087,scripts/mp/gametypes/arena.gsc
369511E2EBB2DAA6,scripts/mp/maps/mp_m_mercado/mp_m_mercado_fx.gsc
36998BB481626140,scripts/mp/maps/mp_observatory/mp_observatory_fx.gsc
36B0C9C343A37CC3,scripts/mp/secrethunt.gsc
36B297F0D12A223A,scripts/mp/vehicles/vehicle_spawn_mp.gsc
36B30489B2EC202B,scripts/cp/cp_achievement.gsc
36BC55BE85E01D41,scripts/mp/bots/bots_gametype_br_trios.gsc
36BC9A97851A00C1,scripts/mp/equipment/molotov.gsc
36C83AE9CE18F038,scripts/mp/gametypes/br_publicevent_doublexp_crate.gsc
36D208603073D4AC,scripts/cp/cp_interaction.gsc
36DAF6000B4D77F8,scripts/models/interactive_utility.gsc
36E4A3D00DDA972C,scripts/mp/maps/mp_jup_waterfront/mp_jup_waterfront_lighting.gsc
36E78C6AD3107F7A,scripts/sp/maps/sp_t10_sandbox/sp_t10_sandbox_audio.gsc
36EA0FCB233ABD3C,scripts/mp/maps/mp_jup_blackheart/gen/mp_jup_blackheart_sound.gsc
36EC76F1BA5FD3B0,scripts/mp/maps/mp_jup_subbase/gen/mp_jup_subbase_art.gsc
36F017124778241A,character/character_civilian_syrkistan_boy_5_1.gsc
36FD1BA91582B102,scripts/cp_mp/vehicles/cargo_truck.gsc
36FE9627AFC2A62A,scripts/mp/maps/mp_crossing/gen/mp_crossing_art.gsc
37046B891D9E2631,scripts/mp/maps/mp_jup_delta/gen/mp_jup_delta_fx.gsc
3707F44961816B2F,scripts/mp/maps/mp_bio_lab/mp_bio_lab.gsc
37126CFF0546580C,scripts/mp/maps/mp_jup_resort_gw_wz/gen/mp_jup_resort_gw_wz_sound.gsc
37143DC2FAC56392,character/character_civilian_me_male_cinderblock_a.gsc
371B4C2AB5861E62,scripts/cp_mp/agents/agent_utils.gsc
37200B0B79C2EF45,scripts/cp/infilexfil/blima_exfil.gsc
37350F9E6ED949DC,character/character_spetsnaz_gasmask_cqc_trial.gsc
3736CBCFFE5AAF3E,scripts/mp/maps/mp_jup_bigmap/mp_jup_bigmap_fx.gsc
37397E0B9CA7C1D8,scripts/mp/music_and_dialog.gsc
3739A09FCC88DEAC,scripts/sp/player/offhand_box.gsc
3743AF7D6A1C5B91,scripts/mp/maps/mp_skerries_v2/mp_skerries_v2_precache.gsc
374464F426BC84E2,scripts/mp/shellshock.gsc
374557D490FFF8BD,scripts/mp/gametypes/trickrtreat.gsc
375E9B2740B14629,scripts/mp/bots/bots_gametype_rsurge.gsc
3769CAD2888DE2AC,scripts/anim/first_frame.gsc
376C9374C3CFB4F2,scripts/mp/maps/mp_jup_arcade/gen/mp_jup_arcade_art.gsc
376F07FAEF7B636F,scripts/cp_mp/ammo_cache.gsc
378DDB4D3F1D7ACC,scripts/mp/maps/mp_jup_shipment_alt_2/mp_jup_shipment_alt_2_lighting.gsc
378F31D2F078DBCD,scripts/mp/maps/mp_jup_elevated/gen/mp_jup_elevated_fx.gsc
378FC85E571E7186,scripts/sp/analytics.gsc
3798DB193E76A866,scripts/sp/killstreak/killstreaks.gsc
379BB8C3760185C1,scripts/cp/killstreaks/manual_turret_cp.gsc
379C2358A1B97624,scripts/sp/player/playerchatter.gsc
37A60B7D589FEEFD,scripts/cp/cp_weapon_upgrade.gsc
37A6DF148102BC77,scripts/cp_mp/killstreaks/manual_turret.gsc
37B79876065A6442,scripts/mp/maps/mp_t10_trainingcourse/gen/mp_t10_trainingcourse_art.gsc
37BB89B7C584D340,scripts/mp/killstreaks/dronehive.gsc
37C1B87B79431128,aiasm/suicidebomber_cp_mp.gsc
37D777AE185705DC,scripts/mp/maps/mp_historic_gw2/gen/mp_historic_gw2_sound.gsc
37EBA845636E64D1,scripts/mp/maps/mp_jup_bait/gen/mp_jup_bait_fx.gsc
37F000531EFB9D03,scripts/cp/perks/cp_perks.gsc
37F0AAF6393E9C24,scripts/mp/maps/mp_dogtown_gw/mp_dogtown_gw_lighting.gsc
37F6F67FE91E1F78,scripts/mp/maps/cp_jugg_maze/gen/cp_jugg_maze_art.gsc
380B66B9CD34D48B,scripts/mp/killstreaks/killstreaks.gsc
38228ECCE6EE74AA,character/c_jup_sp_enemy_pmc_support_01.gsc
382545849986FBC1,scripts/mp/utility/outline.gsc
3829F9EFD28EF970,character/character_spetsnaz_gasmask_ar_trial.gsc
3833D2A80448769A,scripts/mp/maps/mp_delta_pm/mp_delta_pm_fx.gsc
3847B28F27EF1719,scripts/cp/coop_stealth.gsc
384F37134A7FC089,scripts/mp/equipment/trophy_system.gsc
384F491ECB45E66F,scripts/mp/maps/cp_mission_esc/cp_mission_esc_precache.gsc
3854787D000581F1,scripts/mp/maps/mp_jup_delta_alt/gen/mp_jup_delta_alt_fx.gsc
3856CEE6B86047B2,scripts/mp/maps/mp_jup_sealion/mp_jup_sealion_fx.gsc
3861E939B9573D4B,scripts/mp/maps/mp_benchmark/gen/mp_benchmark_fx.gsc
388FF77991A56B68,character/c_jup_sp_villain_nolan_urban.gsc
389AF6D20F0BEC82,character/character_ally_so15_3.gsc
38A3DE4EF57A2C97,scripts/mp/maps/mp_saba2/gen/mp_saba2_fx.gsc
38A8681FD881232E,scripts/mp/maps/mp_shoothouse2/mp_shoothouse2_fx.gsc
38B3797023002A4A,scripts/mp/gametypes/warrior.gsc
38B56EEC6D87923E,scripts/mp/maps/mp_jup_das_haus_alien/gen/mp_jup_das_haus_alien_art.gsc
38C517E34D7C3EFB,scripts/aitypes/zombie_disciple/zombie_disciple.gsc
38C9825C45FA9290,scripts/mp/maps/mp_t10_rm_hacienda_alt/gen/mp_t10_rm_hacienda_alt_art.gsc
38D20730D37456E8,scripts/cp/killstreaks/emp_drone_targeted_cp.gsc
38D2F990E380B36B,scripts/mp/bots/bots_gametype_grind.gsc
38D41A1CB0C0EA5E,character/character_spetsnaz_gasmask_lmg_cp.gsc
38D5E2DD897D3241,scripts/cp_mp/vehicles/cop_car.gsc
38D665C0206BB9C6,character/character_iw8_russian_army_ar_4_gasmask.gsc
38DB8799B23A60D9,character/c_jup_sp_civ_plane_attendant_02.gsc
38E4F9190736681E,scripts/mp/maps/mp_t10_firebase/mp_t10_firebase_fx.gsc
38EB8F4BE20D54F4,scripts/common/devgui.gsc
390D2972D74616F1,xmodelalias/c_jup_zmb_zombie_base_track_jacket_head_yz.gsc
3913DFDA05BB57B4,behaviortree/soldier_agent_lw.gsc
392556CBACA7C63A,character/civ_london_female_03_skintone_light.gsc
392818FF9DC38A64,scripts/mp/equipment/teleport_deploy.gsc
3931C27977974C63,scripts/zm/systems/zm_exfil.gsc
3931ECB959834BBD,scripts/mp/motiondetectors.gsc
39329602384C75ED,scripts/vehicle/tromeo.gsc
39339F5340693646,scripts/mp/gametypes/ob_season3.gsc
3934CCF152179989,scripts/mp/bots/bots_gametype_poires_quads_mut.gsc
3935991B4E5181DE,scripts/sp/equipment/support_radio.gsc
3938645371FAE361,scripts/mp/maps/mp_m_fight/gen/mp_m_fight_fx.gsc
393F9266A5D48451,scripts/mp/maps/mp_jup_home_01_alt_toon/mp_jup_home_01_alt_toon_precache.gsc
394726D755FA7F04,scripts/cp/cp_movers.gsc
39476B974D936141,scripts/mp/maps/mp_luxury/mp_luxury_precache.gsc
39480B6BA5640332,scripts/vehicle/veh9_mil_lnd_cargo_truck.gsc
394EEDA98D15D2C9,scripts/cp/vehicles/vehicle_interact_cp.gsc
395ACEA1275F0CC0,character/character_iw8_al_qatala_urban_08_long_jacket.gsc
395C5425478376C7,scripts/mp/killstreaks/bunker_buster_mp.gsc
395DE1FF19ED4BC5,scripts/mp/maps/mp_jup_subbase/mp_jup_subbase.gsc
396A814D39E7044F,scripts/cp_mp/quickprompt.gsc
397B5E06DB76D0B4,scripts/mp/maps/mp_jup_derail/gen/mp_jup_derail_sound.gsc
398835140857D740,scripts/cp_mp/zombie_perks.gsc
398C0EE8E7C4AD9E,scripts/mp/maps/mp_jup_paris/mp_jup_paris_fx.gsc
3994D3C7DF7FDF02,scripts/mp/maps/mp_jup_highrise_xmas/mp_jup_highrise_xmas_fx.gsc
399E7658CC79090D,scripts/common/nvg_player.gsc
39A8B103D9252A73,scripts/mp/gametypes/bigctf.gsc
39C5ABE7337EC7C2,scripts/vehicle/asierra.gsc
39D214E25FBA025A,scripts/mp/maps/mp_jup_afghan_v2/mp_jup_afghan_v2_lighting.gsc
39D88B7ECD8650EA,scripts/mp/bots/bots_gametype_resur_duos.gsc
39E6F669D625819E,scripts/mp/maps/mp_mgl_catedral/gen/mp_mgl_catedral_art.gsc
39EBE40C5C0566E7,scripts/mp/utility/perk_shared.gsc
39EDB59E9AABA264,scripts/mp/maps/mp_t10_charter/gen/mp_t10_charter_art.gsc
39F3655F043C4146,scripts/mp/maps/mp_jup_shipment_iw9/mp_jup_shipment_iw9_fx.gsc
39F58EA1AAEC2704,scripts/mp/agents/agent_common.gsc
39F88F727E4064B0,scripts/mp/maps/mp_jup_terminal/mp_jup_terminal_audio.gsc
3A0751AA833475F6,character/character_iw8_al_qatala_desert_9.gsc
3A13A023DA13ED97,xmodelalias/bodies_civilian_asm_female_2.gsc
3A1ADD0FF43F2BA6,scripts/mp/maps/mp_jup_shipment_alt_2/mp_jup_shipment_alt_2_fx.gsc
3A1C08A902252939,scripts/mp/maps/mp_jup_luxury/gen/mp_jup_luxury_fx.gsc
3A207609CB4D8798,scripts/sp/maps/sp_jup_gunship/sp_jup_gunship_create_script.gsc
3A301ABDA1052BBE,scripts/br/ammorestock.gsc
3A3D59211BB1B9C3,scripts/sp/maps/sp_t10_contract/sp_t10_contract_precache.gsc
3A4480BA1C5664D0,scripts/cp_mp/purchasemenu.gsc
3A5086A9FC6F6044,scripts/mp/maps/mp_jup_sira/mp_jup_sira_lighting.gsc
3A53D275E77CC428,scripts/mp/equipment/bandages.gsc
3A670135D401734C,scripts/mp/maps/mp_jup_slaughterhouse/mp_jup_slaughterhouse_lighting.gsc
3A68A1BDABCACFF8,scripts/common/elevator.gsc
3A6CBE2C9424B899,scripts/mp/maps/mp_jup_trainingfacility/gen/mp_jup_trainingfacility_fx.gsc
3A6FF6FC7439D36B,character/character_sas_urban_ar.gsc
3A7E485CB604DC54,scripts/mp/maps/cp_raid1_boss1/cp_raid1_boss1_fx.gsc
3A83E235D70BD495,scripts/sp/player/ally_equipment.gsc
3A8C0771C1F1C434,scripts/mp/maps/mp_frontend_jup_01/mp_frontend_jup_01_fx.gsc
3A8C50B2A9346466,character/c_jup_sp_villain_makarov_suit.gsc
3A97C88651C9ADB9,xmodelalias/civilian_syrkistan_male_body_dist.gsc
3A983E2D38BCF052,xmodelalias/heads_al_qatala_desert_08.gsc
3A9930DFE832AE05,scripts/cp_mp/powerups/powerups.gsc
3A9D4462DA6A707C,scripts/mp/maps/mp_jup_quarry_alt/mp_jup_quarry_alt_lighting.gsc
3AA23057F7A1DA26,scripts/cp/equipment/cp_javelin.gsc
3AA7715FAAE90524,scripts/sp/maps/sp_t10_safehouse_reunion/gen/sp_t10_safehouse_reunion_art.gsc
3AAB39251666C526,scripts/mp/gametypes/hstg.gsc
3AAFE0ECAC1FDE8F,scripts/cp/cp_armor.gsc
3AB5031762FEA885,scripts/mp/maps/mp_mgl_catedral/mp_mgl_catedral.gsc
3AB8F348F457C8D3,character/c_jup_sp_civ_prisoner_02.gsc
3AC41881A8B42788,scripts/mp/maps/mp_jup_skidrow/gen/mp_jup_skidrow_art.gsc
3AC517C7B6440FF5,character/c_jup_sp_enemy_pmc_elsniper_01.gsc
3ACAB0F4C1589F53,character/c_jup_sp_enemy_pmc_grunt_03_winter.gsc
3ACF1C0EBAF602F2,scripts/mp/gametypes/br_quest_util.gsc
3AEB1602BEF2523B,scripts/mp/maps/mp_observatory/mp_observatory_precache.gsc
3AEB9F02DE401A76,scripts/anim/death.gsc
3AFA89D19647A55C,scripts/mp/bots/bots_gametype_escort_horde.gsc
3AFB16874ECCE428,scripts/sp/player/perk_manager.gsc
3AFD0B936DD113D3,scripts/cp_mp/killstreaks/chopper_gunner.gsc
3AFE00DA9A5BB422,scripts/mp/matchstats.gsc
3B01FDD76E20F550,scripts/mp/bots/bots_gametype_mtmc.gsc
3B0F148DD19158A3,scripts/mp/killstreaks/counter_uav_mp.gsc
3B11DFB0FB35F90E,scripts/mp/maps/mp_observe_gw/gen/mp_observe_gw_art.gsc
3B12F328DD1C03E3,scripts/cp/cp_computerscreen.gsc
3B198184BAC88D6A,scripts/common/bots/bots_personality.gsc
3B2DE7BB931C47D6,scripts/mp/maps/mp_jup_fort/gen/mp_jup_fort_art.gsc
3B3247E0A954D2C1,scripts/mp/bots/bots_gametype_br_quads_bb_mut.gsc.gsc
3B3B7FDBF649DA33,scripts/mp/bots/bots_gametype_zxp.gsc
3B4C2D013EBB19D0,scripts/mp/maps/mp_jup_vertigo/gen/mp_jup_vertigo_sound.gsc
3B5B2E86192AAF57,scripts/mp/maps/mp_jup_sealion/gen/mp_jup_sealion_fx.gsc
3B6232EF06E06F69,scripts/zm/maps/zm_t10_garnet/zm_t10_garnet_script_trap_dafg_create_script.gsc
3B64EB40368C1450,scripts/common/values.gsc
3B7877BFCEC26473,scripts/code/character.gsc
3B7AF1FD5F2FBB0B,scripts/common/createfxmenu.gsc
3B7B38B6CF83BF11,scripts/mp/maps/mp_dogtown_gw/gen/mp_dogtown_gw_fx.gsc
3B8EF7ABD8107D82,scripts/cp_mp/equipment/breacher_drone.gsc
3B90ACE942FE6100,character/character_cp_al_qatala_desert_ar_2.gsc
3B96C3C24CBD640D,scripts/common/screens.gsc
3BA06CD38B88533B,scripts/mp/maps/mp_jup_shipment_xmas/mp_jup_shipment_xmas.gsc
3BA4F32E41F63B36,scripts/mp/gametypes/arm.gsc
3BBF2D232543FCBE,scripts/sp/dialogue.gsc
3BC073A61C3E4451,scripts/mp/maps/mp_bio_lab/gen/mp_bio_lab_fx.gsc
3BCAA2CBAF54ABDD,scripts/cp/persistence.gsc
3BCFDED5E8FA3F50,character/character_al_qatala_desert_ar_2.gsc
3BD1307C7A0AD4E0,scripts/mp/maps/mp_embassy/mp_embassy_fx.gsc
3BD61160E62C418C,scripts/mp/maps/mp_jup_wasteland/mp_jup_wasteland_lighting.gsc
3BD9CB6DC562B494,scripts/mp/gametypes/br_mobile_armory.gsc
3BE95C0133319056,scripts/mp/maps/mp_mgl_verdansk/gen/mp_mgl_verdansk_art.gsc
3BEEF46B5A1DEAC2,scripts/zm/systems/zm_save.gsc
3BF06B45B7B9C266,scripts/mp/maps/mp_jup_swap_meet/mp_jup_swap_meet_fx.gsc
3BF8A46CC8DD07CF,scripts/mp/maps/cp_raid1_boss1/cp_raid1_boss1.gsc
3BFCBBD02540CE3E,scripts/mp/maps/mp_m_exhibit/mp_m_exhibit_fx.gsc
3BFD40AADA1034F6,scripts/cp/respawn/cp_ac130_respawn.gsc
3C0B21B19D34E9DB,scripts/cp_mp/stamina.gsc
3C0D4A2EF88EC0C1,scripts/mp/maps/mp_jup_bigmap/gen/mp_jup_bigmap_fx.gsc
3C0E93D367106178,xmodelalias/test_civ_picc_heads.gsc
3C247B48F5F99B73,scripts/mp/vehicles/tac_rover_mp.gsc
3C2731B3892A740B,character/character_al_qatala_urban_civ_7.gsc
3C2FE6FFBB9A3E52,xmodelalias/c_jup_zmb_zombie_base_long_shirt_head_yz.gsc
3C33592A0530C6B1,scripts/mp/maps/mp_t10_island/mp_t10_island_precache.gsc
3C36BCB5F2B1856E,scripts/aitypes/combat_sp.gsc
3C37E0D78C28F5B6,scripts/mp/maps/mp_jup_invasion/mp_jup_invasion_fx.gsc
3C46A15A541390CF,scripts/mp/gametypes/br_multi_circle.gsc
3C4E3BD8B60D70E4,scripts/mp/gametypes/obj_capture.gsc
3C56D7D289AAAF81,scripts/mp/lightarmor.gsc
3C586C9E30601B63,scripts/mp/equipment/mini_missile.gsc
3C5926A61C90F3CF,scripts/mp/maps/mp_nogales_gw2/mp_nogales_gw2.gsc
3C5D5EE3413B40F8,scripts/mp/infilexfil/elevator_infil.gsc
3C605EEE483F1C75,scripts/cp/cp_enemy_sentry_turret.gsc
3C6720B4E2DAD70E,scripts/mp/maps/mp_caves_gw/mp_caves_gw_fx.gsc
3C6797CBD7898DC9,scripts/mp/maps/cp_mission_high_ground/cp_mission_high_ground_precache.gsc
3C73067B384FE983,character/character_spetsnaz_lmg_trial.gsc
3C83938C3D567F8D,scripts/common/bigwar_lighting.gsc
3C8C0E8AD64EEBB5,xmodelalias/civilian_london_female_body_02_skintone_med.gsc
3C8C967ADD77CF1F,scripts/mp/bots/bots_gametype_conflict.gsc
3C9F0944A991EDB0,scripts/mp/oxygenmask_mp.gsc
3CB5B81A48E5FD0E,scripts/mp/equipment/helmet.gsc
3CBDD179351907FF,scripts/cp_mp/killstreaks/airdrop.gsc
3CBFA0CC4EEBCC73,scripts/mp/bots/bots_gametype_conf.gsc
3CBFCC3C5F53FA3A,scripts/mp/maps/mp_jup_sm_island_2/gen/mp_jup_sm_island_2_sound.gsc
3CC4200B32CDDBFC,scripts/mp/maps/mp_frontend/mp_frontend_lighting.gsc
3CD5F0CC095A848A,xmodelalias/body_iw9_aq_sniper_1_white.gsc
3CDE4217F9FF88C4,scripts/mp/maps/mp_m_canal/gen/mp_m_canal_art.gsc
3CE0495C8649EE91,scripts/mp/gametypes/wm_objectives.gsc
3CE6569E07B2E327,scripts/cp/cp_hacking.gsc
3CE66EDBE2B4239E,scripts/mp/maps/mp_embassy_hlwn/mp_embassy_hlwn_fx.gsc
3CEA7B6D9109B883,character/character_usmc_raiders_ar_4.gsc
3D00154BABB8D851,scripts/cp_mp/vehicles/hoopty_truck.gsc
3D0315599C2270BE,scripts/mp/maps/mp_t10_dealership/mp_t10_dealership_fx.gsc
3D036FBA5F83B10D,scripts/mp/maps/mp_oilfield_6v6/gen/mp_oilfield_6v6_fx.gsc
3D049B8395ABB6E4,scripts/mp/killstreaks/toma_strike_mp.gsc
3D1A9C6507312327,xmodelalias/c_jup_zmb_zombie_base_male_track_jacket_body_yz.gsc
3D279674C0018078,scripts/mp/maps/mp_jup_urca/mp_jup_urca_lighting.gsc
3D29B911D6B3719B,scripts/sp/equipment/tripwire.gsc
3D2A1D043EBD6BFF,scripts/mp/equipment/self_revive_box.gsc
3D32F0014AE692A8,scripts/cp_mp/killstreaks/emp_drone_targeted.gsc
3D342FD57D1AB889,scripts/asm/soldier/pain.gsc
3D398E26F3B44CE4,xmodelalias/c_jup_civilian_russian_female_body.gsc
3D3EEA27753FAC8D,scripts/cp/vehicle_push/coop_vehicle_push.gsc
3D5A100DC3354C0E,scripts/mp/maps/mp_jup_st_c_gw/mp_jup_st_c_gw_lighting.gsc
3D5DC66341D1ED92,scripts/cp/rewards_cp.gsc
3D732BB6A256ADFD,scripts/mp/maps/mp_biobunker/mp_biobunker.gsc
3D7970B71AF0779D,scripts/mp/maps/mp_jup_terminal/mp_jup_terminal_precache.gsc
3D9731879B76F306,scripts/mp/maps/mp_t10_benchmark/mp_t10_benchmark_fx.gsc
3D9F3E803B30B215,scripts/mp/maps/mp_jup_scrapyard_alt_v2/mp_jup_scrapyard_alt_v2_precache.gsc
3D9FB1EE60CBAD42,scripts/mp/killstreaks/remoteturret.gsc
3DA53AB0BF21EEF0,scripts/zm/maps/zm_t10_garnet/zm_t10_garnet_winners_circle_create_script.gsc
3DA7B46BA89E263E,scripts/mp/killstreaks/remotemissile.gsc
3DADDE2C4C9D2D5C,scripts/mp/tac_ops/radio_utility.gsc
3DB04FD1B466BDBA,scripts/killstreaks/killstreak_shared.gsc
3DCF889324D28903,scripts/mp/killstreaks/white_phosphorus_mp.gsc
3DD4FCDB54FEBFB6,scripts/autotests/selftest/test_selftest_jqprof.gsc
3DEA9FE4B123C89C,scripts/cp/equipment/cp_at_mine.gsc
3DF944F2E3117915,scripts/mp/maps/mp_jup_home_01_alt_toon/mp_jup_home_01_alt_toon.gsc
3E059A30E20B0CAE,scripts/mp/maps/mp_oilfield_6v6/mp_oilfield_6v6_fx.gsc
3E122CC226E7FE52,scripts/mp/maps/mp_jup_zooquarium/gen/mp_jup_zooquarium_art.gsc
3E1C9BB9B51BAA8F,scripts/mp/maps/mp_jup_observatory/mp_jup_observatory.gsc
3E212ACF2CC9EA85,scripts/cp/cp_outline_utility.gsc
3E2F8CC477D57433,scripts/cp_mp/loot/common_inventory.gsc
3E37FBA0195381AC,scripts/mp/maps/mp_jup_bigmap_wz2/mp_jup_bigmap_wz2_lighting.gsc
3E3954CD72D78268,scripts/mp/maps/mp_mgl_verdansk/gen/mp_mgl_verdansk_sound.gsc
3E3A2095E777653D,character/c_jup_sp_hero_gaz_london_tactical.gsc
3E40218F8932A799,scripts/cp/cp_hostage.gsc
3E42514A2682BEB5,character/character_spetsnaz_ar_nvg_cp.gsc
3E4BFA516BC533F6,scripts/mp/maps/mp_jup_afghan_v2/gen/mp_jup_afghan_v2_art.gsc
3E507F6E5BDBCD0E,scripts/sp/destructibles/barrel_common.gsc
3E50B20568262F0D,scripts/mp/maps/mp_jup_shipment_alt_5/mp_jup_shipment_alt_5.gsc
3E56C1942DD7B9EC,scripts/mp/bots/bots_gametype_resranked.gsc
3E6113ED0E695EA0,scripts/mp/infilexfil/dpv_infil.gsc
3E80883B1C2C99EA,scripts/cp_mp/utility/callback_group.gsc
3E86515ADB4FC882,scripts/mp/maps/mp_frontend_jup_01/mp_frontend_jup_01_lighting.gsc
3E8CD36957161EAA,scripts/mp/maps/mp_jup_favela_alt/gen/mp_jup_favela_alt_art.gsc
3E94A066EDE97CC2,scripts/common/throttle.gsc
3EA59CFBE62B7E36,scripts/sp/maps/sp_jup_gunship/sp_jup_gunship_fx.gsc
3EAF4D549E31E84C,scripts/mp/maps/cp_hydro/cp_hydro_fx.gsc
3ECDB4A40E3CC60E,scripts/asm/soldier/sp/script_funcs.gsc
3ED0A015D07A623F,scripts/mp/maps/mp_jup_delta/mp_jup_delta_precache.gsc
3EE6D0FC49CC392B,scripts/sp/maps/sp_jup_vip/sp_jup_vip.gsc
3EEF3D6742F928DE,scripts/mp/gametypes/gwai.gsc
3EF6C4FBBA18BFA4,scripts/mp/equipment/butterfly_mine.gsc
3F0D2B9B5042ED6F,scripts/mp/gametypes/mtmc.gsc
3F2943B6003C1BD9,scripts/mp/maps/mp_mgl_luxury/gen/mp_mgl_luxury_fx.gsc
3F387D484A0707C4,scripts/cp/cp_smg_prototype.gsc
3F390A9DCCFCBA22,scripts/mp/maps/mp_jup_quarry_alt/gen/mp_jup_quarry_alt_art.gsc
3F41ACC1E603713B,scripts/autotests/gscunittest/test_gscunittest_private.gsc
3F41D3E8456E7CF0,scripts/sound/raven_audio_api.gsc
3F51A039C4A1A113,scripts/common/system.gsc
3F56FA9E6D6D8324,scripts/mp/equipment/sweeper_drones.gsc
3F5C1D94B8A64D58,scripts/mp/maps/mp_sealion/mp_sealion_lighting.gsc
3F61D095F24DF4D7,xmodelalias/c_jup_civilian_london_female_body_02_skintone_med.gsc
3F6F1D6FBE2ADF4D,scripts/zm/maps/zm_t10_garnet/zm_t10_garnet_script_pap_quest_create_script.gsc
3F77DA36CB5E46DF,scripts/mp/bots/bots_gametype_zc_quads_escape.gsc
3F8294C0AD37D6FA,scripts/mp/maps/mp_frontend_jup_01/gen/mp_frontend_jup_01_art.gsc
3F8576DE4F999055,scripts/mp/maps/mp_jup_resort_gw_wz/mp_jup_resort_gw_wz.gsc
3F8CE9D48B1EE71A,scripts/sp/maps/sp_t10_heist/sp_t10_heist_lighting.gsc
3FA1BF21E3FC7B80,scripts/mp/hud_popup.gsc
3FA219AD83E2CEBB,scripts/mp/globallogic.gsc
3FAA502F011F4C6F,scripts/aitypes/zombie_mangler/zombie_mangler.gsc
3FAD8171AC52C26D,scripts/cp/cp_globalthreat.gsc
3FADD1B728BDE9B8,scripts/autotests/selftest/test_selftest_get_player.gsc
3FAE036CBDCF1B37,xmodelalias/civilian_london_female_heads_skintone_med_nohair.gsc
3FB3888869A3BBAC,scripts/unittest/patch_new.gsc
3FB59F322371AD62,scripts/mp/bots/bots_gametype_cdl_control.gsc
3FBD77499DA4B554,scripts/common/helper_bar_prompts.gsc
3FCB0B609850C8AA,xmodelalias/civilian_russian_female_body.gsc
3FD3C5A2E270592E,scripts/cp/armory_kiosk.gsc
3FD9A2C55E3CDDF2,scripts/mp/maps/mp_jup_quarry/gen/mp_jup_quarry_art.gsc
3FDC0D8E4813F83E,scripts/cp/killstreaks/sentry_gun_cp.gsc
3FDCE62B848CF4CE,scripts/mp/maps/mp_jup_shoothouse2/mp_jup_shoothouse2_fx.gsc
3FDDD99BB5379130,scripts/mp/gametypes/br_publicevent_loadoutdrop.gsc
3FE1547DEEF689E3,scripts/mp/maps/mp_jup_hydro/mp_jup_hydro.gsc
3FECCEEDD2675490,scripts/aitypes/patrol.gsc
3FEEC618E51A6291,scripts/cp/starts.gsc
3FF084F114B7F6C9,scripts/mp/team_assimilation.gsc
3FF4E0C34F59E499,scripts/mp/maps/mp_jup_derail/gen/mp_jup_derail_fx.gsc
400072D4E4AEA86D,scripts/mp/bots/bots_gametype_resur_solos_escape.gsc
4000F1C13DF8C3FE,character/character_spetsnaz_gasmask_nohelmet_ar.gsc
4019A6A634DDA09D,scripts/mp/gametypes/pill.gsc
401F827F9CA276D7,scripts/asm/track.gsc
403080F77C738368,scripts/common/vehicle_roads.gsc
403A175F4355A4D6,scripts/mp/challenges_mp.gsc
4044407AEE9CF2C7,scripts/sp/maps/sp_t10_interrogation/sp_t10_interrogation_shared.gsc
40490BB2F44F9189,scripts/sp/maps/sp_t10_interrogation_2/sp_t10_interrogation_2_anim.gsc
4055DE5045BF885A,scripts/mp/gametypes/obj_grindzone.gsc
4056C5AC0693647A,scripts/mp/maps/mp_t10_sm_nomad/mp_t10_sm_nomad_fx.gsc
4059FC32218BF39A,scripts/sp/maps/sp_t10_safehouse_desperation/sp_t10_safehouse_desperation_fx.gsc
405C84A849DDC4FB,scripts/cp/agents/agents.gsc
4067F8159973E2C4,scripts/mp/maps/mp_jup_vertigo/mp_jup_vertigo_fx.gsc
406B1E63095AC90E,scripts/cp/utility/script.gsc
406B719D32EE9C3D,scripts/mp/gametypes/robj.gsc
406F45D89C9E14B2,scripts/mp/maps/mp_jup_shipment_iw9/gen/mp_jup_shipment_iw9_art.gsc
4071F60CFF3C93B6,scripts/mp/maps/mp_swap_meet/mp_swap_meet_fx.gsc
4073C1DE36946D4E,scripts/cp/cp_ladder.gsc
407C3ADF846B725B,scripts/mp/equipment/door_barricade.gsc
40849B7C53DDA65A,scripts/mp/maps/mp_m_penthouse/gen/mp_m_penthouse_sound.gsc
408B850249B6F6B7,scripts/mp/bots/bots_gametype_infect_holiday.gsc
40960394FF6FB4DB,scripts/mp/maps/mp_showdown2/gen/mp_showdown2_fx.gsc
4096EEAA28D75604,scripts/mp/equipment/scramblerdrone.gsc
409CCDA81170F930,character/character_al_qatala_urban_civ_2.gsc
40B3883467EEF7A5,scripts/sp/debug.gsc
40B5006483288FD3,scripts/mp/gametypes/ob_pvpve.gsc
40B914EACAA3AA0C,scripts/mp/equipment/emp_grenade.gsc
40BB647A723C2CBB,scripts/mp/vehicles/cop_car_mp.gsc
40BBD6F89AF5B845,scripts/mp/maps/mp_strike/gen/mp_strike_fx.gsc
40CC4FCF4CD926A9,scripts/mp/maps/mp_observe_gw/mp_observe_gw.gsc
40D3E90AE6BC0666,scripts/mp/maps/mp_jup_wasteland/mp_jup_wasteland_fx.gsc
40E26106E37768BA,scripts/aitypes/juggernaut/behaviors.gsc
40E83AFAECE21372,xmodelalias/civilian_london_female_heads.gsc
40EE132F230D0631,scripts/mp/maps/mp_jup_growhouse/mp_jup_growhouse_precache.gsc
40F23A56192060C5,character/character_hero_kyle_desert.gsc
40F4C8F2B94C5CD9,scripts/mp/gametypes/br_ending_util.gsc
4105B921C7A84DF8,scripts/cp/cp_music_and_dialog.gsc
4107AFD4C2FCD490,scripts/mp/maps/mp_jup_resort_gw/mp_jup_resort_gw_fx.gsc
410A018603453467,scripts/mp/maps/mp_mgl_escape4/mp_mgl_escape4_precache.gsc
4119B33581AF0142,scripts/mp/maps/mp_bio_lab/mp_bio_lab_lighting.gsc
4120E8A8CEE42167,scripts/zm/systems/zone_manager.gsc
41242B2ADF9A98FD,scripts/common/animbank.gsc
412466C4C791E73A,scripts/mp/maps/mp_jup_favela/mp_jup_favela_fx.gsc
4127A9438478E712,xmodelalias/c_t10_usa_civ_m_formal_capitol_body_asian.gsc
412F6C016572E634,scripts/aitypes/throwgrenade.gsc
4132DE16CFEEFF29,scripts/mp/maps/mp_biobunker/mp_biobunker_precache.gsc
413D0426F154BD91,scripts/common/data_tracker.gsc
414379B6DCC90AAB,scripts/mp/equipment/concussion.gsc
4145A7B3D8867DC9,scripts/mp/bots/bots_strategy.gsc
4145FB22079DDB30,scripts/sp/maps/sp_t10_safehouse_reunion/sp_t10_safehouse_reunion_lighting.gsc
41487CD704154DB4,scripts/cp/killstreaks/airstrike_cp.gsc
414B805680AEA797,scripts/cp/vehicles/hoopty_truck_cp.gsc
4159CAEE51B2FA49,scripts/cp/cp_weapon_autosentry.gsc
417BCD5DF5F5A9B4,scripts/mp/maps/mp_jup_m_blacksite2/mp_jup_m_blacksite2_lighting.gsc
4180F6514CE416F3,scripts/sp/maps/sp_t10_safehouse_recovery/sp_t10_safehouse_recovery_anim.gsc
4182479BA5B6A32F,character/c_jup_sp_enemy_kastovsoldier_02.gsc
418552E46A3464DB,scripts/cp/cp_wave_spawning.gsc
4189709E138E122A,character/character_civilian_me_female.gsc
418A0D8616A6A719,scripts/mp/maps/mp_jup_rust_alt/mp_jup_rust_alt_precache.gsc
418B7A968E4F7C79,scripts/mp/killstreaks/chopper_gunner_mp.gsc
4192352A88553D67,scripts/common/telemetry.gsc
4194584749801B49,character/character_villain_enforcer_st_petersburg.gsc
419A48FF9D9E0506,scripts/mp/maps/cp_mission_high_ground/cp_mission_high_ground_fx.gsc
419E457945C8652F,aiasm/corner_cover_lean_shoot_mp.gsc
41A511B8916C1089,character/character_al_qatala_urban_civ_1.gsc
41AD1F1424DD3CC9,scripts/asm/soldier/vehicle.gsc
41ADF117A7388DB2,scripts/mp/maps/mp_intercept/gen/mp_intercept_art.gsc
41AE4F5CA24216CB,scripts/cp/points.gsc
41B0172FF5413553,xmodelalias/heads_iw9_enemy_aq_ar_4.gsc
41CC1F09AF04BA71,scripts/common/bots/bots.gsc
41CD176219AD0F88,character/character_usmc_raiders_ar_1.gsc
41D0E2C753A7ACB2,character/civ_embassy_office_worker_male_1_3.gsc
41D9F3E9C0FED124,scripts/mp/killstreaks/juggernaut_mp.gsc
41DD26B3A399A786,scripts/cp/coop_createfx.gsc
41DEAD3A5715AFF6,scripts/mp/maps/mp_jup_derail/mp_jup_derail_fx.gsc
41E2EB2CDE0EA80D,xmodelalias/c_t10_gbl_opforce_avalon_syndicate_1_bodies.gsc
41E876677DD7CF99,xmodelalias/c_t10_usa_civ_f_formal_heist_body_black.gsc
41EC16B31DC22AE0,scripts/mp/featurebans.gsc
41ECAD2E89345FD0,xmodelalias/c_jup_zmb_zombie_base_male_merc_sleeves_head.gsc
41EF2A79497BA10C,character/c_jup_sp_hero_fitri.gsc
41F8DCD8474CD588,scripts/cp/cp_loadout.gsc
41FACC2249E11C6C,scripts/mp/gametypes/cmd.gsc
41FDA2EDA2E231D2,character/character_iw8_russian_weapon_smugglers_5.gsc
4207755BFDB48B74,scripts/sp/audio.gsc
4219B6C7F817F165,character/character_spetsnaz_ar.gsc
422BA34057947A06,scripts/mp/maps/mp_jup_waterfront/mp_jup_waterfront_fx.gsc
422E107795CD5D67,xmodelalias/c_t10_gbl_opforce_pantheon_heads.gsc
424D5B487BADC7EA,scripts/mp/maps/mp_t10_firebase/gen/mp_t10_firebase_art.gsc
425A6431FF8ECB9A,scripts/mp/maps/mp_jup_das_haus_alien/mp_jup_das_haus_alien_fx.gsc
425B10A4B0D8F559,scripts/sp/maps/sp_jup_surge/sp_jup_surge.gsc
425DC47ACFF01564,scripts/smartobjects/stealth_lean_table_r_36.gsc
426907B8572AAB6B,scripts/mp/maps/mp_jup_skydiving/mp_jup_skydiving_zone_3_create_script.gsc
426913BC4E3F4DC6,character/character_hero_kyle_woodland_nvg.gsc
426BACD5C38E6383,character/c_jup_sp_enemy_police_omon_04.gsc
426EF33A261B7799,character/civ_syrkistan_female_scarf_green.gsc
427CE33EC0C820CF,scripts/common/powerups.gsc
428ADA98EB353632,scripts/cp/utility/disconnect_event_aggregator.gsc
42941E02F1E748C8,character/c_jup_sp_hero_price_urban.gsc
4294D267286BE9F2,scripts/mp/maps/mp_m_king/mp_m_king_fx.gsc
4297BAC990E5BA1B,scripts/mp/maps/cp_jugg_maze/gen/cp_jugg_maze_fx.gsc
429C2A03090C1EA1,scripts/common/metabone.gsc
429D71ED12CA798F,scripts/mp/bots/bots_gametype_infect_phishing.gsc
42ADD57A1535B9C3,scripts/vehicle/bromeo.gsc
42AE0907DBD025E2,scripts/sp/maps/sp_t10_interrogation/sp_t10_interrogation_intro.gsc
42B33B2013571CA0,scripts/sound/snd_temp.gsc
42B73095B90A5E40,scripts/cp_mp/calloutmarkerping.gsc
42BAB28F5AE5F14E,scripts/mp/infilexfil/lbravo_infil.gsc
42BFC582568C28AC,scripts/mp/maps/mp_jup_slaughterhouse_oct/gen/mp_jup_slaughterhouse_oct_sound.gsc
42D4ABDF4FD9D4B1,scripts/cp_mp/weapons/weap_jetgun.gsc
42DB00FECB0FA74D,scripts/mp/gametypes/dmz_bounty.gsc
42ED7DFB5FA7E710,xmodelalias/heads_civ_al_qatala_urban_female.gsc
42F4027537FAB342,scripts/mp/maps/mp_farm_18/gen/mp_farm_18_art.gsc
42FBC16A2A3CDB0D,scripts/sp/stealth/tagging.gsc
42FC6259D39D4FE4,scripts/cp/cp_pickup_hostage.gsc
4303FCAD8BC43532,scripts/common/scene_sequence.gsc
430A633BAE3FC6A9,scripts/sp/stairtrain.gsc
431A591A41AF76DB,xmodelalias/civilian_syrkistan_female_head.gsc
431A70E06EEB5A42,scripts/mp/maps/mp_jup_skydiving/gen/mp_jup_skydiving_art.gsc
43217414BF8D7DBD,aiasm/playerasm_mp.gsc
432B72D7FC797EF4,scripts/quaked/script_struct_mp_iw9_mrap.gsc
4330722C46F65381,scripts/mp/maps/mp_jup_bigmap/mp_jup_bigmap_precache.gsc
433F87260AA06F8E,scripts/mp/bots/bots_gametype_brtdm.gsc
43414B5B724733AC,character/c_jup_sp_civ_prisoner_03.gsc
43562382873314D3,scripts/sp/maps/sp_jup_hijack/sp_jup_hijack.gsc
435C3F85A3D06576,scripts/cp/player_flashlight.gsc
436617F5ADA283AE,scripts/cp/cp_munitions.gsc
4367E24C36CEB062,scripts/mp/maps/mp_sealion/gen/mp_sealion_sound.gsc
436B9CC7D3216AA0,scripts/mp/maps/mp_jup_quarry/mp_jup_quarry_lighting.gsc
436DE4A73BB326AC,scripts/mp/maps/cp_raid1_boss1/gen/cp_raid1_boss1_sound.gsc
43739081EC4057A3,scripts/mp/gametypes/slam.gsc
43828ADD0312B6BF,scripts/mp/gametypes/br_challenges.gsc
4384ABBF498DF6A7,scripts/mp/gametypes/br_armory_kiosk.gsc
438A544CE8EACFA9,scripts/mp/maps/mp_jup_swap_meet/mp_jup_swap_meet_precache.gsc
438EEB058B821551,character/character_iw8_russian_army_ar_1_balaclava.gsc
43971BBEEFD98F05,scripts/cp_mp/loot/common_cache.gsc
439BF3B4DEC079CB,scripts/sp/equipment/thermite.gsc
439FA02B5251FA5B,scripts/common/damage_tuning.gsc
43ABDF6C1CDF6747,scripts/sp/maps/sp_t10_contract/sp_t10_contract_canals_cs.gsc
43C9482A4B303776,scripts/mp/gametypes/hvt.gsc
43CD7D39C04B0B1B,scripts/engine/sp/objectives.gsc
43D6B40640836801,scripts/mp/maps/mp_jup_luxury/mp_jup_luxury_precache.gsc
43DA6863C9E2716A,character/c_jup_sp_enemy_police_kastovia_02.gsc
43E378465A0A6D8A,scripts/mp/maps/mp_jup_subbase/gen/mp_jup_subbase_sound.gsc
43EAF0B84003C284,xmodelalias/c_jup_zmb_zombie_base_male_shredded_head.gsc
43ED38FB6994F7B6,scripts/mp/maps/mp_scrapyard_mobile/mp_scrapyard_mobile_fx.gsc
43EE407DD64B8586,scripts/mp/maps/mp_jup_delayed/mp_jup_delayed_audio.gsc
43F25C843CF0AE72,scripts/mp/gametypes/arcade.gsc
43FF134A80D482EE,scripts/mp/maps/mp_jup_m_blacksite2/mp_jup_m_blacksite2_fx.gsc
440734B387AB4AE9,scripts/mp/maps/mp_catedral/mp_catedral_precache.gsc
440BE536FB832ADF,scripts/mp/equipment/armorbox.gsc
441002230471ADC3,scripts/mp/equipment/laser_charge.gsc
441DE202DD3BB1D5,scripts/mp/maps/mp_jup_m_blacksite2/mp_jup_m_blacksite2.gsc
4422970D034154E6,scripts/sp/maps/sp_t10_safehouse_defend/sp_t10_safehouse_defend_audio.gsc
442BDA55B5FDB393,scripts/mp/gametypes/blitz.gsc
442DDAF204ED1A1C,scripts/mp/maps/mp_jup_invasion/mp_jup_invasion_lighting.gsc
443F13D5D348E548,scripts/mp/utility/print.gsc
44658F2548F67A72,character/c_jup_sp_civ_prisoner_01_a.gsc
44689431DD2EF837,scripts/mp/bots/bots_gametype_resurgmass.gsc
446E0E1D717DED39,scripts/common/trace.gsc
446F9DA3A686E968,scripts/sp/player/gestures.gsc
4480C6CE37B2BDF3,scripts/mp/gametypes/br_gametype_dmz.gsc
4482EF346D9A8971,scripts/asm/soldier/grenade_response.gsc
4484932699BA0155,scripts/unittest/patch.gsc
44856DCAE17713BB,scripts/mp/maps/mp_jup_escape5/mp_jup_escape5_precache.gsc
4487F3BC53C551D2,scripts/mp/maps/mp_oilfield_gw/gen/mp_oilfield_gw_sound.gsc
448A35D9696EB169,scripts/quaked/script_vehicle_iw9_mil_lnd_tank_cougar_physics.gsc
448A822C8F21649E,scripts/mp/maps/mp_dogtown_gw/mp_dogtown_gw_fx.gsc
448DD552F3B44DE4,scripts/cp/cp_ammo_crate.gsc
4491E771D14BF237,xmodelalias/c_t10_usa_civ_m_formal_heist_body_asian.gsc
44A1A202E6133294,scripts/cp/powers/cp_tactical_cover.gsc
44A4AD8C0D35F203,scripts/common/whizby.gsc
44A8AA26C7CF9B51,scripts/game/sp/hints.gsc
44AFD01DE4654AE6,scripts/quaked/script_vehicle_jup_jltv_physics_gunship.gsc
44B6E99B9BBA0204,scripts/mp/maps/mp_jup_highrise/mp_jup_highrise_lighting.gsc
44C8B8C701646370,scripts/mp/gametypes/br_bunker_numberstation.gsc
44C9AA44134DB592,scripts/mp/killstreaks/helicopter_pilot.gsc
44CF0EFB562C98B8,scripts/sp/maps/sp_t10_safehouse_assemble/sp_t10_safehouse_assemble_fx.gsc
44D14862EC2D2300,scripts/mp/bots/bots_gametype_infect.gsc
44D4BF99922DE799,scripts/sp/player/input_icon_display.gsc
44D7AAF969495763,scripts/mp/equipment/frag.gsc
44EE82F7B54CE7C8,scripts/sp/mortars.gsc
44F484C7D5551696,scripts/mp/maps/mp_jup_shipment_alt_3/mp_jup_shipment_alt_3_fx.gsc
44F74127A05CFEB5,scripts/mp/maps/mp_caves_gw/mp_caves_gw.gsc
44FE28D3AF622D06,scripts/mp/bots/bots_gametype_bounty.gsc
45021122541EFA90,scripts/mp/maps/mp_jup_gw_fallout/mp_jup_gw_fallout_lighting.gsc
4510C91C8E5B6F12,scripts/cp/vehicles/vehicle_spawn_cp.gsc
4510E42CBD62C160,scripts/autotests/selftest/test_selftest_result_priority.gsc
451474F9BB212755,scripts/mp/maps/mp_luxury/gen/mp_luxury_fx.gsc
45161D316AB714FB,scripts/mp/vehicles/vehicle_mines_mp.gsc
451A1A9BD9613164,scripts/mp/utility/connect_event_aggregator.gsc
451AEEDC4CA9161C,character/character_hero_kyle_woodland.gsc
4525678513A55130,character/character_spetsnaz_dmr_trial.gsc
4527CDE5BD93F84D,scripts/mp/gametypes/skydive_protection.gsc
453D6608C94C2B9E,character/character_hero_farah_disguised.gsc
453DF43B64B4A9F3,xmodelalias/russian_army_ar_5_hats_gasmask.gsc
453F62219FAFE488,scripts/mp/killstreaks/supply_sweep_mp.gsc
4540A3F6BEB7E5D0,scripts/sp/player_death.gsc
45459AD0B3175243,scripts/mp/equipment/armor_plate.gsc
454920B45828BE57,scripts/sound/raven_audio_mp.gsc
4552ED34D8C7E713,xmodelalias/heads_jup_sp_enemy_kastovsoldier_female.gsc
4554948F205EAD2E,scripts/mp/killstreaks/_utility_aerial.gsc
4557DF713B89D831,xmodelalias/c_jup_civilian_russian_female_body_flashback_soccerfan.gsc
456556E2BFEC9461,scripts/sp/starts.gsc
456C69A565B02D44,scripts/mp/maps/mp_m_penthouse/mp_m_penthouse_lighting.gsc
456FF953B1F0211C,scripts/mp/killstreaks/specialist_perk_1_mp.gsc
45881687F50D52DD,xmodelalias/heads_civilian_uk_male_surge_2.gsc
4590A825A33E1804,scripts/mp/spawnfactor.gsc
4593E0420FDCF549,scripts/mp/maps/mp_jup_das_haus_alien/mp_jup_das_haus_alien.gsc
45A5F0296872A2A5,scripts/cp_mp/powerups/free_perk.gsc
45B2B4A889E633FA,scripts/mp/gametypes/br_c130.gsc
45BBDA24EBBE5983,scripts/weapons/weap_manglercannon.gsc
45C10CA5CB8409BF,scripts/mp/equipment/sound_veil.gsc
45D4146C336AEEF0,scripts/mp/maps/mp_jup_greece/gen/mp_jup_greece_sound.gsc
45E3D28583704D25,scripts/mp/equipment/trophy.gsc
45E4EF0A10037DA7,scripts/mp/killstreaks/directional_uav_mp.gsc
46021BB7D002AFA3,scripts/sp/qte_prompt.gsc
460388DEBE8A31D1,scripts/mp/equipment/throwing_knife.gsc
460ABCD20FAF2075,scripts/mp/maps/mp_jup_shoothouse2/mp_jup_shoothouse2.gsc
460E6E37C1779261,scripts/mp/maps/mp_scrapyard_mobile/gen/mp_scrapyard_mobile_fx.gsc
46136EB0D81CFC73,scripts/mp/maps/mp_jup_subbase/gen/mp_jup_subbase_fx.gsc
46175232A0CBCBDA,scripts/mp/killstreaks/_fritzx.gsc
4620A6AED1A110F3,xmodelalias/t10_usa_dc_security_m_heads_white.gsc
462BDA75FFA6B33D,scripts/mp/infilexfil/infilexfil.gsc
4644441FD5332A37,scripts/mp/maps/mp_jup_afghan_v2/mp_jup_afghan_v2.gsc
4644B59366E572F1,scripts/mp/maps/mp_narcos/mp_narcos_precache.gsc
4656969CDA1E5CEF,behaviortree/civilian_agent.gsc
465B9DE35EFC49F2,scripts/mp/killstreaks/gunship_mp.gsc
466E1F43A0586C85,character/civ_syrkistan_female_scarf_long_blue.gsc
46707B4CCAE70331,scripts/cp/cp_matchdata.gsc
467D2A8B854911B6,scripts/sp/maps/sp_jup_flashback/sp_jup_flashback_lighting.gsc
467EE081DCB6DF66,scripts/mp/maps/cp_raid1/cp_raid1_fx.gsc
467F0FDFDD155A45,scripts/cp/endgame.gsc
468EF6B039084913,scripts/mp/bots/bots_gametype_training_course.gsc
469E0E48A1796CA6,scripts/anim/animselector.gsc
46A1AEBA0A1D7ECF,scripts/sp/maps/sp_jup_tundra/sp_jup_tundra.gsc
46A2B6C0E9E2F446,scripts/sp/backpack.gsc
46A3416E02140B54,scripts/mp/maps/mp_caves_gw/mp_caves_gw_lighting.gsc
46AF76764B1FC7F0,scripts/mp/gametypes/br_vehicles.gsc
46BB2A6790B9851B,scripts/cp/cp_armor_crate.gsc
46CF841695574F2A,scripts/mp/areas.gsc
46D0010765DD3405,scripts/mp/maps/mp_jup_grandprix_pm_2/mp_jup_grandprix_pm_2_precache.gsc
46DA2115D89395CA,scripts/mp/killstreaks/circle_peek.gsc
46E026730332CC63,scripts/unittest/patch_far.gsc
46E2E6E6321E4530,scripts/sp/destructibles/red_barrel.gsc
46E4132F066F0972,scripts/sp/maps/sp_t10_heist/gen/sp_t10_heist_art.gsc
46E6B20A109E10D7,scripts/sp/maps/sp_t10_safehouse_assemble/sp_t10_safehouse_assemble_anim.gsc
46F1B15F3A7F2F08,scripts/mp/maps/mp_jup_drivethru/mp_jup_drivethru_lighting.gsc
46F20AF39225ADD9,xmodelalias/bodies_civ_western_cold_boy.gsc
46FAC2E4A783A004,scripts/mp/maps/mp_grandprix_pm_2/mp_grandprix_pm_2_lighting.gsc
46FDF7B12C5F5620,scripts/mp/gametypes/br_ai_gulag.gsc
47012D3C87D364ED,scripts/mp/maps/mp_jup_launchfacility/mp_jup_launchfacility_precache.gsc
473FA81B668F0062,scripts/mp/maps/mp_scrapyard_mobile/gen/mp_scrapyard_mobile_art.gsc
473FB7B284CF9EDD,scripts/asm/soldier/melee.gsc
47445D5EA8B19ABD,scripts/mp/equipment/radardrone.gsc
4748BF91627A1C3A,scripts/sp/vehicle.gsc
474E48CA4C31BA88,character/c_jup_sp_enemy_police_omon_01.gsc
4751CFF0590AB26C,scripts/mp/maps/mp_embassy/gen/mp_embassy_sound.gsc
47611598F3AD2E29,scripts/mp/gametypes/br_attraction_kingofthehill.gsc
476B6443E3798F5E,scripts/cp/objective_trigger.gsc
47777F0FBD33FF73,character/character_hero_farah_disguised_soldier.gsc
4780B21BA6099A8E,scripts/mp/maps/mp_museum/mp_museum_fx.gsc
478A5FF3300717F3,aiasm/playerasm_sp.gsc
478B1E4C539BEDFF,scripts/sp/maps/sp_t10_safehouse_domestic/sp_t10_safehouse_domestic_anim.gsc
4792B9C474781B03,xmodelalias/bodies_al_qatala_urban_a6_variant.gsc
479E458F6F530F0D,scripts/cp_mp/equipment/geiger_counter.gsc
479F8BC8BE3D3EEB,xmodelalias/test_alias_civilian_female_surge_body.gsc
47ABC0216FD96560,scripts/mp/bots/bots_gametype_oic.gsc
47B0FD77895A43E2,scripts/mp/maps/mp_farm_18/mp_farm_18_lighting.gsc
47B97896230D4DFF,scripts/mp/bots/bots_gametype_br_ranked.gsc
47CA37E1BEDA8554,scripts/mp/equipment/throwing_star_mp.gsc
47D04779AE171058,character/alq_syrkistan_female_scarf_purple.gsc
47D5114C8FD4AFE7,scripts/mp/maps/mp_catedral_hlwn/mp_catedral_hlwn_precache.gsc
47DDC686CD783C08,scripts/mp/vehicles/vehicle_damage_mp.gsc
47E0A020EF1BD449,scripts/mp/broshot.gsc
47E0A378DA1A8E12,character/character_spetsnaz_cqc_trial.gsc
47EA3DD5D113EC6A,scripts/quaked/script_struct_mp_jup_jltv.gsc
47EA885219931F83,scripts/sp/maps/sp_jup_silo/sp_jup_silo_precache.gsc
47FB9EDA20E0AF12,xmodelalias/russian_army_ar_4_hats_gasmask.gsc
47FC06D4BB326007,scripts/cp_mp/agents/agent_juggernaut.gsc
4803CD619738232C,scripts/mp/gametypes/br_ending_chopper_to_hq.gsc
480730A87CEF04B6,scripts/sp/maps/sp_t10_sandbox_palace/sp_t10_sandbox_palace_util.gsc
4809767C1C6F3A50,scripts/mp/maps/mp_jup_favela/mp_jup_favela_lighting.gsc
481D6433B953BE14,scripts/vehicle/blima_ground.gsc
481F94D0E58AC02C,scripts/mp/maps/mp_intercept/gen/mp_intercept_sound.gsc
482B987C72880E50,xmodelalias/heads_civilian_uk_female_surge_2.gsc
483CDEC62A993616,scripts/cp/cp_quest.gsc
48462C9702C7F928,scripts/cp/vehicles/pickup_truck_cp.gsc
48533AAC0D0ADAA4,scripts/mp/maps/mp_nogales_gw2/gen/mp_nogales_gw2_sound.gsc
4867E04630D8652D,scripts/mp/bots/bots_gametype_koth_jugg.gsc
4877DC27E1F77443,scripts/game/sp/equipment_wheel.gsc
4878A6CB5D078CD2,scripts/sp/maps/sp_t10_sandbox/gen/sp_t10_sandbox_art.gsc
48814951E916AF89,scripts/mp/ai_mp_controller.gsc
48819C2641A89C52,scripts/zm/maps/zm_t10_garnet/zm_t10_garnet_sq_bowling_create_script.gsc
48914D628ABF168A,scripts/mp/maps/mp_jup_st_c_gw_wz/gen/mp_jup_st_c_gw_wz_art.gsc
489C42CE320EB648,scripts/mp/maps/mp_jup_sealion/mp_jup_sealion_lighting.gsc
48A0C0FD574B1687,scripts/mp/maps/mp_jup_resort_gw/mp_jup_resort_gw_ob.gsc
48A12E277630CD65,scripts/cp/stealth/manager.gsc
48A22E190B3C937B,scripts/cp/cp_squadmanager.gsc
48A84EC67D04BDF6,xmodelalias/c_t10_gbl_opforce_avalon_syndicate_1_heads.gsc
48BE9A3E6E3CB250,scripts/asm/soldier/patrol_idle.gsc
48C42FBBA757D4C0,scripts/cp/killstreaks/toma_strike_cp.gsc
48C6034E86AD7002,scripts/mp/maps/mp_jup_escape5/gen/mp_jup_escape5_art.gsc
48C659414B71FA46,scripts/mp/maps/mp_jup_farm_18/mp_jup_farm_18_lighting.gsc
48CA7F64463FF6DC,scripts/common/ai_formation.gsc
48CFCAC846FDE7EC,scripts/asm/soldier/arrival.gsc
48D037012D1B7927,scripts/sp/maps/sp_t10_interrogation/sp_t10_interrogation_hub_1.gsc
48DCA902ACA6E531,scripts/mp/trials/mp_trl_gunslinger.gsc
48DDEFCD22094091,scripts/mp/maps/mp_jup_resort_gw_wz/mp_jup_resort_gw_wz_precache.gsc
48E70D90836F507C,scripts/common/math.gsc
48E99BBFB1C38498,scripts/asm/shared/utility.gsc
48EBC0318705572F,scripts/mp/maps/mp_mgl_escape4/mp_mgl_escape4.gsc
48F8F1CD447B0FC2,scripts/mp/killstreaks/_utility_airplane.gsc
4903428B5770A95A,scripts/sp/maps/sp_t10_safehouse_arrival/sp_t10_safehouse_arrival_audio.gsc
49056DB85299C74C,scripts/mp/maps/mp_bio_lab/gen/mp_bio_lab_sound.gsc
490E6EDDFA9B9702,scripts/mp/equipment/equipment_resupply_box.gsc
4910E4DEBE987340,scripts/mp/maps/mp_jup_shipment_xmas/gen/mp_jup_shipment_xmas_sound.gsc
4917C148A6A3C230,scripts/sp/maps/sp_t10_safehouse_desperation/sp_t10_safehouse_desperation_lighting.gsc
49228DF50884D890,scripts/mp/maps/mp_t10_sm_nomad/mp_t10_sm_nomad_lighting.gsc
4923820BEC7FA4E9,scripts/mp/maps/mp_jup_shipment_alt_2/mp_jup_shipment_alt_2_precache.gsc
492F90D830EA234A,character/character_iw8_al_qatala_urban_female_05.gsc
493C15D9C046FE11,scripts/cp_mp/killstreaks/cruise_predator.gsc
49410A43C4B33594,scripts/asm/dog/move.gsc
494B527121EA82C5,scripts/cp/so_laststand.gsc
4960FD2F0E080DFD,character/character_iw8_russian_army_ar_5_gasmask.gsc
496F9930F558EE2A,scripts/aitypes/zombie_base/zombie_base_audio.gsc
496FCBAD2999BAB0,scripts/mp/maps/mp_toujane2/mp_toujane2_lighting.gsc
497045F94EA799B2,scripts/vehicle/mkilo23.gsc
497512E9383077FC,scripts/mp/maps/mp_swap_meet/gen/mp_swap_meet_art.gsc
4977F963A826A5B5,scripts/common/targetmarkergroups.gsc
497B005C46D0BFAC,scripts/mp/maps/mp_wz2_sierra/mp_wz2_sierra_br.gsc
49823501EBBCC126,scripts/mp/bots/bots_gametype_poiresurgence_duos.gsc
49863B206F5403F9,scripts/cp_mp/parachute.gsc
498A94B2B971C46B,scripts/asm/soldier/death.gsc
498B9015FC4A2548,scripts/mp/menus.gsc
498FE601D912CDB1,scripts/mp/maps/mp_jup_gw_fallout_wz/gen/mp_jup_gw_fallout_wz_fx.gsc
499369DA3F41F053,scripts/cp/cp_flares.gsc
49B97D6276996FFD,scripts/mp/bots/bots_gametype_resur_solos_sealion.gsc
49D8FEC6587791CE,scripts/mp/maps/mp_strike/gen/mp_strike_art.gsc
49D98B881CB7B98A,scripts/mp/supers/haunted_box.gsc
49F50F6F21B0541E,aiasm/playerasm_void_sp.gsc
49F522925767314F,scripts/mp/utility/trigger.gsc
49F5485BC147C97D,character/character_usmc_ar.gsc
49F80AB1ADF6BDF9,scripts/mp/maps/mp_jup_shipment_alt_3/mp_jup_shipment_alt_3_precache.gsc
49F97D6E0D4F141C,scripts/cp/cp_gamescore.gsc
4A04371290785CB2,scripts/mp/maps/mp_jup_home_01_alt_toon/gen/mp_jup_home_01_alt_toon_art.gsc
4A1F5B8DBD8EE120,scripts/cp/equipment/cp_snapshot_grenade.gsc
4A22DB790C0BB41B,scripts/mp/maps/mp_oilfield_gw/gen/mp_oilfield_gw_fx.gsc
4A2EE8C6E0EBF192,scripts/common/lighting.gsc
4A386F427330A02C,xmodelalias/heads_iw9_enemy_aq_ar_5.gsc
4A4E9CCDDDB1C98A,scripts/mp/maps/cp_mission_esc/cp_mission_esc_lighting.gsc
4A55403D502E794F,scripts/engine/utility.gsc
4A55E6F1AEB0306F,scripts/mp/maps/mp_saba_pm/gen/mp_saba_pm_fx.gsc
4A624801FB3628F2,scripts/mp/maps/mp_observatory/gen/mp_observatory_art.gsc
4A6EDA8078EC55F3,scripts/mp/maps/mp_jup_shipment_xmas/mp_jup_shipment_xmas_precache.gsc
4A71910DE2B696D4,character/c_jup_sp_enemy_pmc_grunt_04_winter.gsc
4A778814F1B1E996,scripts/sp/patrol.gsc
4A803AD4AAE37BC3,scripts/sp/equipment/shock_common.gsc
4A81C087EFED4B9C,scripts/sp/colors.gsc
4A830263D4CAED70,xmodelalias/russian_army_bodies_1_light.gsc
4A8397B9FF377AB9,scripts/mp/maps/cp_jugg_maze/cp_jugg_maze_precache.gsc
4A85280830FABADF,scripts/mp/bots/bots_gametype_plunder.gsc
4A89B79CBA6C453A,behaviortree/soldier_agent.gsc
4A91B05009A9DBC7,scripts/sp/fakeactor_node.gsc
4A93F3F847237123,scripts/cp/cp_scriptmover_util.gsc
4A975D4EC578D9B0,scripts/common/vehicle.gsc
4AA189EA258A7EB5,scripts/mp/maps/mp_m_canal/mp_m_canal.gsc
4AA85836A7750872,scripts/mp/killstreaks/specialist_perk_3_mp.gsc
4AAE0A9E6E7E02D8,xmodelalias/c_jup_zmb_zombie_base_male_long_shirt_body_yz.gsc
4AB79785DDBA1484,scripts/mp/maps/mp_luxury/mp_luxury_lighting.gsc
4ABBE07435DB7B50,scripts/mp/maps/mp_jup_m_alley/mp_jup_m_alley_lighting.gsc
4AC1BF8FC81ADD26,character/character_rus_pilot_helicopter.gsc
4AC57F5D6D38F9AB,scripts/mp/maps/mp_jup_hydro/mp_jup_hydro_precache.gsc
4ACBD920A4F5A24D,scripts/mp/gametypes/br_extract_quest.gsc
4AD2AE2940C76DEA,scripts/cp/cp_grenade_crate.gsc
4AD43DAF3F1466A1,scripts/mp/maps/mp_showdown2/mp_showdown2.gsc
4ADB0DFC58C787C2,scripts/cp_mp/utility/scriptable_door_utility.gsc
4ADE3AE5C138C8B3,scripts/anim/face.gsc
4AE5A68E13A7F9D7,character/c_jup_civ_plane_child.gsc
4AE688DDFE92BE52,scripts/mp/maps/mp_t10_sm_heirloom/gen/mp_t10_sm_heirloom_art.gsc
4AF481A9A163ABF4,character/c_jup_sp_hero_shepherd_bravo.gsc
4AF851046AEFE97D,scripts/mp/maps/mp_jup_estate/mp_jup_estate.gsc
4AFD40CB0A6A71FF,xmodelalias/heads_civilian_uk_girl_surge_1.gsc
4B04CCAD38F7D346,character/c_jup_sp_enemy_pmc_jumper_01.gsc
4B11C5C48D3A50D5,scripts/sp/maps/sp_t10_interrogation_2/sp_t10_interrogation_2_trauma_4.gsc
4B1E5F62D78F9304,scripts/sp/vision.gsc
4B27EF017D94E747,scripts/mp/maps/mp_jup_shoothouse2/gen/mp_jup_shoothouse2_fx.gsc
4B34A46794D6841E,xmodelalias/c_t10_usa_civ_f_formal_capitol_body_white.gsc
4B3976A0DF8B09A3,scripts/mp/perks/perk_mark_targets.gsc
4B3E96950DE06E8C,scripts/aitypes/squad_movement.gsc
4B4058A03BDDE3FC,scripts/sp/drone.gsc
4B4430F33356A581,scripts/mp/maps/mp_arn_zone1/mp_arn_zone1_precache.gsc
4B47D1A240B4C54D,scripts/sp/stealth/idle_sitting.gsc
4B4D37F69AE2EE32,scripts/mp/friendicons.gsc
4B4E159593F0C8BC,scripts/anim/civilian/civilian_init.gsc
4B51A497B2012EB2,scripts/mp/maps/mp_jup_arcade/mp_jup_arcade_fx.gsc
4B583A5A3F4C0EC6,scripts/mp/bots/bots_gametype_dm.gsc
4B64F43E9EF05318,scripts/sp/_shg_turret.gsc
4B69D230272CAAB3,scripts/mp/maps/mp_observatory/mp_observatory.gsc
4B6C17EFCEC748ED,scripts/mp/maps/mp_mgl_shipment_iw9/gen/mp_mgl_shipment_iw9_fx.gsc
4B6CDCD3C396ABAB,scripts/mp/equipment/smoke_grenade.gsc
4B829CC774F72F19,xmodelalias/russian_army_hats_safehouse.gsc
4B87979AAC9C5C74,scripts/mp/maps/mp_hydro/gen/mp_hydro_sound.gsc
4B87F2871B6B025C,scripts/common/swim_common.gsc
4B8FA1B777292D0C,scripts/cp_mp/utility/vehicle_omnvar_utility.gsc
4BA0074C44CC7E21,scripts/mp/bots/bots_gametype_trial.gsc
4BA46FF78A37CAA1,scripts/mp/killstreaks/boba_streak.gsc
4BA702E5E4BCAD65,scripts/mp/maps/mp_dogtown_gw/mp_dogtown_gw.gsc
4BAF870C2EC96750,scripts/mp/maps/mp_jup_hydro/mp_jup_hydro_fx.gsc
4BAFEADA1AF601F4,scripts/mp/trials/mp_trl_gunslinger_crash_create_script.gsc
4BB2F4D04F650B5E,scripts/mp/bots/bots_gametype_hc_cyber.gsc
4BB87A810EF8F8ED,scripts/sp/maps/sp_jup_gunship/sp_jup_gunship.gsc
4BBBEB7135AE77B1,scripts/mp/maps/mp_jup_rust/gen/mp_jup_rust_fx.gsc
4BBD965D5C64713E,scripts/mp/maps/mp_wz2_escape/mp_wz2_escape_fx.gsc
4BD2BA471F17FD24,scripts/cp/cp_dialogue.gsc
4BE893C6BAE6B7CD,xmodelalias/t10_usa_dc_security_m_heads_tan.gsc
4BEB45978E7F481C,scripts/mp/maps/mp_swap_meet/mp_swap_meet_lighting.gsc
4BEC22BA9253C63C,scripts/vehicle/veh9_jltv.gsc
4BED57C37F920136,scripts/sp/maps/sp_t10_sandbox_palace/sp_t10_sandbox_palace_audio.gsc
4BEF961309209288,scripts/mp/supers/super_suppression_rounds.gsc
4BFB17F9785E3B09,scripts/cp/vehicles/large_transport_cp.gsc
4BFC204CC71183D6,scripts/mp/maps/mp_jup_elevated/gen/mp_jup_elevated_art.gsc
4BFCA7F481639D69,scripts/mp/maps/mp_jup_slaughterhouse/mp_jup_slaughterhouse_precache.gsc
4C03E444E5AE90BA,character/character_spetsnaz_gasmask_nohelmet_ar_cp.gsc
4C04582072310D82,scripts/mp/gametypes/escort_horde_event_perks.gsc
4C04CDC122380974,scripts/mp/maps/cp_raid1_trap/cp_raid1_trap_lighting.gsc
4C07635B8E253F91,scripts/cp/cp_electricswitch.gsc
4C14CF3C4BEDAC34,scripts/mp/maps/mp_saba_pm/gen/mp_saba_pm_art.gsc
4C26F3EE594A6CB4,scripts/mp/maps/mp_jup_trainingfacility/gen/mp_jup_trainingfacility_sound.gsc
4C2ADCF8B7083295,scripts/sp/scripted_weapon_assignment.gsc
4C2EAA16A45DDB15,scripts/mp/maps/mp_jup_shipment_alt_2/gen/mp_jup_shipment_alt_2_fx.gsc
4C30E54AAE69EFB1,scripts/sp/maps/sp_t10_intro/sp_t10_intro_code.gsc
4C50A83538C60248,scripts/sp/maps/sp_t10_safehouse_recovery/gen/sp_t10_safehouse_recovery_art.gsc
4C53D55A9C6EA4C2,scripts/mp/maps/mp_jup_bigmap/gen/mp_jup_bigmap_art.gsc
4C58E3DA555B7277,scripts/mp/maps/cp_hydro/cp_hydro.gsc
4C66C9BB9E6AC41E,scripts/sp/maps/sp_t10_interrogation_2/sp_t10_interrogation_2_time_trial.gsc
4C67F790177C4D64,scripts/autotests/autotests_utility.gsc
4C73578147F12139,scripts/mp/maps/mp_jup_waterfront/gen/mp_jup_waterfront_fx.gsc
4C770A9A4AD7659C,scripts/common/callbacks.gsc
4C7864801309D2BC,scripts/mp/maps/mp_farm_18/gen/mp_farm_18_sound.gsc
4C7C99A49421D38F,scripts/engine/sp/restricted_action.gsc
4C8018F9FF5EE237,scripts/cp/cp_gameskill.gsc
4C822A64AB8A0BBC,scripts/cp_mp/vehicles/little_bird.gsc
4C99D5F08C48ED71,scripts/cp/perk_packs.gsc
4C9CFAABC41E2549,scripts/cp/utility/player_utility_cp.gsc
4C9D7921C2D20FD8,scripts/mp/bots/bots_gametype_resranked_fk.gsc
4C9E5A90FD6E6856,character/character_eastern_yegor_1_1.gsc
4C9F3A24FEABDE1F,scripts/mp/damage.gsc
4CA55931E835885D,scripts/mp/maps/mp_historic_gw2/mp_historic_gw2_precache.gsc
4CAE33BC187465E1,scripts/cp/so_trigger.gsc
4CB10753200A48D0,scripts/mp/agents/juggernaut/juggernaut_agent.gsc
4CB28E7AD331D561,scripts/mp/maps/mp_jup_paris/mp_jup_paris_precache.gsc
4CEB94D8B92C6E5C,scripts/mp/maps/mp_jup_delta_alt/mp_jup_delta_alt_fx.gsc
4CEDFC60057078BB,scripts/mp/infilexfil/umike_infil.gsc
4CF1D51227BEDB38,scripts/mp/trials/mp_m_trench_create_script_gunnonlinear.gsc
4CF7E9F57A6C3A42,scripts/sp/maps/sp_t10_interrogation_2/sp_t10_interrogation_2_truth_2.gsc
4CF99888FC3EC7F8,character/character_civilian_syrkistan_boy_3_1.gsc
4CFB447F698AF057,scripts/cp/cp_drone_strike.gsc
4D00BF83D99908ED,scripts/mp/maps/mp_jup_slaughterhouse_oct/mp_jup_slaughterhouse_oct_precache.gsc
4D07EDB4BA32D3B2,scripts/common/snapshot.gsc
4D0A1624AAD0DD56,scripts/mp/maps/cp_jugg_maze/cp_jugg_maze_fx.gsc
4D0E44BDD1D3D08B,scripts/perks/zombielegs.gsc
4D0E5AE730A29489,scripts/killstreaks/missile_turret.gsc
4D254F021FB66BE3,character/character_iw8_russian_weapon_smugglers_2.gsc
4D39F545494121FB,character/civ_london_female_02_skintone_light.gsc
4D3CEACA4AAD6CDD,scripts/smartobjects/stealth_lean_table_30.gsc
4D489831C5EB9D2C,scripts/mp/maps/mp_jup_gw_fallout_wz/gen/mp_jup_gw_fallout_wz_sound.gsc
4D48E2A2E963C559,scripts/mp/maps/mp_hydro/gen/mp_hydro_fx.gsc
4D4CB4B7D1E07F2D,scripts/mp/maps/mp_jup_trainingfacility/mp_jup_trainingfacility_precache.gsc
4D4ED05775D54B60,character/civ_london_female_skintone_med.gsc
4D5914424BFB0212,scripts/mp/maps/mp_mgl_escape4/gen/mp_mgl_escape4_art.gsc
4D5A55FCA0ED1835,scripts/mp/gametypes/br_rewards.gsc
4D5C00286AC3C94B,scripts/sp/maps/sp_jup_silo/sp_jup_silo.gsc
4D5CC7E7083AE661,scripts/mp/vehicles/vehicle_interact_mp.gsc
4D6081907AE68B01,scripts/mp/brmatchdata.gsc
4D6149376990F3A2,scripts/vehicle/walfa.gsc
4D76F0FA65C98D34,scripts/mp/maps/mp_jup_resort_gw/gen/mp_jup_resort_gw_sound.gsc
4D8013A60BD4C8FB,scripts/cp/cp_vehicle_turretdrone.gsc
4D837508859FFBA6,character/character_sla_rebels_male_ar_2_1.gsc
4D92F0BDF2AE519C,scripts/cp_mp/hostmigration.gsc
4DA7DB0374D20728,scripts/mp/maps/mp_oilfield_6v6/gen/mp_oilfield_6v6_sound.gsc
4DA9787D96781405,scripts/cp_mp/vehicles/tac_rover.gsc
4DA9FC5BA0EF1B33,scripts/common/painter.gsc
4DAC3680F88A01C3,scripts/sp/gesture_script_funcs.gsc
4DB5D44A376C1C35,scripts/mp/mp_agent.gsc
4DBD50225E4C3806,scripts/mp/maps/mp_t10_dealership/gen/mp_t10_dealership_art.gsc
4DBFC1D486C9C905,character/c_jup_sp_civ_prisoner_04_b_riot.gsc
4DC3B2F27FD9B6A0,character/c_jup_sp_enemy_pmc_cmdr_02.gsc
4DCC21A5E61A448C,scripts/mp/vehicles/little_bird_mp.gsc
4DD30D010ECBFBDE,scripts/sp/scene.gsc
4DF68427CD12D72A,character/c_jup_sp_civ_prisoner_03_b_riot.gsc
4DF6F1207C1814BC,xmodelalias/c_t10_gbl_civ_m_service_body_black.gsc
4E107BA6CC8AA783,character/civ_syrkistan_girl_3_1.gsc
4E13DA774AFC7DD1,scripts/mp/maps/mp_saba_pm/mp_saba_pm.gsc
4E1D4DD23699A8A4,scripts/asm/cap.gsc
4E226FA64A15B01A,scripts/mp/maps/mp_toujane2/mp_toujane2_fx.gsc
4E29CE9C23A52324,scripts/mp/maps/mp_embassy_hlwn/mp_embassy_hlwn_lighting.gsc
4E41300518E961AC,scripts/smartobjects/stealth_lean_wall_l.gsc
4E41C1C063E1047E,scripts/mp/maps/mp_jup_blackheart/mp_jup_blackheart_fx.gsc
4E42483143ACD6A7,character/character_sas_urban_cqc.gsc
4E462338C5E5027B,character/character_usmc_basic_ar_3_tape.gsc
4E498726C139C17D,scripts/mp/maps/mp_fort/mp_fort.gsc
4E4A58AC3968C74F,scripts/cp_mp/powerups/full_power.gsc
4E56E50192436552,scripts/mp/bots/bots_gametype_resur_solos_delta.gsc
4E6AE22C30A950BC,scripts/mp/maps/mp_skerries_v2/gen/mp_skerries_v2_art.gsc
4E6D7C226D6C2354,scripts/mp/bots/bots_gametype_gwtdm.gsc
4E6F0300DC3EF45F,scripts/sp/art.gsc
4E714733D73A3ABC,scripts/common/vehicle_rex.gsc
4E755D165B60CBD2,scripts/common/b.gsc
4E7A915D661B94A3,scripts/sp/maps/sp_t10_sandbox_palace/sp_t10_sandbox_palace_roof_defend.gsc
4E7DDE56E45CAE8C,character/c_jup_sp_civ_prisoner_03_a.gsc
4E826AB3BA315311,scripts/vehicle/mindia8.gsc
4E8DE969A844D61A,scripts/mp/maps/mp_jup_derail/gen/mp_jup_derail_art.gsc
4E91548D4A22EB8B,character/c_jup_sp_civ_guard_02a.gsc
4EAAC25F24AF4921,scripts/mp/tac_ops/hvt_utility.gsc
4EAB4F972649A2D7,scripts/common/battle_tracks.gsc
4EAF0D39DD04E26C,scripts/mp/maps/mp_jup_drivethru/gen/mp_jup_drivethru_art.gsc
4EB3DFDF0E66B71B,scripts/sp/maps/sp_jup_hijack/sp_jup_hijack_precache.gsc
4EB7B09253B9142D,scripts/mp/equipment/smoke_bomb_rusher.gsc
4ECE1947BC018ED1,scripts/sp/stealth/player.gsc
4ECFC469719C5667,scripts/vehicle/empty_turret.gsc
4ED712F46A19B58E,scripts/smartobjects/stealth_look_high.gsc
4EDB60547FC8DFF2,scripts/mp/maps/mp_jup_terminal_alt/gen/mp_jup_terminal_alt_art.gsc
4EE3CF03F4470C9E,scripts/mp/maps/mp_jup_gw_fallout_wz/mp_jup_gw_fallout_wz_create_script.gsc
4EEABF98BBE39544,xmodelalias/c_t10_usa_civ_m_formal_heist_body_mideast.gsc
4EEBDBA57739C712,scripts/mp/maps/cp_lone/cp_lone_fx.gsc
4F17015500536831,scripts/mp/gametypes/elim.gsc
4F1F43B1ED3AF8F9,scripts/cp_mp/utility/spawn_event_aggregator.gsc
4F20BE7ABA0F15CF,scripts/smartobjects/stealth_look_up.gsc
4F315F4967FD0C4A,character/character_iw8_sla_rebel_female_3_1.gsc
4F32355B2E402662,scripts/mp/maps/mp_jup_invasion/gen/mp_jup_invasion_art.gsc
4F3E271314233182,scripts/cp_mp/tripwire.gsc
4F42D861DA865329,xmodelalias/heads_civilian_uk_female_surge_1.gsc
4F44B6686CAC35FC,scripts/sp/player/bullet_feedback.gsc
4F467DF70D327452,scripts/cp_mp/utility/shellshock_utility.gsc
4F4A327850DEDD8E,scripts/mp/maps/mp_t10_charter/mp_t10_charter_fx.gsc
4F4D4DFC2F9A7CAB,scripts/mp/supers/squad_rage.gsc
4F4E0A2311CEFF71,scripts/mp/maps/mp_jup_slaughterhouse/gen/mp_jup_slaughterhouse_fx.gsc
4F50DA4B9D6CB68E,scripts/mp/maps/mp_jup_growhouse/mp_jup_growhouse_fx.gsc
4F55B75888169C51,scripts/mp/maps/cp_lone/cp_lone.gsc
4F57E90811AA8900,scripts/anim/notetracks_mp.gsc
4F61C97BBA28F546,scripts/mp/perks/perkpackage.gsc
4F6353D0CEFA1071,scripts/mp/maps/mp_fishtown_gw/mp_fishtown_gw_precache.gsc
4F668221C67D02B2,scripts/mp/maps/mp_fishtown_gw/gen/mp_fishtown_gw_sound.gsc
4F66FBE4E178E186,scripts/cp_mp/sprays.gsc
4F680855DCEFB1AE,xmodelalias/c_jup_zmb_zombie_base_male_suit_head_yz.gsc
4F78707E1B9AA92A,scripts/mp/maps/mp_caves_gw/gen/mp_caves_gw_art.gsc
4F7F576DE1DCE67B,scripts/cp/extraction/cp_extraction.gsc
4F91B90299ECC61E,scripts/common/vehicle_occupancy.gsc
4F990E1CAC131333,scripts/mp/maps/mp_jup_escape5/mp_jup_escape5.gsc
4FA625E08B5F76E1,scripts/cp_mp/killstreaks/white_phosphorus.gsc
4FA7F12CF0B115EA,scripts/asm/soldier/cp.gsc
4FB37C9A212B2BD8,aiasm/playerasm_sub_sp.gsc
4FBCA012BFA97E70,scripts/cp/vehicles/vehicle_damage_cp.gsc
4FCA32F463C5E4FA,scripts/mp/supers.gsc
4FD23E3E0E87DB8B,scripts/mp/maps/mp_m_alley/gen/mp_m_alley_fx.gsc
4FD828EC1A0272AE,scripts/anim/pain.gsc
4FED0442C774E668,scripts/mp/maps/mp_davos/mp_davos_lighting.gsc
4FF0A4DA444893DE,scripts/cp_mp/supers/hb_sensor.gsc
4FF6C6ED304E05BB,scripts/mp/gametypes/br_anims.gsc
4FFAF2388B3485F9,scripts/mp/equipment/throwing_knife_mp.gsc
500291E60F31CCD5,xmodelalias/bodies_al_qatala_urban_bomber.gsc
5018FC9098084EB5,character/character_cp_al_qatala_desert_ar.gsc
501C1DB481E23452,scripts/sp/loot.gsc
502187EE15ADB8B1,scripts/cp/powers/coop_molotov.gsc
50246D50DE128865,scripts/mp/maps/mp_jup_paris/mp_jup_paris.gsc
5035FF3B2CDC2C78,scripts/mp/challengefunctions.gsc
5036C7723D93ACC8,xmodelalias/c_t10_usa_cia_security_bodies.gsc
503B27C28280861C,scripts/anim/scripted.gsc
503F4CE340721F29,scripts/mp/equipment/flash.gsc
5045BFC941498CDA,character/c_jup_sp_hero_gaz_tundra_frost.gsc
5070A7416661EC6F,scripts/mp/maps/mp_frontend_jup_01/mp_frontend_jup_01.gsc
507E0812F73DE3C2,scripts/mp/gametypes/br_publicevent_firesale.gsc
507EC3BA01689059,scripts/mp/maps/mp_jup_elevated/mp_jup_elevated.gsc
50825F4C7B13EC32,scripts/mp/maps/mp_intercept/mp_intercept_lighting.gsc
50842D9C7805AB65,scripts/mp/maps/mp_toujane2/mp_toujane2_precache.gsc
508908FEDF22BBF1,scripts/mp/maps/mp_jup_skidrow_alt/mp_jup_skidrow_alt_precache.gsc
508F2C4AFE4464DD,scripts/unittest/unittest.gsc
50952380C88E8FAE,scripts/cp/cp_accessories.gsc
50961BBDA895ACFE,scripts/mp/maps/mp_luxury/mp_luxury_fx.gsc
509A21C5F4CEA6AE,scripts/mp/online_event.gsc
509A782DD5B89CF1,scripts/cp_mp/killstreaks/uav_bigmap.gsc
50A3D8D9DE5C70F4,xmodelalias/test_alias_civilian_male_surge_body.gsc
50A6F2AB1EF6E99C,scripts/mp/maps/mp_jup_highrise/gen/mp_jup_highrise_sound.gsc
50AE8A53F7025665,xmodelalias/russian_army_hats.gsc
50B1C259AAA5940C,scripts/mp/maps/mp_jup_launchfacility/mp_jup_launchfacility_create_script.gsc
50B2A6EDDE41AA2E,scripts/cp/crate_drops/cp_crate_drops_cs.gsc
50B7BAC62A0DF649,scripts/mp/maps/mp_delta_pm/mp_delta_pm.gsc
50E9BA68FFF5139B,scripts/sp/maps/sp_jup_flashback/sp_jup_flashback.gsc
50EEB9595C6D6E1B,scripts/anim/battlechatter_events.gsc
50F17E68CDF54D91,character/character_sas_pilot_helicopter_cp.gsc
50F7B3181AF3333C,scripts/mp/maps/mp_jup_skidrow_alt/gen/mp_jup_skidrow_alt_art.gsc
50FFFC51E661A365,scripts/autotests/selftest/test_selftest_crash.gsc
5102C8E257A6D97F,scripts/mp/utility/dialog.gsc
51054794C763685C,character/c_jup_sp_villain_makarov_paramedic_bloodied.gsc
510D2A81A3DB7ABF,scripts/cp_mp/equipment/tracker_mine.gsc
51113A25FAE4B7CF,scripts/mp/maps/mp_jup_tower/gen/mp_jup_tower_fx.gsc
511C5E9601FEDC9F,scripts/mp/bots/bots_gametype_warrior.gsc
511E19D41C23E8AA,scripts/cp/deployablebox.gsc
5121A41C5586F690,scripts/mp/maps/mp_arn_zone1/gen/mp_arn_zone1_art.gsc
5122BBC6A49B9100,scripts/sp/equipment/at_mine.gsc
51269A20A066B219,character/character_civilian_me_female_embassy.gsc
512EF5662017EAAD,scripts/aitypes/zombie_base/zombie_base_armored_metabones.gsc
513597AE023C8BB7,scripts/sp/equipment/grappling_hook.gsc
51365E31E30EFCB1,scripts/cp_mp/perk_machines.gsc
51486C7D156FB7B9,scripts/mp/maps/mp_jup_scrapyard_alt_v2/mp_jup_scrapyard_alt_v2.gsc
51568199B1AF4A56,scripts/mp/equipment/concussion_grenade.gsc
515715367B555558,scripts/mp/createfx.gsc
515CCBB057ACEED3,scripts/mp/vehicles/light_tank_mp.gsc
5165B7E2EF60C5DA,scripts/cp_mp/equipment/emp_grenade.gsc
51668D1005BA4945,scripts/cp/cp_weapons.gsc
516851C4CA47F492,scripts/vehicle/veh9_mil_air_heli_medium.gsc
5170F99B18418184,scripts/sp/equipment/teargas.gsc
5174EF0A925C8314,scripts/mp/killstreaks/remotetank.gsc
5181D55F02E79AC9,scripts/mp/maps/mp_jup_waterfront/mp_jup_waterfront_precache.gsc
5195DCD5F2C7BAA0,scripts/mp/equipment/adrenaline.gsc
519BED5012F1C015,scripts/cp/movement.gsc
51A1C4EE4E4055E9,scripts/asm/soldier/sp/melee.gsc
51A20FBAC8B22816,scripts/mp/killstreaks/auto_drone_mp.gsc
51AFACF8497E3B44,character/c_jup_sp_villain_makarov_vip.gsc
51B544802610585A,scripts/smartobjects/stealth_lean_table_r_30.gsc
51BA87BDCB5DCF49,xmodelalias/test_alias_civilian_female_surge_head.gsc
51C07F029E24259D,character/c_jup_sp_enemy_pmc_grunt_01.gsc
51EF70F1CB2E0AD9,scripts/mp/maps/mp_jup_bait/mp_jup_bait.gsc
51F5154861435B1E,scripts/mp/equipment/tactical_camera.gsc
5205DC64FBF8F441,scripts/mp/maps/mp_jup_favela_alt/mp_jup_favela_alt_precache.gsc
520E8A2A8B1B3491,scripts/mp/maps/mp_historic_gw2/mp_historic_gw2.gsc
521BB77E2A8EBDB0,scripts/mp/killstreaks/nuke_select_location_mp.gsc
522C905CE92D1A76,scripts/cp/cp_hints.gsc
522CBFD52A7D0CA3,scripts/common/snd/snd_debug.gsc
524077EBA386D1BD,scripts/mp/maps/mp_jup_arcade/mp_jup_arcade_precache.gsc
5242C074CD388A30,scripts/mp/heavyarmor.gsc
5247C3A9848FC6F4,scripts/mp/maps/mp_shoothouse2/mp_shoothouse2_lighting.gsc
524A69F4E9528C43,scripts/sp/maps/sp_t10_safehouse_defend/sp_t10_safehouse_defend_code.gsc
525CD9B94F8850C1,scripts/mp/scriptable.gsc
526BC6E015996472,scripts/mp/bots/bots_gametype_lp_koth.gsc
5278688E19C483F3,scripts/mp/utility/inventory.gsc
528B431AD3B1731C,scripts/sp/maps/sp_t10_interrogation_2/gen/sp_t10_interrogation_2_art.gsc
52A6D55588CB0819,scripts/mp/hud_message.gsc
52AD10B20F9C9A8C,scripts/sp/player/cursor_hint.gsc
52B3F7DE0CC8C5F1,character/character_hero_hadir_young.gsc
52B5F3FAED29F517,scripts/mp/perks/perks.gsc
52B9ADB013609461,scripts/mp/maps/mp_dogtown_gw/mp_dogtown_gw_precache.gsc
52BD3746C0284E3C,scripts/mp/maps/mp_jup_security_area/gen/mp_jup_security_area_sound.gsc
52C13E4168F72DB3,xmodelalias/civilian_london_male_body_skintone_light.gsc
52C196A1BC21F296,scripts/mp/maps/mp_frontend/mp_frontend_fx.gsc
52C301C2F9DF2969,scripts/killstreaks/rcxd_shared.gsc
52D13DDA867630AD,character/character_al_qatala_urban_civ_5.gsc
52D17767B2908BFE,scripts/sp/maps/sp_t10_safehouse_domestic/sp_t10_safehouse_domestic_lighting.gsc
52D552F82C405F74,character/civ_embassy_office_worker_female_1_2.gsc
52D8B1318154803D,scripts/mp/maps/mp_mgl_luxury/mp_mgl_luxury.gsc
52D91CB28006A5BD,scripts/cp_mp/equipment/throwstar.gsc
52DA195F1171EFEB,scripts/sp/vehicle_interact.gsc
52E0904904AD8537,scripts/common/vehicle_paths.gsc
52E1FDC237EEA061,scripts/mp/maps/mp_jup_trainingfacility/mp_jup_trainingfacility.gsc
52EF15C2A99B4FA5,scripts/mp/trials/trial_gun_course.gsc
52EF4AE7FF524933,scripts/sp/maps/sp_t10_sandbox/sp_t10_sandbox.gsc
52F2DD52E086172F,scripts/cp_mp/equipment/aether_counter.gsc
52FA73C507BBDFE4,scripts/sp/equipment/c4_proximity.gsc
52FC04EABEDB0AAB,scripts/sp/maps/sp_t10_safehouse_defend/sp_t10_safehouse_defend_anim.gsc
53013CFCD4DE3AB2,scripts/sp/damagefeedback.gsc
53071FA53E7CF87E,xmodelalias/heads_civilian_uk_male_surge_3.gsc
530723981CD177B3,scripts/cp_mp/utility/damage_utility.gsc
530B83CAA7D7C86A,scripts/autogenerated/luielems/ingame/zm/zmdialoguespeaker.gsc
53104E0B5F742530,scripts/smartobjects/stealth_look_over.gsc
531126308CF12F02,scripts/mp/maps/mp_m_blacksite2/mp_m_blacksite2_fx.gsc
5315C4D67DA64B3A,xmodelalias/t10_usa_dc_security_pre_combat_tan.gsc
531984808E0A74E0,scripts/cp_mp/killstreaks/toma_strike.gsc
531CB1BE084314F7,scripts/cp_mp/pickups.gsc
5329AD582F86465A,scripts/sp/door_internal.gsc
532A248ADF1D29C1,scripts/quaked/script_struct_mp_iw9_acv_6x6.gsc
5354D3AB606FAD12,scripts/sp/player/context_melee.gsc
53615BFEFEAE0BC2,scripts/asm/seeker/melee.gsc
53682FA3E19AB419,scripts/mp/utility/dvars.gsc
536975D191174D0C,scripts/mp/maps/mp_biobunker/mp_biobunker_lighting.gsc
537196C25A85B8A3,scripts/cp/scriptable.gsc
537BB022E3053965,scripts/cp/carriable.gsc
538614E1B9539ABA,scripts/sp/maps/sp_t10_contract/sp_t10_contract_util.gsc
5388BB380038AF86,scripts/sp/maps/sp_t10_storm/sp_t10_storm_audio.gsc
538E176A995680ED,scripts/mp/maps/mp_jup_rust_alt/mp_jup_rust_alt.gsc
5393EDFD98FC4F94,scripts/mp/maps/mp_narcos/mp_narcos_lighting.gsc
539E2577B90A987F,character/character_sas_urban_nvg_dmr.gsc
539ED76185B302CF,character/civ_london_male_skintone_med.gsc
53A45ABDA5080564,scripts/mp/maps/mp_jup_m_alley/gen/mp_jup_m_alley_art.gsc
53B63BA29111545A,scripts/mp/maps/mp_crossing/mp_crossing_fx.gsc
53B9D63A78730835,scripts/mp/maps/mp_jup_das_haus_alien/gen/mp_jup_das_haus_alien_fx.gsc
53BB6FF768A47B95,scripts/mp/killstreaks/death_switch.gsc
53BE65E259C850F8,xmodelalias/civilian_uk_male_heads_skintone_med.gsc
53C1613EFEC56BDC,scripts/mp/maps/mp_jup_invasion/gen/mp_jup_invasion_sound.gsc
53D2A081452B2162,scripts/engine/easing.gsc
53D6FE189C685458,behaviortree/dog.gsc
53DAF50CB5B28A69,scripts/cp_mp/vehicles/vehicle_compass.gsc
53DD2B1A8D33182A,scripts/mp/maps/mp_t10_rm_firingrange2/gen/mp_t10_rm_firingrange2_art.gsc
53E4794B4A6D3E49,scripts/mp/bots/bots_gametype_br_dev_tile_map.gsc
53F9CF97165AEA45,scripts/mp/maps/mp_jup_luxury/mp_jup_luxury.gsc
53FDA5A8236DFD6B,scripts/mp/maps/mp_m_fight/mp_m_fight_precache.gsc
53FF5B56365C4A17,scripts/mp/maps/mp_skerries_v2/gen/mp_skerries_v2_fx.gsc
5401B4AF4E767031,character/civ_russian_male_cp.gsc
540595F3ED924F79,xmodelalias/body_iw9_aq_lmg_1_white.gsc
540FB264C9B68E6A,scripts/autotests/test_mit.gsc
5411D5BC326E2B16,scripts/mp/global_fx.gsc
54124CD85F0D0BF7,scripts/mp/maps/mp_wartorn/gen/mp_wartorn_fx.gsc
541BA8D2A3F55012,scripts/mp/gametypes/br_puzzle_drone_repair.gsc
541F624691B67877,scripts/cp/utility/lui_game_event_aggregator.gsc
542CE500087D826C,scripts/mp/maps/mp_jup_delta_alt/gen/mp_jup_delta_alt_sound.gsc
543159483E6C902B,scripts/ob/ob_powerups.gsc
5432728299F31554,aiasm/shoot_cp_mp.gsc
543CB32E96D20FF9,scripts/cp/cp_hud_message.gsc
544C51F4A61EB931,scripts/mp/maps/mp_mgl_shipment_iw9/mp_mgl_shipment_iw9.gsc
544C874800E20BAA,scripts/aitypes/soldier/agent_setup.gsc
5457C66E69E57487,scripts/cp_mp/vehicles/vehicle_dlog.gsc
5461025BF55F9847,character/character_hero_tarik.gsc
546166D9A45E52AB,scripts/mp/tweakables.gsc
546EEEEBDC1E25F2,character/civ_russian_female.gsc
547435A3732A58C4,scripts/common/fx.gsc
547B73EF8F00503B,scripts/asm/asm_mp.gsc
548626A53E42A848,character/civ_embassy_office_worker_male_1_1.gsc
549D853A17441CF5,character/character_iw8_al_qatala_urban_05.gsc
54A1EFDAB4E7909E,scripts/mp/maps/mp_observatory/mp_observatory_lighting.gsc
54A3581BBEC9CBF4,scripts/mp/maps/mp_mgl_escape4/mp_mgl_escape4_fx.gsc
54A590FCE0C11C95,scripts/cp/cp_aitype_structs_enemy_alq.gsc
54A66BF637CB4704,scripts/mp/maps/mp_caves_gw/gen/mp_caves_gw_sound.gsc
54B4BE63F861801A,scripts/mp/killstreaks/init_mp.gsc
54B6D0CA5712685D,scripts/mp/maps/mp_jup_waterfront/mp_jup_waterfront.gsc
54BB40814F676115,scripts/mp/map_to_map.gsc
54C02703B86696CB,scripts/cp_mp/vehicles/bronco.gsc
54C29DE3D6FFB538,scripts/mp/equipment/emppulse.gsc
54C6E68D191D8E35,scripts/mp/maps/mp_jup_shipment_alt/gen/mp_jup_shipment_alt_fx.gsc
54D044182E792EC0,scripts/mp/maps/mp_jup_escape5/mp_jup_escape5_fx.gsc
54D0DE7496FCEEA5,scripts/common/script.gsc
54DF2DB322ED6312,scripts/mp/maps/mp_catedral/gen/mp_catedral_art.gsc
54F6915F3D0DAFBF,scripts/autotests/test_codegates.gsc
54F6CD90DD31BBF0,scripts/cp/spawner_scoring.gsc
54FA082CE29DA3DA,scripts/sp/maps/sp_t10_safehouse_domestic/sp_t10_safehouse_domestic_audio.gsc
550008D869D66172,aiasm/suicidebomber_sp.gsc
55058391CD43BB18,scripts/mp/maps/mp_m_blacksite2/mp_m_blacksite2_lighting.gsc
55061094EDDFDF4D,scripts/mp/bots/bots_gametype_resurge_quads_fk.gsc
55079E039842BD11,scripts/mp/maps/mp_jup_m_blacksite2/mp_jup_m_blacksite2_precache.gsc
5525BF59C43363A0,scripts/sp/slide_volume.gsc
55278401AF972B92,scripts/mp/maps/mp_narcos/gen/mp_narcos_art.gsc
552B8E4EA5FF7DF1,scripts/mp/gametypes/br_lootcache.gsc
553FED92E00BE772,scripts/mp/maps/mp_m_lounge/gen/mp_m_lounge_art.gsc
554B8EE714D13AFB,scripts/cp_mp/utility/team_utility.gsc
555547ED1870372D,scripts/cp/laser_traps/cp_laser_traps.gsc
555A14CE795197B8,scripts/mp/trials/trial_jugg.gsc
55603631F9C1D6E1,character/civ_london_female_02_skintone_med.gsc
55605C7E6173CF10,scripts/mp/maps/mp_jup_gw_fallout/gen/mp_jup_gw_fallout_sound.gsc
556596FE1CBE7D24,scripts/mp/gametypes/br_extract_chopper.gsc
55699CE0C5091A02,scripts/sp/maps/sp_t10_interrogation_2/sp_t10_interrogation_2_fx.gsc
556B8AEAA691317F,scripts/mp/supers/super_stimpistol.gsc
5584FB1A99B09CF8,character/c_jup_sp_hero_soap_london.gsc
558F20216DD81C0F,scripts/mp/equipment/throwing_knife_electric.gsc
55A0AA5A5407B600,character/character_iw8_russian_army_ar_2_balaclava.gsc
55ACBC2CDAEAA753,scripts/cp/cp_agent_utils.gsc
55B3046625FB79B6,scripts/anim/notetracks_sp.gsc
55BE6492B84E43C1,scripts/asm/gesture/script_funcs.gsc
55C0EC07AA131D8C,scripts/mp/maps/mp_jup_swap_meet/mp_jup_swap_meet_lighting.gsc
55C37F8D19CC80E7,scripts/asm/soldier/traverse.gsc
55C9ED192F64E56F,scripts/quaked/script_vehicle_jup_pickup_fullsize_2014_physics_gunship.gsc
55D6C59A7D73D8A8,scripts/mp/maps/mp_benchmark/gen/mp_benchmark_art.gsc
55DDA950B91A2843,scripts/mp/maps/mp_m_penthouse/gen/mp_m_penthouse_fx.gsc
55E6A436B6B3048C,scripts/mp/meatshield.gsc
55E7B7B36A41E879,scripts/cp/cp_vehicle_structs.gsc
55EF80D68BB762AB,scripts/mp/maps/mp_jup_wasteland/gen/mp_jup_wasteland_fx.gsc
55F7A351279FE128,scripts/mp/maps/mp_t10_fallout/gen/mp_t10_fallout_art.gsc
55FA19D619695CBA,scripts/mp/equipment/at_mine.gsc
55FCDDC3879C791B,scripts/cp/equipment/cp_stinger.gsc
56055017E5E588FE,scripts/mp/gametypes/br_gametype_plunder.gsc
5605739161B1ABE1,scripts/autogenerated/luielems/ingame/zm/zmvote.gsc
560D4B5E8DCB4FBB,scripts/mp/trials/mp_trial_helicopter_port_create_a_script.gsc
5619B47BC99C8F44,scripts/mp/gametypes/br_bunker_alt.gsc
562580BDAB061FC1,scripts/mp/horde_mode_scripts/zombie_spawner_mp.gsc
5634362338C36664,character/character_iw8_sla_rebel_female_1_1.gsc
563E7DB8163C81C4,character/c_jup_sp_enemy_pmc_rook.gsc
56409BEE34A7B4E5,character/character_iw8_sla_rebel_female_6_1.gsc
5648444CF892DA6D,scripts/mp/maps/mp_showdown2/mp_showdown2_precache.gsc
56491E053FA9BE9A,scripts/mp/maps/mp_jup_resort_gw/gen/mp_jup_resort_gw_art.gsc
565244A4B5A7FACC,scripts/sp/maps/sp_t10_heist/sp_t10_heist_fx.gsc
5663E69D507E036A,character/character_cp_al_qatala_desert_ar_tmtyl.gsc
5669FF2EC75322B2,scripts/mp/maps/mp_jup_gw_fallout_wz/gen/mp_jup_gw_fallout_wz_art.gsc
566D67E33C4B08CC,character/c_jup_sp_enemy_pmc_elsniper_02.gsc
568927AF4A3AF68F,scripts/mp/infilexfil/mbravo_infil.gsc
568AD3763B076026,scripts/killstreaks/toma_strike.gsc
568BFF78C6111850,scripts/mp/bots/bots_gametype_hc_sd.gsc
569B10679FE8CF60,scripts/common/ui.gsc
569B19131380237E,scripts/mp/maps/mp_jup_home_01/mp_jup_home_01_fx.gsc
56A1A3F1FD131B17,scripts/mp/maps/mp_jup_benchmark/gen/mp_jup_benchmark_fx.gsc
56ADD4E7B00011F2,character/character_spetsnaz_ar_nvg_fixed.gsc
56C65B5981C1B142,scripts/mp/maps/mp_jup_trainingfacility/mp_jup_trainingfacility_fx.gsc
56C978DC6F8F0B8D,scripts/mp/maps/mp_jup_quarry_alt/mp_jup_quarry_alt.gsc
56E306EE336A9C97,scripts/mp/infilexfil/c17_infil.gsc
56EF8D52FE1B48A1,scripts/cp/super.gsc
56F2DCFF53F2245F,scripts/mp/killstreaks/proxyagent.gsc
56FCDB412DC06A81,scripts/mp/maps/mp_catedral_hlwn/gen/mp_catedral_hlwn_fx.gsc
5705E9F10A53CA31,scripts/mp/maps/mp_museum/mp_museum_precache.gsc
570A2A0F709689D0,scripts/mp/maps/mp_observe_gw/mp_observe_gw_lighting.gsc
57287D542B7E674D,scripts/sp/maps/sp_t10_intro/sp_t10_intro_anim.gsc
5729CA7C3938D91C,character/character_spetsnaz_gasmask_nohelmet_cqc_cp.gsc
5732201DEF3A65C7,scripts/mp/killcam.gsc
573E27DAF69FC4C1,scripts/mp/maps/mp_benchmark/mp_benchmark_precache.gsc
573F39599E3D592E,scripts/mp/bots/bots_gametype_resur_duos_escape.gsc
5746D1CDFF1769B5,scripts/mp/vehicles/large_transport_mp.gsc
574BAE226AF218D7,scripts/mp/maps/mp_jup_delta/mp_jup_delta.gsc
574E60FA065F16D9,scripts/mp/maps/mp_jup_st_c_gw_wz/mp_jup_st_c_gw_wz.gsc
5754FAA22F6AAA4F,scripts/cp/agents/soldier_agent_spec.gsc
5762AC2F22202BA2,scripts/cp_mp/damagefeedback.gsc
57636F9B14953B96,character/character_hero_price_urban.gsc
57753F84D1563669,scripts/mp/validation.gsc
5775866BA1F32D52,scripts/mp/maps/mp_davos/mp_davos_fx.gsc
577BD133B958D834,scripts/mp/maps/mp_fort/gen/mp_fort_sound.gsc
5787F71D422272AB,scripts/mp/equipment/empdrone.gsc
57886B1B2348AA4E,scripts/mp/supers/laststand_heal.gsc
57895434D1C73CCE,scripts/mp/maps/mp_t10_sm_reserve/mp_t10_sm_reserve_fx.gsc
578D8178A691F2C8,xmodelalias/bodies_iw9_enemy_aq_ar_4.gsc
578FB8CED8601826,scripts/mp/door.gsc
5790940B26492C4B,scripts/mp/gametypes/ctf.gsc
5792F9FCBB4373AE,xmodelalias/c_t10_usa_civ_f_formal_heist_body_asian.gsc
57AB0F132F2DA29E,scripts/mp/killstreaks/sentry_gun_mp.gsc
57B21802158FD70C,scripts/cp_mp/weapons/gun_shield.gsc
57B50BDE8A8B7FCB,scripts/quaked/script_struct_mp_jup_razorback.gsc
57CE8F0135B8B312,scripts/mp/gametypes/br_deployable_kiosk.gsc
57D35D134766141E,character/character_iw8_cp_al_qatala_urban_bombvest.gsc
57D3850A12CF1D8F,scripts/mp/locksandkeys.gsc
57D62CB7DDC6066A,scripts/mp/teamrevive.gsc
57DF3F3BD6FF96C8,xmodelalias/c_jup_zmb_zombie_base_male_suit_head_gz.gsc
57FC53023CBF709D,character/c_jup_sp_civ_guard_03.gsc
581014825671F061,scripts/sp/equipment/frag.gsc
581C89DFF591321E,scripts/mp/maps/mp_jup_shipment_alt_2/gen/mp_jup_shipment_alt_2_art.gsc
58219AAB535D6B14,scripts/mp/maps/mp_t10_sm_reserve/mp_t10_sm_reserve_lighting.gsc
5824584CC14B88A5,scripts/mp/gametypes/ob_season2.gsc
5835A3290B762C1F,scripts/mp/gametypes/ob_season4.gsc
583BF3991C6D6325,scripts/vehicle/suniform25.gsc
584B67E75EA99EF6,scripts/mp/infilexfil/palfa_infil.gsc
585020CC144DA263,character/c_jup_sp_enemy_pmc_hvytac_02.gsc
585E0E07C5D856EA,scripts/mp/gametypes/captivity_respawn.gsc
5876130C2D1591F9,scripts/mp/equipment/ied.gsc
5878CA794EDCBED6,scripts/smartobjects/stealth_look_down.gsc
587C769EC1C5F759,scripts/sp/nvg/nvg_player.gsc
58863743FA384232,scripts/mp/maps/mp_jup_slaughterhouse_oct/gen/mp_jup_slaughterhouse_oct_art.gsc
588F0D30A20975F5,scripts/common/concussion_utility.gsc
5892D3891710BEF2,character/character_usmc_raiders_ar_3.gsc
58937D0256A1E2AD,scripts/sp/anim.gsc
5893ADB02CDAE4F6,scripts/sp/createfx.gsc
5895CB463FAF8701,scripts/mp/maps/mp_delta_pm/gen/mp_delta_pm_fx.gsc
58989565E9A3BDE8,scripts/mp/maps/mp_m_alley/gen/mp_m_alley_art.gsc
589D1F652B91B52D,scripts/cp/player.gsc
589F0911592E5F7A,scripts/common/vortex.gsc
58AE60BEE3D76BAF,scripts/sp/maps/sp_jup_milbase/sp_jup_milbase_precache.gsc
58B37147398F676B,scripts/smartobjects/stealth_rage_kick_r.gsc
58B513FB7EEB394D,xmodelalias/c_jup_civilian_london_female_body_02_skintone_light.gsc
58BE75C518BF0D40,scripts/cp_mp/utility/squad_utility.gsc
58D07AF23A255EDD,scripts/mp/equipment_interact.gsc
58D52D2F0E608549,scripts/mp/maps/mp_jup_bigmap_wz2/mp_jup_bigmap_wz2_precache.gsc
58DD4308ADBF221F,character/civ_al_qatala_urban_civ_female.gsc
58F20490049AF6AC,scripts/mp/gametypes/br_circle_util.gsc
58FDF2A4B13652E7,scripts/cp_mp/entityheadicons.gsc
5905A493A2B455DC,scripts/mp/maps/mp_scrapyard_mobile/gen/mp_scrapyard_mobile_sound.gsc
591AEB2489068597,xmodelalias/bodies_iw9_enemy_aq_tier3_1.gsc
5929BA1C33DB101A,scripts/mp/bots/bots_gametype_resurge_duos_fk.gsc
5930ECB32EDA30F3,scripts/mp/bots/bots_gametype_br_dev_sh.gsc
59312F4ABA013CC4,scripts/mp/maps/mp_museum/gen/mp_museum_sound.gsc
5938B1C7E9CF6DDD,scripts/common/dog_utility.gsc
5939EACBF35AECAE,scripts/killstreaks/chopper_door_gunner.gsc
5942678F2CD24CAD,xmodelalias/c_t10_iraqi_republicguard_hurt_intro_helmets.gsc
5944FEB3C51E74C4,character/character_opforce_juggernaut_cp.gsc
594AEDCDFA46E3D7,scripts/mp/killstreaks/uav_bigmap_mp.gsc
594C46BDBBC57CA3,scripts/mp/perks/perkfunctions.gsc
5951E4088AA9334B,xmodelalias/russian_army_bodies_1.gsc
59525EDBC77F3C84,scripts/sp/stinger.gsc
59597B6573E89EFF,scripts/game/sp/bullet_cam.gsc
595F86A2BB6ADE56,scripts/cp/cp_hostmigration.gsc
596130FFA3E43EA5,character/character_cp_hero_hadir_urban.gsc
596570BD8D025881,scripts/killstreaks/lrad.gsc
597273A17E42CBDC,scripts/common/focus.gsc
59760929116CAA66,scripts/mp/maps/mp_jup_m_alley/gen/mp_jup_m_alley_sound.gsc
5977B0A68B006E28,scripts/mp/maps/mp_jup_das_haus/gen/mp_jup_das_haus_sound.gsc
59788ABEEB83EE58,scripts/sp/maps/sp_t10_safehouse_reunion/sp_t10_safehouse_reunion_audio.gsc
598016C408BCF36E,scripts/mp/maps/mp_jup_rundown/gen/mp_jup_rundown_sound.gsc
59861361D1C462C0,scripts/cp/init_cp_mp.gsc
599E12F80C250C26,scripts/cp_mp/killstreaks/uav.gsc
59A28AA393C6BB32,scripts/mp/matchrecording.gsc
59A6CBBA6171FF89,scripts/mp/maps/mp_jup_scrapyard_alt_v2/gen/mp_jup_scrapyard_alt_v2_fx.gsc
59BAC1035C67173C,scripts/common/bcs_location_trigs.gsc
59C26C26B8C55D5A,scripts/aitypes/ai_pickups.gsc
59C526F0E9979A00,scripts/mp/equipment/reinforcementflare.gsc
59C5E6C5D6941D3D,scripts/mp/maps/mp_mgl_shipment_iw9/mp_mgl_shipment_iw9_precache.gsc
59CAA65F7660D01F,scripts/cp_mp/equipment/throwing_knife.gsc
59D1ECE1F48DBD72,scripts/mp/maps/mp_shoothouse2_mobile/gen/mp_shoothouse2_mobile_art.gsc
59D440DA5362CE0D,scripts/mp/maps/mp_jup_shipment_alt_3/mp_jup_shipment_alt_3.gsc
59D70D752E63BE95,scripts/mp/utility/lui_game_event_aggregator.gsc
59DD541BE6BDF254,scripts/common/knockdown.gsc
59E2D2A1599E12D4,scripts/mp/maps/mp_jup_paris/mp_jup_paris_audio.gsc
59FC45D019D40F05,scripts/mp/maps/mp_jup_underpass/mp_jup_underpass.gsc
59FCE0865C738868,xmodelalias/c_t10_civ_f_heads_mideast.gsc
59FDF86567FA3DA2,scripts/sp/maps/sp_jup_tundra/sp_jup_tundra_lighting.gsc
5A040DB7CB378AE0,scripts/mp/gametypes/exfil.gsc
5A11116778A6D864,scripts/mp/movers.gsc
5A16710A0BB21A41,scripts/mp/maps/cp_hydro/gen/cp_hydro_fx.gsc
5A1FC06D3A43414F,scripts/mp/maps/mp_regional_gw/mp_regional_gw_precache.gsc
5A35CEBC9B1C5C5A,scripts/autotests/gscunittest/test_gscunittest_cond.gsc
5A49B640B3BE2C62,scripts/mp/maps/mp_jup_observatory/mp_jup_observatory_lighting.gsc
5A4ADAD6D823A135,scripts/cp/crate_drops/cp_crate_drops.gsc
5A4D79C9F9CC343C,scripts/sp/maps/sp_t10_safehouse_defend/gen/sp_t10_safehouse_defend_art.gsc
5A5FB221017E5599,character/character_sas_urban_dmr.gsc
5A7FFCF1A1689317,scripts/mp/utility/spawn_event_aggregator.gsc
5A88521CA9831674,character/c_jup_sp_hero_price_bravo.gsc
5A8CD67BA19681DA,scripts/mp/equipment/stoppingpower.gsc
5A94D2ADFB79AC86,scripts/autotests/gscunittest/test_gscunittest_entity_field.gsc
5A986F95EA1207FB,character/civ_embassy_office_worker_female_1_1_smallhead.gsc
5AA680866E44FAA9,character/c_jup_sp_hero_gaz_london.gsc
5AAB45501D311DB6,scripts/mp/maps/mp_jup_m_exhibit/gen/mp_jup_m_exhibit_sound.gsc
5AB1B5D3E887F97B,scripts/mp/gametypes/br_publicevent_areadenial.gsc
5AB40AA9E7FBD159,scripts/cp/cp_spawn_factor.gsc
5AB5A61E70F0C7C5,scripts/mp/radio_tower.gsc
5ABAD0D7DD56A7ED,scripts/mp/maps/mp_jup_skidrow/mp_jup_skidrow_precache.gsc
5ABC580D67CA9CE0,character/c_jup_sp_civ_guard_01a.gsc
5AC37E007ABA969A,scripts/autotests/gscunittest/test_gscunittest_patch.gsc
5ACA4EC0A7477E57,character/c_jup_sp_enemy_pmc_support_02.gsc
5ACB344ADD63CAC4,scripts/cp_mp/weapons/lightning_chain.gsc
5ACCA65EB5557308,scripts/mp/gametypes/br_kingslayer.gsc
5AD0B736ADC3B105,scripts/sp/equipment/concussion.gsc
5AD480EE35535CC3,scripts/mp/killstreaks/hellstorm_missile_mp.gsc
5AD5F147557E7812,scripts/mp/maps/mp_jup_shipment_alt_3/gen/mp_jup_shipment_alt_3_art.gsc
5AE66D06F20630A9,scripts/mp/trials/mp_cave_am_create_script.gsc
5AF9038262D22C96,scripts/cp_mp/stealth/utility.gsc
5AF91DAD24C6122C,scripts/mp/trials/mp_m_king_create_script.gsc
5AFF2DFD3F05EDBF,scripts/killstreaks/bunker_buster.gsc
5B0E9F06E1EDB0ED,scripts/mp/maps/mp_jup_afghan_v2/gen/mp_jup_afghan_v2_fx.gsc
5B1543900ED6DBE1,scripts/common/dev_menu.gsc
5B1A0AE8FBC8C294,scripts/sp/equipment/throwingknife.gsc
5B1C34DC6525743C,scripts/mp/utility/sound.gsc
5B2B86275FAD8056,scripts/mp/maps/mp_floatinghouses/gen/mp_floatinghouses_art.gsc
5B3154990D1809C4,scripts/mp/gametypes/card_menu.gsc
5B32CC4BCFF6BF34,scripts/sp/door_scriptable.gsc
5B3352C9025375AE,scripts/mp/maps/mp_jup_resort_gw/mp_jup_resort_gw_lighting.gsc
5B44D014FBCC4324,scripts/mp/maps/mp_jup_scrapyard/mp_jup_scrapyard_lighting.gsc
5B685ED8CE43EEC7,scripts/game/sp/trigger.gsc
5B6E855E4BAE34F1,scripts/mp/bots/bots_gametype_br_solos_bb.gsc
5B6F151AAEED75B4,scripts/vehicle/london_cab.gsc
5B6F2B7F6E1A7D74,character/character_hero_alex_desert.gsc
5B79F5CE7E653825,scripts/mp/rangefinder.gsc
5B79F7D46D6479DD,scripts/cp_mp/killstreaks/killstreakdeploy.gsc
5B7D895F06BC7241,character/test_character_civ_male_rus_clerical.gsc
5B8208BF7FC0ACD4,scripts/mp/gametypes/rush.gsc
5B8D4951D00A1BD4,scripts/autotests/gscunittest/test_gscunittest_loop.gsc
5B8E6FDFE0E1B94F,xmodelalias/civilian_london_female_heads_skintone_light.gsc
5B8E8BB3DC00AE30,scripts/anim/animmode.gsc
5B8E9AA1AA9EB4BE,scripts/mp/maps/mp_m_penthouse/mp_m_penthouse_fx.gsc
5B9378EB64F6547D,scripts/mp/bots/bots_gametype_conf_jugg.gsc
5BA466890DCCF0E6,scripts/mp/equipment/pball.gsc
5BA9955F5F7C5E56,scripts/cp/cp_agent_patrol.gsc
5BAAB8414A807F5E,scripts/mp/maps/mp_jup_vertigo/gen/mp_jup_vertigo_art.gsc
5BB195F5D6C021FA,character/civ_syrkistan_male_doctor_nomask.gsc
5BB2C2648D32CD33,scripts/sp/maps/sp_t10_redacted/sp_t10_redacted_anim.gsc
5BB516A8645EADA9,scripts/zm/maps/zm_t10_garnet/zm_t10_garnet_spawn_closet_sound_create_script.gsc
5BBC3347BA096E70,scripts/mp/codcasterclientmatchdata.gsc
5BC86A57086A4774,scripts/mp/gametypes/br_champion_task.gsc
5BD78C7B9270C0E7,scripts/zm/systems/zm_laststand.gsc
5BE42EC18EF02AD3,scripts/mp/helmet.gsc
5BEE3EC20D14B069,scripts/asm/civilian/script_funcs.gsc
5BF0153CE3905131,scripts/mp/maps/mp_toujane2/gen/mp_toujane2_fx.gsc
5BF02C47B4E9291D,character/character_usmc_basic_ar_1_tape.gsc
5BF38AD0E3E6AEB8,scripts/mp/gametypes/xfire.gsc
5C0063AB6B81303F,scripts/mp/objidpoolmanager.gsc
5C081CEBBED6572E,scripts/mp/maps/mp_jup_security_area/mp_jup_security_area_lighting.gsc
5C1F2FF15EF59F24,xmodelalias/civilian_syrkistan_male_head.gsc
5C20F1E7C7674E01,scripts/mp/maps/mp_jup_escape5/gen/mp_jup_escape5_fx.gsc
5C323DA92D1EB1BD,scripts/mp/maps/mp_jup_rundown/mp_jup_rundown_precache.gsc
5C331B181262E30F,scripts/cp/killstreaks/emp_drone_cp.gsc
5C36B3719581F7CC,scripts/anim/init.gsc
5C396D3C3CF54DF4,scripts/mp/maps/mp_jup_home_01_alt_toon/mp_jup_home_01_alt_toon_lighting.gsc
5C483C780DB0B4AD,scripts/mp/animatedmodels.gsc
5C4AEFAD5D34D1AE,scripts/mp/maps/mp_t10_extraction/mp_t10_extraction_fx.gsc
5C4D38ACEBD11321,scripts/mp/maps/mp_jup_skidrow/mp_jup_skidrow.gsc
5C57B58C41BA827B,scripts/mp/maps/mp_fishtown_gw/gen/mp_fishtown_gw_fx.gsc
5C6B989A6F25F7FA,scripts/mp/gametypes/br_ending.gsc
5C82DC488283308D,scripts/sp/scriptedsniper.gsc
5C8DA7B678C8526E,scripts/mp/maps/mp_jup_drivethru/gen/mp_jup_drivethru_sound.gsc
5C9273E0753F93F7,scripts/cp/cp_battlechatter.gsc
5C98EFE42BA9CD51,character/character_spetsnaz_gasmask_ar_cp.gsc
5CB28C3B0110ED14,scripts/mp/maps/mp_fishtown_gw/mp_fishtown_gw_lighting.gsc
5CB72CC7E5761F50,scripts/sp/credits.gsc
5CB88BE8C7D9CE78,scripts/mp/maps/mp_jup_karachi/mp_jup_karachi_lighting.gsc
5CCABDBD8A103980,scripts/mp/utility/game_utility_mp.gsc
5CCC4374F6C041E3,scripts/mp/radiation.gsc
5CD03B706D917510,scripts/mp/maps/mp_jup_escape5_hell/mp_jup_escape5_hell_lighting.gsc
5CD1439734C434DC,scripts/mp/rank.gsc
5CD359CBCE951B70,xmodelalias/heads_civ_western_cold_boy.gsc
5CD95D34030AEF00,scripts/cp_mp/execution.gsc
5CDA8CA26672476C,scripts/mp/maps/mp_jup_terminal_alt/gen/mp_jup_terminal_alt_sound.gsc
5CDDD170DD0BA128,scripts/mp/maps/mp_jup_dubai/mp_jup_dubai_lighting.gsc
5CEFBBF3A6A9A8B0,scripts/mp/loot.gsc
5CF5A19CA055DA30,scripts/mp/maps/mp_jup_das_haus_alien/mp_jup_das_haus_alien_lighting.gsc
5D0EE174FC0B8A2A,scripts/smartobjects/stealth_lean_wall_r.gsc
5D1502BFC047C4A5,scripts/mp/maps/mp_crossing/mp_crossing_precache.gsc
5D15FEFDE0156662,scripts/cp_mp/killstreaks/init.gsc
5D1664FAC671C656,scripts/cp/vehicles/cp_helicopter_mi8.gsc
5D19350EE07A23F8,scripts/mp/maps/mp_jup_zooquarium/mp_jup_zooquarium_lighting.gsc
5D1BDBB0E8564315,scripts/cp/cp_ai_spawn_anim_skits.gsc
5D21AD9A400E70D7,character/character_civilian_syrkistan_boy_2_1.gsc
5D265B4FCA61F070,scripts/anim/dialogue.gsc
5D32D602790FF895,scripts/mp/maps/mp_oilfield_6v6/mp_oilfield_6v6.gsc
5D476BEB3ED72B3E,scripts/sp/maps/sp_jup_milbase/sp_jup_milbase_create_script.gsc
5D49465721058F19,scripts/sp/maps/sp_jup_gunship/sp_jup_gunship_precache.gsc
5D60F3490E255D4D,scripts/mp/maps/mp_mgl_verdansk/gen/mp_mgl_verdansk_fx.gsc
5D65FF68246F4EBB,scripts/mp/vehicles/vehicle_oob_mp.gsc
5D6AE07E5DCD8386,scripts/anim/civilian/civilian_death.gsc
5D6D604B4480D5BE,scripts/mp/bots/bots_gametype_koth_horde.gsc
5D76F37152BCF8A7,scripts/mp/gametypes/tactical_boost.gsc
5D8472F0F6851F3A,scripts/aitypes/dismember.gsc
5D8F456289A1D209,scripts/cp/killstreaks/airdrop_cp.gsc
5D97018ACE762A05,scripts/mp/maps/mp_oilfield_gw/mp_oilfield_gw.gsc
5DA43BCDA90B41E2,scripts/smartobjects/stealth_look_under_30.gsc
5DA4DF65A967BF2B,character/c_jup_sp_enemy_pmc_rocket_01_winter.gsc
5DB2E9B8D63C085E,scripts/mp/maps/mp_wartorn_gw/mp_wartorn_gw_fx.gsc
5DD2399EE4334524,scripts/mp/maps/mp_jup_gw_fallout/mp_jup_gw_fallout_create_script.gsc
5DD46724A68EA9E0,scripts/mp/vehicles/big_bird_mp.gsc
5DD566950249BCE6,scripts/game/sp/dialog_tree.gsc
5DD8416911399894,scripts/mp/maps/mp_jup_skidrow_alt/mp_jup_skidrow_alt_lighting.gsc
5DE3FB942E8F694A,xmodelalias/civilian_london_female_heads_nohair.gsc
5DE9067B193F86A7,scripts/mp/bots/bots_gametype_gun.gsc
5DEF7AF2A9F04234,scripts/mp/poi.gsc
5DFB97C3C1BFE621,scripts/mp/maps/mp_wartorn_gw/mp_wartorn_gw_precache.gsc
5DFCF74B41996511,scripts/mp/maps/mp_catedral/gen/mp_catedral_fx.gsc
5E09825FAD096272,scripts/sp/maps/sp_t10_safehouse_defend/sp_t10_safehouse_defend_lighting.gsc
5E0DDEE0791E26CF,scripts/game/sp/load.gsc
5E0F9B34A9395449,scripts/smartobjects/stealth_exposed_fire_up.gsc
5E1404F1499569F2,character/c_jup_sp_enemy_police_omon_03.gsc
5E2B5351AA45DD94,scripts/mp/bots/bots_gametype_resuperstore.gsc
5E2BE00F1E6A52F1,scripts/zm/maps/zm_t10_garnet/zm_t10_garnet.gsc
5E2DCB7FB9811781,scripts/mp/supers/super_emp_pulse.gsc
5E36C9821B4D5091,scripts/sp/input_watcher.gsc
5E3C47A2D76C521E,scripts/mp/maps/mp_jup_escape5/mp_jup_escape5_lighting.gsc
5E41D667569898DA,xmodelalias/civilian_me_male_veil_heads.gsc
5E4CB718386BF9F7,scripts/mp/maps/mp_jup_skydiving/mp_jup_skydiving.gsc
5E5302BED1C9AB54,scripts/cp/zombies/cp_consumables.gsc
5E5507D57BBBB709,scripts/cp/kits.gsc
5E585FDE5005268D,scripts/zm/livingworld/zm_t10_livingworld.gsc
5E58E8E8D674E067,scripts/sp/traffic_system.gsc
5E688A6F29DBB37D,xmodelalias/c_jup_civilian_london_female_body_02_skintone_dark.gsc
5E6C61131CA7155F,scripts/mp/maps/mp_jup_launchfacility/mp_jup_launchfacility_zone2_create_script.gsc
5E6D5DE83F5DAE1E,scripts/vehicle/techo.gsc
5E747F703EDB679F,scripts/mp/equipment/fulton.gsc
5E77375082D0D7FB,scripts/vehicle/veh9_sedan_hatchback_1985.gsc
5E9209A5B86A0A05,scripts/mp/maps/mp_jup_shipment_xmas/gen/mp_jup_shipment_xmas_fx.gsc
5E9464371FD886A0,scripts/mp/equipment/magsnap.gsc
5E9B04E45158DC5F,character/c_jup_sp_hero_gaz_urban.gsc
5E9E768A83DA2AD4,scripts/mp/utility/hitmarker.gsc
5E9EE20A8C623C8F,scripts/mp/gametypes/br_alt_mode_inflation.gsc
5EA18269586EF376,scripts/game/sp/player.gsc
5EB2D51A1D6C552C,scripts/mp/killstreaks/airstrike_mp.gsc
5EB8B0068A7E7C3B,scripts/mp/maps/cp_observatory/cp_observatory_precache.gsc
5EC16408401A8432,scripts/mp/maps/mp_jup_delta/gen/mp_jup_delta_art.gsc
5EC4D9EB49D5A95A,scripts/mp/maps/mp_jup_launchfacility/gen/mp_jup_launchfacility_art.gsc
5ED19553EEED5EEE,scripts/asm/shared/despawn.gsc
5ED4675E656240EC,scripts/mp/maps/mp_shoothouse2_mobile/gen/mp_shoothouse2_mobile_sound.gsc
5ED4787EDD990D3F,scripts/mp/bots/bots_gametype_resur_solos.gsc
5EE356D49B5EC5BE,scripts/mp/maps/mp_t10_island/gen/mp_t10_island_art.gsc
5EF30008F8FE780D,scripts/mp/gametypes/cyber.gsc
5EF6C5C3AFDBA79D,scripts/cp/so_utility.gsc
5F09CC6E22A3F571,scripts/cp_mp/vehicles/vehicle_utility.gsc
5F126E137C23B693,scripts/mp/equipment/pop_rocket.gsc
5F21B48725A24AB8,scripts/sp/maps/sp_t10_sabotage/sp_t10_sabotage_fx.gsc
5F28B06CE18481E6,scripts/cp_mp/equipment/battlerage.gsc
5F3139A12D66CEC5,xmodelalias/civilian_london_female_heads_skintone_med.gsc
5F321ADA793A03D4,scripts/mp/equipment/balloon.gsc
5F32E929DBA7D785,scripts/mp/maps/mp_jup_favela_alt/mp_jup_favela_alt.gsc
5F43E6C2D3AFC9A6,scripts/mp/killstreaks/jackal_mp.gsc
5F487329655D0C29,scripts/mp/maps/mp_jup_grandprix_pm_2/mp_jup_grandprix_pm_2.gsc
5F5A6BED6ACC0B64,scripts/mp/utility/join_squad_aggregator.gsc
5F5F33C65239A5E8,xmodelalias/russian_army_heads_safehouse.gsc
5F75DE291FA2FE7A,scripts/cp/agents/gametype_cp_wave_survival.gsc
5F7E89F1FC9CC469,scripts/mp/maps/mp_caves_gw/gen/mp_caves_gw_fx.gsc
5F7F27440541EF2A,scripts/sp/mg_penetration.gsc
5F8AA70D4F49E165,xmodelalias/heads_al_qatala_urban_06.gsc
5F903436642211AF,scripts/common/elevators.gsc
5FB752DC4088398D,scripts/mp/equipment/hauntedbox.gsc
5FDC2726D4AB11FE,scripts/mp/maps/mp_jup_greece/gen/mp_jup_greece_art.gsc
5FDF216092548A5F,scripts/cp/equipment/cp_thermite.gsc
5FE51CC7E509D8DD,scripts/mp/gametypes/dm.gsc
5FE5A4A17B460D24,scripts/mp/bots/bots_gametype_limbo.gsc
5FE7C482290F8F54,scripts/mp/maps/mp_t10_island/mp_t10_island_lighting.gsc
5FED28AD3185123C,scripts/mp/arbitrary_up.gsc
5FF9246D92DBA267,scripts/mp/maps/mp_jup_st_c_gw/mp_jup_st_c_gw_ob.gsc
5FFE68292DC22949,scripts/sp/player/edgehang.gsc
60031AC74593EA4C,scripts/unittest/private.gsc
60047945354CCA38,scripts/mp/maps/mp_showdown2/gen/mp_showdown2_art.gsc
600B944A95C3A7BF,scripts/cp_mp/utility/loot.gsc
601A3D850E6B66EB,scripts/mp/supers/honeypot.gsc
6024AD55E5032489,scripts/mp/spawnlogic.gsc
6031DE606E3833C4,scripts/sp/maps/sp_t10_storm/sp_t10_storm_fx.gsc
60394823A2363E1F,xmodelalias/civilian_london_female_body_02_skintone_light.gsc
603A0C399A1C506C,character/c_jup_sp_enemy_pmc_shield_01.gsc
60439530F7F7C8DA,scripts/sp/equipment/hallucinogenic_gas.gsc
6043CCF093C23E56,scripts/vehicle/attack_heli.gsc
604884B5C401B976,scripts/mp/bots/bots_gametype_dungeons.gsc
604E0C0070C6DCA0,scripts/cp/calloutmarkerping_cp.gsc
604F27C3626F911F,scripts/mp/equipment/oxygenmask.gsc
6067C167A3F99BBE,scripts/cp_mp/utility/inventory_utility.gsc
60842FAF6B334477,scripts/mp/bots/bots_sentry.gsc
60ABB2EDB1338747,scripts/cp/cp_remote_tank.gsc
60B034D62BD7ECFC,scripts/mp/maps/mp_jup_favela/gen/mp_jup_favela_sound.gsc
60B785787652FD92,xmodelalias/test_enemy_picc_heads.gsc
60BE114DF57C78E6,scripts/mp/globalentities.gsc
60C3BF3F97AAD8A1,scripts/unittest/error.gsc
60C7BC918A3C2D17,scripts/sp/equipment/flash.gsc
60CF62DBDAB4D632,scripts/mp/maps/mp_mgl_shipment_iw9/mp_mgl_shipment_iw9_fx.gsc
60D787A38293225F,scripts/mp/gametypes/br_helicopters.gsc
60DD02BEC5783ECD,scripts/mp/gamestaterestore.gsc
60DD48A1E6FA139E,scripts/mp/bots/bots_gametype_zonecontrol.gsc
60E3273DF6B5F7D1,scripts/mp/ai_sentry_turret.gsc
60E56DF818D7C2C9,xmodelalias/c_t10_usa_ally_swat_patrol_capitol_heads.gsc
60E6726C84077552,scripts/common/hints.gsc
60F3C09E4D664E82,scripts/mp/bots/bots_gametype_br_solos.gsc
610B43115246DE2E,character/character_civilian_syrkistan_boy_1_1.gsc
610BD8131D9BE7E9,scripts/mp/maps/mp_jup_m_blacksite2/gen/mp_jup_m_blacksite2_fx.gsc
610D10F06693A54C,scripts/cp_mp/crossbow.gsc
610F57BDDD265BE2,scripts/mp/gametypes/br_redeploy_drone.gsc
6116F707F442A7FB,character/c_jup_sp_enemy_pmc_grunt_03.gsc
611AD162483115C5,scripts/mp/bots/bots_gametype_hc_war.gsc
612169437B4C6658,scripts/mp/bots/bots_gametype_resurge_trios_fk.gsc
6137D6C723640951,character/character_civilian_syrkistan_boy_4_1.gsc
614274C9D7955636,scripts/mp/maps/mp_jup_rust_alt/mp_jup_rust_alt_fx.gsc
61428265A0B290C7,scripts/mp/bots/bots_gametype_infect_haunting.gsc
6144D86D9EE981D5,scripts/sp/player/secure.gsc
61451358FF5CC357,scripts/mp/maps/mp_swap_meet/gen/mp_swap_meet_fx.gsc
61452D7E0EA76EA8,character/character_iw8_sla_rebel_female_5_1.gsc
614C949BA8353FFB,scripts/mp/maps/mp_jup_swap_meet/gen/mp_jup_swap_meet_fx.gsc
615123260E7997D9,scripts/mp/maps/mp_jup_derail/mp_jup_derail_precache.gsc
6159D9FD44490F13,scripts/cp_mp/equipment_interact.gsc
615CABDF29B574C8,scripts/mp/maps/mp_t10_rm_grind/mp_t10_rm_grind_lighting.gsc
615CC6A1D8CFC10C,scripts/mp/maps/mp_jup_shipment_alt_3/gen/mp_jup_shipment_alt_3_sound.gsc
6165A32874AC7CA9,scripts/mp/gametypes/snatch.gsc
61686A3B6E6AE2D9,scripts/mp/maps/mp_jup_launchfacility/gen/mp_jup_launchfacility_fx.gsc
616AC24964989CC7,scripts/cp/killstreaks/white_phosphorus_cp.gsc
616B376207D768A2,scripts/mp/maps/cp_raid1_boss1/cp_raid1_boss1_lighting.gsc
61785096CD84035F,scripts/mp/javelin.gsc
6178FDB58DBDF919,scripts/common/interactive_map.gsc
617CD7DACAE8B0AF,scripts/cp/killstreaks/nuke_cp.gsc
61845E3EF8815F57,xmodelalias/bodies_civilian_asm_male_5.gsc
6195ADDEA6D52D81,scripts/mp/maps/mp_jup_favela/gen/mp_jup_favela_fx.gsc
61977CBE175B8054,scripts/mp/maps/mp_nogales_gw2/mp_nogales_gw2_fx.gsc
619BCE7F127C4546,scripts/mp/equipment/deployable_kiosk_drop.gsc
61AA6478814696A7,scripts/mp/maps/mp_regional_gw/mp_regional_gw.gsc
61BF9A918E4F7359,scripts/sound/snd_features.gsc
61C63D713FEF2CFF,scripts/quaked/script_vehicle_iw9_heli_blima_physics_notread.gsc
61C660E0E7A21001,scripts/mp/maps/mp_jup_das_haus/mp_jup_das_haus_precache.gsc
61C832EAFE73A951,scripts/sp/maps/sp_t10_interrogation_2/sp_t10_interrogation_2_truth_3.gsc
61D3A28B91E42C52,scripts/mp/maps/mp_bio_lab/gen/mp_bio_lab_art.gsc
61E27ED243D75CCA,scripts/sp/maps/sp_jup_surge/sp_jup_surge_fx.gsc
61E5D52DF893D8D2,scripts/sp/maps/sp_t10_contract/sp_t10_contract_intro.gsc
61EF79F49C19C9AA,scripts/aitypes/grenade_response.gsc
61FAF252FB75BE3A,scripts/mp/maps/mp_jup_bigmap_wz2/gen/mp_jup_bigmap_wz2_art.gsc
6206B59B7421726B,scripts/mp/maps/mp_sira_gw/mp_sira_gw_precache.gsc
62155C1F834BED3E,character/c_jup_sp_civ_guard_02.gsc
62172000A46A1193,scripts/mp/killstreaks/cluster_spike_mp.gsc
6220E048557955C6,character/c_jup_sp_civ_prisoner_05_a.gsc
6220E12CD13C3ED3,scripts/mp/equipment/advanced_supply_drop.gsc
622D09A3F1D899BF,scripts/cp_mp/vehicles/large_transport.gsc
6230AB696721E119,character/character_al_qatala_urban_lmg_variant.gsc
62360685460E1458,scripts/mp/wounded_movement.gsc
623A55B1697311EA,scripts/vehicle/mkilo23_ai_infil.gsc
623D6678CBDFE3E8,scripts/mp/maps/mp_jup_incline/mp_jup_incline_fx.gsc
62475AC39CFCD0C2,scripts/mp/tripwire_mp.gsc
6248F6C8DAD0EF7C,scripts/mp/maps/mp_jup_home_01/gen/mp_jup_home_01_art.gsc
6256D4509C1489D0,scripts/mp/clientmatchdata.gsc
625F6BFF80C4B4E2,scripts/mp/maps/mp_jup_karachi/mp_jup_karachi_fx.gsc
626D10F8763CC956,character/civ_london_female_skintone_light.gsc
626E03DD36BDC6CF,character/test_character_civ_male_london_01.gsc
627139B9D8490BEF,character/character_al_qatala_urban_cqb_variant.gsc
62761DCD7830BB44,scripts/cp/killstreaks/juggernaut_cp.gsc
6276E85E5A96FA38,scripts/common/bots/bots_util.gsc
627FDF1F24DC8CA9,character/character_iw8_russian_army_ar_1_gasmask.gsc
6283D86CC2431770,xmodelalias/c_t10_civ_f_heads_black.gsc
628490D413593CD4,character/character_iw8_al_qatala_urban_female_03.gsc
6288925406C5D2AC,scripts/mp/maps/cp_mission_esc/gen/cp_mission_esc_sound.gsc
628CA13CA440FAFE,scripts/mp/maps/mp_jup_home_01/gen/mp_jup_home_01_sound.gsc
628CEF0A0B5F8066,scripts/common/vehicle_damage.gsc
629495DD20A7676C,scripts/sp/equipment/offhands.gsc
62981546738D0592,scripts/mp/bots/bots_gametype_mini.gsc
629A97C763E17711,scripts/mp/leagueplay.gsc
629BF3BE88C38481,scripts/cp_mp/utility/script_utility.gsc
62A045B3224F0C4F,scripts/mp/bots/bots_gametype_lp_control.gsc
62A25A7E8DB90288,scripts/zm/maps/zm_t10_garnet/zm_t10_garnet_lighting.gsc
62A60CA102120D08,scripts/mp/maps/mp_jup_shipment_alt_4/gen/mp_jup_shipment_alt_4_sound.gsc
62B017DCF7B211F5,scripts/mp/maps/mp_narcos/mp_narcos.gsc
62B2946CC63C0E99,scripts/cp/so_utility_code.gsc
62C406CBA235D006,scripts/mp/maps/mp_jup_sira/gen/mp_jup_sira_art.gsc
62C90DBF40D302D1,scripts/mp/maps/mp_jup_terminal/mp_jup_terminal.gsc
62E0B7188E7534AB,scripts/mp/equipment/tac_insert.gsc
62E168CCD910BE81,scripts/cp/coop_super.gsc
62E660BE1C9E00D0,scripts/cp/coop_priority_queue.gsc
62F044B0BDE21572,scripts/cp/cp_juggernaut.gsc
62F467BDB1BB7BA9,scripts/mp/maps/mp_jup_tower/mp_jup_tower.gsc
62F8D390888E967A,scripts/mp/maps/mp_jup_gw_fallout/mp_jup_gw_fallout_fx.gsc
6318547A70575AE4,scripts/common/interactive.gsc
631F011549331C7B,scripts/mp/vehicles/vehicle_compass_mp.gsc
633D877F25EB7850,scripts/mp/maps/mp_jup_st_c_gw/gen/mp_jup_st_c_gw_sound.gsc
63407818698EE089,scripts/cp/perks/cp_prestige.gsc
63487AB57AA2A5CB,xmodelalias/test_alias_civ_london_male_1_body.gsc
635B93BA2B90F882,scripts/sp/vehicle_aianim.gsc
637608538C1FA784,scripts/mp/maps/mp_jup_favela_alt/mp_jup_favela_alt_lighting.gsc
6383E87BEF9D595A,scripts/mp/bots/bots_gametype_elim.gsc
63847839C2EB90CF,scripts/engine/sp/utility.gsc
6385D36B67D7DADD,xmodelalias/heads_iw9_enemy_aq_tier2_1.gsc
638C81FE20AA2031,scripts/mp/maps/mp_delta/gen/mp_delta_fx.gsc
638CA7D8BCE8E0BE,scripts/common/vehicle_tracking.gsc
63905037DE9B59B9,xmodelalias/c_t10_iraqi_republicguard_hurt_heads.gsc
6394291F25436853,scripts/cp/cp_escalation.gsc
639687EEE6B8EDBF,scripts/vehicle/lbravo.gsc
639BF783929ACF9B,scripts/cp_mp/currency.gsc
63B5B9EC04495968,scripts/sp/maps/sp_t10_contract/sp_t10_contract_fx.gsc
63B9940FAA57E861,scripts/mp/gametypes/oic.gsc
63C2DF92438CDF43,scripts/common/callbacks_shared.csc.gsc
63CF88C28239DC76,scripts/vehicle/veh9_suv_overland_2016.gsc
63CFE7F1AAFAD8CA,xmodelalias/bodies_al_qatala_desert_01.gsc
63DE70BAA2A6268D,scripts/sp/door_ai.gsc
63E4973D6B4FB2BA,scripts/mp/maps/mp_observe_gw/mp_observe_gw_fx.gsc
640A038BEEC1CAE5,scripts/mp/maps/mp_jup_das_haus_alien/mp_jup_das_haus_alien_precache.gsc
640CF1641C03E2A0,scripts/mp/ai_mp_paratrooper.gsc
640E857451ACF0F9,scripts/mp/maps/mp_jup_shipment_alt_5/mp_jup_shipment_alt_5_precache.gsc
6418EDAF39CA3043,character/character_sla_rebels_male_lmg_2_1.gsc
641E4E9B12A99632,scripts/mp/gametypes/bradley_spawner.gsc
641E66EDABFEBB7B,character/character_spetsnaz_ar_cp.gsc
642082E8EDBA5663,scripts/mp/autopilot.gsc
6425B8A5D8FA9C99,scripts/mp/maps/mp_scrapyard_mobile/mp_scrapyard_mobile_precache.gsc
642C5544C38837A2,scripts/mp/killstreaks/supply_sweep.gsc
642F383F63E13867,character/character_iw8_sla_rebels_female_prisoner_2.gsc
64316DC775E91122,scripts/cp_mp/pack_a_punch.gsc
6433CEF13F2CEB0C,scripts/mp/bots/bots_gametype_rescue.gsc
6444AE2114F8DDED,scripts/autogenerated/luielems/ingame/anchoredhint.gsc
644C18834356D9DC,scripts/cp/munitions.gsc
6451646090824DA0,scripts/mp/analyticslog.gsc
6456325755429358,scripts/mp/maps/mp_jup_swap_meet/gen/mp_jup_swap_meet_art.gsc
64577D431C7881F3,character/character_iw8_al_qatala_urban_07.gsc
64843E0F8AB56316,scripts/mp/maps/mp_jup_das_haus/gen/mp_jup_das_haus_art.gsc
648662AC64713336,scripts/mp/supers/spawnbeacon.gsc
6489FCDFE6FA2E36,scripts/mp/gametypes/br_spectate.gsc
6492C24B29BE0B38,scripts/sp/equipment/gas_trap.gsc
6497128335C56DF6,character/c_jup_sp_enemy_pmc_rocket_02.gsc
64A27E8746EBCED4,scripts/mp/maps/mp_jup_growhouse/mp_jup_growhouse_lighting.gsc
64A7782904A8A235,scripts/mp/maps/mp_jup_m_exhibit/mp_jup_m_exhibit.gsc
64ACB6CE534155B7,scripts/mp/gametypes/br_contract_manager.gsc
64AFAE76CCB166FC,scripts/mp/hud_util.gsc
64BF6197FB31969C,scripts/mp/maps/mp_jup_rust_alt/mp_jup_rust_alt_lighting.gsc
64C1050790145369,scripts/mp/maps/mp_crossing/gen/mp_crossing_fx.gsc
64C3321543BBEFD8,scripts/mp/killstreaks/emp_drone_targeted_mp.gsc
64CC71FD74E193FC,scripts/mp/maps/mp_jup_rust/mp_jup_rust_lighting.gsc
64CDBFBB81EEC3C1,scripts/mp/maps/mp_jup_home_01/mp_jup_home_01_precache.gsc
64D6DB6054238125,scripts/mp/weapons.gsc
64E2037F2E0D7C04,scripts/mp/gametypes/br_publicevent_restock.gsc
64E4C3AB6B01B316,scripts/mp/gametypes/br_armor.gsc
64EACF6046BF3D0E,scripts/mp/accessories.gsc
64EB289CBBBCAD3A,scripts/zm/maps/zm_t10_garnet/zm_t10_garnet_script_livingworld_create_script.gsc
64ED3F563E509B56,character/character_iw8_russian_army_1_trial.gsc
6502388F94EF008C,scripts/mp/maps/mp_narcos/gen/mp_narcos_sound.gsc
6506FBADED86192E,scripts/mp/maps/mp_jup_urca/gen/mp_jup_urca_art.gsc
650FA6593ACFEE24,scripts/mp/global_fx_code.gsc
6521D982BF70251E,scripts/mp/maps/mp_wartorn/gen/mp_wartorn_sound.gsc
653022EEAAC72479,scripts/sp/vehicle_paths.gsc
6536575AAA6EB4FD,xmodelalias/bodies_civilian_asm_female_4.gsc
653970BFFE964E7E,xmodelalias/c_jup_zmb_zombie_base_female_jeans_body_rz.gsc
6549CFD94ABD4097,scripts/sp/equipment/ied.gsc
654E122DC9AFB446,scripts/autotests/test_vehicles_seats.gsc
655264B2E0A7579E,scripts/mp/gametypes/br_gametype_zxp.gsc
655421A14C8237FF,character/c_jup_sp_civ_prisoner_02_b_riot.gsc
655BAFD7450B7EBD,xmodelalias/civilian_syrkistan_male_body_embassy.gsc
655C6BA9D63DB5C0,scripts/mp/bots/bots_gametype_resur_trios.gsc
655F3CC5D8227E98,scripts/mp/utility/points.gsc
6561960AB1B832BD,scripts/mp/maps/mp_catedral/mp_catedral.gsc
6563DD1C0DB7EEB8,scripts/cp/drone/scout_drone.gsc
65682009E2287F13,scripts/mp/perks/perk_equipmentping.gsc
6573711C77DAF7C1,scripts/mp/maps/mp_jup_blackheart/gen/mp_jup_blackheart_fx.gsc
6579654744EEAD12,scripts/mp/maps/mp_saba2/mp_saba2_fx.gsc
657B7E6F27CB96D0,scripts/mp/maps/mp_jup_paris/gen/mp_jup_paris_art.gsc
657BF1FC6A104AD1,scripts/mp/maps/mp_strike/mp_strike.gsc
65857742930F82E4,scripts/mp/maps/mp_jup_st_c_gw_wz/gen/mp_jup_st_c_gw_wz_sound.gsc
659006377018DD82,scripts/mp/maps/mp_catedral_hlwn/gen/mp_catedral_hlwn_art.gsc
6593C1EBF8A7DF0E,scripts/sp/maps/sp_t10_safehouse_recovery/sp_t10_safehouse_recovery_audio.gsc
6595ED698585F630,scripts/mp/turret.gsc
659C5B2112E17034,scripts/common/ai.gsc
659CA7FD38DEAF8F,scripts/smartobjects/stealth_look_around.gsc
659F8E8540BE7B58,scripts/cp/cp_lock_door.gsc
65A96EA484CF876D,scripts/mp/playerhealth.gsc
65AD65C4B015774A,scripts/mp/maps/mp_jup_bm_live/gen/mp_jup_bm_live_art.gsc
65AE0E1C8B50D64E,scripts/mp/maps/mp_jup_skidrow_alt/mp_jup_skidrow_alt_fx.gsc
65B4D28B817AB391,scripts/mp/bots/bots_gametype_xfire.gsc
65BE943E0E93DC32,scripts/mp/maps/cp_mission_esc/gen/cp_mission_esc_art.gsc
65C8E60DC93B7808,scripts/mp/utility/disconnect_event_aggregator.gsc
65C9C2547F74FB42,scripts/sp/maps/sp_t10_contract/sp_t10_contract_audio.gsc
65D0191B88E1EAB3,scripts/mp/utility/join_team_aggregator.gsc
65D0CF27D12F664B,scripts/mp/maps/mp_jup_farm_18/mp_jup_farm_18.gsc
65DD81F3017F5CAD,scripts/cp/cp_create_script_utility.gsc
65DF1EA6C7E0B8CE,scripts/mp/gametypes/team_gun.gsc
65E1DFAB60102E56,scripts/cp/agents/gametype_cp_strike.gsc
65EA9E66674F5009,scripts/mp/maps/mp_nogales_gw2/gen/mp_nogales_gw2_fx.gsc
65EC25DA122EFE3C,scripts/cp/munitions_crate.gsc
65F58F3C394DCF9A,scripts/mp/gametypes/dmz_audio.gsc
66071DC73129D4E0,scripts/mp/gametypes/force_field.gsc
66122A002AFF5D57,scripts/cp/pickups.gsc
66200B7BF3FE7A49,scripts/mp/gametypes/wm_utility.gsc
662CBAC61C1AE7E2,scripts/mp/gametypes/dmz_safes.gsc
662E724A4E9123D5,scripts/mp/maps/mp_jup_st_c_gw/gen/mp_jup_st_c_gw_fx.gsc
66355101EDE77E88,scripts/sp/maps/sp_t10_contract/gen/sp_t10_contract_art.gsc
663A96F7D241DB77,scripts/mp/maps/mp_intercept/mp_intercept_precache.gsc
6646666A216F65F5,scripts/mp/bots/bots_gametype_resur_trios_delta.gsc
664C60C6B4325FBB,scripts/cp_mp/vehicles/little_bird_mg.gsc
6663215F917210AE,scripts/mp/gametypes/obj_dom.gsc
667E082B97EDF486,scripts/cp/utility/player_frame_update_aggregator.gsc
66843F0D9500DAC4,scripts/mp/maps/mp_m_exhibit/mp_m_exhibit_lighting.gsc
6684ADDEC583061D,scripts/mp/maps/mp_jup_dubai/mp_jup_dubai_precache.gsc
6692AC662B0566F4,character/civ_child_interrogation.gsc
6695768C8D8C0AC9,scripts/cp_mp/vehicles/vehicle_mines.gsc
669760F0500E4358,scripts/cp_mp/uav_tower.gsc
669A259AF13C5E60,scripts/asm/shared/mp/utility.gsc
669AD36328D86215,scripts/mp/legendary_contracts.gsc
66ACAC5596212D71,character/character_al_qatala_desert_cqc.gsc
66B6D782FB63652E,scripts/cp/cp_claymore.gsc
66B78D929B713F28,scripts/mp/maps/mp_shoothouse2_mobile/mp_shoothouse2_mobile_lighting.gsc
66B95516D39196A1,scripts/cp/inventory/cp_ac130.gsc
66BC0E8C6B102C85,scripts/sp/ai_spawn_director.gsc
66BCAC2848C103C4,xmodelalias/c_jup_zmb_zombie_base_male_suit_body_yz.gsc
66BFF03F5F3A9627,scripts/cp/killstreaks/helper_drone_cp.gsc
66CCB84CD932427A,character/character_iw8_sla_rebels_female_prisoner_1.gsc
66CF1FB5A503DC23,scripts/mp/events.gsc
66D1063967FA26FA,scripts/mp/outline.gsc
66D2ABDFD52974AC,scripts/mp/maps/mp_jup_shipment_alt_4/mp_jup_shipment_alt_4_lighting.gsc
66DF4568C2E58D95,scripts/mp/maps/mp_mgl_catedral/gen/mp_mgl_catedral_fx.gsc
66EE87DF5C2B310E,scripts/mp/gametypes/golf.gsc
66F420400FE7947E,scripts/mp/maps/mp_grandprix_pm_2/mp_grandprix_pm_2_fx.gsc
66FFCF39AE863223,scripts/cp/raid_utility.gsc
670996572E6CF2E0,scripts/mp/bots/bots_gametype_ob.gsc
671720F8800EE774,scripts/mp/maps/mp_t10_training_br/mp_t10_training_br_lighting.gsc
6718203CA0C26EB5,scripts/sp/save.gsc
6721E69491B4F122,scripts/cp/cp_manned_turret.gsc
672A73FD8EF30F77,character/civ_syrkistan_girl_7_1.gsc
6731BE38C3B94FF7,scripts/mp/gametypes/br_attractions.gsc
6737E57A4723484F,scripts/mp/killstreaks/nuke_mp.gsc
6748E0ED34B820E0,scripts/mp/brclientmatchdata.gsc
674AB09A68B9C4DD,scripts/mp/maps/mp_jup_shipment_alt_4/mp_jup_shipment_alt_4.gsc
674F760278C8F94C,scripts/mp/maps/mp_jup_shipment_alt_toon/mp_jup_shipment_alt_toon_lighting.gsc
6752CB0792DDF2FB,character/c_jup_sp_civ_guard_01.gsc
67554F1A4F439EB7,scripts/mp/vehicles/damage.gsc
6758EC309001BA92,scripts/mp/maps/mp_showdown2/gen/mp_showdown2_sound.gsc
6766F0F7D32E396D,scripts/mp/maps/mp_swap_meet/mp_swap_meet.gsc
67676FC33B20EFE8,scripts/sp/maps/sp_t10_union/sp_t10_union_fx.gsc
676F8221E501BED1,scripts/mp/supers/vehicle_drop.gsc
67708F418B1FAC79,scripts/mp/gametypes/br_gulag.gsc
6777821E513916BE,scripts/mp/maps/mp_saba2/gen/mp_saba2_sound.gsc
67867A1F12BFFE59,scripts/cp_mp/powershud.gsc
678713DE7995C2B1,scripts/mp/maps/mp_m_canal/mp_m_canal_precache.gsc
678C5C71ACF4B238,scripts/mp/maps/cp_raid1_trap/gen/cp_raid1_trap_sound.gsc
67953482877E2F2C,scripts/cp_mp/vehicles/jeep.gsc
679D83E0429FA261,scripts/mp/maps/mp_historic_gw2/gen/mp_historic_gw2_fx.gsc
67AF09749E4A06CE,character/civ_syrkistan_girl_4_1.gsc
67B18FF65F97577E,scripts/mp/maps/mp_swap_meet/gen/mp_swap_meet_sound.gsc
67B6303E6C36F1AF,scripts/mp/equipment/firstaid.gsc
67C349D22DA43235,xmodelalias/c_t10_gbl_civ_m_service_heads.gsc
67CAD459FB81CF11,character/c_jup_sp_civ_prisoner_04.gsc
67D1396D2B710E12,character/hero_xo_farah_variant.gsc
67D8AE51DA6C4EFC,character/character_al_qatala_urban_bomber.gsc
67E57A882ECF574A,scripts/mp/equipment/deadsilence.gsc
67E6850B771B9C89,scripts/cp_mp/vehicles/light_tank.gsc
67F0EF4494C59910,xmodelalias/civilian_me_female_veil_bodies.gsc
67FE8662FD265E92,scripts/mp/gametypes/war.gsc
68089CE1EA270B3B,scripts/aitypes/bt_util.gsc
6815796065987415,scripts/asm/shoot/script_funcs.gsc
68270E4D2D51F210,scripts/mp/maps/mp_t10_nuketown/mp_t10_nuketown_logic.gsc
6827653B290021C0,scripts/cp/player_death.gsc
682A2E8B3A107A71,scripts/mp/maps/mp_jup_observatory/gen/mp_jup_observatory_fx.gsc
682E691164A5AB01,xmodelalias/bodies_civilian_uk_female_surge_2.gsc
683AE4F9A5D01CA8,scripts/mp/vehicles/pickup_truck_mp.gsc
683AF0D8CF67BCD2,xmodelalias/c_t10_civ_f_heads_white.gsc
68442FBBEE7347B6,scripts/smartobjects/stealth_lean_table_l_36.gsc
6853191397EC0259,scripts/common/shellshock_utility.gsc
6867234FFDC3D080,scripts/cp_mp/utility/game_utility.gsc
68765C58AD964CD8,scripts/mp/utility/debug.gsc
68818DD6020A3887,scripts/cp/cp_enemy_tank.gsc
68A58E7E39933728,scripts/mp/equipment/c4molotov.gsc
68A8A79A7E9DCEC2,scripts/mp/maps/mp_t10_fallout/mp_t10_fallout_fx.gsc
68AE53C986C67804,scripts/mp/maps/mp_benchmark/mp_benchmark_lighting.gsc
68B37C1D85B7E9E0,scripts/cp/coop_escort.gsc
68C270174E9CD90F,scripts/engine/scriptable_door.gsc
68D0EC4761C3B841,scripts/mp/maps/mp_jup_karachi/mp_jup_karachi.gsc
68D2819FB2878D27,scripts/sp/friendlyfire.gsc
68D553ABF58DA9BE,character/civ_al_qatala_urban_civ_female_whitetop.gsc
68DE830F27D8E81D,xmodelalias/heads_civilian_asm_male_2.gsc
68E5CD29AFF4CA18,scripts/mp/maps/mp_jup_karachi/gen/mp_jup_karachi_art.gsc
68E74CFB32B8E472,scripts/mp/maps/mp_jup_observatory/gen/mp_jup_observatory_art.gsc
68EC7E7BF5163661,behaviortree/civilian.gsc
68F2D155FDC71B61,scripts/mp/maps/mp_embassy_hlwn/mp_embassy_hlwn_precache.gsc
68F30D35A871E12A,scripts/mp/bots/bots_gametype_resur_trios_sealion.gsc
6900576BE6FFCEA7,character/character_usmc_basic_ar_2.gsc
691E2038F3B3095D,scripts/mp/maps/cp_mission_high_ground/cp_mission_high_ground.gsc
692B19B8E5F8F9E8,scripts/common/utility.gsc
692D49EC3459CE99,scripts/sp/equipment/green_beam_offhand.gsc
6930322303731B24,xmodelalias/c_jup_zmb_zombie_base_long_shirt_head_gz.gsc
69342D6C299AFDB8,scripts/quaked/script_struct_mp_jup_orav.gsc
69399199AA50AF95,character/civ_syrkistan_girl_5_1.gsc
693AF273776F420A,scripts/mp/killstreaks/plane.gsc
693C29D64B83755B,character/character_al_qatala_trials.gsc
6943FF13D2874F00,scripts/sp/maps/sp_t10_interrogation_2/sp_t10_interrogation_2_hub_2.gsc
69480EEFB6BA5468,character/character_sla_rebels_male_dmr_2_1.gsc
69527A4B7BDE4891,character/character_iw8_russian_army_1_safehouse.gsc
695A6FFECB74E372,scripts/mp/maps/mp_jup_slaughterhouse/gen/mp_jup_slaughterhouse_art.gsc
695D2053FC9315B3,scripts/asm/soldier/zombie_react.gsc
696FFF562405B437,xmodelalias/c_t10_civ_m_heads_white.gsc
6977064AFBA29D1A,scripts/mp/trials/mp_m_cornfield_floor_is_lava_create_script.gsc
698B2FBED0A61030,scripts/mp/maps/mp_jup_dubai/mp_jup_dubai_audio.gsc
699319EBB3058664,scripts/mp/awards.gsc
69A005BA63022C32,scripts/mp/archetypes/archassault.gsc
69A85EF2F4D44B35,scripts/sp/maps/sp_t10_interrogation_2/sp_t10_interrogation_2_code.gsc
69AABD445950F51C,character/character_hero_hadir_pw.gsc
69B14D5C5AFBC1E4,scripts/mp/maps/mp_wartorn_gw/mp_wartorn_gw_lighting.gsc
69C2C8AD1C1A4602,scripts/common/lbravo_ai_infil.gsc
69D108EA2642F37F,xmodelalias/bodies_jup_sp_enemy_pmc_surge_plain.gsc
69D4ADE76A80C6FE,scripts/mp/equipment/spycam.gsc
69D669F2F0DDF801,character/character_cp_al_qatala_desert_cqc.gsc
69E05503CECC53DA,scripts/mp/maps/mp_jup_incline/gen/mp_jup_incline_art.gsc
69E2BD5810461FD1,scripts/mp/maps/mp_jup_bigmap/mp_jup_bigmap_ob.gsc
69E30AD84737C849,scripts/mp/trials/trial_target_utility.gsc
69E728578D1CF117,character/c_jup_sp_enemy_police_kastovia_01.gsc
69FDEC9FC8CCFB18,scripts/aitypes/c12api.gsc
6A0B0E660F7EDB04,scripts/cp/loot_system.gsc
6A23AC3A138CE399,character/character_hero_hadir_prisoner.gsc
6A297C1028F46524,scripts/mp/gametypes/br_blueprint_extract_spawn.gsc
6A2F5323C014822A,scripts/mp/maps/mp_jup_underpass/gen/mp_jup_underpass_sound.gsc
6A38016EF46D5653,character/c_jup_sp_enemy_pmc_rocket_01.gsc
6A4190022C745CFD,scripts/sp/player.gsc
6A46378AF0D33F53,scripts/mp/equipment/throwstar_mp.gsc
6A4DD5B41C09D1DC,scripts/mp/bots/bots_util.gsc
6A4F94D5CE64620C,xmodelalias/c_t10_usa_civ_f_formal_capitol_body_mideast.gsc
6A5D3BF7A5B7064A,scripts/common/damage_effects.gsc
6A75A0E30E544379,scripts/mp/maps/mp_jup_greece/mp_jup_greece_precache.gsc
6A7DCCABF0024867,scripts/mp/bots/bots_gametype_arm.gsc
6A7FF1189B521A74,scripts/mp/maps/mp_t10_rm_firingrange2/mp_t10_rm_firingrange2_fx.gsc
6A8018994EBC5564,scripts/mp/gestures_mp.gsc
6A858966978CD595,scripts/cp_mp/equipment/bottle.gsc
6A882BFFAA912374,scripts/mp/maps/mp_catedral_hlwn/mp_catedral_hlwn_fx.gsc
6A8EC730B2BFA844,scripts/mp/pmc_missions.gsc
6A96208943F72722,character/character_al_qatala_urban_civ_8.gsc
6A977A0EDF312405,scripts/cp_mp/fogofwar.gsc
6A9843AC9E1D10C2,scripts/mp/gametypes/gun.gsc
6A9EA1E319F74B9C,scripts/vehicle/victor40.gsc
6AA2552F6B9D4DBE,xmodelalias/heads_london_police.gsc
6AA74DD6DD03ADD7,scripts/mp/maps/mp_jup_home_01/gen/mp_jup_home_01_fx.gsc
6AA93645884DA7DA,scripts/sp/maps/sp_t10_contract/sp_t10_contract_restaurant_cs.gsc
6AAA6F1605FD0637,scripts/mp/gametypes/br_convoy.gsc
6AB1467D997BDA54,scripts/mp/equipment/shuriken.gsc
6AB7D7AB10C12680,scripts/mp/killstreaks/circle_peek_mp.gsc
6AB80473DDB4F43C,xmodelalias/c_jup_zmb_zombie_base_female_jeans_head_rz.gsc
6ACB5B3A345C82D0,scripts/autotests/test_gpusoak.gsc
6ACB7F00093CFAD1,scripts/mp/maps/mp_oilfield_6v6/mp_oilfield_6v6_precache.gsc
6ADCC148F9B3971B,scripts/aitypes/common.gsc
6ADFF4313BF0028A,scripts/smartobjects/stealth_rage_bash.gsc
6AE1A60E4389B2B2,scripts/mp/trials/mp_trl_gunslinger_knife_create_script.gsc
6AF5A625487866C5,scripts/mp/maps/mp_arn_zone1/mp_arn_zone1.gsc
6AF9D8FCF2ABF37E,scripts/mp/maps/mp_oilfield_gw/mp_oilfield_gw_fx.gsc
6AFAA0F7EB512CFF,scripts/cp_mp/vehicles/vehicle_interact.gsc
6AFF3948CF4CCA03,scripts/mp/gametypes/br_plunder.gsc
6B0663A111030B30,scripts/mp/equipment.gsc
6B0802F0AC29060A,scripts/mp/infilexfil/rappel_hackney_infil.gsc
6B0C3F4F36B7C402,scripts/mp/bots/bots_gametype_ob_rift_run.gsc
6B1182680629AD28,scripts/mp/maps/mp_saba2/mp_saba2_lighting.gsc
6B1808AAE16EFF83,scripts/sound/snd.gsc
6B18C507926DD700,scripts/cp/gameobjects.gsc
6B194C8BEFEBC70D,character/character_usmc_basic_ar_4.gsc
6B1A8780E4915610,scripts/autotests/gscunittest/test_gscunittest_ops.gsc
6B1B032801F22199,scripts/sp/maps/sp_t10_interrogation_2/sp_t10_interrogation_2_hub_1.gsc
6B27C87CEBA6977E,scripts/mp/maps/mp_townhouses/mp_townhouses_fx.gsc
6B2F8EB77A690CE7,xmodelalias/bodies_civilian_uk_male_surge_3.gsc
6B32EE5ECE1EF0BA,character/c_jup_sp_enemy_pmc_juggernaut_02.gsc
6B416A9A28560F05,scripts/mp/gametypes/esc.gsc
6B4715003EA60CAD,scripts/cp/cp_snakecam.gsc
6B4907D1FFFDCE37,scripts/mp/killstreaks/chopper_support_mp.gsc
6B4A3430E3047A85,scripts/mp/maps/mp_jup_tower/mp_jup_tower_precache.gsc
6B4E7F27F6A66514,scripts/mp/s2_utility.gsc
6B61C04E16F09815,character/c_jup_sp_enemy_pmc_shield_02.gsc
6B62860A8ACD5C43,scripts/mp/gametypes/siege.gsc
6B68D5C37BA1B187,scripts/mp/maps/cp_mission_esc/cp_mission_esc.gsc
6B6DF7FD63816B70,xmodelalias/t10_usa_dc_security_combat_black.gsc
6B7FA02503D72E1A,xmodelalias/bodies_al_qatala_urban_lmg_variant.gsc
6B8028F08D500E4F,scripts/mp/gametypes/br_publicevent_roguesignal.gsc
6B834025F4D1FFC2,scripts/mp/maps/mp_t10_rm_firingrange2/mp_t10_rm_firingrange2_lighting.gsc
6B8FF7EE139C8671,scripts/mp/maps/mp_jup_shoothouse2/mp_jup_shoothouse2_precache.gsc
6B9A34CAFADA0815,character/character_hero_price_undercover.gsc
6BABB6BF6CC7AB7D,scripts/mp/maps/mp_jup_swap_meet/mp_jup_swap_meet.gsc
6BAC4BF21B7AC03D,xmodelalias/c_t10_usa_dc_metro_police_02_body_black.gsc
6BADEA8BBC8ECFF0,character/character_hero_price_urban_nvg.gsc
6BAF465BAEEF428A,scripts/mp/bots/bots_gametype_front.gsc
6BB1B234318E600C,scripts/cp/cp_destruction.gsc
6BB8F6CAED380A0E,character/character_spetsnaz_ar_nvg_fixed_cp.gsc
6BC66A8870DD6A14,scripts/mp/maps/mp_jup_tower/gen/mp_jup_tower_art.gsc
6BC926FC1B25BE60,character/c_jup_sp_civ_guard_04.gsc
6BD6931761011BDE,scripts/mp/equipment/support_box.gsc
6BE099E1A7ECAA65,scripts/mp/maps/mp_jup_shipment_alt/mp_jup_shipment_alt.gsc
6BE15F8F758842C7,scripts/mp/gametypes/mp_zombie_abilities_dog_charge_anim.gsc
6BF16C469FB24328,scripts/mp/gametypes/ob_season5.gsc
6BF234E166BC3A0F,scripts/common/save.gsc
6BFE39BD5C12F84A,scripts/common/visibility_mode.gsc
6C13DB1E00628C1E,scripts/mp/maps/mp_t10_extraction/gen/mp_t10_extraction_art.gsc
6C2442DC9480C615,xmodelalias/heads_civ_western_boy.gsc
6C32B2AEB4EFF172,scripts/common/ai_settings.gsc
6C3519078B1737B3,character/alq_syrkistan_female_scarf_red.gsc
6C4B18CF3A82D31D,scripts/autotests/gscunittest/test_gscunittest_threads.gsc
6C4E8CEA70BF4B6D,scripts/mp/gametypes/dmz_task_utils.gsc
6C4EFA38D9C4B14E,scripts/cp/cp_spawning_util.gsc
6C51A4683DDD882C,scripts/mp/maps/mp_t10_benchmark/mp_t10_benchmark_lighting.gsc
6C56BE85DC248D98,scripts/mp/final_killcam.gsc
6C59B261C6CF53C8,scripts/aitypes/combat_mp.gsc
6C5D610FA28C9D35,scripts/mp/maps/mp_jup_growhouse/mp_jup_growhouse.gsc
6C5F37B73038304F,character/civ_london_male_embassy_ambassador.gsc
6C6002B6E71ACD2E,scripts/sp/maps/sp_t10_heist/sp_t10_heist_audio.gsc
6C608038DD43CDA7,scripts/mp/maps/mp_frontend_jup_01/mp_frontend_jup_01_precache.gsc
6C67979D85B5E606,xmodelalias/test_alias_civ_london_female_3_body.gsc
6C70F098F25C1CE3,scripts/mp/maps/cp_mission_high_ground/gen/cp_mission_high_ground_fx.gsc
6C8AFB0283068CC6,character/c_jup_sp_hero_ghost_urban.gsc
6C9A166E5B3334AB,character/character_opforce_juggernaut_trial.gsc
6CA1289FD22149D8,scripts/mp/maps/mp_jup_sira/gen/mp_jup_sira_sound.gsc
6CA75CE7FE1AAC52,scripts/mp/cranked.gsc
6CACCF4A171E88B0,scripts/sp/player/body_carry.gsc
6CAFA2B1AF9112EF,scripts/sp/maps/sp_t10_sandbox/sp_t10_sandbox_code.gsc
6CB121F049B87187,scripts/mp/gametypes/countdown.gsc
6CC9E656B7F35004,scripts/mp/utility/entity.gsc
6CE902D7CFF0B29C,xmodelalias/c_t10_usa_civ_f_formal_capitol_body_black.gsc
6CED1D7C418E7C80,xmodelalias/heads_jup_sp_enemy_kastovsoldier_01.gsc
6CF15480414136F6,xmodelalias/bodies_spetsnaz_ar.gsc
6D02E09D84C02AFC,scripts/mp/bots/bots_gametype_resurgmass_quads.gsc
6D02F4C9D4255121,scripts/mp/maps/mp_jup_highrise_xmas/mp_jup_highrise_xmas.gsc
6D07DF5804EC6324,scripts/mp/maps/mp_jup_shipment_alt/mp_jup_shipment_alt_lighting.gsc
6D0C0F9491F682DF,scripts/cp_mp/weapons_dev.gsc
6D0CF9AC5EAC00C1,scripts/mp/maps/mp_jup_rust_alt_toon/mp_jup_rust_alt_toon_precache.gsc
6D0DBD778ABB48FC,scripts/sp/maps/sp_t10_intro/gen/sp_t10_intro_art.gsc
6D0E56A9475AD25F,character/character_civilian_me_male.gsc
6D1276A0DB5F77B1,scripts/mp/maps/mp_grandprix_pm_2/gen/mp_grandprix_pm_2_fx.gsc
6D17AEEEF99E8CB5,scripts/autotests/test_weapons.gsc
6D36815E4FD57BD0,scripts/mp/maps/mp_jup_underpass/gen/mp_jup_underpass_art.gsc
6D3BE044D24E59EA,scripts/mp/maps/mp_jup_scrapyard_alt_v2/mp_jup_scrapyard_alt_v2_fx.gsc
6D3FF989D9009D95,scripts/mp/bots/bots_killstreaks_remote_vehicle.gsc
6D49F8837731F254,scripts/mp/killstreaks/chill_common.gsc
6D4BE2D2674D1812,scripts/cp_mp/weapons/ww_dg2.gsc
6D5439C109277E9A,scripts/mp/utility/lower_message.gsc
6D55364AA8E4F89C,character/c_jup_sp_civ_prisoner_01_b_riot.gsc
6D5BA21672C0B8C5,scripts/cp/bomb_defusal/coop_bomb_defusal.gsc
6D5DDE95A27123F4,scripts/mp/maps/mp_mgl_luxury/gen/mp_mgl_luxury_sound.gsc
6D68CFDF0836123C,scripts/cp_mp/killstreaks/recon_drone.gsc
6D6B0A19953EE372,scripts/mp/maps/mp_jup_terminal/gen/mp_jup_terminal_art.gsc
6D71D59B1E04DAD4,scripts/cp/cp_missilelauncher.gsc
6D7498659E4F29AE,scripts/common/vehicle_code.gsc
6D770BEAE457A8F2,xmodelalias/c_t10_civ_urban_dc_heads_male.gsc
6D85175C3353BA4D,scripts/mp/gametypes/br_bunker_loot_vaults.gsc
6D86B78B9F562458,scripts/mp/maps/mp_jup_trainingfacility/mp_jup_trainingfacility_lighting.gsc
6D8AAD7D0495CD99,scripts/sp/vehicle_heavy_destruction.gsc
6D93E4921505C89A,scripts/mp/maps/cp_hydro/cp_hydro_lighting.gsc
6DA421EE1618147E,character/c_jup_sp_enemy_pmc_soldier_05_alt1.gsc
6DB1A8720D52DD93,scripts/mp/maps/mp_jup_paris/gen/mp_jup_paris_fx.gsc
6DB37A3661E81876,scripts/mp/bots/bots_gametype_resurgloaded.gsc
6DBB3F5B5CF9C0E2,scripts/sp/maps/sp_t10_storm/gen/sp_t10_storm_art.gsc
6DBF0BFA1FDA2F94,character/c_jup_sp_enemy_pmc_grunt_02.gsc
6DCA794AEA1C9BF5,scripts/sp/drone_ai.gsc
6DCC0D17D865AF91,scripts/mp/maps/mp_shipment_iw9/mp_shipment_iw9.gsc
6DCD7468DD793AF0,scripts/mp/equipment/munitionsbox.gsc
6DD2E8A84AA09AFB,scripts/zm/systems/zm_vault.gsc
6DD321CB8BF9F7D1,xmodelalias/c_t10_shadowsog_loadout_hatalias.gsc
6DDDB002636F198A,scripts/mp/bots/bots_gametype_sd.gsc
6DE53543FEE67F02,scripts/cp_mp/utility/render_utility.gsc
6DEA01CBA2381958,scripts/mp/focus.gsc
6DF3AF42B18A3B3A,scripts/sp/maps/sp_t10_redacted/sp_t10_redacted_lighting.gsc
6DF94FBD59A7DC9B,scripts/mp/maps/mp_delta/mp_delta.gsc
6DFC0F7F549180ED,scripts/quaked/script_struct_mp_jup_jltv_mg.gsc
6E0285B71033127F,scripts/sp/maps/sp_t10_safehouse_arrival/sp_t10_safehouse_arrival_anim.gsc
6E03843A98C72859,scripts/mp/equipment/personal_redeploy_drone.gsc
6E09A830FAB9468F,scripts/cp/perks.gsc
6E0C5A3D8D372E0D,scripts/mp/killstreaks/radar_drone_recon_mp.gsc
6E1433B72452308E,character/character_hero_price_young.gsc
6E157D31BFA255A7,scripts/cp/equipment/cp_trophy_system.gsc
6E17242F999D23DD,scripts/mp/maps/mp_jup_bigmap_wz2/mp_jup_bigmap_wz2.gsc
6E23B719D511A481,scripts/mp/maps/mp_jup_subbase/mp_jup_subbase_precache.gsc
6E23C318CA220FA2,scripts/cp/killstreaks/uav_cp.gsc
6E2BB9330396AFCB,scripts/mp/equipment/bunkerbuster.gsc
6E2D0AB181B939D5,scripts/cp/whizby.gsc
6E31CDB6E1041DF5,scripts/mp/gametypes/br_attraction_shootingrange.gsc
6E3A18B32C877C11,scripts/mp/maps/mp_jup_shipment_alt_3/gen/mp_jup_shipment_alt_3_fx.gsc
6E3B346E80761BAE,character/character_iw8_sla_rebels_female_prisoner_5.gsc
6E48972351A4403F,scripts/mp/maps/mp_m_canal/gen/mp_m_canal_fx.gsc
6E51615B858E4843,scripts/killstreaks/hellstorm_missile.gsc
6E56118DF645BCA9,aiasm/dog_sp.gsc
6E6087F1BABC63E0,scripts/mp/maps/mp_jup_bait/mp_jup_bait_lighting.gsc
6E774AF7CB55AB5D,scripts/mp/maps/mp_davos/mp_davos_precache.gsc
6E7A2D247AE27729,scripts/mp/maps/mp_jup_hydro/gen/mp_jup_hydro_fx.gsc
6E8449CF88F1EADA,scripts/unittest/variables.gsc
6E861200387556E9,scripts/cp/agents/gametype_cp_wave_sv.gsc
6E8FC36E36B444A9,scripts/mp/maps/cp_raid1/cp_raid1_precache.gsc
6E95E4E953B03E57,character/character_iw8_russian_army_1_safehouse_finale.gsc
6E9992FFBD8D1733,scripts/mp/bots/bots_gametype_poiresurgence_solos.gsc
6EB100C4CF285D97,scripts/cp_mp/vehicles/vehicle_structs_jup.gsc
6EBD0D5F9B30A55A,scripts/common/linked_list.gsc
6EC1F840FC6B3B91,xmodelalias/heads_iw9_enemy_aq_ar_2.gsc
6EC4219070F94F19,xmodelalias/heads_jup_sp_enemy_kastovsoldier_02.gsc
6ECD08699CCB09B5,scripts/mp/screenshotcity.gsc
6ED2297C392B4E59,scripts/mp/maps/mp_jup_incline/gen/mp_jup_incline_fx.gsc
6EDB5C8081558415,scripts/cp/vehicles/van_cp.gsc
6EE5DEE1A5469C09,behaviortree/riotshield_cp.gsc
6EE7F325AE4106A3,scripts/mp/infilexfil/van_hackney_infil.gsc
6EFD53432E001F5A,scripts/mp/gametypes/br_risk.gsc
6F04D7795F35B4BA,character/character_usmc_basic_ar_1.gsc
6F0C73BB655D69C9,scripts/mp/maps/mp_m_blacksite2/gen/mp_m_blacksite2_fx.gsc
6F1A8D1455F4B483,scripts/cp/emp_debuff_cp.gsc
6F1E07CE9FF97D5F,scripts/cp/agent_damage.gsc
6F294F32B60C71F4,scripts/mp/playercards.gsc
6F3C39F8B9544B50,scripts/mp/passives.gsc
6F3D50CBF42655F7,character/character_iw8_al_qatala_urban_female_06.gsc
6F3DF325B671C918,xmodelalias/heads_iw9_enemy_aq_ar_1.gsc
6F4CAF50091EBAA1,scripts/mp/gametypes/ob_season6.gsc
6F79515BE8759404,scripts/mp/killstreaks/missile_silo_mp.gsc
6F81AE0370D9FD4C,scripts/code/ai.gsc
6F86124EDD658E5D,scripts/mp/bots/bots_gametype_poiresurgence_trios_bots.gsc
6FA6B92248BE17C8,scripts/mp/bots/bots_gametype_slam.gsc
6FB0A41711FA8658,xmodelalias/c_t10_gbl_civ_m_service_body.gsc
6FB1BF3216DA9E26,scripts/mp/maps/mp_jup_shipment_alt_toon/mp_jup_shipment_alt_toon_fx.gsc
6FB5933380201A3A,scripts/anim/cqb.gsc
6FB6BB6CD4BFBE42,scripts/mp/maps/mp_t10_hideout/gen/mp_t10_hideout_art.gsc
6FBA7DF440C493C4,scripts/cp_mp/vehicles/vehicle_anim.gsc
6FBBFAA75B8FF3F5,character/c_jup_sp_enemy_kastovsoldier_04.gsc
6FC1FFEF99803C15,scripts/mp/maps/mp_shoothouse2/mp_shoothouse2.gsc
6FC26E76E4CD913E,scripts/mp/maps/mp_arn_zone1/mp_arn_zone1_fx.gsc
6FC56E06DD73EFE6,scripts/mp/healthoverlay.gsc
6FCE61C4E1E1D07B,scripts/autotests/gscunittest/test_gscunittest.gsc
6FD7EED8F071303C,scripts/mp/maps/mp_saba2/gen/mp_saba2_art.gsc
6FE812AF7D73F95E,scripts/mp/bots/bots_gametype_war_cranked.gsc
6FEFACA85CCC3691,scripts/mp/matchdata.gsc
6FF86FEE6AED42AE,scripts/mp/killstreaks/autosentry.gsc
700102F2560F3709,scripts/game/sp/outline.gsc
7001F79CFE5FF18F,scripts/mp/callouts.gsc
700290C5E608CF6D,scripts/mp/vehicles/atv_mp.gsc
700CDF1663CF9DA7,scripts/sp/pausemenu.gsc
70150D6A872B30AB,scripts/mp/trials/mp_trl_destroy.gsc
701C8CAC53E33D3D,scripts/mp/trials/mp_trl_floorislava.gsc
7020B6FE2D960C61,scripts/smartobjects/stealth_rage_bash_l.gsc
7028E7E97DAF7250,scripts/mp/bots/bots_gametype_br_trios_delta.gsc
7034768B987DCC5A,scripts/cp/equipment/cp_adrenaline.gsc
703FDBB02501D31E,scripts/cp/agent_drops.gsc
7045D5559D4B15CC,character/character_iw8_al_qatala_urban_06.gsc
704D66AFC508AC3A,scripts/cp/utility.gsc
704D7FC951063149,scripts/mp/maps/mp_jup_st_c_gw_wz/gen/mp_jup_st_c_gw_wz_fx.gsc
705070321815B6C3,scripts/cp/cp_vehicles.gsc
70530A265A9F5903,scripts/stealth/manager.gsc
705E6A0083E8A41D,scripts/mp/maps/mp_shoothouse2_mobile/mp_shoothouse2_mobile_precache.gsc
7065A8BC71C7841B,scripts/mp/bots/bots_gametype_resur_duos_delta.gsc
706C46647D245B88,scripts/mp/fx.gsc
706E421915FE0EC2,scripts/mp/deathicons.gsc
707BAFC0054976B7,scripts/vehicle/palfa.gsc
707E0BB5096A3F9C,character/civ_embassy_office_worker_male_2_2.gsc
707F9B28737CD426,scripts/mp/maps/mp_jup_vertigo/mp_jup_vertigo_create_script.gsc
7084EBF53F3BB58E,scripts/mp/maps/mp_m_lounge/mp_m_lounge_fx.gsc
708D92C1606CC995,scripts/mp/maps/mp_jup_gw_fallout/gen/mp_jup_gw_fallout_fx.gsc
70A5C182D008A174,scripts/mp/maps/mp_t10_extraction/mp_t10_extraction_lighting.gsc
70A710E9C0B2022D,scripts/common/scriptable.gsc
70AE2470D4BA848F,scripts/common/scripted_melee.gsc
70AE34F0E2BEF9C8,scripts/sp/swim_sp.gsc
70B7DCC7D8389289,character/character_civilian_me_male_cp.gsc
70C92B5F8008E4FA,scripts/mp/maps/mp_jup_escape5_hell/mp_jup_escape5_hell_fx.gsc
70CCFF5EA005CB8B,scripts/aitypes/zombie_abom/zombie_abom.gsc
70E69A9871881054,scripts/mp/execution_mp.gsc
70F0EC4DAEB4AE51,character/character_spetsnaz_cqc.gsc
70FAB3552A6BB6CD,scripts/mp/maps/mp_jup_urca/mp_jup_urca_precache.gsc
710F55A471A49EB2,scripts/mp/maps/mp_t10_rm_grind_shell/gen/mp_t10_rm_grind_shell_art.gsc
7111009388B75F72,scripts/sp/maps/sp_t10_interrogation/sp_t10_interrogation_audio.gsc
711704083FA820D7,scripts/vehicle/mindia8_jugg.gsc
711C957DA7797D22,scripts/sp/maps/sp_t10_sandbox_palace/sp_t10_sandbox_palace_lighting.gsc
711E47545880F268,scripts/mp/maps/mp_floatinghouses/gen/mp_floatinghouses_sound.gsc
711EFAE9EAF019C2,scripts/mp/maps/mp_jup_blackheart/gen/mp_jup_blackheart_art.gsc
711F915D93D53E51,scripts/mp/maps/mp_jup_estate/gen/mp_jup_estate_fx.gsc
712FE2CF5C1F2C66,scripts/mp/maps/mp_jup_estate/mp_jup_estate_fx.gsc
71332A5B74214116,scripts/cp/interaction.gsc
7134500298E13C86,scripts/sp/maps/sp_t10_storm/sp_t10_storm_util.gsc
71377694F2AD3445,scripts/mp/maps/mp_jup_gw_fallout/mp_jup_gw_fallout_precache.gsc
714304F79673B662,scripts/mp/maps/mp_jup_zooquarium/mp_jup_zooquarium_fx.gsc
714507086466BCAB,xmodelalias/c_t10_iraqi_republicguard_b_bodies.gsc
714C6548AB77A9D2,scripts/cp/vehicles/med_transport_cp.gsc
714F366A1B8F040F,scripts/mp/gametypes/vault_door.gsc
715028F54BAD19A1,scripts/mp/gametypes/br_analytics.gsc
715068D8D849D9AE,scripts/mp/maps/mp_townhouses/gen/mp_townhouses_art.gsc
71565C37DBC0003C,scripts/mp/maps/mp_jup_bigmap/gen/mp_jup_bigmap_sound.gsc
715A1A96449870AA,scripts/smartobjects/stealth_rage_kick.gsc
715B1AE771EA5B66,scripts/mp/bots/bots_loadout.gsc
715D43F039E876B6,scripts/cp_mp/vehicles/vehicle_spawn.gsc
7166C0214DC91C9F,scripts/mp/gametypes/benchmark.gsc
71721925888AFFD9,scripts/autogenerated/luielems/ingame/zm/zmbosshealthbar.gsc
7176BF7DE05D8BCD,scripts/mp/bots/bots_gametype_hc_defuse.gsc
717C8D1CEF536621,xmodelalias/c_t10_usa_civ_f_formal_heist_body_mideast.gsc
7188428EC9C79C64,scripts/mp/bots/bots_gametype_resur_duos_sealion.gsc
7188DBFE03E45511,scripts/mp/gametypes/sd.gsc
7190B0A52F7801A6,scripts/mp/maps/mp_catedral/mp_catedral_fx.gsc
7193E7783B5DE1D4,scripts/mp/maps/mp_jup_luxury/gen/mp_jup_luxury_sound.gsc
71A2EFB3AE26E826,scripts/mp/maps/mp_jup_slaughterhouse/mp_jup_slaughterhouse_fx.gsc
71A88F99C336A245,scripts/mp/maps/mp_jup_das_haus/mp_jup_das_haus.gsc
71B7B2C92D23FBAA,scripts/mp/maps/mp_jup_m_blacksite2/gen/mp_jup_m_blacksite2_art.gsc
71C4EFF89B19857F,xmodelalias/c_t10_civ_urban_dc_female.gsc
71CB31041CEBE1CB,scripts/sp/maps/sp_t10_storm/sp_t10_storm_anim.gsc
71CDF59D18E9F382,scripts/mp/potg.gsc
71D72171D22C1E1E,scripts/killstreaks/emp.gsc
71D7BD613C9CDAB2,scripts/sp/maps/sp_t10_safehouse_assemble/sp_t10_safehouse_assemble_audio.gsc
71D8FA6A424DD963,character/test_character_alq_embassy.gsc
71E60CC0B80CD0C5,scripts/cp/utility/join_team_aggregator.gsc
71E858823F74BBE8,scripts/common/vehicle_spawn.gsc
71F79690F20DCA85,scripts/mp/maps/mp_observe_gw/gen/mp_observe_gw_fx.gsc
71F7FA98864D18D8,scripts/smartobjects/stealth_lean_table_l_30.gsc
71F8E0E2053B5D22,scripts/sp/maps/sp_t10_extraction/sp_t10_extraction_audio.gsc
71FD53F24F507CAB,scripts/cp/utility/reinforcement_util.gsc
72046D774C498C82,scripts/cp/helicopter/utility.gsc
720B91F560920855,scripts/mp/maps/mp_jup_vertigo/gen/mp_jup_vertigo_fx.gsc
72146BFF6A430E41,scripts/mp/bots/bots_gametype_resur_quads_escape.gsc
721A9AD384403CA5,character/c_jup_sp_enemy_pmc_soldier_01.gsc
721C6CD4AE7F2EFB,scripts/sp/maps/sp_t10_sandbox_palace/sp_t10_sandbox_palace_anim.gsc
721EE99D7A8F9168,scripts/cp_mp/vehicles/vehicle_airdrop.gsc
721F5F6C6EABDD5B,scripts/cp/cp_player_battlechatter.gsc
722792A478D645E7,scripts/sp/maps/sp_t10_union/sp_t10_union_anim.gsc
722D3B814FD4FAEC,scripts/mp/maps/mp_m_lounge/gen/mp_m_lounge_sound.gsc
724736FCF0FB6604,scripts/mp/gametypes/br_weapons.gsc
724A89019EBE1569,scripts/mp/maps/mp_jup_gw_fallout/mp_jup_gw_fallout.gsc
724D3C5B9E08C086,scripts/mp/maps/mp_m_mercado/gen/mp_m_mercado_sound.gsc
72525C7AD16B9DBF,scripts/mp/equipment/weapon_drop.gsc
7255A31B670CE75F,aiasm/soldier_mp.gsc
725B0F2DCBE6355D,scripts/cp_mp/utility/debug_utility.gsc
726159DF38AAF5E7,scripts/zm/maps/zm_t10_garnet/zm_t10_garnet_mq_quest.gsc
7262B27DE233448F,scripts/mp/dev.gsc
72681D7A74DC25DB,scripts/mp/bots/bots_gametype_lp_sd.gsc
726F9C562FDFEA72,scripts/mp/utility/damage.gsc
727E29AAB3C8DE20,character/c_jup_sp_hero_ghost_tundra.gsc
7283136DAF802C53,scripts/mp/persistence.gsc
729BFF892DF4D9FF,scripts/cp/cp_endgame.gsc
72A196B6C7DF2F38,scripts/common/scene.gsc
72A300BBED11D844,scripts/sp/lighting.gsc
72A377D24BA9476B,scripts/mp/maps/mp_sealion/gen/mp_sealion_fx.gsc
72BB98237AE73D8A,scripts/sp/mgturret.gsc
72C32964B47E8B47,scripts/sp/maps/sp_t10_extraction/sp_t10_extraction_anim.gsc
72C3C07972988B3A,scripts/cp/cp_gastrap.gsc
72D6AF97CFC97305,scripts/mp/fire_traps.gsc
72DCB1863F7ED720,scripts/sp/introscreen.gsc
72E23080A62E4487,scripts/mp/maps/mp_farm_18/mp_farm_18_precache.gsc
72E290D625ABCD3B,character/c_jup_sp_enemy_pmc_soldier_05_alt2.gsc
72EB7558D3496DE0,scripts/mp/gametypes/br_events.gsc
72F403E19419306A,scripts/mp/maps/mp_regional_gw/mp_regional_gw_lighting.gsc
72F78C2C6E6564BE,xmodelalias/heads_civilian_asm_male_3.gsc
72FB1E4C6383042B,scripts/mp/maps/mp_jup_skidrow/gen/mp_jup_skidrow_fx.gsc
72FC4250821CFB81,scripts/sp/maps/sp_t10_contract/sp_t10_contract_restaurant.gsc
7315DB6CE505A35C,scripts/mp/maps/mp_jup_derail/mp_jup_derail_lighting.gsc
7316DDB8EA1552B0,scripts/mp/equipment/adrenalinebr.gsc
7318DE1A591C11B7,scripts/mp/gametypes/brtdm.gsc
731DAAA368B23D4D,scripts/mp/killstreaks/airdrop_mp.gsc
73217EF15C27E85D,scripts/quaked/script_vehicle_iw9_mil_air_heli_palfa_doors_open_physics.gsc
73248BA332E70EC6,scripts/mp/maps/mp_wartorn/mp_wartorn_fx.gsc
7327204954236132,scripts/mp/maps/mp_t10_hideout/mp_t10_hideout_lighting.gsc
732A0F96C6046EE0,scripts/mp/maps/mp_t10_benchmark/gen/mp_t10_benchmark_art.gsc
73303F5AE8B4AAAD,scripts/mp/maps/mp_jup_rust_alt/gen/mp_jup_rust_alt_fx.gsc
73438D963E182E4E,scripts/sp/trigger.gsc
73467331BAFEA03B,scripts/common/flags.gsc
7346E6F39702DA14,scripts/sp/_shg_utility.gsc
734EA6311B19A424,scripts/mp/gametypes/koth.gsc
734ED556D535A69C,scripts/mp/infilexfil/mi8_infil.gsc
734F13C8FEE88E14,scripts/mp/maps/mp_jup_observatory/mp_jup_observatory_fx.gsc
735A674748FC65EF,scripts/mp/gametypes/br_ai_encounters_util.gsc
735CA6C53958C44F,scripts/sp/maps/sp_t10_interrogation_2/sp_t10_interrogation_2_truth_1.gsc
735ED6DE3271380E,scripts/mp/vehicles/cargo_truck_mp.gsc
735FDF50A470071A,scripts/cp/cp_outline.gsc
736DEC95A49487A6,scripts/cp_mp/equipment/haywire.gsc
73702EF6872ADA15,scripts/mp/equipment/stimpistol.gsc
7372F05154F7CF79,scripts/sp/endmission.gsc
7373E282602728FB,scripts/mp/equipment/gas_grenade.gsc
737810D46276CEAE,scripts/mp/bots/bots_gametype_resur_quads_delta.gsc
737B1C2C8C9472DD,scripts/sp/idles.gsc
739241305378ECAF,scripts/mp/killstreaks/radar_drone_overwatch_mp.gsc
739B5CA761702EB1,scripts/sp/dialogue_tree.gsc
739C074372EFC9B6,scripts/mp/maps/mp_jup_rust_alt/gen/mp_jup_rust_alt_art.gsc
73A1E31545226A6A,scripts/sp/hud_util.gsc
73AE6AEE4CC3501A,scripts/mp/maps/mp_hydro/mp_hydro_lighting.gsc
73B3B9D1FB17AC63,scripts/mp/maps/mp_jup_shipment_alt_toon/gen/mp_jup_shipment_alt_toon_fx.gsc
73B60289C107FA07,scripts/mp/anim.gsc
73B6A2B04A279BF5,scripts/sp/game/door.gsc
73B96343B87E992A,scripts/mp/objpoints.gsc
73CCE8684752EE3C,scripts/mp/gametypes/ob_season1.gsc
73CF2AD01A9C42C2,scripts/mp/maps/mp_jup_security_area/gen/mp_jup_security_area_art.gsc
73E73FCA13CCD95C,scripts/cp/cp_outofbounds.gsc
73E95DA15C40F0C8,scripts/mp/maps/mp_sealion/gen/mp_sealion_art.gsc
73EBF9FA3DC2894E,scripts/mp/equipment/extract.gsc
73F12CC9B65A9264,scripts/cp/cp_elevator.gsc
73F3E67E549527D7,scripts/mp/gametypes/br_publicevent_traincircle.gsc
73FD23444E07E6AF,scripts/common/game_utility.gsc
7405E9F971AEA03B,scripts/cp_mp/vehicles/van.gsc
7406BAE08EB204D0,xmodelalias/civ_russian_male_head_1.gsc
74184A2B24DE8208,scripts/killstreaks/sentry_gun.gsc
7430CC4DC955D54C,scripts/asm/soldier/move.gsc
74398FB8AB8E9EDA,scripts/sp/statemachine.gsc
7442C5AB145BE14C,scripts/mp/maps/mp_mgl_luxury/mp_mgl_luxury_lighting.gsc
74469C864FA3300F,scripts/cp/vehicles/light_tank_cp.gsc
74502A9E0EF1F19C,scripts/cp/weapon.gsc
746CB88563A2539D,scripts/mp/maps/mp_jup_shipment_iw9/mp_jup_shipment_iw9.gsc
747608AC410F5D60,scripts/mp/maps/mp_jup_urca/gen/mp_jup_urca_sound.gsc
74963365FDDD45E2,xmodelalias/test_alias_civilian_male_surge_head.gsc
749DAD28EFF4EEDB,scripts/mp/utility/perk.gsc
74A803305F3CC402,scripts/sp/maps/sp_t10_sandbox/sp_t10_sandbox_util.gsc
74A96A5393D1826C,scripts/mp/gametypes/br_satellite_truck.gsc
74B85ED5EEA1121D,scripts/mp/maps/mp_saba2/mp_saba2_precache.gsc
74C7CCDCBA468AF3,scripts/cp_mp/powerups/bonus_points_team.gsc
74C7D94D68D5645C,scripts/zm/zm_utility.gsc
74CA2CA435FC7DD5,character/character_iw8_russian_weapon_smugglers_burned_1.gsc
74CB2F5C7F07F60A,scripts/aitypes/suicidebomber/combat.gsc
74EBB254630538A3,xmodelalias/test_alias_civ_london_female_2_body.gsc
74F32EEFEA1A3620,xmodelalias/bodies_al_qatala_desert_03.gsc
74F5B2BBBC7FABFC,scripts/mp/maps/mp_catedral_hlwn/gen/mp_catedral_hlwn_sound.gsc
74F99C09414692FA,scripts/common/weapon.gsc
7502DF3A967E1664,scripts/mp/gametypes/br_callouts.gsc
750BAC0C2857D581,xmodelalias/bodies_civ_al_qatala_urban_female.gsc
75152F52D4583A69,scripts/common/create_script_utility.gsc
751B0F3BB1811F9A,scripts/mp/maps/mp_davos/gen/mp_davos_sound.gsc
75265E274F43109C,scripts/mp/maps/mp_wartorn/gen/mp_wartorn_art.gsc
752AAC0CC8FE7728,scripts/mp/maps/cp_lone/cp_lone_lighting.gsc
7547087A3EB4AFFC,scripts/sp/maps/sp_t10_redacted/gen/sp_t10_redacted_art.gsc
755511650CD06136,scripts/mp/trials/trial_enemy_sentry_turret.gsc
756CBE2A2DEFE576,xmodelalias/civilian_syrkistan_male_body.gsc
756F8ED43D3A5F35,scripts/sp/maps/sp_t10_safehouse_defend/sp_t10_safehouse_defend_back.gsc
7571756EDDA23062,scripts/mp/maps/mp_historic_gw2/gen/mp_historic_gw2_art.gsc
757E7E7D42BAF4CA,scripts/mp/maps/mp_jup_scrapyard_alt_v2/gen/mp_jup_scrapyard_alt_v2_art.gsc
758374748F03BA22,scripts/mp/trials/mp_trials_patches.gsc
7584507A08593DFE,scripts/cp_mp/vehicles/vehicle.gsc
75A5FC611E4A1A88,scripts/zm/maps/zm_t10_garnet/zm_t10_garnet_script_game_over_scenes_create_script.gsc
75A639502844BC46,scripts/cp/cp_door.gsc
75AE5D574739C17D,scripts/mp/maps/mp_jup_drivethru/mp_jup_drivethru_precache.gsc
75C35CB1CA43C8A8,character/character_usmc_basic_ar_4_tape.gsc
75D95066D2C8F9B3,scripts/cp_mp/vehicles/atv.gsc
75DAA7B6A62AC816,scripts/mp/maps/mp_jup_greece/mp_jup_greece_fx.gsc
75EF61B8FA1851D7,scripts/cp/killstreaks/cruise_predator_cp.gsc
75F2B7F5317E371F,scripts/sp/maps/sp_t10_sandbox/sp_t10_sandbox_anim.gsc
75FCF07C7A65ECBC,scripts/mp/maps/mp_jup_bm_live/mp_jup_bm_live_fx.gsc
76057286487B94D4,scripts/sp/maps/sp_t10_sandbox_palace/sp_t10_sandbox_palace_fx.gsc
760766D73663E89B,scripts/sp/equipment/noisemaker.gsc
7609F87F614489D4,scripts/mp/equipment/advanced_vehicle_drop.gsc
760DD2CED5EE3B61,scripts/mp/maps/mp_jup_scrapyard/mp_jup_scrapyard_precache.gsc
761158AE4564CB79,scripts/mp/bots/bots_gametype_mini_solos.gsc
7616AD5B1699EA7E,scripts/mp/maps/mp_jup_underpass/mp_jup_underpass_fx.gsc
7616C0DCE807052A,scripts/sp/equipment/handheld_map.gsc
7624ADA505D2A7AD,scripts/mp/equipment/thermite.gsc
762CB2A0680B06BC,scripts/mp/bots/bots_gametype_poiresurgence_trios.gsc
762FABC1B3DB8E09,scripts/cp/intel/cp_intel.gsc
76388B8C4C01B84B,scripts/cp_mp/powerups/double_points.gsc
7639C27EB3FD1C6A,character/c_jup_sp_enemy_pmc_hooded_01.gsc
7639FC49D22C75C2,scripts/mp/bots/bots_gametype_arena.gsc
763DEBAA12157704,scripts/mp/maps/mp_jup_home_01/mp_jup_home_01_lighting.gsc
76589EDC5635E28D,scripts/mp/maps/mp_jup_greece/mp_jup_greece.gsc
7674371759EF6531,scripts/mp/maps/mp_jup_m_exhibit/mp_jup_m_exhibit_precache.gsc
76772574050708F6,scripts/mp/maps/mp_jup_shipment_alt_4/gen/mp_jup_shipment_alt_4_art.gsc
7677E15ECC527038,scripts/mp/bots/bots_gametype_resranked_escape.gsc
767BCCD4BA4E2A51,scripts/mp/maps/mp_jup_zooquarium/gen/mp_jup_zooquarium_fx.gsc
767CB5F5C5582D97,scripts/quaked/script_vehicle_iw9_mil_air_heli_medium.gsc
76922E328E6DC683,scripts/mp/maps/mp_jup_farm_18/mp_jup_farm_18_precache.gsc
769C041BB45C2905,scripts/mp/maps/mp_jup_rust_alt_toon/mp_jup_rust_alt_toon.gsc
76A26C056D7E7031,scripts/mp/maps/mp_jup_slaughterhouse_oct/gen/mp_jup_slaughterhouse_oct_fx.gsc
76A7F3AEE85CD833,scripts/mp/agents/scriptedagents.gsc
76AA2CA7E72663D3,scripts/mp/equipment/thermal_phone.gsc
76B1008B255C1686,character/c_jup_sp_enemy_pmc_spforce_04.gsc
76B402B54F12A90D,character/civ_london_male_embassy_adam.gsc
76B54E9156BCB93A,scripts/mp/maps/mp_jup_scrapyard/gen/mp_jup_scrapyard_sound.gsc
76B6F90B525DCD31,scripts/mp/maps/mp_m_lounge/mp_m_lounge_precache.gsc
76B841822EB4767E,xmodelalias/heads_civ_western_cold_girl.gsc
76C6B6472F26A950,scripts/sp/equipment/blacklight.gsc
76C93B759C20A1D1,scripts/cp_mp/vehicles/apc_rus.gsc
76CA634F874C672A,character/character_civilian_me_male_veil.gsc
76CBED2B4D1A6422,scripts/mp/maps/mp_jup_highrise/gen/mp_jup_highrise_art.gsc
76CC264B397DB9CB,scripts/cp_mp/squads.gsc
76CDBC7F46DC44F4,scripts/mp/utility/stats.gsc
76D28628026B250C,character/character_russian_boss_hometown.gsc
76E489819D833B21,scripts/mp/maps/mp_jup_quarry_alt/gen/mp_jup_quarry_alt_fx.gsc
76E53FCC7B105391,character/character_ally_so15_2.gsc
76E973AD3061AD4D,scripts/mp/maps/mp_floatinghouses/gen/mp_floatinghouses_fx.gsc
76FF4BA096A6F8AA,scripts/anim/weaponlist.gsc
771983DC5E9ABF75,xmodelalias/c_jup_zmb_zombie_base_male_hoodie_head.gsc
77260D019BFD4E51,scripts/mp/maps/mp_saba2/mp_saba2.gsc
77281A91FC4EF87E,scripts/sp/maps/sp_t10_redacted/sp_t10_redacted_util.gsc
7736F327E4B23BC7,character/character_sas_pilot_helicopter.gsc
773AB997A5729886,scripts/sp/interaction.gsc
774A3800757E6127,scripts/mp/ammorestock.gsc
774D323CDD56CB0C,scripts/mp/biometric_scan.gsc
774DA83778DE5BC4,scripts/mp/maps/mp_jup_hydro/gen/mp_jup_hydro_sound.gsc
77520AD4056E9E6B,scripts/mp/vehicles/hoopty_mp.gsc
7757905D9BE3B90F,scripts/sound/raven_audio.gsc
77613AB13516E118,character/character_ally_so15_1.gsc
77775273C0EC0DB4,character/civ_london_male_1.gsc
778027EDF01BD587,scripts/mp/flags.gsc
778E33BF3D2DF41D,scripts/mp/maps/mp_jup_skydiving/mp_jup_skydiving_zone_1_create_script.gsc
77A457A5D8F67854,scripts/cp_mp/killstreaks/juggernaut.gsc
77B7A3060A672B16,scripts/mp/maps/mp_jup_quarry_alt/mp_jup_quarry_alt_fx.gsc
77C18CDEDEC620B3,scripts/common/debug.gsc
77CEB810FB262D44,scripts/cp/cp_checkpoint.gsc
77EA695BE7E7A67D,scripts/mp/equipment/snowball.gsc
77F0F4D07EB81399,scripts/sp/maps/sp_t10_storm/sp_t10_storm_tank_drive.gsc
77FB877CD6304617,xmodelalias/c_t10_usa_civ_m_formal_capitol_body_white.gsc
77FFA6039A40BA10,scripts/mp/maps/mp_sira_gw/mp_sira_gw_fx.gsc
7800AA61EFB09D97,scripts/mp/maps/mp_jup_skidrow_alt/gen/mp_jup_skidrow_alt_fx.gsc
7802215F3DB81085,xmodelalias/c_jup_civ_russian_male_body_flashback_soccerfan.gsc
780D93E078E847E0,scripts/mp/maps/mp_jup_st_c_gw_wz/mp_jup_st_c_gw_wz_lighting.gsc
78168B35E6EA884C,character/character_cp_al_qatala_desert_lmg.gsc
7825C54042A07F36,character/c_jup_sp_enemy_pmc_shield_03.gsc
782BF3CE14C2CB60,scripts/sp/maps/sp_jup_surge/sp_jup_surge_lighting.gsc
783678C9ECFA5BFE,scripts/common/callbacks_shared.csc
7837DF31EB083B82,scripts/mp/maps/mp_showdown2/mp_showdown2_fx.gsc
783A3D78E874667A,scripts/mp/maps/mp_regional_gw/gen/mp_regional_gw_art.gsc
783B35AF6737F35C,scripts/sp/equipment/smoke.gsc
784038C26D07C8A3,scripts/mp/maps/mp_sira_gw/mp_sira_gw.gsc
784AA75D4A32FA24,scripts/mp/gametypes/dmz_ai_chopper.gsc
784C8C4F3E5F8686,scripts/common/scene_internal.gsc
7850D715332A1F08,scripts/mp/bots/bots_gametype_zc_quads_delta.gsc
78589419EEF19156,scripts/cp/cp_mapselect.gsc
785AA92CA8C13D83,scripts/mp/maps/mp_davos/gen/mp_davos_fx.gsc
786F89DE8073BA9E,scripts/mp/maps/cp_observatory/cp_observatory_lighting.gsc
7884302454C91B7F,scripts/mp/gametypes/infect.gsc
7889943617BE8CD7,character/character_spetsnaz_cqc_nvg.gsc
7893A79C61FAB85B,scripts/weapons/manglercannon_torpedo.gsc
78985E1693DBFC76,scripts/mp/broshot_utilities.gsc
78A054D0158094FB,scripts/unittest/util.gsc
78A156FE8BE93D79,scripts/cp/infilexfil/cp_fulton.gsc
78B2910119B57D8D,scripts/common/vehicle_convoy.gsc
78B63CD40FE99250,scripts/mp/maps/mp_jup_grandprix_pm_2/mp_jup_grandprix_pm_2_lighting.gsc
78B9674C54EA2F30,scripts/mp/maps/mp_jup_das_haus_alien/gen/mp_jup_das_haus_alien_sound.gsc
78C121E8AFCAFB6C,scripts/mp/maps/mp_jup_shipment_iw9/mp_jup_shipment_iw9_lighting.gsc
78D6E0A534FE777D,scripts/mp/maps/mp_jup_wasteland/mp_jup_wasteland.gsc
78DE14F10227476E,scripts/mp/tac_ops_map.gsc
78DF305845B36314,scripts/mp/maps/mp_jup_shoothouse2/mp_jup_shoothouse2_lighting.gsc
78DFFDAC0F9D8923,character/c_jup_sp_enemy_pmc_jumper_02.gsc
78E39294A33F71EA,character/test_character_dog.gsc
78E51CC1262B2369,scripts/mp/maps/mp_jup_shipment_alt_toon/mp_jup_shipment_alt_toon_precache.gsc
78EAA538E59013C1,scripts/mp/maps/mp_oilfield_gw/mp_oilfield_gw_precache.gsc
78EAC678EB36083D,scripts/mp/maps/mp_jup_shipment_alt_toon/mp_jup_shipment_alt_toon.gsc
78ED867ED4FA07C7,character/character_spetsnaz_gasmask_nohelmet_lmg_cp.gsc
78F368283A0E06A0,scripts/sp/maps/sp_jup_hijack/sp_jup_hijack_fx.gsc
78F5944EA8320D58,scripts/mp/killstreaks/specialist_perk_bonus_mp.gsc
790C05EC449EB529,scripts/cp/super_suppression_rounds.gsc
790C8DC6672D58BD,xmodelalias/c_t10_civ_m_heads_mideast.gsc
7911151104C8DE0A,xmodelalias/c_t10_gbl_opforce_avalon_syndicate_2_bodies.gsc
7911684723811DF3,scripts/mp/sentientpoolmanager.gsc
79148E17CC8D265D,character/character_iw8_russian_army_2_hood.gsc
7917E328F45F245C,scripts/cp/vehicles/jeep_cp.gsc
7918101D342E2BF1,character/c_jup_sp_enemy_pmc_grunt_01_winter.gsc
791B25003E6B5145,character/character_civilian_me_female_veil.gsc
791C0F603E23D593,scripts/common/compass_messaging.gsc
7920811A39B75195,scripts/sp/equipment/semtex.gsc
792C3F29E9856CAA,scripts/mp/bots/bots_gametype_siege.gsc
793A5B9C217FB942,scripts/mp/maps/cp_hydro/gen/cp_hydro_art.gsc
793ED8A24E515D55,scripts/asm/soldier/lmg.gsc
79411BE27480A61B,scripts/cp/equipment/cp_incendiarylauncher.gsc
7951A75A131956EC,scripts/mp/maps/mp_jup_slaughterhouse/gen/mp_jup_slaughterhouse_sound.gsc
795E3204638570A9,scripts/sp/equipment/proximity_sensor.gsc
796277B7D8384901,scripts/cp_mp/killstreaks/helper_drone.gsc
79678F455E1BAE9C,scripts/cp/cp_damagefeedback.gsc
796F06341D535C44,scripts/sp/maps/sp_t10_sabotage/gen/sp_t10_sabotage_art.gsc
7976B2B90E2D0221,scripts/mp/maps/mp_jup_launchfacility/mp_jup_launchfacility.gsc
79800D0D98A1EA7C,character/civ_western_cold_boy.gsc
79872B5D956B01EF,scripts/cp_mp/gasmask.gsc
7991A345ED9B2989,scripts/autotests/gscunittest/test_gscunittest_variables.gsc
7997E75E8C58A096,scripts/aitypes/squad.gsc
799D521F485A1701,scripts/mp/gametypes/br_gametype_truckwar.gsc
79A38BBD46C5BFE4,scripts/mp/gametypes/gold.gsc
79B0E7CC995DD9D8,scripts/cp/cp_convoy_manager.gsc
79B3A534E9556653,scripts/mp/maps/mp_arn_zone1/gen/mp_arn_zone1_fx.gsc
79BF3825A29C802C,scripts/cp_mp/vehicles/big_bird.gsc
79D4B1C751A51F03,scripts/mp/gametypes/dmz_samsites.gsc
79D9C76472D98FB2,scripts/mp/maps/mp_jup_escape5_hell/gen/mp_jup_escape5_hell_art.gsc
79DF02AB3FAF568C,scripts/vehicle/veh9_mil_air_heli_hind.gsc
79E4FF3D829BC001,scripts/mp/maps/mp_jup_sira/mp_jup_sira_precache.gsc
79E9F730E04BFB7E,scripts/mp/maps/mp_jup_sealion/gen/mp_jup_sealion_sound.gsc
79EFBD5FAF9800B2,scripts/mp/maps/mp_grandprix_pm_2/gen/mp_grandprix_pm_2_art.gsc
79F440A9E2E2BCC1,scripts/mp/maps/mp_jup_zooquarium/mp_jup_zooquarium.gsc
79F7187B2F8EC442,scripts/cp/cp_playerchatter.gsc
79F725E3AF1B9457,character/character_cp_al_qatala_desert_ar_3.gsc
79F77D7FE03B6F1D,xmodelalias/c_jup_zmb_zombie_base_male_shredded_body_rz.gsc
79F7DDD9EE920351,scripts/autotests/test_vehicle_huds.gsc
7A29618B7EE8F7E6,scripts/zm/systems/zm_cleanup_mgr.gsc
7A2AF52457AE0749,scripts/mp/equipment/bandage.gsc
7A2F1D02E511EC5A,scripts/cp/cp_objectives.gsc
7A3248CECDABBB87,scripts/unittest/ops.gsc
7A383E1E6C824150,scripts/aitypes/human/civilian_logic.gsc
7A50808D791241BB,scripts/mp/maps/mp_jup_karachi/gen/mp_jup_karachi_fx.gsc
7A5572B7A4ADF86C,scripts/mp/maps/mp_observatory/gen/mp_observatory_sound.gsc
7A568B655D6987B3,xmodelalias/bodies_civilian_uk_girl_surge_2.gsc
7A592E642F3FBF08,scripts/mp/maps/mp_m_king/gen/mp_m_king_sound.gsc
7A59C84A65618589,character/character_sla_rebels_male_cqb_2_1.gsc
7A654492EB68B521,scripts/mp/maps/mp_shipment_iw9/gen/mp_shipment_iw9_fx.gsc
7A6DBD11DBD96EDB,scripts/common/basic_wind.gsc
7A72D26D7A72796E,scripts/mp/maps/mp_jup_terminal_alt/mp_jup_terminal_alt_fx.gsc
7A7749C9DA169060,scripts/mp/maps/cp_mission_high_ground/gen/cp_mission_high_ground_art.gsc
7A8AD57ADC2AEC42,scripts/mp/maps/mp_benchmark/gen/mp_benchmark_sound.gsc
7A8D2A0CBF7D130D,scripts/mp/gametypes/altered_strain.gsc
7A8FE12D0469646C,scripts/mp/maps/mp_jup_arcade/gen/mp_jup_arcade_sound.gsc
7A9D5AD66C18883E,scripts/mp/maps/mp_jup_subbase/mp_jup_subbase_fx.gsc
7AA00C4824C2C01E,xmodelalias/bodies_sas_urban_ar.gsc
7AA52201DD43D4A8,scripts/mp/maps/mp_jup_elevated/mp_jup_elevated_audio.gsc
7AA5C77276CA820C,scripts/mp/maps/mp_dogtown_gw/gen/mp_dogtown_gw_sound.gsc
7AA940FBAED07808,scripts/mp/maps/mp_mgl_shipment_iw9/gen/mp_mgl_shipment_iw9_sound.gsc
7AB5B649FA408138,scripts/cp_mp/utility/audio_utility.gsc
7ABA55492E3292D4,scripts/mp/maps/mp_museum/mp_museum_lighting.gsc
7ABF565256E7656D,scripts/mp/maps/mp_scrapyard_mobile/mp_scrapyard_mobile.gsc
7ACAA8F3ED4611ED,scripts/mp/maps/mp_m_blacksite2/mp_m_blacksite2_precache.gsc
7AD2C20674B3130B,scripts/mp/destructables.gsc
7ADDD92855B1A362,scripts/mp/maps/mp_m_fight/gen/mp_m_fight_art.gsc
7ADED73D09C57CCC,scripts/cp_mp/equipment/throwing_star.gsc
7AE5D5F6EBC970DC,scripts/mp/maps/mp_m_fight/gen/mp_m_fight_sound.gsc
7AE7D3FE0BDF4F0B,scripts/quaked/script_vehicle_iw9_heli_blima.gsc
7AEC184CAEA7732F,scripts/sp/pertinent_items_display.gsc
7AF5DD2BC2CC926D,scripts/mp/mp_agent_damage.gsc
7B02BA3EFDAF7FBE,scripts/mp/maps/mp_jup_sira/mp_jup_sira_fx.gsc
7B0343C07BB002AE,scripts/mp/killstreaks/scrambler_drone_guard_mp.gsc
7B11CAF880DC4C52,xmodelalias/bodies_iw9_cartel_tier_3_1.gsc
7B165416C1291173,scripts/common/notetrack.gsc
7B20D14DB0BC38B4,xmodelalias/c_jup_zmb_zombie_base_male_shortsleeves_body_gz.gsc
7B2517368C79E5BC,scripts/cp_mp/loot/common_item.gsc
7B27B352BF4007A9,scripts/mp/maps/mp_jup_emergency/mp_jup_emergency_precache.gsc
7B28CBA57F879E5B,scripts/common/vehicle_build.gsc
7B333728D55146FC,xmodelalias/heads_al_qatala_urban_05.gsc
7B33D78CAC102B89,scripts/mp/perks/headgear.gsc
7B40C4E7C4800A3A,scripts/vehicle/vindia.gsc
7B5BD31E6151298C,scripts/mp/maps/mp_biobunker/gen/mp_biobunker_art.gsc
7B61B723339C8F94,scripts/aitypes/zombie_disciple/zombie_disciple_metabones.gsc
7B63B2C4EFF07F0E,scripts/cp_mp/killstreaks/gunship.gsc
7B6642E374DC6E4C,scripts/cp/equipment/decoy_grenade.gsc
7B684CCC1B07C05C,character/character_hero_kyle_so15.gsc
7B7988D739347D8F,scripts/sp/equipment/incendiarylauncher.gsc
7B7E14C60A103EF9,scripts/mp/ai_reinforcements.gsc
7B820481B237C821,scripts/mp/bots/bots_gametype_high.gsc
7B870109B508B751,scripts/mp/maps/mp_jup_farm_18/gen/mp_jup_farm_18_fx.gsc
7B8D27C1051B916C,scripts/mp/maps/mp_jup_grandprix_pm_2/gen/mp_jup_grandprix_pm_2_sound.gsc
7B8FC1E48410CBF2,xmodelalias/heads_civilian_uk_girl_surge_2.gsc
7BA31611B26B2F13,scripts/mp/maps/mp_delta/mp_delta_precache.gsc
7BABF1485CAE49AB,scripts/common/debug_reflection.gsc
7BAFE83F61723E58,aiasm/civilian_sp.gsc
7BD04BF9AB7DA819,scripts/mp/trials/mp_trl_create_a_script_race_euphrates.gsc
7BEA7A236E989767,xmodelalias/russian_army_ar_1_hats_gasmask.gsc
7C0045A8FD311BEB,scripts/mp/bots/bots_gametype_poiresurgence_duos_bots.gsc
7C00E7CC2E603682,scripts/mp/maps/mp_jup_favela/gen/mp_jup_favela_art.gsc
7C0104FD5DBC5234,scripts/mp/maps/mp_t10_training_br/gen/mp_t10_training_br_art.gsc
7C03AB87C5F9F420,scripts/mp/equipment/disguise.gsc
7C07DABB66BABF80,scripts/mp/gametypes/gwbomb.gsc
7C0FA206E882CECB,scripts/common/anim.gsc
7C110E744404EE81,scripts/cp_mp/stealth/stealth_music.gsc
7C1225E893C677F9,scripts/mp/maps/mp_m_alley/mp_m_alley.gsc
7C13A324B0BF1A2E,scripts/mp/maps/mp_m_fight/mp_m_fight_lighting.gsc
7C1ACC9CB08C2548,scripts/mp/maps/mp_jup_arcade/mp_jup_arcade_lighting.gsc
7C1DC9B75012D20D,scripts/cp/vehicles/atv_cp.gsc
7C1E442C8429C2B1,scripts/mp/maps/mp_jup_arcade/mp_jup_arcade.gsc
7C1E4DFFF7F1F865,scripts/mp/bots/bots_gametype_team_gun.gsc
7C21424B9BAF1D83,scripts/asm/soldier/interactable.gsc
7C2660C65D44BC1D,scripts/mp/maps/mp_wartorn/mp_wartorn.gsc
7C2D12F859DD5799,xmodelalias/bodies_al_qatala_urban_ar.gsc
7C44D2B3DB4E4B01,scripts/common/vehicle_dlog.gsc
7C4C41D3546BB30A,scripts/cp/compass.gsc
7C4DE9361E63B59D,character/civ_syrkistan_female_scarf_long_brown.gsc
7C5AC6F1E4B7ABB1,scripts/mp/maps/mp_jup_home_01_alt_toon/gen/mp_jup_home_01_alt_toon_fx.gsc
7C65F44543A7BFC8,scripts/mp/maps/mp_jup_rust_alt/gen/mp_jup_rust_alt_sound.gsc
7C6888B3CB1132F5,scripts/mp/gametypes/br_third_person_toggle.gsc
7C6926E32DC49782,scripts/common/omnvar_utility.gsc
7C85DC1BDE3E9B97,character/character_spetsnaz_dmr_cp_nvg.gsc
7C92E14D90C8948F,scripts/sound/snd_debug.gsc
7C9766C5CDBF33A8,scripts/mp/maps/mp_saba_pm/mp_saba_pm_lighting.gsc
7C9E2BE7761984CA,scripts/mp/maps/mp_jup_bm_live/mp_jup_bm_live_lighting.gsc
7CA04657035BFE5D,scripts/cp/cp_points.gsc
7CA048E8D55705BC,scripts/mp/maps/mp_jup_waterfront/mp_jup_waterfront_audio.gsc
7CAB2632A76CC4A6,scripts/autotests/gscunittest/test_gscunittest_call.gsc
7CAB5709063F35E0,xmodelalias/heads_civilian_asm_male_5.gsc
7CB5C3EA08B6987D,scripts/mp/maps/mp_jup_tower/mp_jup_tower_ob.gsc
7CC80E4CE0545179,character/character_hero_nikolai_st_petersburg.gsc
7CCBD586E3BAFF77,scripts/mp/whizby.gsc
7CD8F606F15F4188,scripts/mp/maps/mp_m_king/mp_m_king_lighting.gsc
7CE1A82EBD941848,scripts/mp/gametypes/br_publicevent_dataheist.gsc
7CE85BA6ABEDEA11,character/character_spetsnaz_dmr_cp.gsc
7CEF55681AF4328D,scripts/mp/trials/mp_trl_cleararea.gsc
7D0AC11C9DCAA863,scripts/autotests/gscunittest/test_gscunittest_atomic.gsc
7D11E24BA5836179,scripts/mp/maps/mp_regional_gw/gen/mp_regional_gw_fx.gsc
7D24E7ED8D69F254,xmodelalias/bodies_al_qatala_desert_07.gsc
7D25CF19B30D7BA4,scripts/mp/maps/mp_jup_bm_live/gen/mp_jup_bm_live_sound.gsc
7D417D07A4E5621D,scripts/unittest/loop.gsc
7D419D1DFD062946,scripts/mp/load.gsc
7D5265119FD77B8E,scripts/cp/coop_fx.gsc
7D535542E36D66F9,scripts/common/ai_lookat.gsc
7D5D18083C3669C2,scripts/mp/killstreaks/hover_jet.gsc
7D625073C6379D53,scripts/mp/gametypes/br_bunker_utility.gsc
7D681FCF8E7487F3,scripts/mp/killstreaks/helper_drone_mp.gsc
7D70597F5DB87585,character/character_al_qatala_desert_ar.gsc
7D739E70E5A39555,scripts/mp/maps/mp_jup_terminal_alt/mp_jup_terminal_alt.gsc
7D788100E2DF4BB4,xmodelalias/c_t10_gbl_opforce_avalon_syndicate_3_heads.gsc
7D81AB2C32B292D8,scripts/mp/maps/mp_fishtown_gw/gen/mp_fishtown_gw_art.gsc
7D848B7984C32341,scripts/mp/equipment/binoculars.gsc
7D931927C317D34B,scripts/vehicle/skilo.gsc
7D95256AACD2FB76,scripts/mp/maps/mp_jup_fort/mp_jup_fort_fx.gsc
7D95B02E2D8F2128,scripts/mp/maps/mp_jup_farm_18/mp_jup_farm_18_fx.gsc
7DA090B673D0285F,scripts/mp/maps/mp_jup_afghan_v2/mp_jup_afghan_v2_precache.gsc
7DB2DCC0B2AFCA11,scripts/mp/maps/mp_mgl_escape4/gen/mp_mgl_escape4_fx.gsc
7DCD7FACEB87E0DA,scripts/asm/soldier/script_funcs.gsc
7DD293F8DDCDE64D,scripts/sp/player/teenagefarah.gsc
7DDEA3E0718BE60C,scripts/mp/maps/mp_wartorn_gw/gen/mp_wartorn_gw_sound.gsc
7DE60C03256B740A,character/c_jup_sp_enemy_pmc_grunt_04.gsc
7DEE0E92AE69AF37,scripts/mp/equipment/blastshieldbox.gsc
7DF7ED842015C429,scripts/mp/maps/mp_jup_favela/mp_jup_favela.gsc
7E03A12848453E92,scripts/mp/maps/mp_jup_terminal/mp_jup_terminal_fx.gsc
7E0649F3F04E0699,scripts/mp/equipment/decon_station.gsc
7E19D609E22641A4,xmodelalias/bodies_sas_woodland_ar.gsc
7E1F90B8FCC90D4B,scripts/cp/vehicles/cargo_truck_mg_cp.gsc
7E26577F470B1512,scripts/mp/maps/mp_wartorn_gw/gen/mp_wartorn_gw_art.gsc
7E28EC337FD679AC,scripts/mp/maps/mp_jup_shoothouse2/gen/mp_jup_shoothouse2_art.gsc
7E4251BB1AF4180A,scripts/mp/maps/mp_m_blacksite2/gen/mp_m_blacksite2_art.gsc
7E4D332E911E1B90,scripts/anim/utility.gsc
7E5112BE1AF9ECA2,scripts/mp/maps/mp_nogales_gw2/mp_nogales_gw2_lighting.gsc
7E52B56769FA7774,scripts/mp/gametypes/br_pickups.gsc
7E563E37F833241C,scripts/cp/vehicles/big_bird_cp.gsc
7E5A5D8646CDA55C,character/character_russian_boss_hometown_cp.gsc
7E5C0F8B815B928C,scripts/aitypes/aitype.gsc
7E5F238CDEA8303A,scripts/mp/maps/mp_jup_m_alley/mp_jup_m_alley_fx.gsc
7E70A941450DFD06,scripts/cp_mp/wallbuy.gsc
7E751349E3A8E270,scripts/mp/maps/mp_jup_st_c_gw/mp_jup_st_c_gw_fx.gsc
7E7D259AEED2B404,scripts/mp/maps/mp_jup_rust_alt_toon/mp_jup_rust_alt_toon_lighting.gsc
7E816FA0720D38A1,scripts/mp/bots/bots_gametype_br.gsc
7E82081490932D78,character/character_hero_price_woodland.gsc
7E8F10032371D1CC,scripts/mp/maps/mp_jup_skydiving/mp_jup_skydiving_zone_2_create_script.gsc
7E8F7AB177AB29FE,character/c_jup_sp_civ_prisoner_02_b.gsc
7E99F8DD3615036E,character/character_iw8_al_qatala_desert_1.gsc
7E9D90E98B1AE85B,scripts/cp/perks/cp_perk_utility.gsc
7EAF65311059845A,scripts/mp/maps/mp_mgl_luxury/gen/mp_mgl_luxury_art.gsc
7EB69E8C5218D5D0,scripts/stealth/utility.gsc
7EBA29B89650250F,scripts/mp/maps/mp_farm_18/mp_farm_18.gsc
7EBDBF758E0A8370,scripts/mp/bots/bots_gametype_cdl_sd.gsc
7EC79670452EC186,scripts/mp/supers/blindingturret.gsc
7EC888EDE02276A4,scripts/cp_mp/killstreaks/airstrike.gsc
7ECECF24DFCA60DA,scripts/mp/maps/cp_observatory/gen/cp_observatory_art.gsc
7ED1887AB175DC1D,scripts/mp/maps/cp_lone/cp_lone_precache.gsc
7ED61983DF21D505,scripts/mp/maps/mp_benchmark/mp_benchmark.gsc
7EDFAEDD76BA2A51,aiasm/corner_cover_lean_shoot_sp.gsc
7EE1159CEEF9D925,scripts/mp/maps/mp_wartorn_gw/mp_wartorn_gw.gsc
7EED363A9B249F1C,scripts/mp/gametypes/trial.gsc
7EF95BBA57DC4B82,scripts/cp_mp/equipment.gsc
7EFBA2DB2DBB87B8,scripts/mp/maps/mp_jup_rust_alt_toon/gen/mp_jup_rust_alt_toon_art.gsc
7EFD42DED94E73BC,scripts/mp/maps/mp_jup_benchmark/gen/mp_jup_benchmark_art.gsc
7EFDBF11264342B1,scripts/mp/maps/mp_jup_sm_island_2/mp_jup_sm_island_2_precache.gsc
7F0555B36D1B08E7,character/character_al_qatala_desert_ar_3.gsc
7F0B6B5CE716473A,scripts/mp/trials/trial_pitcher.gsc
7F0C7FC98922F685,character/civ_embassy_office_worker_male_2_1.gsc
7F1A93B7C2555B45,scripts/mp/gametypes/bounty.gsc
7F22DB280E8CC6C9,scripts/mp/launcher_target_lead.gsc
7F25952EB846B8E7,scripts/cp/vehicles/cop_car_cp.gsc
7F2603B0C235A0CF,scripts/sp/debug_menu.gsc
7F28EA235474D71A,scripts/mp/maps/mp_jup_skydiving/mp_jup_skydiving_lighting.gsc
7F2B0E730FA49AAC,scripts/sp/maps/sp_t10_safehouse_recovery/sp_t10_safehouse_recovery_fx.gsc
7F3538979A978A6D,xmodelalias/heads_civ_russian_police_officer.gsc
7F3615DDBB6372C8,scripts/cp/cp_powers.gsc
7F3BDDB3EA2462AB,scripts/sp/debug_spawnai.gsc
7F3D50B95A200022,scripts/mp/maps/mp_jup_skidrow/gen/mp_jup_skidrow_sound.gsc
7F3FFC10F2BFB1FB,scripts/sp/hud.gsc
7F4247F16EB491BE,scripts/mp/maps/mp_jup_skidrow_alt/gen/mp_jup_skidrow_alt_sound.gsc
7F4F74C54031E7A6,scripts/mp/equipment/armorplate.gsc
7F5E7A3CB514ACA5,scripts/cp_mp/radiation.gsc
7F5F30902DFFCF79,scripts/sp/gameskill.gsc
7F6133FE6C8DE5CA,scripts/mp/maps/mp_jup_elevated/mp_jup_elevated_fx.gsc
7F65697EC7FCE331,character/character_al_qatala_urban_civ_9.gsc
7F747015122D29FA,scripts/sp/maps/sp_t10_safehouse_recovery/sp_t10_safehouse_recovery_lighting.gsc
7F75BB7A2CE3C7C4,scripts/mp/gametypes/wlk.gsc
7F85370BDF4B0D7A,scripts/mp/bots/bots_gametype_vanilla.gsc
7F8C3E1308318968,scripts/cp/equipment/cp_decoy_grenade.gsc
7F8E6BA377CE8989,scripts/autotests/test_navdata.gsc
7F9096EF4B1A122C,scripts/mp/maps/mp_jup_escape5_hell/gen/mp_jup_escape5_hell_sound.gsc
7F989E71B934C9FC,scripts/mp/bots/bots_gametype_common.gsc
7FA8962E0706F150,scripts/cp/cp_equipment.gsc
7FB5E0897DC38310,character/character_usmc_basic_ar_3.gsc
7FDCCCD5A007CB3E,scripts/mp/maps/mp_skerries_v2/gen/mp_skerries_v2_sound.gsc
7FE81083032E13E1,character/c_jup_sp_enemy_pmc_spforce_01.gsc
7FEDD13267C3CACB,scripts/mp/maps/mp_jup_st_c_gw/mp_jup_st_c_gw_precache.gsc
7FF3A914E6C698C5,scripts/asm/shared/variant_asm.gsc
7FF5279EF2A93CF0,scripts/mp/maps/mp_crossing/mp_crossing_lighting.gsc
1E5583994E2068A8,scripts/mp/common/equipment/sweeper_drones.gsc
785265C2027066BF,scripts/mp/common/killstreaks/helper_drone.gsc
0583BD153C599983,scripts/mp/common/equipment/semtex.gsc
0DCF29FB8387D999,scripts/mp/common/killstreaks/remote_turret.gsc
1B3B8C05B33DF2FD,scripts/mp/entityheadicons.gsc
1F6B7243F8D72FEF,scripts/mp/armor.gsc
23A612EC3B88C093,scripts/mp/parachute.gsc
312B852644CFF709,scripts/mp/weapons_dev.gsc
32EF8D49C67AAEF5,scripts/mp/common/killstreaks/manual_turret.gsc
35EA2AD71D73089B,scripts/mp/common/killstreaks/killstreakdeploy.gsc
46E06758318A59E3,scripts/mp/common/killstreaks/placeable.gsc
491F292846AFB8CA,scripts/mp/common/killstreaks/autosentry.gsc
59B463D131B5400B,scripts/mp/playerachievements.gsc
5A8C477067090FE4,scripts/mp/common/equipment/haywire.gsc
5D9E9C912716B012,scripts/mp/common/killstreaks/assault_drone.gsc
6995A3EB7D571A9F,scripts/mp/common/killstreaks/killstreaks.gsc
6A1B268260F5489A,scripts/mp/common/equipment/support_box.gsc
731D5900EB69583D,scripts/mp/frontendutils.gsc
776A53F0BFEA18CF,scripts/mp/common/equipment/bottle.gsc
372042BA4C85A452,scripts/common/scripted_widgets.gsc
3F8889C16399185C,scripts/common/progression_utility.gsc
4170B1140B0A0323,scripts/common/max_heap.gsc
4A6760982B403BAD,scripts/common/telemetry_utils.gsc
5032ED8DA1128621,scripts/common/scriptable_group.gsc
54F6D121E91434F8,scripts/common/conditional_container.gsc
697B7AE06BA9B28C,scripts/mp/leagueplay_br.gsc
7C393D30D73CE315,scripts/common/callback_sequence.gsc
