hash,name
0028E7F3144488A8,ui_br_plunder_repo_ent_1
0028E9F314448E2A,ui_br_plunder_repo_ent_3
0028EAF3144490EB,ui_br_plunder_repo_ent_2
0036E596B9387EDD,ui_sniper_briefcase_warning
0059A6080453A63A,ui_killstreak_overheat_index
00A4563063726245,ui_disguise_awareness_state
00A5927F55539D17,ui_mp_error_trigger
00A8F99C59E69147,ui_escort_zone_net_player_count
00C6C287EC3F3A23,ui_havoc_charge_jump_progress
0123BAE167E2EB34,ui_pulse_allies
0130387095FC47EC,ui_objective_5_capture_bot_team_count
01328EF3AD5C8577,ui_br_contract_cancellation_state
015449838C9AB076,ui_bounty_cleared
01743367BF06892A,ui_stealth_compass_ents_0
0175B44BACC52D39,ui_br_assault_ammo
01BD72F96476113C,ui_skip_loadout
01C7BC4962834CA4,ui_score_streak_time_in_use_2
01C7BD4962834F65,ui_score_streak_time_in_use_3
01C7BE4962835226,ui_score_streak_time_in_use_0
01C7BF49628354E7,ui_score_streak_time_in_use_1
01D7DC34AAFE5EA4,ui_dcb_controls
01E784533F8B40CF,ui_trial_wave_total
01EBCE62D6BBBCCE,ui_tertiary_recharge_progress
020E59DC6155831C,ui_mission_end_time
02339966569B51B7,uv_vending_machine_index
027B3A4337C05DE5,ui_rescue_carrying_hostage
02AF47110257FF95,ui_bomb_timer_endtime
02CBAF05F511E9A1,ui_pip_message_text_top
02FA22B219BA025A,ui_trial_stats_row4_stat
03256E34DD7CE420,ui_scripted_widget_state_11
03256F34DD7CE6E1,ui_scripted_widget_state_10
03257034DD7CE9A2,ui_scripted_widget_state_13
03257134DD7CEC63,ui_scripted_widget_state_12
03257234DD7CEF24,ui_scripted_widget_state_15
03257334DD7CF1E5,ui_scripted_widget_state_14
03257434DD7CF4A6,ui_scripted_widget_state_17
03257534DD7CF767,ui_scripted_widget_state_16
03257634DD7CFA28,ui_scripted_widget_state_19
03257734DD7CFCE9,ui_scripted_widget_state_18
03385862F63352BC,ui_turret_drone_controls
036795E06CB73CD2,ui_minimap_floor
038C8CBE776A04B2,ui_br_ai_gulag_end_score_best
03D0BE75B00B18DB,ui_recharge_notify
03D9C179D6A8E0EB,ui_body_cam_hack_drone_closest_distance
03E0E5B29C2E4B20,ui_trial_stats_row3_bonus_time
03ECC0E2A7D63E5A,ui_note_num_input
03F87E9FE788CF13,ui_show_in_world_objective_ping
03FC34F60A12B832,ui_inserting_armor_plate
041502358150D747,ui_next_moneypile_preview
042BCFDCA60EA52E,ui_owned_player_capturing_index
0441CFD7A5635B3C,ui_mobile_killstreak_is_deploying
0462D94474F9A9B1,ui_total_fade
047CED2BB9158B95,ui_havoc_countdown_progress
04902025ADC4BF3E,ui_generator_type
04A240F8F18AD5CA,ui_perk_ultimate_splash
04AF6E77570E6295,ui_obj_timer
0561C031B3D078F4,ui_scripted_list_item_param_19
0561C131B3D07BB5,ui_scripted_list_item_param_18
0561C431B3D083F8,ui_scripted_list_item_param_15
0561C531B3D086B9,ui_scripted_list_item_param_14
0561C631B3D0897A,ui_scripted_list_item_param_17
0561C731B3D08C3B,ui_scripted_list_item_param_16
0561C831B3D08EFC,ui_scripted_list_item_param_11
0561C931B3D091BD,ui_scripted_list_item_param_10
0561CA31B3D0947E,ui_scripted_list_item_param_13
0561CB31B3D0973F,ui_scripted_list_item_param_12
05674B31B3D8273E,ui_scripted_list_item_param_20
05A51F313E357D54,ui_show_armor_health_force
05CB00F809BB0048,ui_whizby_alpha_front
05EE2BB0EE695DF5,ui_is_in_scripted_cinematic
05FB10444D9C6146,ui_control_axis_defending
0613923D0E3B1238,ui_power_secondary_state
062567B0609CC7FA,ui_league_play_br_can_leave_with_party
06435C38287FDABD,ui_br_minimap_radius
068478AE23565541,ui_realism_hud
068DA9FB23CE8A78,ui_killstreak_updated
06A48F637B871480,ui_ingame_light_tank_health_1
06A490637B871741,ui_ingame_light_tank_health_0
06A491637B871A02,ui_ingame_light_tank_health_3
06A492637B871CC3,ui_ingame_light_tank_health_2
06A493637B871F84,ui_ingame_light_tank_health_5
06A494637B872245,ui_ingame_light_tank_health_4
06A496637B8727C7,ui_ingame_light_tank_health_6
06B240F272D1CA12,ui_droploot_inv_8
06B241F272D1CCD3,ui_droploot_inv_9
06B246F272D1DA98,ui_droploot_inv_2
06B247F272D1DD59,ui_droploot_inv_3
06B248F272D1E01A,ui_droploot_inv_0
06B249F272D1E2DB,ui_droploot_inv_1
06B24AF272D1E59C,ui_droploot_inv_6
06B24BF272D1E85D,ui_droploot_inv_7
06B24CF272D1EB1E,ui_droploot_inv_4
06B24DF272D1EDDF,ui_droploot_inv_5
06D984441F5BCB89,ui_emp_button_combo_duration
0711516580FC5BB4,ui_ftue_missions_count
071A55209C351826,ui_activity_index
071B039F459FC9E7,ui_ztron_time_played
0762FA6C71D9BF60,ui_death_hint_button_prompt
07916B9B798EC899,ui_cmd_capture_progress
07D3BA6F24D5213D,ui_killstreak_use_widget
0810547BB8AAF429,ui_altimeter_altitude_hiprecise_m
0870DC9C68D4769B,ui_using_airstrike
088C18B1E542658E,ui_mission_message_text_loc_index
08A3FEE74AF1F2AA,ui_dual_minigun_heli_controls
08A6E33F8A72103A,ui_zonecontrol_client_data
08BC3454B9F2AA4C,can_emote
08BCE330FC83F2EE,ui_telescope_countdown_timer
08E6959272E94C8B,ui_free_run_current_checkpoint
095C39EBEDCE1821,ui_br_player_is_in_gas
096DFEAA2827D368,ui_gameplay_telemetry_weap_sec_kills
09A4C97076D6F61C,infil_intro
0A3C5B54F734410D,ui_veh_ammo_2
0A3C5C54F73443CE,ui_veh_ammo_1
0A3C5D54F734468F,ui_veh_ammo_0
0AA0FDBD0ECD3098,ui_escort_player_team
0AA9B327CA462F5D,ui_sniper_briefcase_start_time
0ABF03CA7C59C275,ui_free_run_low_time_seconds
0B03624A155121BF,ui_br_infil_exfil_player_focus
0B1EC0440B23A1A0,ui_gameplay_telemetry_operatordeaths
0B360CB33EDB0714,ui_meat_shield_health
0B4F7C833125A85E,death_recap_info
0B4F7FCE61A63A3A,ui_player_in_infil
0B70E0A31578BC36,ui_rescue_axis_attacking
0B7AC6F05AFB4179,ui_br_gulag_match_state
0BB38F5A23E4C38A,ui_gold
0C3587B320C8FDFB,ui_gunship_show_tutorial
0C359D80F06D7E07,allow_server_pause
0C5E95A42C79FBA7,ui_power_id
0C6C24AE275EF60E,ui_mission_state
0C6FB18B43EF53BB,physics_gravity_ragdoll
0CA5D82C83555422,radar_ping
0CB635661803D220,ui_attacking_team
0CC765EA3106F903,ui_firing_range_ttk
0D0E2EFD545FB51E,ui_player_is_prop
0D1D97FC5616DEAF,ui_cctv_camera_index
0D21623D07F6C401,ui_equipment_id_primary
0D3458DE74EE0418,ui_cutthroat_player_state
0DC98148A3CBDB43,ui_br_weapon_trader_data
0DEC3309C06C9766,ui_tactical_camera_2_location
0E467F8E4E9332AE,ui_firing_range_lane
0E8A93610CB1CF78,ui_buy_mode
0E8D5C162EE83270,objective_count_5
0E8D5D162EE83531,objective_count_4
0E8D5E162EE837F2,objective_count_7
0E8D5F162EE83AB3,objective_count_6
0E8D60162EE83D74,objective_count_1
0E8D62162EE842F6,objective_count_3
0E8D63162EE845B7,objective_count_2
0E8D68162EE8537C,objective_count_9
0E8D69162EE8563D,objective_count_8
0E961D6A290FE29B,ui_br_eliminated
0E997D5A85015ECC,ui_jammer_strength
0EC7DE7F4835D82B,requires_scriptmover_ladder_checks
0ECEB22101C465D6,ui_arcade_num_powerup
0EE53CF028A06F20,ui_br_infiled
0F16E41FB01137B9,obj_tracker_progress_bar_show
0F1C43E425A1EBAD,ui_infect_start_countdown_endtime
0F20B1E366D73605,ui_cutscene_active
0F2422CE7A09B6E8,ui_minimized_cursor_hint_dist_05
0F2423CE7A09B9A9,ui_minimized_cursor_hint_dist_04
0F2424CE7A09BC6A,ui_minimized_cursor_hint_dist_07
0F2425CE7A09BF2B,ui_minimized_cursor_hint_dist_06
0F2426CE7A09C1EC,ui_minimized_cursor_hint_dist_01
0F2427CE7A09C4AD,ui_minimized_cursor_hint_dist_00
0F2428CE7A09C76E,ui_minimized_cursor_hint_dist_03
0F2429CE7A09CA2F,ui_minimized_cursor_hint_dist_02
0F4F4CAF430AB7D8,ui_killstreak_cruise_package_missiles_fired
0F5216EB1EB12580,damage_feedback_icon
0F6416E060D91299,ui_hud_shake_duration
0FA5BB6076B0A251,ui_loadout_index_hidden_packed
0FCA3A093E248D28,ui_match_over
0FDA21D39F63E611,ui_generator_state
10410576254B04F0,ui_objective_6_capture_bot_index
1043479D20DC6F62,loot_container_open
105FC120E466808D,ui_power_secondary_max_charges
1076DE79318CA944,ui_daisy_low_health
10954394414ADEA3,ui_obj_timer_stopped
10B52B3F6E740CBA,ui_previous_selected_loadout
10C61E38547FD461,ui_player_using_honeypot
10DE81F574641FA9,ui_gameplay_telemetry_pri_weap_kdratio
10E44DA60777A670,ui_shrapnel_overlay
10FA0ACB93279BAE,ui_killstreak_destroyed
1115A28DA90B1479,ui_active_perks_
1185B0D97A1EB8B5,ui_cutthroat_num_downed_team_1
1185B1D97A1EBB76,ui_cutthroat_num_downed_team_2
1185B2D97A1EBE37,ui_cutthroat_num_downed_team_3
1197AD2AFA45542B,ui_arcade_aoe_timer_total
11CF7A07CCC09818,ui_collectible_system_amount_dropped
11D35A0F68CB86A2,ui_objective_destroyed_d
11D35B0F68CB8963,ui_objective_destroyed_e
11D35C0F68CB8C24,ui_objective_destroyed_b
11D35D0F68CB8EE5,ui_objective_destroyed_c
11D35F0F68CB9467,ui_objective_destroyed_a
11D45B33F82A2060,ui_armor_class_power_used
11DC03DDF8CED115,ui_ztron_current_round_num
11DC06872AEF6BBE,ui_disable_objective_reveal_fanfare
121146FE4FAE366B,ui_armor_plate_storage_max_count
121671E4A2B4D693,ui_party_members_have_ongoing_cq_winstreak
123DCC140AC90104,ui_scripted_list_item_param_8
123DCD140AC903C5,ui_scripted_list_item_param_9
123DD0140AC90C08,ui_scripted_list_item_param_4
123DD1140AC90EC9,ui_scripted_list_item_param_5
123DD2140AC9118A,ui_scripted_list_item_param_6
123DD3140AC9144B,ui_scripted_list_item_param_7
123DD5140AC919CD,ui_scripted_list_item_param_1
123DD6140AC91C8E,ui_scripted_list_item_param_2
123DD7140AC91F4F,ui_scripted_list_item_param_3
1247D2BEB65495B3,ui_killcam_killedby_perk
124CD9E82FD6367E,ui_gameplay_telemetry_ter_weap_kills
125696B23F2D3F47,ui_br_attraction_data
1260439BB2098335,swim_breath_meter_hide
12910F021A7F2AE7,ui_assimilation_clientnum
12A99543E0DE00C9,ui_mission_end_dlog
12AF5C38AC026F55,ui_squad_spawn_combat
12BABBDB3D91D4A2,ui_br_roguesignal_active
1349D8E20CA5C670,ui_trial_reward_received
1365A1B05A9EE14E,ui_persistent_item_status
139139CB51F9FF55,ui_perceptive
13B25A98725AD3C8,ui_infect_start_countdown
14225B94D65458C3,ui_dmz_biolab_countdown
14309EF1B398571B,ui_overtime_time
143DF5C438687242,ui_score_streak_three_cost
144DD5A760655DFD,ui_trial_best_time
144F6C1874DAB75E,ui_wallet_amount
147EDD583B21FA26,ui_gameplay_telemetry_pri_weap_downs
148D68A956A8E26F,damage_feedback_equip_notify
148F8F8C098D3C45,ui_br_hacker_phone_remaining_payments
149A8BF99A07CC67,ui_tactical_camera_3_location
14C6A7C4ED7EB610,ui_scripted_list_item_state_4
14C6A8C4ED7EB8D1,ui_scripted_list_item_state_5
14C6A9C4ED7EBB92,ui_scripted_list_item_state_6
14C6AAC4ED7EBE53,ui_scripted_list_item_state_7
14C6ACC4ED7EC3D5,ui_scripted_list_item_state_1
14C6ADC4ED7EC696,ui_scripted_list_item_state_2
14C6AEC4ED7EC957,ui_scripted_list_item_state_3
14C6B3C4ED7ED71C,ui_scripted_list_item_state_8
14C6B4C4ED7ED9DD,ui_scripted_list_item_state_9
14FDF9504C207F52,ui_gameplay_telemetry_ter_weap_accuracy
152664E5EE424A98,ui_takedown_prompt
159414D0E4FC5B2F,ui_br_circle_rising_distance_final
15BA17071014FB23,ui_gold_show_inventory
15EB908C60362ABA,ui_killstreak_thermal_mode
162E34A109391F0C,ui_br_overtime_cash_multiplier
1679A93C82102EEA,ui_hud_emp_force_show
168B0DFE696D0A66,ui_map_show_player
169853C4E4C9E593,ui_clear_target_markers
16C38A146D284595,ui_selected_loadout_index
16C5BABD78B61130,ui_mapshot_camera
16DE9785257ABAB3,ui_bv_scan_card_available
16E1E3AF7CD87055,ui_minimap_pulse
16F0EAD8E87C9554,ui_killstreak_cannot_be_used
16FECDB14CB29FE0,ui_killstreak_smartgun_state
17793E3E44A6415B,ui_tactical_camera_8_is_piloted
1781AAE43D2A50AD,ui_life_kill_count
17900E3496049DEA,ui_objective_3_capture_bot_team_count
17CD71EAB85FFB67,ui_loot_backpack_slot_count_
17D08272C64B7F4E,ui_br_gulag_event
17FED34CD116CDE6,ui_super_second_progress
1805A7AF26D52424,ui_killstreak_flares_available
180EFC6CBE209C30,ui_killstreak_weapon_1_ammo
181435A43EE4B25C,ui_multi_current_gametype
1864D1D51C866A7F,ui_potg_score_event_use_splashbundle_
187AE3E2C0A8E8DD,ui_allies_hvt_count
188A18D4409089F0,ui_fireteam_members_health
188CABE9C49D28AA,ui_mission_difficulty
18AF3223D5853D26,ui_veh_degrees_0
18AF3323D5853FE7,ui_veh_degrees_1
18C187E797416465,ui_dmg_num_state
18D6EAEB7A7871BA,ui_super_reminder
18E5DC91C70D6F48,ui_zm_zm_minj_progress
190ED8C8837CF212,ui_open_loadout_bag
19241DB35F558B62,ui_hide_dpad_hud
1949FECC5A35A364,ui_br_skillrank_widget_hidden
19C2254DFA8585D0,ui_equipment_loot_id_secondary
19D0DA94618651D6,ui_arcade_unlimitedgrenade_progress
19E5865CC919F62E,ui_veh_show_health
19EE6BAAEA3FC325,ui_free_run_max_checkpoints
1A3787216A6CAF94,ui_score_streak_blocked_state_3
1A3788216A6CB255,ui_score_streak_blocked_state_2
1A3789216A6CB516,ui_score_streak_blocked_state_1
1A378A216A6CB7D7,ui_score_streak_blocked_state_0
1A52783BFEB3588C,ui_carrying_bomb
1A68730F6770B5F7,ui_secondary_weapon_rarity
1A7C771AA0B1E2C2,ui_br_attraction_time
1AB40B73D1BB47E5,ui_is_bink_skippable
1AEBF2953983F321,ui_show_9bang_submunition_count
1AED87CF0DB8666A,ui_br_stronghold_mission
1AFE2F38BF463E16,ui_perk_reactive_armor_state
1B39CA62942B39B9,ui_br_has_been_interrogated
1B4DBAB8D0C137F1,forfeit_vote_time
1B6D46B04069A1C3,ui_ricochet_logo_obituary
1B7A0E6968A037A4,ui_bounty_warning
1B8152D747B06B30,ui_scripted_list_item_time_6
1B8153D747B06DF1,ui_scripted_list_item_time_7
1B8154D747B070B2,ui_scripted_list_item_time_4
1B8155D747B07373,ui_scripted_list_item_time_5
1B8156D747B07634,ui_scripted_list_item_time_2
1B8157D747B078F5,ui_scripted_list_item_time_3
1B8159D747B07E77,ui_scripted_list_item_time_1
1B8160D747B091BE,ui_scripted_list_item_time_8
1B8161D747B0947F,ui_scripted_list_item_time_9
1B8B48EA05052900,ui_potg_score_event_list_
1B9F76BBCEF795EC,ui_visibility_perks
1BB2ADE1B2A3FF73,ui_enemy_time_to_beat
1BB2DE6E19BB8950,ui_scripted_widget_state_0
1BB2DF6E19BB8C11,ui_scripted_widget_state_1
1BB2E06E19BB8ED2,ui_scripted_widget_state_2
1BB2E16E19BB9193,ui_scripted_widget_state_3
1BB2E26E19BB9454,ui_scripted_widget_state_4
1BB2E36E19BB9715,ui_scripted_widget_state_5
1BB2E46E19BB99D6,ui_scripted_widget_state_6
1BB2E56E19BB9C97,ui_scripted_widget_state_7
1BB2E66E19BB9F58,ui_scripted_widget_state_8
1BB2E76E19BBA219,ui_scripted_widget_state_9
1BE11B268BD1AD2D,ui_br_kiosk_hide_discount
1C40A5FDCB1ED1BB,ui_trial_stats_row4_stat_index
1C6061893DD1A3E4,ui_lem_catalogtimeoutprogress
1C61AE501A332154,ui_reviving
1C8122BE94EB62F6,ui_winning_team
1C9437D55DA0454C,ui_match_timer_stop_time
1C96C4779C38A5AB,ui_br_vehicles_spawned
1CACF16EF44CCCCA,ui_armsrace_objective_state
1D4923929C32F030,ui_deathdoor_pulse_intensity
1D6F09AEC83AB9FA,ui_ctdm_buff_unlock_level
1DA94E4A195B4423,ui_power_secondary_consume
1DEE4DA459BE88B5,ui_objective_3_capture_bot_index
1E314327ED00EDFC,ui_nvg_light_meter_needle
1E3524271648C81A,ui_assimilation_join_on_target
1E9F099BAB796D39,ui_gameplay_telemetry_teamwipe
1EB06B6E5ABFCE43,ui_arena_loadout_type
1EB223F4E1627669,ui_pulse_axis
1F16DFDB26CB22BC,ui_killstreak_missile_warn
1F1BAD3C47AA391D,ui_dmz_disguise_state
1F267FE15256A013,ui_infiltration_current_phase
1F36B3E0E0612DCA,ui_remote_turret_status
1F8BA4E0B900AB53,water_displacement_scale
1FA29E5693FDB1EE,ui_gameplay_telemetry_ter_weap_downs
1FA88B5587E6764A,ui_br_player_in_isotope_range
1FE360BEB3DC8638,ui_explosive_regen_delay_effect_active
1FEAEB08FCD70938,ui_score_event_list_rarity_1
1FEAEC08FCD70BF9,ui_score_event_list_rarity_0
1FEAED08FCD70EBA,ui_score_event_list_rarity_3
1FEAEE08FCD7117B,ui_score_event_list_rarity_2
1FEAF008FCD716FD,ui_score_event_list_rarity_4
200067955CD8B921,ui_ztron_show_player_position
2018A490AAF0F362,ui_target_name_index
202012B32976B388,ui_player_splash_param_4
202013B32976B649,ui_player_splash_param_5
202016B32976BE8C,ui_player_splash_param_0
202017B32976C14D,ui_player_splash_param_1
202018B32976C40E,ui_player_splash_param_2
202019B32976C6CF,ui_player_splash_param_3
2021E84ED731F7F7,ui_bv_screen_enabled
20262D874D7B83C3,ui_hunter_instinct_minimap_section
20389CF5F8ABBB25,ui_biometric_scan_data
204F042657A6D84D,ui_launch_squad_score
209C18937AC61E5C,ui_resource_chem
209F594697A4EB7D,ui_mission_reward_amount
20ACD92E0084863A,ui_power_disabled
20CB2921DB260385,ui_edge_glow
20D735AD7BFD3FA0,objective_state_1
20D737AD7BFD4522,objective_state_3
20D738AD7BFD47E3,objective_state_2
20D739AD7BFD4AA4,objective_state_5
20D73AAD7BFD4D65,objective_state_4
20D73BAD7BFD5026,objective_state_7
20D73CAD7BFD52E7,objective_state_6
20D73DAD7BFD55A8,objective_state_9
20D73EAD7BFD5869,objective_state_8
2101FF8267C3B989,ui_riot_shield_health
210E1E6F847BD6BF,ui_ztron_prompt_bits
216217C8BDFF8D4F,ui_wm_show_objectives
2173E9F1021A5243,ui_sabattack_sudden_death
217723C532320713,is_night_map
217ED6D565CBAC9E,ui_has_already_started_a_vote
21BE0BEF96FF1856,cp_countdown_color
21F013D632CD4E6C,ui_whizby_back_z
21F015D632CD53EE,ui_whizby_back_x
21F016D632CD56AF,ui_whizby_back_y
21F716C7FDE4BCA0,ui_scripted_widget_ent_19
21F717C7FDE4BF61,ui_scripted_widget_ent_18
21F71EC7FDE4D2A8,ui_scripted_widget_ent_11
21F71FC7FDE4D569,ui_scripted_widget_ent_10
21F720C7FDE4D82A,ui_scripted_widget_ent_13
21F721C7FDE4DAEB,ui_scripted_widget_ent_12
21F722C7FDE4DDAC,ui_scripted_widget_ent_15
21F723C7FDE4E06D,ui_scripted_widget_ent_14
21F724C7FDE4E32E,ui_scripted_widget_ent_17
21F725C7FDE4E5EF,ui_scripted_widget_ent_16
2206B9B794D1E951,ui_tactical_camera_2_is_piloted
2226378268C96A3E,ui_kilo2_airburst
223B54FFA2F78F08,ui_dialog_tree_active
223EE22A884DB168,ui_br_shotgun_ammo
225EA2AADEC06DA7,ui_tac_ops_map_open
226419B69D70C13A,ui_killstreak_zoom_fov
229DDEE9B09C6C04,ui_ingame_timer_ent_
22B0582A432E1CE0,ui_player_spawned_notify
22B530075FE2DC89,ui_round_end_extra_message
22CFBBB9C1378C37,ui_perk_fast_reviver_25
22F7EA1ECB0A8598,ui_veh_occupant_faction
22FCF70F5931D245,ui_pip_message_text_bottom
232E750E8445B939,ui_league_play_br_leave_penalty_timer
23537F9CD15C89AE,ui_br_weapon_case_widget_visibility_state
2357740BC93B8128,open_inventory
235DE4B16157465B,ui_show_objectives_reminder
2363E837512D2AE2,ui_codcaster_notification
23A2100236E57B9F,ui_apache_controls
23AA78DDF922DEDD,ui_scope_range_finder_bulletdrop
23EBFA5971739F18,ui_gameplay_telemetry_weap_most_kills
23F0D80746823AB5,ui_proximity_alarm_status_2
23F0D90746823D76,ui_proximity_alarm_status_1
23F0DA0746824037,ui_proximity_alarm_status_0
23F190B93406B054,ui_cash_my_player
240D6CB5DF9AB227,ui_resurgence_care_request
242777ADE140A9FA,ui_allies_player_count_zone_
2443936EACD7F1DF,ui_br_gulag_data_2
2469F48B719A315C,ui_activity_reward_amount
247E58099CDEAAA0,ui_hide_full_hud
24A23B3B6B0B6831,ui_missile_defusal_countdown_progress
251368FBE2C9F039,ui_body_cam_hack_drone_range
2523B4B74E2316CA,ui_dmg_num_type
25A62EFFA5281898,ui_enemy_alive
25A6B48A23FA9190,ui_br_rocket_ammo
25DC27274659CAF2,ui_binoculars_state
26302C5BEE4E923F,ui_drone_type
263AB77EAA752970,ui_combat_report_downedby_5
263AB87EAA752C31,ui_combat_report_downedby_4
263ABB7EAA753474,ui_combat_report_downedby_1
263ABC7EAA753735,ui_combat_report_downedby_0
263ABD7EAA7539F6,ui_combat_report_downedby_3
263ABE7EAA753CB7,ui_combat_report_downedby_2
263CFB682FE0C46C,ui_tactical_camera_1_status
26594FD906D58B11,ui_hide_radiation_meter_widget
26C5F36CF6F213E1,ui_hide_player_icons
26E803D63CD725FE,handheld_camera_rotation_move_mod_override
26FCDCE021E0AC8C,ui_cp_checkpoint
27183D835FFD6454,collected_intel_type
271AD6E4E724D91E,ui_owned_capture_bot_capturing
27560CD9980AB0B2,ui_br_gulag_data
276DA3798138D464,ui_death_details_attacker_0
276DA4798138D725,ui_death_details_attacker_1
276DA5798138D9E6,ui_death_details_attacker_2
276DA6798138DCA7,ui_death_details_attacker_3
2799D108A29F5DE9,ui_super_progress
27A6728AEB44CE3D,ui_scene_igc_playing
27C679BD56C9C38E,ui_veh_music_toggle_button_holdtime
27CCADFEDF63F0CD,ui_gameplay_telemetry_pri_weap_dist
27CD22E0F42AAB0A,ui_free_run_has_finished_race
27FC6B642694C14B,ui_br_altimeter_vertical_speed
282B38C2EF26FD7A,ui_movie_parent_bundle
288476A1197327F3,ai_fulllight
28DDB65BB0C705C5,ob_pvp_key
28F23AB6EFBF2C3C,ui_single_flag_loc
29040331B79BA1B9,ui_br_sierra_qwe_game_data
2905BFA19299A15A,ui_tactical_camera_9_is_piloted
293C42BF8B1DFE74,ui_gameplay_telemetry_pri_weap_damagedealt
2961B1D4D15D522E,ui_scorpion_trophies_collected
296709F2C19B95C8,ui_guntable
29DE18E60664922B,frontend_player_connected
29EE09ACBEAE18C2,ui_winners_circle_anim_4
29EE0AACBEAE1B83,ui_winners_circle_anim_5
29EE0BACBEAE1E44,ui_winners_circle_anim_2
29EE0CACBEAE2105,ui_winners_circle_anim_3
29EE0DACBEAE23C6,ui_winners_circle_anim_0
29EE0EACBEAE2687,ui_winners_circle_anim_1
2A13535400CEF969,ui_generator_numtiers
2A3577564506A677,ui_gameplay_telemetry_weap_sec_kdratio
2A45013C6751CAA8,autofire_hit_notify
2A99E3D736AD02A0,ui_active_hud
2ABF76357F257424,ui_gunship_coord1_posx
2ABF77357F2576E5,ui_gunship_coord1_posy
2ABF78357F2579A6,ui_gunship_coord1_posz
2AC8E3A4C8847410,ui_card_index_0
2AC8E4A4C88476D1,ui_card_index_1
2AC8E5A4C8847992,ui_card_index_2
2AC8E6A4C8847C53,ui_card_index_3
2AD8A45EDECCC9C3,ui_tom_spawn_entity_
2ADADC51F07DED96,loot_container_revealed_state
2B0459B791A53879,ui_networked_perk_
2B21BDFC64DFD885,ui_axis_downed
2B39E6D6DA3EE9A8,ui_activity_end_time_frozen
2B775A3F2B16B416,ui_player_splash_use_alt_
2B8FE376262928A2,ui_br_elite_contract_payload_contested
2BA6CD28E1997072,ui_combat_report_damage_4
2BA6CE28E1997333,ui_combat_report_damage_5
2BA6CF28E19975F4,ui_combat_report_damage_2
2BA6D028E19978B5,ui_combat_report_damage_3
2BA6D128E1997B76,ui_combat_report_damage_0
2BA6D228E1997E37,ui_combat_report_damage_1
2BE68236671577F4,ui_match_status_hint_text
2BE85DE7D1711206,ui_purchasemenu_purchase_response_notify
2BF1B4A8F17CDE47,ui_skrtimer
2C03CA50078464AA,ui_chyron_index
2C16A5E93A8C5A34,ui_cash_change_increment
2C456CD9BAEA0903,ui_weapon_pickup
2C58298FAE22ED6B,ui_out_of_bounds_type
2C6205B4377E5148,ui_altimeter_vertical_movement_state
2CA51E84650CABB6,ui_killcam_victim_or_attacker
2CB8D93C9685CAB2,ui_potg_score_event_list_is_objective_event_4
2CB8DB3C9685D034,ui_potg_score_event_list_is_objective_event_2
2CB8DC3C9685D2F5,ui_potg_score_event_list_is_objective_event_3
2CB8DD3C9685D5B6,ui_potg_score_event_list_is_objective_event_0
2CB8DE3C9685D877,ui_potg_score_event_list_is_objective_event_1
2CE122F965A26E13,ui_scope_range_finder_bulletdrop_update
2D4142B324D14B32,ui_death_hint
2D735232BF2AD072,ui_disable_wheel_widgets
2DA76E6A6787B8D8,ui_publicevent_timer_type
2DE9A36CE3BD2F02,ui_out_of_bounds_countdown
2E03477373CD9FF5,ui_show_lootid_item_pings
2E1C0705D1F396CA,ui_gameplay_telemetry_critical_kills
2E4055F7A74490DD,ui_sabattack_flag_ownership
2E48AC4DCB4265B9,ui_combat_report_multi_weapon_
2EBBB1CD4ACACC5A,ui_tutorial_message_state
2EF2A308A5DA221E,ui_party_members_have_ongoing_winstreak
2F33C34CAFB30813,ui_gameplay_telemetry_sec_weap_dist
2F4DE32A31204489,ui_perk_package_bundle_index
2F6936E45AC2B3D3,ui_firing_range_tot_damage
2F6DD0CC4526DBA5,ui_br_interrogate_team_is_being_tracked
2F877BE326631C2F,ui_voxel_head_size
2FDB5AEC121B559E,ui_deathdoor_pulse_fade_type
3010711A87DEDEDD,ui_hud_radio
30420D9275D8F135,ui_hud_initial_damage_event
30541FB63D61C416,ui_publicevent_auavscan_spotted
306F5443BC7C8B61,ui_br_objective_duration_time
307BBDF66DAEDCDC,ui_is_player_attacker
30CA274FEA739629,ui_conversation_exiting_line
30D1A1636E50E46D,ui_tactical_camera_0_status
30EAE67ADEF38131,ui_show_cards
30FE7CB58868BC28,ballmode_grenade
3149622D5F05A157,ui_telescope_fui_time
31567B1CAE9F40DD,ui_killcam_killedby_loot_variant_id
31634A43293B0E50,ui_safe_combination_2
31634B43293B1111,ui_safe_combination_3
31A8CC414BA36A62,ui_br_multi_circle_player_data
31B2ADD5842FE498,ui_hq_status
31FC0E5D59572202,ui_br_interrogate_tracking_other_team
321B2DB32B5784F4,ui_tertiary_recharge_timer
323D209F9688B829,ui_overtime_timer
324B9117218E769C,ui_session_state
325834ED6319BA9A,ui_field_upgrade_primary_in_range_max_targets
3274B38DF9E08174,ui_last_stand_type
327630FE0A160936,ui_emp_target_detector_on_give_widget
327D693BC2729E06,ui_dev_action_park_combo_right_index
32AAA7E11AB417F4,ui_br_team_cash_pockets
32CB42507AE8EEF6,ui_br_has_extract_bag
33933B1AE2C54950,ui_tactical_camera_3_is_piloted
342B84BD5CF1AE54,ui_resurgence_action_feedback
34684D83E5112C58,ui_br_winners_circle_extra_data
34F68F0C3848622C,ui_firing_range_has_started
351D1BBBC274D6DF,ui_dmz_biolab_show_countdown
351D96B44FE32281,ui_body_cam_hack_ally_spotted
351FDA66F854B38C,ui_codcaster_right_time_to_beat
3559328A8E33DF76,ui_match_start_objective
355FA73D3F2BC43B,ui_combo_bar_combo
35626C2D93EE8A32,ui_score_streak_is_specialist
358AC810A0C77F29,ui_score_event_control
35CDA578B84F23B5,ui_is_bink_skipping_enabled
35E0BFDFA623D945,damage_icon_amount
3608BD204EC76934,ui_br_elite_quest_chain_status
360962BF0F40B739,ui_allies_no_respawn
360EDC2D09EED262,ui_only_default_loadouts_player
363F35439BC5ECB1,ui_gameplay_telemetry_ter_weap_destruction
36995BFCD566E7CA,ui_killcam_killedby_using_spykit
36A1C3E04EB1043F,ui_payback_cash_stolen
36BA034CFE37FC96,ui_gunship_target_current_location_name
36C5195D9E05866F,ui_buy_station_global_enabled
36D9B901EDB64170,ui_gobblegum_slot_acquired_notify
372FAB9BFEB5550E,ui_escort_ent_speed
37333CC1CB520DE6,ui_br_circle_rising_player_distance_current
374197E70D5D24F0,ui_hide_danger_indicator
374AAFD41042B836,frontend_weapon_position_updated
3789AFA5796CEC22,ui_trial_stats_row1_bonus_time
37A0D4D5A0500A3A,ui_payback_match_status_axis_state
37AC0D86C96C3CFB,match_has_more_than_1_player
37B5E9C0D4E2D032,ui_killcam_killedby_id
37B92F30ECD19E99,axis_hvt_last_stand
37DBE7FECAD51728,ui_body_cam_hack_drone_2_distance
38177C24896A6ED6,ui_score_streak_last_round_earned_
385707E7FEBDCF59,ui_killstreak_controls
385D27F45921EDFB,ui_trial_subscore
3880AB608618898E,ui_br_squad_leader_can_pass
38ACF15A938E6D4B,ui_infect_nvg_hud_icon
38B1EE3B472A4F6C,ui_spawn_wildcard
38F8AECFEEF73BA6,ui_killcam_killedby_equipment_primary
3922B43EDA408158,ui_show_bink
39477A06B9A3FFBA,ui_in_loadout_sequence
39683EE1ED1A50CD,ui_ztron_remaining_enemy_count
396CD9E406372DE4,ui_br_isotope_extraction
39D9A2180B80C3CD,ui_br_transition_type
39DCCB0A4B3EF6BC,ui_smart_watch_check
3A007D2D627C5358,ui_assimilation_disabled
3A061E5F427115DD,ui_lower_message
3A22BE22085C806B,ui_drone_active
3A756D58D41B7865,chromatic_aberration_radius_override
3A7BCB0C7B7BC2B1,ui_trial_tier_3_requirement
3AA920C45DB70B04,ui_infofeed_connection_status
3AB6524CF08FF7F0,ui_scripted_widget_time_2
3AB6534CF08FFAB1,ui_scripted_widget_time_3
3AB6544CF08FFD72,ui_scripted_widget_time_0
3AB6554CF0900033,ui_scripted_widget_time_1
3AB6564CF09002F4,ui_scripted_widget_time_6
3AB6574CF09005B5,ui_scripted_widget_time_7
3AB6584CF0900876,ui_scripted_widget_time_4
3AB6594CF0900B37,ui_scripted_widget_time_5
3AB65C4CF090137A,ui_scripted_widget_time_8
3AB65D4CF090163B,ui_scripted_widget_time_9
3AD719573301D55A,ui_cranked_bomb_planted
3AFB4E95872ABE61,ui_collectable_
3B1547BFEBFAF15B,ui_hackingdevice_state
3B2504608A62F5BF,ui_generator_confirm_alpha
3B27DFD8B5674E96,ui_tactical_camera_
3B3AA4EDCFD42618,ui_firing_range_target_kill_count
3B4B91CE866D1A08,ui_champion_br_task
3B7D0717B5CF9422,ui_scorpion_trophies_secured
3B8E477165BA2B94,ui_perk_sprint_health_regen_state
3BAC8827624C3ADC,ui_objective_dismiss_fanfare_enabled
3BBF50AE5D1F125E,ui_dmg_num_amount
3BCD298C69DEDEDF,ui_power_secondary_disabled
3BD6A3B23E0C5F80,ui_cmd_owner_progress_axis
3BDE1C9D4657B0AB,ui_player_spawn_protection_time
3C034D719F7D096C,frontend_screen_black
3C4C1480670FB42C,ui_br_plunder_repository
3C5C5DDE8F10CB2F,ui_bonus_points
3C6C496162F5C45F,forfeit_vote_initiator
3C6E91FE4692C5AB,ui_hud_healing_damage_event
3C903766A6AEE4EC,ui_killcam_killedby_super2
3C903A66A6AEED2F,ui_killcam_killedby_super1
3CAD0428EB66423E,ui_longshot_special
3CC198691603E9FD,ui_spawn_perk_
3CCFF8AD786D8107,ui_hide_nameplate_strings
3D09FE96803C86B3,ui_equipment_id_health_maxcharges
3D249A3924437CF5,ui_risk_obj_client_team
3D4C8D83A371BBAF,ui_br_squad_wipe_streak_timer_end_ms
3D7D76451C018425,ui_friendly_alive
3E5E4B321C33DD1B,ui_thermite_class_power_on
3E764CF96C031695,ui_body_cam_hack_drone_near_status
3E8AD454EE4E15AC,ui_score_event_use_splashbundle_
3E8D2084B5B4EE2E,ui_emp_show
3EAEEAACF3BA3423,ui_biometric_scan_consumable_loot_id
3EB6052691D09F59,ui_secure_slot_
3EE0A3950A2805B3,ui_wm_escort_dir
3EECD17954A3A390,ui_ztron_keybinding_ref
3EFE198F2E3082D1,backpack_lootid
3F188F44285D7DBC,ui_player_splash_param_
3F57CA9B5CDE50CA,ui_show_objectives
3F62E98ABF11E955,ui_tactical_camera_6_is_piloted
3F7400A685C14009,ui_display_foliage_vignette
3F80890D4BE8932F,ui_dmz_mission_overlay
3F846F1947C94B81,ui_nuke_player_id
3FAA46458677D3D6,ui_reticle_overlay_visibility
3FAF9935CB5E2DEF,ui_in_spawn_camera
3FB1AD63DC5AA3B8,ui_victory_condition_completed
3FD9ECF285BCF56E,ui_champion_br_team_placement
3FFE4FFAD748D67E,ui_nuke_end_milliseconds
4020E8E27C900000,ui_scripted_widget_time_13
4020E9E27C9002C1,ui_scripted_widget_time_12
4020EAE27C900582,ui_scripted_widget_time_11
4020EBE27C900843,ui_scripted_widget_time_10
4020ECE27C900B04,ui_scripted_widget_time_17
4020EDE27C900DC5,ui_scripted_widget_time_16
4020EEE27C901086,ui_scripted_widget_time_15
4020EFE27C901347,ui_scripted_widget_time_14
4020F2E27C901B8A,ui_scripted_widget_time_19
4020F3E27C901E4B,ui_scripted_widget_time_18
4043C09D38A39D8C,ui_cranked_timer_time
404B6767F0329303,ui_hide_game_render_for_round_end_team_hud
404F2445ADA64532,ui_player_notify_loadout
4058636433ED4E6F,ui_objective_6_capture_bot_team_count
409A00DDF70FE3A3,ui_world_event_timer
409C27E8C1F1B7B5,heli_rotor_wash_vfx_enabled
40C3738A2C002C4C,ui_use_alt_bonus_items
40D6B27407A9BCEE,ui_enable_atak_down_state
40DF5AA0BD092A19,ui_generic_target_current_location_name
40E71EAED3E7C43A,ui_armor_squad_index_
4104DB31AF8EC901,ui_hardpoint_timer
412AD6AF50799C06,ui_sp_inventory_enabled
413A31298305C689,ui_player_sp_squad_index
41437333B5A6DFB7,ui_squad_data
41521319964159E5,ui_requested_loadout_state
415F12E2EC36E02E,ui_only_default_loadouts
4165168BDE1F8199,ui_cash_change_amount
41BD19E362D3F499,ui_killed_player_notify
41C1AFAD5825026B,ui_gameplay_telemetry_damagereceived
41F273C2703C09D4,ui_arena_en_primary
41F73FF491FE2B03,ui_player_stop_and_go_moving_warning
42208C8C2FF6AAC1,ui_perk_streak_progress
424E5A96FA8BB912,ui_compass_tacopsmap_size_override
4267BC6B690B0D60,ui_cyber_revive_timeout_squad_index_6
4267BD6B690B1021,ui_cyber_revive_timeout_squad_index_7
4267BE6B690B12E2,ui_cyber_revive_timeout_squad_index_4
4267BF6B690B15A3,ui_cyber_revive_timeout_squad_index_5
4267C06B690B1864,ui_cyber_revive_timeout_squad_index_2
4267C16B690B1B25,ui_cyber_revive_timeout_squad_index_3
4267C26B690B1DE6,ui_cyber_revive_timeout_squad_index_0
4267C36B690B20A7,ui_cyber_revive_timeout_squad_index_1
4267CA6B690B33EE,ui_cyber_revive_timeout_squad_index_8
4267CB6B690B36AF,ui_cyber_revive_timeout_squad_index_9
426B2CF3CD7D1435,ui_trial_reward_tier
427EA980C9FD95F0,ui_show_benchmark_report
4280C895825C4406,objective_type_8
4280C995825C46C7,objective_type_9
4280CA95825C4988,objective_type_6
4280CB95825C4C49,objective_type_7
4280CC95825C4F0A,objective_type_4
4280CD95825C51CB,objective_type_5
4280CE95825C548C,objective_type_2
4280CF95825C574D,objective_type_3
4280D195825C5CCF,objective_type_1
428EB2EB70B24E56,ui_loot_splash_item_quantity
42A7E297DFE3B021,ui_ctf_flag_axis_return
42C637BACC10CB19,ui_radar_blocked
42E086AE3401D062,ui_droploot_inv_19
42E087AE3401D323,ui_droploot_inv_18
42E08CAE3401E0E8,ui_droploot_inv_13
42E08DAE3401E3A9,ui_droploot_inv_12
42E08EAE3401E66A,ui_droploot_inv_11
42E08FAE3401E92B,ui_droploot_inv_10
42E090AE3401EBEC,ui_droploot_inv_17
42E091AE3401EEAD,ui_droploot_inv_16
42E092AE3401F16E,ui_droploot_inv_15
42E093AE3401F42F,ui_droploot_inv_14
42FC8E4AD826824A,ui_gulag_timer
4311C391FE3544D3,ui_axis_defcon
4328CB2C3CFEDC71,ui_clutch_indicator
437B1F8A746AE66C,ui_score_streak_available_2
437B208A746AE92D,ui_score_streak_available_3
437B218A746AEBEE,ui_score_streak_available_0
437B228A746AEEAF,ui_score_streak_available_1
437BD0B55D77BE14,ui_publicevent_fullscreen_atlas_type
4380AF1FFDE95048,ui_dmz_poi_name
439C033445A1F738,infil_gameplay
43B4916E357BA517,ui_super_hacking_progress
43B86733AF48AD93,ui_gunship_flares_indicators_disponibility
43BA19D3B9939F4F,areaswap_hint
43D7E72DA1DC4101,ui_target_settings
43FB0422E8159E74,ui_bomb_owner_team
44174A6D8464F837,ui_votesys_player
441A1FEE3B794EBD,ui_dev_action_park_combo_left_index
441CCDA998BEE181,ui_gameplay_telemetry_spm
443C5A0B1BEC7440,ui_loot_splash_name
443CAD9DE3F61873,ui_armor_forced_notify
4440CBA5738B6517,ui_br_elite_arrow_aar_state
44B7B7DC0ED82277,cp_munition_slot_reset
44DE40E2312191F4,ui_gameplay_telemetry_weap_pri_damagedealt
44E2A4607E835D1D,ui_squad_leader_pack_dropped
44F1521808B1EA5A,ui_payback_cash_carried
45061921760FDBDD,ui_trial_stats_row3_stat
45801C03FB3FA40D,ui_playerarmorstate
4586FCD3A00C4DB3,ui_battle_mode_player_score_multiplier
4596F465A146BECC,ui_field_upgrade_secondary_in_range_max_targets
45A7D9FC441E2608,ui_zonecontrol_client_data2
461B8E1F3B9A2282,ui_hide_hud_flashed
4624EC90786DE8D5,ui_backpack_notes_total_findable_number
463B9E485769791C,forfeit_vote_min_accepted_player
4663BCCF01CB0023,areaswap_state
46739F20ED4E9BBB,ballmode_pulse_recharge
46D3D04BB7E36209,player_respawning
46DF8072CF15C35B,ui_last_stand_syringe_time
46E35234A6311F26,ui_cctv_camera_state
472D2FD0BEB4E916,ui_br_altimeter_state
473184941E372730,ui_cranked_timer_stopped
474087E45ABF1EA6,ui_arcade_unlimitedammo_progress
482B8FA97F9FE308,ui_br_extended_load_screen
482FF8D25FC259F5,ui_ghostfinder_soul_absorb
484919D38DFD522E,ui_br_sierra_qwe_client_data
48CC8A35E3D4A7B5,ui_parachute_id
4909A33C505C88E7,ui_veh_show_time
491F4C0C57EBD916,ui_killfeed_notify
492830FE6300D25F,cam_scene_name
492CF258DA545145,ui_br_elite_contract_mission_data
497B3E9905837645,ui_mp_extended_load_screen
498215D27D14B9A8,ui_dmg_num_z
498217D27D14BF2A,ui_dmg_num_x
498218D27D14C1EB,ui_dmg_num_y
49C6C422C415AD2F,ui_lightdamage_pulse_intensity
4A138707F355285C,ui_gameplay_telemetry_damagedealt
4A4EACEEF6C287B8,ui_conversation_start
4A7117CB48616B6D,ui_generator_confirm_width
4AA60AA55924ECF3,ui_prop_clones_remaining
4ABFB15C85B8F28D,ui_tom_previous_selection
4ADEEF21209DC1CE,swim_breath_meter_percent
4B1226A557E54A30,ui_emp_progress
4B1CD2507CBC168B,ui_ammo_class_power_on
4B4B63FE6A8DAC94,ui_emp_button_combo_show
4B636DDD9FC467CE,ui_benchmark_gun_model_ent
4B8D94931FC1856A,ui_tom_ti_respawntimer
4BA53666310E5A57,ui_target_difficulty
4BAFF7B07AEF28B4,ui_super_jump_progress
4BCE1B981CED7548,ui_overtime_flag_time
4BD7CA51D93EFF30,ui_trial_wave_progress
4BEC44CDDE5E1F4A,ui_gren_ind_color
4BF773E2144E159B,ui_veh_current_seat
4C0E055F1BF5D939,ui_minimap_max_floor
4C17093ABD5E582C,ui_generator_confirm_speed
4C5589B2B2B0FF92,ui_br_stronghold_mission_timer
4CA367F8BC225136,ui_gameplay_telemetry_weap_pri_kills
4CCB8B150F03BDDA,ui_gulag_state
4CD2A16BE1791355,ui_mutation_zombie_type
4CD8C06ECB8ADFA1,ui_primary_weapon_rarity
4CEB237B047261B3,ui_killstreak_weapon_2_ammo
4D3E51395907ECD4,swim_under_water
4D3F25EEE3FDC4BF,ui_fireteam_members_squad_index
4D94885AB55AD506,ui_jump_master_finished
4DB5FC8AA1D17A73,ui_total_game_time
4DF70A6B9206D959,ui_deathdoor_pulse_fade
4E047A4036C25FD0,ui_veh_fuel_percent
4E1471E80B09A487,ui_arena_axis_health_max
4E27837232AFAB08,ui_auto_drone_ent
4E5E96B3E5EB21EC,ui_hide_hud
4E680ED44EF6D335,ui_free_run_max_placement
4E7D69063A055671,ui_hit_list_active
4E9AE70BB403A1F6,ui_ztron_is_highest_score
4ED1CCDC737C5320,ui_br_objective_extraparam
4EE12A4DC1FBFC8F,ui_map_width
4EF4F775210AB28B,ui_killfeed_victim_id
4EFCD806E6C9A5DE,ui_perk_package_changed
4F2C1DA15F89F91A,ui_trial_stats_row4_bonus_score
4F3C67B5C8E05D87,ui_mission_index
4F494D10FBD0FD7C,ui_br_perks_looted
4F74CDBA4CC8225C,ui_tactical_camera_cam_1_status
4F7F4A3F27EF2D7C,ui_squad_leader
4F8D970EFFC57437,ui_killcam_killedby_operator_weapon_loot_id
4FA018151BB3F8CC,ui_race_active
4FD9E57A2CB3DE59,ui_squad_field_upgrades
4FDDF7BF80E99785,ui_health_chunk_can_revive
4FF2BDC0F3D66CC9,ui_trial_mission_id
5002082DD0499C19,ui_score_streak_index_
501A2A54CFF8F6F6,ui_focused_objective_index
502E6CADBCA4E8AB,ui_br_danger_warning
505E9D7EFA6C3911,ui_pause_time_remaining
50635733DD7D7830,ui_scripted_widget_data_7
50635833DD7D7AF1,ui_scripted_widget_data_6
50635933DD7D7DB2,ui_scripted_widget_data_5
50635A33DD7D8073,ui_scripted_widget_data_4
50635B33DD7D8334,ui_scripted_widget_data_3
50635C33DD7D85F5,ui_scripted_widget_data_2
50635D33DD7D88B6,ui_scripted_widget_data_1
50635E33DD7D8B77,ui_scripted_widget_data_0
50636533DD7D9EBE,ui_scripted_widget_data_9
50636633DD7DA17F,ui_scripted_widget_data_8
506D53797BC35221,ui_truckwar_trucks_remaining
508938D74EE455B7,ui_br_objective_reward_tier
509A44F1EB8B456C,ui_buystation_limited_item_amount
509F9B333B2252B5,ui_laststand_visibility
50BEB64A2966AE9C,ui_bounty_operator_id
50BEBD2C7514FF9A,ui_securing_progress
50EF6AEE0D054954,ui_tactical_camera_7_is_piloted
50F501519DC0B14B,obj_tracker_timer_end_time
50FA203405289F89,ui_killstreak_clusters_bomb
513D4232935ACBCE,ui_hijack_bomb_distance_percentage
518C8AC750ADA047,ui_br_sniper_ammo
51950FF5518C79ED,ui_nuke_timer_time
51A4F1C7E6C8A328,ui_show_objectives_force
51F5020A9F83D325,lb_color
52581C51A4DA3057,ui_hardpoint_active_zone_count
525B7F9E77FCD4DB,ui_killstreak_connection
52655FA13322A640,ui_conversation_stop
52692F286B84B158,ui_loot_backpack_type
527250DE44C5717C,ui_body_cam_hack_drone_1_status
52825232AB0F97DB,ui_cctv_active
529307A2BF57D6E9,ui_gameplay_telemetry_teamrevive
529532D4D9391494,ui_benchmark_create_zones
52976262A61B86EE,ui_resource_electronics
529BC0E3FDCFF953,ui_securitystation_cctv_state
52AA616CD4A154D0,ui_br_players_left_in_plane
52D06CFB3303725D,ui_br_player_in_drive_range
52E3E3314712A694,ui_capture_locked_zone_1
52E3E5314712AC16,ui_capture_locked_zone_3
52E3E6314712AED7,ui_capture_locked_zone_2
52EBDB43BBB33EDF,ui_arcade_forcefield_timer_total
52F616E7533C782B,ui_secure_overlay_active
533556CDDC650282,ui_power_id_secondary
535968B4C3E77D10,ui_stealth_compromise_state
5376F5D41ECB42F3,ui_target_max_health
538774E078E1F0F5,ui_br_twotwo_gulag_players_state
538C3835377CE103,damage_feedback_headshot
5394851872D2010C,damage_feedback_entity_notify
53ABB19241B17A70,ui_using_consumable
53B913997139D1DF,ui_trial_stats_row1_stat
53CF88A27D3D5237,ui_arcade_unlimitedammo_active
53FB132963BC4159,ui_veh_lean_out
545D9A994CA0DC20,ui_wm_objective
547DB36E4C2643E5,ui_trial_objective_total
54894E5505DDD3FC,ui_apache_thermal_mode
54C199E319B013DA,ui_generic_target_marker_hide_on_focus
54F72E407A258650,ui_br_player_position
550E8165A0C6CFC8,ui_spawn_perk_5
550E8265A0C6D289,ui_spawn_perk_4
550E8465A0C6D80B,ui_spawn_perk_6
550E8565A0C6DACC,ui_spawn_perk_1
550E8665A0C6DD8D,ui_spawn_perk_0
550E8765A0C6E04E,ui_spawn_perk_3
550E8865A0C6E30F,ui_spawn_perk_2
5565B34DEC6C9ADC,ui_map_player_y
5565B44DEC6C9D9D,ui_map_player_x
557503701BA4935B,ui_flakjacket_health
55D2988EC49141EB,ui_br_pe_meter_data
55F994D2A1CFF645,ui_coop_bink_overlay_state
55FB36E6A2D988FD,ui_activity_end_time
562D6108524E8E98,ui_br_hacker_phone_state
563468ED64F95FC8,ui_is_rcxd_race
567921BE3CD0F8E4,ui_team_attackers
56AC95DA52741F56,objective_max_count_8
56AC96DA52742217,objective_max_count_9
56AC97DA527424D8,objective_max_count_6
56AC98DA52742799,objective_max_count_7
56AC99DA52742A5A,objective_max_count_4
56AC9ADA52742D1B,objective_max_count_5
56AC9BDA52742FDC,objective_max_count_2
56AC9CDA5274329D,objective_max_count_3
56AC9EDA5274381F,objective_max_count_1
56BB51F175E65425,ui_ob_power_tier_xp
56CA610C49BD52B0,ui_max_qualified_players
5707BB395F40ABD0,ui_trial_retry_disabled
573D1D5399AE38D7,ui_equipment_id_secondary
573F6B23BE649A10,ui_spotter_scope_toggle_visibility
5789D646D57E4CC2,ui_lethal_recharge_progress
57ACF6DE3775B9F8,ui_winners_circle_emote_3
57ACF7DE3775BCB9,ui_winners_circle_emote_2
57ACF8DE3775BF7A,ui_winners_circle_emote_1
57ACF9DE3775C23B,ui_winners_circle_emote_0
57ACFCDE3775CA7E,ui_winners_circle_emote_5
57ACFDDE3775CD3F,ui_winners_circle_emote_4
57C5EBDB2165D41E,ui_region_difficulty
57DBEEBB5C2A817E,ui_sabattack_anti_stall_timer
57F9B9DB6A54A406,ui_securitystation_cctv_camid
5854C418B64FD073,ui_gameplay_telemetry_weap_pri_headshot_count
5883F34C7A90FE14,ui_round_hint_override_attackers
58B6ACC697331FC2,ui_score_streak_index_high_roller
58C3E4288D3E5669,ui_is_laststand
58D6701CF9CC6AF7,ui_codcaster_left_time_to_beat
58D8CA39F29284E0,ui_whizby_front_loop
591994E167295EA7,ui_field_upgrade_secondary_in_range_targets
596157AFBA38FA94,scriptable_loot_hide
597DD7D8A6ED56FE,ui_br_altimeter_height
59936FDF0B34E42B,ui_gunship_hellfire_lockon
599A4401FC246FCA,ui_chyron_surge_chunnel
59B3F1E8F9475833,ui_rallying_cry_target_detector_on_give_widget
59D6AA6ED27D14D9,ui_requestredeploybutton_state
59D9CDB3A22ABB50,ui_veh_occupant_0
59D9CEB3A22ABE11,ui_veh_occupant_1
59D9CFB3A22AC0D2,ui_veh_occupant_2
59D9D0B3A22AC393,ui_veh_occupant_3
59D9D1B3A22AC654,ui_veh_occupant_4
59D9D2B3A22AC915,ui_veh_occupant_5
59D9D3B3A22ACBD6,ui_veh_occupant_6
59D9D4B3A22ACE97,ui_veh_occupant_7
59D9D5B3A22AD158,ui_veh_occupant_8
59D9D6B3A22AD419,ui_veh_occupant_9
5A08F98A3EC15531,ui_free_run_max_zones
5A0973B58B38425D,ui_tactical_camera_cam_0_status
5A0C03E1535901DE,ui_hide_individual_progress
5A1F5E969FD02712,ui_field_upgrade_primary_in_range_filled_segments
5A3B0B0724E0F40F,ui_resource_synthetics
5A3D19182D9962FD,ui_whizby_ent
5A5C76A9B40C77E8,ui_is_weapon_holstered
5A785A3D2E5FD545,ui_killfeed_data
5A8F94725A5375F0,ui_killcam_killedby_equipment_secondary
5AB66E3522DDC88C,ui_loot_splash_icon
5B29A02F58399B4C,ui_scoreboard_freeze
5B2BD77193A78559,ui_wm_escort_checkpoint_
5B50E51BBDC88573,ui_tombstone_target
5B548729EDC9465A,ui_whizby_side_loop
5B54A9A8C5B61C2E,ui_map_select_uses
5B626C1C2095CE34,ui_trial_failed
5B8A424FC23A0522,ui_grind_tags
5BAB2509A9713CC5,ui_gameplay_telemetry_ter_weap_headshot_accuracy
5BADB9AFF3E9B428,ui_match_start_countdown
5BCBE6FCE4DFA9EB,ui_prop_lock_state
5C371EF14323CE69,ui_ctf_flag_allies
5C3B64E0C8BF77E0,ui_havoc_mod_pulse
5C71E9EEED70CCF5,ui_armor_plate_active_count
5C797646A33F7524,ui_spike_trap_progress
5CB7C8C703800DD5,ui_buystation_override
5CC781079909BA43,ui_dmg_num_target
5CF1B27DC446B653,ui_winners_circle_debug
5D0BBE8E93A95C02,ui_start_benchmark
5D1472F3D280DF0A,ui_scene_shot_index
5D3EEC7EED56DCEF,ui_skybreak_radar_cooldown_progress
5D5A1EB691868BA4,ui_barter_success
5DFE29E14BCDEE2F,ui_target_state_notify
5E04D9ACE84C0E12,ui_round_end_time
5E153DF40727BB62,ui_binoculars_timer
5E656A7DA95B06F4,ui_boba_mutation_super
5E6D268D95DF7054,ui_gameplay_telemetry_killstreakcount
5E91E950D46429EC,ui_perk_package_super1
5E91EC50D464322F,ui_perk_package_super2
5EE35B2A50DDF9E5,ui_killcam_killedby_player_rank
5EE45561CC8DEF00,ui_generator_numtiers_won
5F10FD8F0CFD62E5,ui_daisy_team_status
5F1D36D8A139531F,ui_remove_win_challenge
5F23786E5DDB9613,ui_compass_hide_weapon_pings_navbar
5F36286697ADBEA0,ui_akilo_apex_alt_reticle
5F7FF76978BFABAA,ui_killcam_killedby_operator_skin_loot_id
5FB226161F68DCA9,ui_wm_interacting_icon
5FF7C1B6E7089131,ui_fireteam_members_streak_type
602A891E3CEB8FF1,ui_world_fade
6047B1C268219E66,ui_br_smallarms_ammo
607321AE767DC56C,ui_arena_axis_health
60A73736AE6C605B,ui_show_ar_elem
60B6AB2CEAEFD9AA,ui_player_splash_id_4
60B6AC2CEAEFDC6B,ui_player_splash_id_5
60B6AD2CEAEFDF2C,ui_player_splash_id_2
60B6AE2CEAEFE1ED,ui_player_splash_id_3
60B6AF2CEAEFE4AE,ui_player_splash_id_0
60B6B02CEAEFE76F,ui_player_splash_id_1
60D7770329199116,ui_arm_squadmember_
60FB317F8DB485E7,ui_br_twotwo_gulag_jailer_health
6114F3BE1DE0AFB8,ui_flag_player_hud_icon
614935A429F741F9,ui_resurgence_culture_client_data
616632B5B2C350BC,ui_trial_stats_row3_stat_index
61698E6BA7900DBE,ui_free_run_prev_personal_best
6180FF4BC6635CF3,ui_gameplay_telemetry_pri_weap_headshot_count
618210F741E39720,ui_havoc_mod_status_4
618211F741E399E1,ui_havoc_mod_status_5
618215F741E3A4E5,ui_havoc_mod_status_1
618216F741E3A7A6,ui_havoc_mod_status_2
618217F741E3AA67,ui_havoc_mod_status_3
61A039D9E0A8FAC9,ui_arcade_forcefield_active
61D1C54DC3477500,ui_axis_hvt_count
61D56E4837CEDD13,ui_is_special_round
61E362564877921D,ui_killcam_killedby_health_ratio
629129796E5C8467,ui_body_cam_hack_hacked_player
62AB192611C72149,ui_gunship_target_marker_visible_
62DA2B3FBF922C64,ui_target_armor_health
62E8FF7C8482186A,ui_tactical_camera_7_status
63008074A31D22CD,ui_perk_activation
630329FA0C671898,ui_tombstone_z
63032BFA0C671E1A,ui_tombstone_x
63032CFA0C6720DB,ui_tombstone_y
63060F73D914684F,ui_winners_circle_play_emote
63165552948FE953,ui_tactical_camera_0_is_piloted
6343B93DDD7AC54E,ui_mobile_turret_controls
63702FBEE3AD546E,ui_minimap_stream_hint_layer_flags
6380DD76639C9771,ui_leagueplay_allow_quit
638737B4BBE56492,ui_contribution_item_progresses
63DED2C2DE2AB5F4,ui_in_overtime_round
6433DD6BC2EBA4F4,ui_med_box_effect_end
6438B7116806FB34,ui_br_weapon_trader_cooldown_end_time
646E5699EE8B0DF8,ui_lethal_recharge_timer
648F15D822675762,ui_tactical_camera_6_location
64933ECC2FEC7698,ui_infect_player_infected
64A1A95F45259128,ui_veh_show_fuel
64DEFE0948F12CEC,ui_specialist_bonus_active
651340CBA43C6547,ui_armored_truck_status
651868F3F75F909F,ui_free_run_current_zone
652556375310A1D5,ui_gold_gained
6526103FE40FF173,ui_killstreak_index
654185074DD37299,ui_bounty_packed_data
65450A717D65E4B0,ui_using_killstreak_remote
6596DD9C16800B14,ui_round_hint_override_defenders
65E51B3EAE2DAA69,ui_owns_personal_exfil
6624E64E1C2131EC,ui_enable_juggernaut_music
6661B9A4B2E9DC3C,ui_gameplay_telemetry_ter_weap_damagedealt
66A956EDC668F866,ui_current_weapon_is_bomb
66B043CA982F3C1C,ui_havoc_show_mod
66CB4F8F01F05887,ui_bp_rex_dm_findia_v02
67041FBE8646B8A8,ui_gameplay_comm_scrambler_active
67357A1DB95B6991,ui_scope_range_finder_distance
6779D946DBFCE8EA,ui_br_exe_phone_max_count_reached
6786BE8E90487DB6,ui_gameplay_telemetry_pri_weap_kills
67A337994F4DA966,benchmark_zone_change
67EBA70A76701DA3,ui_enqueue_win_challenge
67F52E9962C5BEB8,ui_br_resurgence_respawn_type
680FC1D87B0A3CE8,ui_waiting_for_aar
6812C196B4D2D200,ui_disable_fieldupgrades
6813CD9AD8B2F1C1,handheld_camera_translation_move_mod_override
68AB2EC3A4EF63E1,ui_special_target_info_dist
68BB961D2292D649,ui_blood_effect_acting_max_health
692734D5D4483B18,ui_wave_respawn_percent
69568E1D441ABD88,damage_feedback_notify
698E7B7C154B157F,ui_br_circle_state
69BECFAA923ACEAD,ui_fireteam_members_is_dead
69C5D6758895EB57,nvidiahighlights_events
69DBAFF195955108,ui_smart_watch_interact
6A22C8CCA9CD0ACA,ui_show_time_to_beat
6A44DC27855F499F,uav_radar_ping
6AA3F0B72250B0AB,ui_bomb_carrier
6ACEB872EB336E31,ui_equipment_id_health_numcharges
6ADF242515F7CAE9,ui_rapid_surge_token
6B2B943840AF8A2C,ui_backpack_notes_total_found_number
6B33D06E3B8CC790,ui_ham_radio_mg_temp_baton_right
6B3D6EC7FC028C63,ui_tactical_camera_7_location
6B5F88701AC9DF3D,damage_feedback_equipment_notify
6B6EE90E72AA55A2,ui_veh_exit_button_holdtime
6BBB871ED609D71C,ui_publicevent_contract_block
6C0A40DA91EF59E1,ui_ham_radio_mg_temp_peak_x
6C45E226ECBEF573,ui_rugby_jugg_progress
6C4F0B241C423467,ui_br_stronghold_has_blacksite_key
6C50D4C0FBA8DD5A,ui_hit_list_timer
6C64A1803D702631,ui_br_assassination_target
6C6AF43C35D3878D,ui_allies_lives_remaining
6C75FBE0279B48B7,ui_risk_obj_held_axis
6CBC34328D2882FC,loot_container_item_
6CE3F82E75894DC1,ui_owned_capture_bot_index
6CEDDD731048EF7E,ui_perk_bonus_progress
6CFB61A42F04679A,ui_trial_objective_progress
6D2EA8087BEBE8B6,ui_stamina_high
6D3F432B010FA4E7,ui_round_end_title
6D45B6D9B4CF17D3,ui_player_splash_cardclientid_
6D549477DF274416,ui_ztron_selected_branch_count
6D5791A681813E27,ui_whizby_side_angle
6D6138966038BAC9,ui_fireteam_members_is_in_vehicle
6D7DA577C2F2386B,ui_tactical_camera_6_status
6DAD1ECAE06DA95B,ui_cranked_bomb_timer
6DEEE553C680D601,ui_round_num
6DEEEE8263E1460F,ui_target_client_id
6E399A780D77BF13,ui_br_cash_second
6E4689C8F5BA91EA,ui_br_objective_players_in_trigger
6E46BF5D7EFD4625,ui_bomb_interacting
6E486B50AAD30B59,ui_zm_trial_hide_hud
6E7D3E4BBBF2E65F,ui_wm_objective_progress_total
6E7DEBC5CD1E5C91,ui_br_multi_circle_player_count
6E8FEF61534520DF,ui_client_squad_index
6EB41BC52CB32B97,ui_snakecam
6EF0E40F8FD59D55,ui_buystation_open
6F405F4A959D4AD5,ui_combat_report_killedby_
6F77CF51DED4FA29,ui_firing_range_num_dummy_plates
6FA62ADC6CF50104,ui_scripted_list_item_time_20
6FB6A9DC6D0BAE40,ui_scripted_list_item_time_17
6FB6AADC6D0BB101,ui_scripted_list_item_time_16
6FB6ABDC6D0BB3C2,ui_scripted_list_item_time_15
6FB6ACDC6D0BB683,ui_scripted_list_item_time_14
6FB6ADDC6D0BB944,ui_scripted_list_item_time_13
6FB6AEDC6D0BBC05,ui_scripted_list_item_time_12
6FB6AFDC6D0BBEC6,ui_scripted_list_item_time_11
6FB6B0DC6D0BC187,ui_scripted_list_item_time_10
6FB6B7DC6D0BD4CE,ui_scripted_list_item_time_19
6FB6B8DC6D0BD78F,ui_scripted_list_item_time_18
701E356F707CDCB2,ui_gameplay_telemetry_ter_weap_longest_dist
70298F9C9428C3FA,ui_missile_defusal_light_position
7063BAB5B78CF8AA,ui_current_cursor_item_undiscovered
7072F79DF8BDCB72,ui_objective_4_capture_bot_index
7092FBEBC31197E7,ui_match_end_countdown
70B4515F1D5EA271,ui_reviver_id
70D5E159A2FC0743,ui_action_park
710B3958730BA893,ui_infofeed_connection_notify
711A4968C8087340,ui_spotter_scope_danger
7134DE37EAD15D94,ui_hide_apache_exit
71860696DB9F7BC8,ui_winners_circle_weapon_type_0
71860796DB9F7E89,ui_winners_circle_weapon_type_1
71860896DB9F814A,ui_winners_circle_weapon_type_2
71860996DB9F840B,ui_winners_circle_weapon_type_3
71860A96DB9F86CC,ui_winners_circle_weapon_type_4
71860B96DB9F898D,ui_winners_circle_weapon_type_5
71CAF6AAFA150238,ui_perk_streak_cost_0
71CAF7AAFA1504F9,ui_perk_streak_cost_1
71CAF8AAFA1507BA,ui_perk_streak_cost_2
71CAF9AAFA150A7B,ui_perk_streak_cost_3
71CAFAAAFA150D3C,ui_perk_streak_cost_4
71CAFBAAFA150FFD,ui_perk_streak_cost_5
71D3E2BD206A95B8,ui_combat_report_friendly_2
71D3E3BD206A9879,ui_combat_report_friendly_3
71D3E4BD206A9B3A,ui_combat_report_friendly_0
71D3E5BD206A9DFB,ui_combat_report_friendly_1
71D3E8BD206AA63E,ui_combat_report_friendly_4
71D3E9BD206AA8FF,ui_combat_report_friendly_5
71E4A841188A2C52,ui_player_splash_force_hide_current_splash
72058525FDA17290,ui_deadsilence_overlay
723DA236B7EC8D24,ui_super_can_use
726845B95078FBFA,ui_predator_missile
726B79F413D18A9D,ui_zm_quest_hide_hud
72A00784E7EAA920,ui_powerup_timer_progress_display_type_index_6
72A00984E7EAAEA2,ui_powerup_timer_progress_display_type_index_4
72A00A84E7EAB163,ui_powerup_timer_progress_display_type_index_5
72A00B84E7EAB424,ui_powerup_timer_progress_display_type_index_2
72A00C84E7EAB6E5,ui_powerup_timer_progress_display_type_index_3
72A00E84E7EABC67,ui_powerup_timer_progress_display_type_index_1
72FCEC1A6A9694AD,ui_rcd_notification
7335C2ADCC7B3EE5,ui_killcam_text
73599EC3D133328A,ui_boba_streak_bundle
735E4AB942025B8C,ui_veh_t72_active
7372D44D46494FF9,ui_br_kiosk_free_discount
738C6525B93B626C,ui_ctdm_timer
73A433A4B5F81BC1,damage_feedback_hardobject
73B4C03985242296,ui_oic_wager
73D59E9AC8BB3A90,physics_gravity_particle
73D739E1676CB9A6,ui_zm_trial_reward_level_scale
73DEE65BCEBE3372,ui_br_has_plate_pouch
73F12E6F99477927,ui_graverobber
73F6B3916AC84D1D,ui_vehicle_ability_notification
7420C828FC7A8996,ui_grenade_stuck_type
743A94C03833BB86,ui_br_team_cash_banked
74464BF07137D444,reference_frame_global_rot_y
74464CF07137D705,reference_frame_global_rot_x
74464EF07137DC87,reference_frame_global_rot_z
74550EA4FFD00FF4,ui_super_jump_cooldown
747B3C6D458601A7,ui_dmz_dog_tag
74A2D6B5E2834952,ui_tactical_camera_1_is_piloted
74B57AD5A57FE18E,ui_zm_inventory_quest_
74ECC4D859D5C49F,ui_is_exfil_countdown
750BD5872BB1D322,ui_nuke_countdown_active
75634E939A1D7F12,ui_agent_kill_count
75729BA45606DA5E,ui_backpack_notes_script_bundle_index
7574BD2D4C382D3A,ui_veh_controls
760EF94E644F6013,ui_in_world_text_index
7614A628B6E5D8EB,ui_hijack_bomb_carrierteam
76683E3D1F698446,ui_killcam_end_milliseconds
766CBED110F50D35,ui_overtime_timer_show
766FB69638E05AC8,ui_br_match_stats
76799A9B8DECCCFA,ui_body_cam_edge_glow
76B02A88C17CB6AE,ui_killstreak_damage_state
77026190B8D66DF3,ui_br_skill_is_max_level
772E2976D0AE0A96,ui_mp_error_message_id
775B2D21A09FAE96,ui_veh_vehicle
7766587B60DC9597,ui_is_exfil_available
77DFF397B4227AED,ui_killcam_killedby_item_type
77E54515A411CC5C,ui_trial_stats_row2_stat
77EE75A6A6731125,ui_br_squad_eliminated_active
77F0587C03FB7E44,ui_gameplay_telemetry_sec_weap_accuracy
7808CD2BE614F7E3,ui_minimap_border_warning_yaw
780F4EA9F144ABA9,ui_rugby_jugg_friendly
782436F263FF2A94,ui_gold_tags
783B09FE75CBEA37,cam_scene_support
786A5AF72703E536,ui_scripted_widget_position_8
786A5BF72703E7F7,ui_scripted_widget_position_9
786A5CF72703EAB8,ui_scripted_widget_position_6
786A5DF72703ED79,ui_scripted_widget_position_7
786A5EF72703F03A,ui_scripted_widget_position_4
786A5FF72703F2FB,ui_scripted_widget_position_5
786A60F72703F5BC,ui_scripted_widget_position_2
786A61F72703F87D,ui_scripted_widget_position_3
786A62F72703FB3E,ui_scripted_widget_position_0
786A63F72703FDFF,ui_scripted_widget_position_1
78875E0BAEC39FD2,cp_munition_sel_slot_idx
7890844E617965FC,ui_callout_area_id
78A6DA751298EF3A,ui_killstreak_weapon_1_reloadtime
78B89D099EACF7AD,ui_zonecontrol_game_data
79494B481565A5D2,weather_gate_4
79494D481565AB54,weather_gate_2
79494E481565AE15,weather_gate_3
79494F481565B0D6,weather_gate_0
794950481565B397,weather_gate_1
79635A1B42434523,current_tutorial_has_preview
79D0EC85484645A1,ui_hq_norespawn
7A10AFCEDE72F2B6,ui_in_infil
7A9C62150AA9CC4B,ui_trial_main_score
7ADC25EC3EE50B3D,ui_reticle_mtx_inspect
7AE39B18F9153D4C,ui_body_cam_hack_drones_available
7B36D86370D67830,ui_scripted_widget_param_19
7B36D96370D67AF1,ui_scripted_widget_param_18
7B36E06370D68E38,ui_scripted_widget_param_11
7B36E16370D690F9,ui_scripted_widget_param_10
7B36E26370D693BA,ui_scripted_widget_param_13
7B36E36370D6967B,ui_scripted_widget_param_12
7B36E46370D6993C,ui_scripted_widget_param_15
7B36E56370D69BFD,ui_scripted_widget_param_14
7B36E66370D69EBE,ui_scripted_widget_param_17
7B36E76370D6A17F,ui_scripted_widget_param_16
7B8005A41692959F,ui_binoculars_target_degree
7BB03C4334074C0A,ui_vehicle_ability_fuel
7C010AE41386EF12,ui_out_of_range
7C3ADDD0DF0EAF6F,ui_boba_mutation_endtime
7C3E70D9F52EC2A7,ui_minimap_min_floor
7C72000DC7244AEE,ui_resource_metal
7C85C2A5B18B111F,ui_tactical_recharge_progress
7C85CFA45D3E4820,ui_card_index_
7C87E30AA7B7A11D,ui_generator_sweetspot_startpos
7CAAB590BB1EE62D,ui_gameplay_telemetry_sec_weap_headshot_count
7CC384EFFB9BCB60,ui_br_use_bink_for_post_game_results
7CD6D8F2B4EB5F5D,ui_player_role_data
7D14A480C362A9A7,ui_show_weapon_info_force
7D667BA08CD884A7,ui_reticle_mtx_action2
7D8DAB9C377EAA8C,ui_bleedout_progress
7DCB21D21302FBD3,ui_gameplay_telemetry_weap_sec_headshot_accuracy
7DE9E0ADD3189208,ui_br_gas_can_status
7DF7438561F0B070,ui_scripted_widget_priority_5
7DF7448561F0B331,ui_scripted_widget_priority_4
7DF7458561F0B5F2,ui_scripted_widget_priority_7
7DF7468561F0B8B3,ui_scripted_widget_priority_6
7DF7478561F0BB74,ui_scripted_widget_priority_1
7DF7488561F0BE35,ui_scripted_widget_priority_0
7DF7498561F0C0F6,ui_scripted_widget_priority_3
7DF74A8561F0C3B7,ui_scripted_widget_priority_2
7DF74F8561F0D17C,ui_scripted_widget_priority_9
7DF7508561F0D43D,ui_scripted_widget_priority_8
7E141768A31660E9,ui_br_elite_savior_id
7E1804248808F485,ui_killed_player
7E203FCC2D314F37,ui_objective_1_capture_bot_index
7E305E82144631DC,ui_apache_screens_state
7E56FE1FBD3CFF1F,ui_br_roguesignal_threshold_position
7E956B0FD59B8815,ui_longshot_dist
7E9B1141C8E09698,ui_killstreak_countdown_percent
7E9ED4CCBF3D3ACE,ui_allies_defcon
7EC41968D82C37E5,ui_br_all_eliminated
7ED9FAF39DAE78FD,ui_killstreak_boost_recharge_percentage
7F09B40FF60F0A3C,ui_objectives_updated
7F45D3B8E15AA6BF,ui_sabattack_flag_available_timer
7F6430375D60B23F,ui_gasmask_damage
7F661A5F75926BAD,ui_gameplay_telemetry_weap_sec_headshot_count
7F8824B368E0A019,ui_client_settle_time
7FA6412334ABD0C5,ui_score_streak_available_high_roller
80039599E654C8A4,ui_axis_no_respawn
800F520BC869C85A,ui_free_run_timer_time
801BAB1E410E557D,ui_escort_ent_moving
805F0D60EFE4E028,ui_power_max_charges
80634538DA800FB1,ui_winners_circle_upside_down
8069DD36199FC4F5,ui_ctdm_buff_level
806E3766301E74FB,ui_field_upgrade_use
80728525BECFE957,ui_tactical_camera_4_is_piloted
80A717BAD83C3565,ui_spectator_selected
80B57E067F1A72CC,ui_br_plunder_repository_event_amount
80D6FDDAC4FC0011,ui_gobblegum_slot_activated_notify
80E4BD44A7F64914,ui_armor_upgrade_id
80EFC65A3596986B,ui_javelin_view
8102E0AA96AEAE8A,ui_combat_report_damage_type_override_
810666564A42DD28,ui_spike_trap_timer_stopped
811DFFCCCB84E01E,ui_battle_mode_progress
8142D29F80236684,ui_br_weapon_trader_weapon_loot_id
81C66BADC08FBEA6,ui_br_kura_zone_reward_tracker
81E0E35718DF864E,ui_missile_defusal_active
81EFCB770EF7E164,ui_tactical_camera_0_location
82D8153036ED4ACA,ui_trial_mission_player_data_id
82D98CF9F5B7D5C9,ui_br_assassination_target_timer
82DFF1DE28B0D9F1,ui_hide_redeploy_timer
8302DEB24E403BA3,ui_match_in_progress
8305889393AE672B,forfeit_vote_fill
83112145B19651AB,ui_body_cam_hack_drone_1_distance
8324EE43B1226087,ui_br_altimeter_horizontal_speed
8328DE7C35BD00F7,ui_gameplay_telemetry_sec_weap_kdratio
833367D5C6D6E153,obj_tracker_icon_update
837181BA99682236,ui_active_status_effects
8374BE8640B3F999,ui_riot_shield_active
83882CDBEAD63259,ui_tertiary_weapon_rarity
83BA49D09C623545,ui_combat_report_downedby_
83BAF1B246650A71,ui_plea_for_help_incoming_player_distance
83E397378F86FD68,ui_secure_slot_1
83E398378F870029,ui_secure_slot_0
83E399378F8702EA,ui_secure_slot_3
83E39A378F8705AB,ui_secure_slot_2
83E39B378F87086C,ui_secure_slot_5
83E39C378F870B2D,ui_secure_slot_4
83E39D378F870DEE,ui_secure_slot_7
83E39E378F8710AF,ui_secure_slot_6
8459E7CF677B65D1,ui_biometric_scan_match_xp
8469D225E2B24F9C,ui_buystation_random_item_selections
8469E39CB439FD69,ui_br_extracted
84753409A5AA4B03,ui_infofeed_connection_player
8483206F306FFBDA,ui_specialty_expanded_minimap_map_scale
849D60313FD67D11,ui_xp_orbs
84AF1C91A025C5DF,ui_armor_queued_count
84E11D7AB4FA67B7,ui_active_poi_name
84E4237CE2FA442C,ui_arcade_aoe_progress
8534CA76A104B349,ui_hide_objectives
855CDE574A019EEB,ui_objective_timer_stopped
85B9AA4A4DAE6273,damage_feedback_equip
85CA5AB9398490ED,ui_rcd_target_notify
85DDBAAD07DDFCC7,ui_generator_confirm_startpos
86242ADA18DF4B86,ui_equipment_loot_id_primary
867B5D6A658BD6BD,ui_upper_notification_type
8688C686392A40B7,ui_generator_sweetspot_width
86B7B8B05B77979A,ui_arena_allies_health_max
8712F48D5314B366,infil_animation_concluded
874225D2384301B2,ui_gameplay_telemetry_lastkill_dist
874F30D7C58363C8,mobility_course_show_current_trial_best_time
877509AC0CD7B608,ui_trial_lap_progress
8775D6AAEEFEFA15,damage_feedback_weapon_notify
87AFEC2C926DDDA8,ui_hud_shake_intensity
87BC005BF0976A29,ui_loadout_copied
87BF30FC0336D581,ui_infiltration_hostage_state
87D7BD44EEF5D234,ui_cctv_scrub_pcnt
87E96886908EC1B6,ui_show_text_over_cinematic
87EB99E169F70BF1,ui_arena_allies_health
88092F00ABA62114,ui_status_time
88239609265786B4,ui_generator_progressfill
886F157D0A468A1E,ui_spike_trap_timer
887488EC526C05A4,ui_barter_list_index
8891B7DAF61DBFC6,ui_body_cam_hack_spotted
889E2466E8931665,ui_tactical_camera_1_location
88A29237A6B43CBC,ui_points_popup_notify
88AAA5657DAF7EF0,ui_trial_tier_2_requirement
88EB23F03542414E,ui_round_end_winner
89023242DB1FAA08,ui_bomb_owner_team_c
89023342DB1FACC9,ui_bomb_owner_team_b
89023442DB1FAF8A,ui_bomb_owner_team_a
89023742DB1FB7CD,ui_bomb_owner_team_f
89023842DB1FBA8E,ui_bomb_owner_team_e
89023942DB1FBD4F,ui_bomb_owner_team_d
892D5D9A38DD7E7E,ui_last_drank_perk
892FBFD611D11F29,ui_br_x1ops_unredact_area
892FFD2805B2FD2D,ui_armor_hint
8948D80257092DD7,ui_stop_and_go_red_light_end_time_milliseconds
8967D4A97840E6F2,ui_scripted_list_item_type_9
8967D5A97840E9B3,ui_scripted_list_item_type_8
8967DAA97840F778,ui_scripted_list_item_type_3
8967DBA97840FA39,ui_scripted_list_item_type_2
8967DCA97840FCFA,ui_scripted_list_item_type_1
8967DEA97841027C,ui_scripted_list_item_type_7
8967DFA97841053D,ui_scripted_list_item_type_6
8967E0A9784107FE,ui_scripted_list_item_type_5
8967E1A978410ABF,ui_scripted_list_item_type_4
896EB09D1B180AF1,ui_using_hover_jet
89A2AEA087020BBF,ui_ztron_player_hint
89AD949F05D89ABB,ui_payback_cash_multiplier
89B55795EAE02AC3,ui_killstreak_ammo_cooldown_progress
89BA03A3163139C4,ui_action_park_arena_index
89BA1E0CAE91774F,ui_target_max_armor_health
8A2965AE68BE9C6B,ui_infil_gamemode_rtt_enabled
8A2EB704C024A041,ui_operator_override
8A50386E355C2D1C,ui_arcade_emulator
8A6855E445097798,ui_score_event_use_splashbundle_4
8A6859E44509829C,ui_score_event_use_splashbundle_0
8A685AE44509855D,ui_score_event_use_splashbundle_1
8A685BE44509881E,ui_score_event_use_splashbundle_2
8A685CE445098ADF,ui_score_event_use_splashbundle_3
8A750954F81FADEF,ui_br_infil_start_timestamp
8A917CD305E68CC0,ui_killstreak_flares_cooldown
8AC3FC747075CBA1,ui_champion_br_player_score
8B0C5BBEE084869F,ui_br_infil_started
8B0E5241F2EE60C1,ui_perk_bonus_buff_slot_1
8B0E5341F2EE6382,ui_perk_bonus_buff_slot_2
8B0E5441F2EE6643,ui_perk_bonus_buff_slot_3
8B0E5541F2EE6904,ui_perk_bonus_buff_slot_4
8B1B6A3BC6AE384D,ui_score_streak_last_round_earned_high_roller
8B220108406CB608,ui_dmz_extract_successful
8B3D03D5F865F8C0,reference_frame_global_pos_x
8B3D04D5F865FB81,reference_frame_global_pos_y
8B3D05D5F865FE42,reference_frame_global_pos_z
8B4DC9A7C7193398,ui_flakjacket
8B90079295B4C8E5,ui_winners_circle_choice_lock_in
8B993DBE4E6ECEFE,ui_br_circle_num
8BE323D6DBFFA6BB,ui_nvg_flir
8BF3089D3D40433B,ui_killstreak_boost_active
8C320C883121F00D,ui_loadout_gear_index
8C43AACE6258B010,ui_br_c130_path_end_y
8C43ABCE6258B2D1,ui_br_c130_path_end_x
8C4414C52CA66786,ui_equipment_id_health_numstowed
8C5873B24206543B,ui_score_streak_used_this_life_high_roller
8C5A05485C37176D,ui_specialty_expanded_minimap_icon_scale
8C5FADE3BAE22DD5,backpack_upgrade_ids
8C6098A7757E3EF1,ui_waterboardingcloth_state
8C725C39D7BE46AE,ui_arm_defcon
8CCBF1B4FFF18455,ui_friendly_team_size
8CEE8630090A6F9A,ui_toggle_subtitle_visibility
8D00B4E4671A24F2,ui_rescue_hostage_active
8D7047CA2B2FE7B4,ui_wm_escort_trap_0
8D7048CA2B2FEA75,ui_wm_escort_trap_1
8D838A80357071D9,is_zm_minj_sprint
8DA899BBBE075E72,ui_br_adventure_search_area
8DAE5A6992EC98AB,ui_target_status_effects
8DB739C253EC4B8F,ui_power_secondary_num_charges
8DC990B1D03546D7,ui_plate_carrier_id
8DD04569017D2192,ui_hq_num_alive
8DF7542A9347738D,ui_vehicle_ability_progress
8E1238FA4E716D92,is_relic_challenge_active
8E20D2EFDF949300,ui_gold_gun_show_perk_hud
8E3BA7618508DC32,ui_damage_event
8E3DEA93DBC28558,ui_player_cash_earned_action
8E40655E8AE28903,ui_benchmark_show_weapon_reticle
8E9D957E199FBAB5,ui_br_elite_contract_mission_players
8EA587BB146AC4F8,ui_misc_message_id
8EA6D6AAC1C6E11D,ui_killstreak_cruise_package_countdown
8EC2A4804C28F076,ui_map_height
8ED2847C53C7BBDF,ui_lightdamage_pulse
8F85DC8AEC6E26BD,ui_br_elite_quest_chain_progress
8F91BE5A122537F7,ui_boba_power_active
8FAE1A2C68C67880,ui_objective_z
8FAE1C2C68C67E02,ui_objective_x
8FAE1D2C68C680C3,ui_objective_y
8FAE222C68C68E88,ui_objective_r
8FAE232C68C69149,ui_objective_s
8FAE242C68C6940A,ui_objective_p
8FAE262C68C6998C,ui_objective_v
8FAE282C68C69F0E,ui_objective_t
8FAE2A2C68C6A490,ui_objective_j
8FAE2C2C68C6AA12,ui_objective_h
8FAE2D2C68C6ACD3,ui_objective_i
8FAE2E2C68C6AF94,ui_objective_n
8FAE2F2C68C6B255,ui_objective_o
8FAE302C68C6B516,ui_objective_l
8FAE312C68C6B7D7,ui_objective_m
8FAE322C68C6BA98,ui_objective_b
8FAE332C68C6BD59,ui_objective_c
8FAE352C68C6C2DB,ui_objective_a
8FAE362C68C6C59C,ui_objective_f
8FAE372C68C6C85D,ui_objective_g
8FAE382C68C6CB1E,ui_objective_d
8FAE392C68C6CDDF,ui_objective_e
8FF20209E96AEBD8,ui_apache_missiles_left
90242331AB18D665,ui_ztron_tips_bits
90950C69B418D55B,ui_trial_stats_row5_bonus_score
909D25030254CABD,ui_telescope_fui_obj_name
90AC278D344FFFCD,obj_tracker_progress_bar_state
90FD675F6BD7EBD0,ui_scripted_widget_ent_8
90FD685F6BD7EE91,ui_scripted_widget_ent_9
90FD6F5F6BD801D8,ui_scripted_widget_ent_0
90FD705F6BD80499,ui_scripted_widget_ent_1
90FD715F6BD8075A,ui_scripted_widget_ent_2
90FD725F6BD80A1B,ui_scripted_widget_ent_3
90FD735F6BD80CDC,ui_scripted_widget_ent_4
90FD745F6BD80F9D,ui_scripted_widget_ent_5
90FD755F6BD8125E,ui_scripted_widget_ent_6
90FD765F6BD8151F,ui_scripted_widget_ent_7
910208EFDE9FB270,ui_combat_report_weapon_lootid_5
910209EFDE9FB531,ui_combat_report_weapon_lootid_4
91020CEFDE9FBD74,ui_combat_report_weapon_lootid_1
91020DEFDE9FC035,ui_combat_report_weapon_lootid_0
91020EEFDE9FC2F6,ui_combat_report_weapon_lootid_3
91020FEFDE9FC5B7,ui_combat_report_weapon_lootid_2
911978639F545D44,ui_show_objectives_update
911A1BF67362A275,ui_gunship_show_flares_indicators
912EAEFB4811513F,ui_death_hint_load_choice
912EB3FAE350FE32,ui_area99_keycard_active
913912E9DDD9A0EB,ui_ham_radio_mg_temp_baton_left
9143C6BAD5E0A3A1,ui_max_gold
91770A7DF36AE2F9,ui_dev_action_park_combo_index
91CB354569A9DC0B,ui_status_locked
91D6A366F371B05C,ui_br_active_spectators
91F6DCD282D41D9A,ui_gameplay_telemetry_weap_pri_accuracy
91FF06890CC34956,ui_tactical_camera_5_is_piloted
9207F20B28C936B7,ui_match_start_timestamp
9239C29199B83906,ui_sabattack_anti_stall
925039100CC11AC4,ui_gameplay_telemetry_headshotcount
92773607736275C2,ui_perk_ultimate_progress
9292755097396908,ui_binoculars_target_distance
92A1F2435357356C,ui_tactical_camera_8_location
92FD81C023E972E0,ui_score_event_list_3
92FD82C023E975A1,ui_score_event_list_2
92FD83C023E97862,ui_score_event_list_1
92FD84C023E97B23,ui_score_event_list_0
92FD88C023E98627,ui_score_event_list_4
9316EA5AC1D1FB77,ui_br_circle_rising_distance_max
93192D9CDFF084A3,ui_nvg_equipped
931D9D0E36DCBB4B,ui_whizby_blur
933B58DA8034DD42,ui_callout_area_hot
9346F87BA14B74F4,ui_mp_error_message_param
93673AA4C18AD7D9,ui_br_rgames_active
9367B9C6348BB6C0,ui_always_show_nameplates
936B954AAC59A82E,ui_cmd_current_obj
937B8718B35DB74C,ui_mgl_c4_state
937C994356D4E0AC,ui_show_objectives_title_inrange_force_show
9393BFD05CC4C665,ui_br_assassination_target_timer_progress_bar
93B8DEF01DC13329,ui_gameplay_telemetry_weap_pri_kdratio
93BC2C21BCBA1EE3,ui_killstreak_fireteam_max
93ED4CE826D96BB4,ui_killstreak_fireteam_count
945885F46303EDE2,show_training_course_triptychs
947544CCD4E2D82B,ui_pac_sentry_controls
9482DD375A7A3E4D,ui_slayerbuff
950AA47133E84FB3,ui_hp_callout_id
95156AAE04EADDD8,ui_hud_shake
956459537158BDA7,ui_power_recharge
95667CF411473D01,ui_payback_cash_deposited
9566AD60C3DF6A76,ui_target_entity_num
95A5A155887CE476,ui_segment_captured
95A73C3EC284C1F3,ui_super_activation_button_held
95CACAAE90EE5B8A,ui_combat_report_friendly_
95CEB3AACD9F9CF7,ui_wm_interacting_string
9601736F1A9932E4,ui_tom_respawntimeractive
964223B30BE75041,gas_strike_xhash_asset_idx
964A0CA781BE76A5,ui_ammo_class_power_off
964E58BC5620E6D9,ui_clutch_round_end_reason
96533577483D1B88,ui_loadout_drop_use
969FF827CBB95881,ui_activity_state_1
96D51218D10031AF,ui_activity_state
97279CAFE17D5B4B,ui_perk_package_state
9739EAA1BD78C931,ui_dmz_bounty_squad_index
97549542BAEAADDA,ui_purchasemenu_purchase_response
975FB598543D840D,ui_gameplay_telemetry_pri_weap_headshot_accuracy
976332B2468DB860,ui_nvg_light_meter
976B222AB066CAA7,ui_securing_players
978AA434BD9E5AB7,ui_reticle_snapshot_lens_charge
97C049A9479055F1,draw_debug_charge_amount
9803B27CCDA7E6BE,ui_round_winner
9809897ED7E43DF3,ui_score_streak_cost
9814AC373F855DE8,ui_objective_1_capture_bot_team_count
983ADEC383B39A01,ui_conversation_entering_line
9841546D9109F48A,ui_mission_step_index
987EEB57C1302B3D,ui_9bang_submunition_count
9881E8875880CDFF,ui_zm_mutant_injection_underwater
9892530C4FD33549,ui_wincondition
98C4FCC6C582C3B1,ui_br_sv_extract_successful
98D1B9C93CB61A50,ui_collectable_1
98D1BBC93CB61FD2,ui_collectable_3
98D1BCC93CB62293,ui_collectable_2
98D1BEC93CB62815,ui_collectable_4
992CD321AF9DC50A,ui_resurgence_respawn_end_time
9936582A70315C4A,ui_killstreak_used
99504B332CF26A6D,ui_tactical_camera_9_location
995971EC92B2D866,ui_missile_defusal_screen_state
9962D7FA23669D4A,ui_score_event_param_4
9962D9FA2366A2CC,ui_score_event_param_2
9962DAFA2366A58D,ui_score_event_param_3
9962DBFA2366A84E,ui_score_event_param_0
9962DCFA2366AB0F,ui_score_event_param_1
996A5A2CE90E1581,ui_lightdamage_pulse_fade_type
99726DF11962F52A,ui_power_num_charges
9985D5DB97D065F8,ui_risk_obj_held_team_four
99970F3A1A6ADE62,ui_arm_dominatingteam
99D3D765CD668B2F,ui_body_cam_hack_drone_caution_progress
99F23D383BF010C5,ui_activity_step_index_1
99FDD32433A884A4,ui_mission_progress
99FF84924B4C529F,ui_uav_tower_screen
9A0965E1497314EA,ui_pap_current_ammomod
9A16FF5FC615ABE4,ui_team_defenders
9A3CC79939EE82C5,ui_super_ref
9A3D8CAE642EE2EC,ui_boba_mutation_character
9A62A9B3F72CEEA6,ui_fireteam_members_is_shooting
9A71AA2B883EC2B4,ui_squad_drop_kits
9AB241BCD3221178,ui_gameplay_telemetry_sec_weap_downs
9B011E5F51C25EBA,lb_gsc_controlled
9B4851109F5C66F1,ui_upgrade_status
9B5ED2035AE9E7AE,ui_show_spectatehud
9B86382D221C3B78,ui_tactical_camera_pilot
9C06119D797EAE6E,ui_tactical_camera_3_status
9C06949BF11716A9,fs_tablet_power
9C2A5F55D3B64991,ui_ztron_gobblegum_force_display
9C2E783219FD2A22,ui_whizby_alpha_back
9C4F9FC72ED08E58,ui_arcade_forcefield_progress
9C52E2F264751148,physics_gravity_dynent
9C6CE75B1A2C98CE,powerup_list_alignment
9CB3CB353177CCAA,ui_br_circle_rising_distance_current
9CC3F1CE600BE58E,ui_friendly_time_to_beat
9D2AA69EAB8A259C,ui_prompt_hold_progress
9D662D24AAC7B61C,ui_gunship_arming_time_remaining
9DE55B6E567AD7DE,ui_objective_scale_distance
9DEC683C25A5EEBE,ui_gobblegum_splash
9E116AE6D3A54B10,ui_killcam_killedby_attachment6
9E116BE6D3A54DD1,ui_killcam_killedby_attachment7
9E116CE6D3A55092,ui_killcam_killedby_attachment4
9E116DE6D3A55353,ui_killcam_killedby_attachment5
9E116EE6D3A55614,ui_killcam_killedby_attachment2
9E116FE6D3A558D5,ui_killcam_killedby_attachment3
9E1171E6D3A55E57,ui_killcam_killedby_attachment1
9E1178E6D3A5719E,ui_killcam_killedby_attachment8
9E1179E6D3A5745F,ui_killcam_killedby_attachment9
9E127CAAF3E08A26,ui_havoc_score_threshold
9E39935234E060C8,ui_powerup_timer_reset_5
9E39945234E06389,ui_powerup_timer_reset_4
9E39965234E0690B,ui_powerup_timer_reset_6
9E39975234E06BCC,ui_powerup_timer_reset_1
9E39995234E0714E,ui_powerup_timer_reset_3
9E399A5234E0740F,ui_powerup_timer_reset_2
9E7AC6CFCAAF2C08,ui_zm_essence_squad_index_1
9E7AC7CFCAAF2EC9,ui_zm_essence_squad_index_0
9E7AC8CFCAAF318A,ui_zm_essence_squad_index_3
9E7AC9CFCAAF344B,ui_zm_essence_squad_index_2
9E7ACACFCAAF370C,ui_zm_essence_squad_index_5
9E7ACBCFCAAF39CD,ui_zm_essence_squad_index_4
9E7ACCCFCAAF3C8E,ui_zm_essence_squad_index_7
9E7ACDCFCAAF3F4F,ui_zm_essence_squad_index_6
9E89C408E098FE60,is_in_training_course_tutorial_station
9F34AE2A9AB70A28,ui_score_streak_index_1
9F34AF2A9AB70CE9,ui_score_streak_index_0
9F34B02A9AB70FAA,ui_score_streak_index_3
9F34B12A9AB7126B,ui_score_streak_index_2
9F439D43DF20B81E,ui_br_elite_arrow_mission_players
9F6A76E2A2B20E14,ui_rcd_outer_ring
9F6E27A5D96E459E,ui_overcharge
9F7E24A15B246DE8,ui_gameplay_telemetry_sec_weap_kills
9F89D2A8EABDE91B,ui_nm_mission_index
9FEA542F468F60C4,ui_scope_range_finder_distance_locked
9FFCCEC4CEC0DBD0,ui_pip_message_type
A0321E3907CB8090,ui_bomb_planted_index
A080723EB9D2B4AE,ui_br_objective_path_end_y
A080733EB9D2B76F,ui_br_objective_path_end_x
A08257F5D2449F03,ui_gren_ind_alpha
A08986A30177E009,ui_armor_break
A0B239C3AE7E9605,ui_gameplay_telemetry_ter_weap_dist
A0C9CFD394649259,ui_champion_player
A0DCDFAD73D95E82,ui_veh_battle_tracks_toggle_state
A0DE9FD18F8DB09D,ui_round_start_time
A0F08EE1BA061201,ui_leagueplay_hide_quit_button
A0F6A324640513F8,ui_killcam_killedby_item_id
A0FB11A271FDDE46,ui_scripted_widget_position_19
A0FB12A271FDE107,ui_scripted_widget_position_18
A0FB13A271FDE3C8,ui_scripted_widget_position_17
A0FB14A271FDE689,ui_scripted_widget_position_16
A0FB15A271FDE94A,ui_scripted_widget_position_15
A0FB16A271FDEC0B,ui_scripted_widget_position_14
A0FB17A271FDEECC,ui_scripted_widget_position_13
A0FB18A271FDF18D,ui_scripted_widget_position_12
A0FB19A271FDF44E,ui_scripted_widget_position_11
A0FB1AA271FDF70F,ui_scripted_widget_position_10
A11AFEB4B85EA003,ui_round_end_reason
A129A58622D8625D,ui_map_select_count
A139F63473CEC3CD,ui_misc_message_trigger
A14C5134413B2EF4,ui_inflation_show_wanted
A1819BD2D33E4671,ui_target_corpse_entity_num
A186E7269D880ABD,ui_arcade_aoe_active
A1A7FECAF966D376,forfeit_vote_player_vote_result
A1AAE52CEAFFB832,ui_gulag
A1D92E6FDD652295,potg_transition
A1E5E9097A8BE253,ui_loot_splash_item_item_bundle
A1F01C9527F8A8D6,ui_br_altimeter_sea_height
A2083FCA1B1CEBE8,ui_cctv_zone_index
A211BF5D48A85115,ui_ham_radio_mg_temp_active
A24E33E606DB5D49,ui_using_super_remote
A2B81E891C6E7003,ui_arena_team_three_health
A2C9954E4FC8F228,ui_pillage_currency
A2CCDBE53F4A5262,ui_gobblegum_splash_notify
A2CD8A389E5688DF,ui_loadout_changed
A33F8B3BB065EFD0,ui_ingame_timer_4
A33F8F3BB065FAD4,ui_ingame_timer_0
A33F903BB065FD95,ui_ingame_timer_1
A33F913BB0660056,ui_ingame_timer_2
A33F923BB0660317,ui_ingame_timer_3
A35BDDA7E12FA467,ui_mp_billboards_advertisement_data
A385E2DFA21F5A77,ui_cp_interaction_card
A39044D34F24AA18,ui_pac_sentry_degrees
A3B206CD59C38654,ui_gameplay_telemetry_instatspm
A3B8DE73D7060119,ui_super_tac_insert_active
A3D3FE3D6DCFE238,ui_player_splash_scriptbundle_0
A3D3FF3D6DCFE4F9,ui_player_splash_scriptbundle_1
A3D4003D6DCFE7BA,ui_player_splash_scriptbundle_2
A3D4013D6DCFEA7B,ui_player_splash_scriptbundle_3
A3D4023D6DCFED3C,ui_player_splash_scriptbundle_4
A3D4033D6DCFEFFD,ui_player_splash_scriptbundle_5
A41DAC2A21ACF1BA,ui_trial_stats_row5_stat_index
A431FB8CB5A51497,ui_show_dead_result_screen
A436789FA455429B,ui_cinematic_player_callout_list
A437240DCCF473C5,ui_br_resurgence_respawn_enabled
A43F87759142DA08,ui_armor_squad_index_2
A43F88759142DCC9,ui_armor_squad_index_3
A43F89759142DF8A,ui_armor_squad_index_0
A43F8A759142E24B,ui_armor_squad_index_1
A43F8B759142E50C,ui_armor_squad_index_6
A43F8C759142E7CD,ui_armor_squad_index_7
A43F8D759142EA8E,ui_armor_squad_index_4
A43F8E759142ED4F,ui_armor_squad_index_5
A44B52D6F3E2EA9A,ui_fob_loading_progress
A44FA135C14332AD,ui_gas_mask_juggernaut
A457B222463B98A5,ui_hud_tint_color_int
A46C704D4BF27397,ui_skybreak_active_camo_disabled
A48FB6F51DEBC6D1,ui_ar_object_text
A4A3E9A3016770F9,ui_gameplay_telemetry_pri_weap_destruction
A4CBC88F2AE00598,ui_num_reviving_enemy
A4D99761EE53F1A3,ui_hide_bonus_widget
A53AAE5FECA86133,ui_power_core_progress
A53EE9DC458EC0F6,ui_options_menu
A5B53040C5553E57,ui_combat_report_num_attackers
A5D824D181A8A92E,ui_activity_progress_max
A5DF97FBD312EE35,ui_perk_state_slot
A6199197B0F15A43,ui_biometric_scan_keycard_loot_id
A62F8F6F7AA18599,ui_free_run_show_item_equip
A65817F161520989,ui_hijack_bomb_detonate_percentage
A65FDAE25F8A5B32,mobility_course_timer
A69AB798B7EECE6F,ui_tactical_camera_2_status
A6A62547D6D2F2AD,ui_dev_action_park_combo_center_index
A6AC2E266513B11E,ui_br_objective_types
A75D57D3BDF2AC70,ui_scripted_list_item_data_3
A75D58D3BDF2AF31,ui_scripted_list_item_data_2
A75D59D3BDF2B1F2,ui_scripted_list_item_data_1
A75D5BD3BDF2B774,ui_scripted_list_item_data_7
A75D5CD3BDF2BA35,ui_scripted_list_item_data_6
A75D5DD3BDF2BCF6,ui_scripted_list_item_data_5
A75D5ED3BDF2BFB7,ui_scripted_list_item_data_4
A75D61D3BDF2C7FA,ui_scripted_list_item_data_9
A75D62D3BDF2CABB,ui_scripted_list_item_data_8
A773CAA8751AED6D,ui_br_hacker_phone_potential_cash_value
A7878B16BD726E6A,ui_risk_obj_held_allies
A79381A738923B39,ui_purchased_perks_count
A79E889B8692A97A,ui_bonus_tier
A7C52954C8ED968E,ui_br_interrogation_signal_valid
A7D4A8731995E12C,ui_active_player_character
A7E92618A3FC562A,ui_battlepass_camera_changed
A7FDF6B42AF092C9,ui_scripted_list_item_type_20
A80370B42AF81242,ui_scripted_list_item_type_18
A80371B42AF81503,ui_scripted_list_item_type_19
A80376B42AF822C8,ui_scripted_list_item_type_12
A80377B42AF82589,ui_scripted_list_item_type_13
A80378B42AF8284A,ui_scripted_list_item_type_10
A80379B42AF82B0B,ui_scripted_list_item_type_11
A8037AB42AF82DCC,ui_scripted_list_item_type_16
A8037BB42AF8308D,ui_scripted_list_item_type_17
A8037CB42AF8334E,ui_scripted_list_item_type_14
A8037DB42AF8360F,ui_scripted_list_item_type_15
A858AF8BAD449490,ui_score_streak_used_this_life_0
A858B08BAD449751,ui_score_streak_used_this_life_1
A858B18BAD449A12,ui_score_streak_used_this_life_2
A858B28BAD449CD3,ui_score_streak_used_this_life_3
A8667F801A4659B8,ui_killstreak_heat_2
A86682801A4661FB,ui_killstreak_heat_1
A8860200731737E7,ui_battle_mode_player_score
A88F8FF6D6D2A300,ui_loot_splash_item_id
A890D0A796AC9C18,weather_active_state_id
A8B33D3B575AA6B0,ui_gobblegum_slot_
A8B69F93B5A077E8,ui_firing_range_weapon_in_use_loot_index
A90B568FD26F282A,ui_game_type_kill_value
A91F9D53D8E89D58,ui_pac_sentry_speed
A92C8688F58D5D0B,ui_quick_use_item_id
A92E4D88F44BF722,ui_target_bonus_health
A937CD20C996863C,ui_rcd_flashlight_target_notify
A968E3D11D21936F,ui_activity_message_text_loc_index
A988341B9F96F272,loot_container_quantity_
A9A01603CA0AD1AB,ui_publicevent_heavyarmor_active
A9B47A23DA298EF2,ui_rugby_jugg_health
A9C27BAA0BC3A0E0,ui_br_inventory_disabled
A9DBE70B793442E1,ai_nolight
AA1D501E26EB970C,ui_player_radiation_level
AA3ECE0D76F20102,ui_zonecontrol_round_timer_value
AA3F7D90D778BD04,ui_total_purchased_perks_count
AA414883E9C2E241,ui_zm_bink_overlay_state
AA6E7E6BB1CE1786,ui_lightdamage_pulse_fade
AA7CFC672306D4B1,ui_equipment_id_health
AA82F40AD3F8C3CB,ui_using_clusterstrike
AA8E6C4B1176304C,ui_br_resurgence_tracked_teams
AAB22AD5D958DD22,chromatic_aberration_override
AB03E3B4DB75EAF9,ui_super_tac_insert_respawn
AB0678E83C8ABC48,ui_powerup_timer_bundle_index_5
AB0679E83C8ABF09,ui_powerup_timer_bundle_index_4
AB067BE83C8AC48B,ui_powerup_timer_bundle_index_6
AB067CE83C8AC74C,ui_powerup_timer_bundle_index_1
AB067EE83C8ACCCE,ui_powerup_timer_bundle_index_3
AB067FE83C8ACF8F,ui_powerup_timer_bundle_index_2
AB49085F5AB6C772,ui_veh_disable_fade_out
AB725B93A9EB55E8,ui_escort_goal_percent
ABEE9FAD8EC02EF6,ui_wave_respawn_time
AC541785BB0F339C,ui_trial_stats_row2_bonus_score
AC60DF341EEFB580,ui_killcam_killedby_perk3
AC60E0341EEFB841,ui_killcam_killedby_perk2
AC60E1341EEFBB02,ui_killcam_killedby_perk1
AC60E2341EEFBDC3,ui_killcam_killedby_perk0
AC60E4341EEFC345,ui_killcam_killedby_perk6
AC60E5341EEFC606,ui_killcam_killedby_perk5
AC60E6341EEFC8C7,ui_killcam_killedby_perk4
AC7F66CD494E3B08,ui_activity_index_1
AC98AEE8BDB638AA,ui_droploot_inv_
ACCA82533BAA1428,ui_arena_friendly_health
ACD427171DE230CD,ui_grenade_stuck_notify
ACDDBA2F3C2AEAB0,objective_param_9
ACDDBB2F3C2AED71,objective_param_8
ACDDC22F3C2B00B8,objective_param_1
ACDDC42F3C2B063A,objective_param_3
ACDDC52F3C2B08FB,objective_param_2
ACDDC62F3C2B0BBC,objective_param_5
ACDDC72F3C2B0E7D,objective_param_4
ACDDC82F3C2B113E,objective_param_7
ACDDC92F3C2B13FF,objective_param_6
ACE3704EA4755938,ui_killstreak_weapon_3_reloadtime
ACF620D0B9856E24,ui_br_elite_ending
ACF78091EEDA103E,ui_ai_stealth_edge_glow
AD468E2955553E1D,ui_is_target_vulnerable
AD5A73EBDC12D25B,ui_qualified_players
AD5FBA997D8C31FA,ui_potg_score_event_control
AD6CF2E6B689628E,ui_map_image
AD7B3BD2278F9CD3,ui_ob_match_timer
AD8927B87DADE4E7,ui_earned_streak_visible
ADC8E798278ED509,ui_mission_end_time_frozen
ADD4D07094509258,ui_ztron_ftue_widget_index
AE20530D63A417D9,ui_firing_range_target_range
AE2AF80989327D6B,obj_tracker_progress_bar_update
AE36793758CD4926,ui_veh_show_controls
AE79D98510AA8F37,damage_feedback_is_armor_intact
AE82336765D9EFB9,ui_br_expanded_obit_message
AEC6B72A63CE1990,ui_br_gulag_lethal_delay
AEE6E4C92443E3ED,ui_trial_objective_icon_index
AF50B4E705BB5F21,ui_tombstone_notify
AF7A015BA82AAF7F,ui_tool_use_info
AF8DAF326E0DCFAD,ui_speedboost_overlay
AF909A1E3B676001,ui_whizby_notify
AFA05543596EBD2F,ui_scene_play
AFA40C4FC552E7B7,ui_spykit_visibility_state
AFB62813FF34C61E,ui_using_rc_plane_tablet
AFB93253DBA3FE45,ui_combat_report_weapon_lootid_
AFE683A203F6E61E,ui_player_splash_id_
B0078AFC1C4B7BD8,ui_gunship_target_marker_ent_
B01E030C63828A62,handheld_camera_rotation_view_mod_override
B03777DA72A44084,ui_target_health_notify
B0471D26534937FC,ui_killstreak_countdown
B04FE1BDA31DEE5E,ui_current_round
B07364D33FD6F0A4,ui_in_world_text_entnum
B07646C910CC657E,ui_play_again_disabled
B0B93FA18455EF1E,ui_super_warning
B0F5A9A3C50076D8,ui_target_health
B0F5ABC5D957BFD2,progression_invalid
B0F61A30184BFDB7,damage_feedback_nonplayer
B106EB352199993E,ui_super_tablet_sequence
B10D4387E636E69E,ui_killstreak_lifetime
B12B2854B9F71426,ui_hide_focus_hide
B143E3FAAE2EB163,ui_anti_teaming_detected
B1614E1F73429F4F,ui_mutation_bonus_perks_unlocked
B18078EA80F04C19,ui_potg_score_event_param_4
B1807BEA80F0545C,ui_potg_score_event_param_1
B1807CEA80F0571D,ui_potg_score_event_param_0
B1807DEA80F059DE,ui_potg_score_event_param_3
B1807EEA80F05C9F,ui_potg_score_event_param_2
B19454E223E8828B,ui_tactical_camera_cam_1_distance
B1AEAC9459B2624B,ui_open_menu_from_script
B1AFD2A76D1A2B58,ui_armor_upgrade_durability
B1B0627EEE6610A9,ui_tactical_camera_can_detonate_c4
B1D2DA2A9E9DF70C,ui_team_pose_closed
B241C4D73DB39361,ui_gameplay_telemetry_ter_weap_kdratio
B250CFA15773A94B,ui_free_run_show_checkpoint_hit
B267B8C82E757B9F,ui_publicevent_timer
B269E5364CC908F7,ui_mission_completion_time
B270060431F054EB,ui_perceptive_indicator
B28792C849DC0874,ui_cash_dropped
B289332217361C3C,ui_allies_alive
B29B895B9BD45E43,ui_launch_chunk_phase
B2F03DB864A2F450,ui_br_under_uav
B376B99E31C845A8,ui_br_stronghold_mission_progress
B3CAB126FCB07C49,ui_turret_active
B3D9A8983D474E2E,ui_br_team_placement
B3EA8AC9101DB553,ui_afk_warning
B41026E38E2AB88B,ui_potg_score_event_use_splashbundle_4
B41027E38E2ABB4C,ui_potg_score_event_use_splashbundle_3
B41028E38E2ABE0D,ui_potg_score_event_use_splashbundle_2
B41029E38E2AC0CE,ui_potg_score_event_use_splashbundle_1
B4102AE38E2AC38F,ui_potg_score_event_use_splashbundle_0
B44ABBE205DB2EDB,auto_drone_xhash_asset_idx
B44D75B128FE874B,ui_edge_glow_trials
B474F93B574C4556,ui_cyber_revive_timeout_squad_index_
B475DC83C29C1A59,ui_stealth_system_enabled
B47615FD590F2291,ui_geigercounter_meter
B479084CAD2A56C6,ui_combat_report_damage_
B47985B8311C2070,ui_hq_ownerteam
B4AFC137EB13F77B,ui_killcam_killedby_weapon_rarity_notify
B4B290348B7946A6,ui_stamina_infinite
B4DD9F2F00EC7BE4,ui_br_show_objective_path
B51D65596C557199,ui_br_plunder_repo_info_1
B51D66596C55745A,ui_br_plunder_repo_info_2
B51D67596C55771B,ui_br_plunder_repo_info_3
B54DE5314D706DF1,ui_ftue_fakeplayer_count
B552E0B70D205DFF,ui_iodine_pills
B571673E39F2B9B6,ui_remote_control_sequence
B580D0C1966AB2BB,ui_chopper_progress
B5AEFB9CD02F0F55,ui_perk_slot_buff
B5D16E65066E1F76,ui_player_stop_and_go_moving
B5E5AA520A196BE0,ui_scripted_list_item_state_15
B5E5AB520A196EA1,ui_scripted_list_item_state_14
B5E5AC520A197162,ui_scripted_list_item_state_17
B5E5AD520A197423,ui_scripted_list_item_state_16
B5E5AE520A1976E4,ui_scripted_list_item_state_11
B5E5AF520A1979A5,ui_scripted_list_item_state_10
B5E5B0520A197C66,ui_scripted_list_item_state_13
B5E5B1520A197F27,ui_scripted_list_item_state_12
B5E5B6520A198CEC,ui_scripted_list_item_state_19
B5E5B7520A198FAD,ui_scripted_list_item_state_18
B5EB31520A210F26,ui_scripted_list_item_state_20
B5F0020D0DB14321,ui_arcade_unlimitedammo_timer_total
B60970F4B5A92DC0,ui_score_streak_two_cost
B671033C3D619762,ui_br_winners_circle_premium_bitmask
B67717EDEF3A970E,ui_round_end_match_bonus
B6ACA91A9893ED15,ui_vault_code_known_digits
B72F1CD3600CDE63,ui_prop_start_countdown_endtime
B76621BF42F919C9,ui_prop_ability_remaining
B79C24C98661D538,forfeit_vote_team_vote_result
B7AA9F592784142D,ui_hud_carried_item_index
B7AC28E415B398F7,ui_rugby_jugg_client
B7AEE122D8B8FFF0,ui_hud_carried_item_count
B7C859F0143C06DC,ui_br_elite_ironclad_show_endgame_splash_to_losers
B7D4D35CBAB2B23C,ui_notify_team_score
B80A5EE122A91CCB,ui_rad_pills_acquired
B8131BB83DEDE850,ui_secure_slot_count_5
B8131CB83DEDEB11,ui_secure_slot_count_4
B8131DB83DEDEDD2,ui_secure_slot_count_7
B8131EB83DEDF093,ui_secure_slot_count_6
B8131FB83DEDF354,ui_secure_slot_count_1
B81320B83DEDF615,ui_secure_slot_count_0
B81321B83DEDF8D6,ui_secure_slot_count_3
B81322B83DEDFB97,ui_secure_slot_count_2
B8195ED755839352,ui_trial_secondary_time_frozen
B83CE74AC3C6C387,ui_push_win_challenge
B83F550D9B3D32BC,ui_br_elite_arrow_element_data
B863243D85AE6ED1,uv_vending_machine_type
B8880A3CC1D99B88,ui_combat_report_multi_weapon_1
B8880B3CC1D99E49,ui_combat_report_multi_weapon_0
B8880C3CC1D9A10A,ui_combat_report_multi_weapon_3
B8880D3CC1D9A3CB,ui_combat_report_multi_weapon_2
B8880E3CC1D9A68C,ui_combat_report_multi_weapon_5
B8880F3CC1D9A94D,ui_combat_report_multi_weapon_4
B895BFB9305E5753,ui_tablet_active
B89C4CC2F3C83097,ui_talkinggun_faceid
B8C9179FFFFDD833,ui_objective_5_capture_bot_index
B8D1EBE9165311D9,ui_cmd_capture_team
B8DB6A2FCE65B86B,ui_cranked_timer_out_of_time
B8E99213606CAEC3,ui_loadout_index
B8F65E87ACF70CEB,ui_activity_progress_1
B8FB841BB19B33E3,ui_gameplay_telemetry_weapon_most_damage
B902EF6E80BFE58A,ui_round_end_enemy_score
B94B89D1D5D34108,ui_compass_tacopsmap_cursor_pos_override_y
B94B8AD1D5D343C9,ui_compass_tacopsmap_cursor_pos_override_x
B9591C76D2DD2A5A,ui_br_self_revive_type
B95FD2E7D8BA1653,ui_gameplay_telemetry_sec_weap_headshot_accuracy
B9606C3BD56EAE50,ui_axis_lives_remaining
B961E69DD507FFBF,ui_wm_interacting_progress
B9817F4555B786EB,ui_hvt_status
B983E7844F70E1B8,ui_killcam_killedby_player_prestige
B989C875DC912E35,ui_veh_next_seat
B98ED67BDDE25B20,ui_scripted_widget_under_hud_9
B98ED77BDDE25DE1,ui_scripted_widget_under_hud_8
B98EDE7BDDE27128,ui_scripted_widget_under_hud_1
B98EDF7BDDE273E9,ui_scripted_widget_under_hud_0
B98EE07BDDE276AA,ui_scripted_widget_under_hud_3
B98EE17BDDE2796B,ui_scripted_widget_under_hud_2
B98EE27BDDE27C2C,ui_scripted_widget_under_hud_5
B98EE37BDDE27EED,ui_scripted_widget_under_hud_4
B98EE47BDDE281AE,ui_scripted_widget_under_hud_7
B98EE57BDDE2846F,ui_scripted_widget_under_hud_6
B996038EC2B22551,ui_quick_use_progress
B9E57DB6DDFEFA4F,ui_num_attackers
B9E6EFA6C185F53E,ui_br_skillrank_widget_data
B9FD352046624276,ui_hud_shake_variation
BA0361441318AB84,ui_prematch_period
BA15D32F3454D4C9,ui_hack_progress
BA2E0C294EDD2D69,ui_sniper_briefcase_duration
BA841A50930FE504,ui_match_start_text
BA93AD0D05636A77,ui_round_end_friendly_score
BA9C0EC2A7728336,ui_walkable_scene_trigger_index
BAAFA149D3177E9E,ui_multi_tdm_death_count
BACB8A8DC1656286,ui_trial_subtime
BB4A81CF4D328C76,ui_br_end_game_splash_type
BB4EF0250722A522,ui_hijack_bomb_shotclock
BB5F0A9E17D6828D,ui_score_streak_time_in_use_high_roller
BBDB231E7533BCE7,ui_cranked_timer_time_max
BBF5255472CC3886,ui_power_consume
BC074ADD2F800E7B,ui_tablet_usb
BC146D8AEE50BFE0,ui_player_splash_cardclientid_3
BC146E8AEE50C2A1,ui_player_splash_cardclientid_2
BC146F8AEE50C562,ui_player_splash_cardclientid_1
BC14708AEE50C823,ui_player_splash_cardclientid_0
BC14738AEE50D066,ui_player_splash_cardclientid_5
BC14748AEE50D327,ui_player_splash_cardclientid_4
BC151E043D889703,ui_super_state
BC2639C626A789C8,ui_zm_mq_complete
BC264EAA74F29B98,ui_risk_obj_held_team_three
BC28DF6CBA144E36,ui_br_weapon_case_end_time
BC29371E851428D4,damage_feedback
BC324F253C34201E,ui_gameplay_telemetry_operatorskill
BC359FA40408346B,ui_activity_step_index
BC9687B9A4494808,ui_player_splash_scriptbundle_
BCCB55461BCA0F71,ui_damage_intensity
BD350FF69F292A60,ui_nuke_timer_type
BD47313D111D9667,ui_killcam_killedby_weapon_rarity
BD4BDB972BEB3B0D,ui_br_perks_loadout
BD52D270950B396D,ui_br_special_item_acquired
BD58A105C939D6A5,ui_super_ddos_screen_on
BD87CD157690C68D,ui_sabattack_flag_owner_id
BD902C92F2060C80,ui_br_kill_mag_ammo_refresh
BE03E76337DFE1D2,ui_gunship_hud
BE11C2C5C8A45AAB,ui_br_gulag_match_end_time
BE6D614F44200D34,ui_ctf_flag_axis
BE82747ECEB5EF3E,ui_br_leader_hash_percentage_hit
BE98B7FAB47F244F,ui_gold_pop_inventory
BEE6B42DA35C2333,ui_free_run_num_players_finished
BF40BA9030A3AB94,ui_match_timer_hidden
BF40E88C5FB8C6A3,ui_bonus_remove_tier
BF5AB7456A8A8D5E,ui_carry_object_can_drop
BF8481C8DB949689,ui_combo_bar_duration
BFC76133CC118327,ui_trial_stats_row4_bonus_time
BFD842BE2A1F372A,ui_gameplay_telemetry_weap_sec_damagedealt
BFDF754989237316,ui_br_jump_scare_state
BFEC056000B9824A,ui_inserting_armor_plate_timer
C00D84B7A1749F60,ui_veh_occupant_
C0173452F01655D3,ui_gameplay_telemetry_operatorskd
C0756E413A565728,ui_dmz_poi_stars
C0C9904D4D1C91A1,ui_br_winners_circle_viewing_scene
C0DD0166DD6E0E6D,ui_objective_4_capture_bot_team_count
C0F2CDE8304023E1,ui_scene_shot_index_4
C0F2D0E830402C24,ui_scene_shot_index_1
C0F2D2E8304031A6,ui_scene_shot_index_3
C0F2D3E830403467,ui_scene_shot_index_2
C107D5D6A9185499,ui_publicevent_traincircle_active
C10B90D3D2CD7D3E,ui_player_popup_id
C14C10C2EAD5EE8E,ui_activity_description_param
C1627BEB2E96BE78,ui_powerup_timer_fill_time_5
C1627CEB2E96C139,ui_powerup_timer_fill_time_4
C1627EEB2E96C6BB,ui_powerup_timer_fill_time_6
C1627FEB2E96C97C,ui_powerup_timer_fill_time_1
C16281EB2E96CEFE,ui_powerup_timer_fill_time_3
C16282EB2E96D1BF,ui_powerup_timer_fill_time_2
C1B6960AB534997B,ui_winners_circle_debug_restart
C1C14F5E3EC6446D,ui_equipment_id_
C1CBDD3AFF750154,ui_death_details_attacker_
C1D86FDAFF867659,ui_cash_pickedup
C27D4102BEE3AA6F,ui_obj_progress
C29DD86F0EF810EE,ui_toggle_third_person
C3859B27B7BBAAE2,ui_minimap_border_warning_visible
C38F86620A17B3D8,ui_securing
C3AB79A7193963FD,ui_br_display_perk_info
C3B1C91BF7859D43,ui_arena_friendly_health_max
C3CA325C4F3F98D4,ui_axis_player_count_zone_3
C3CA335C4F3F9B95,ui_axis_player_count_zone_2
C3CA345C4F3F9E56,ui_axis_player_count_zone_1
C3FC2FF025D19F21,ui_super_switching_allowed
C400641794FA07FE,ui_target_bonus_health_notify
C43475C07EF2B134,ui_killcam_killedby_weapon_rank
C4528AB9D89B77C7,ui_in_search_area_active
C45C416EDDDC00A0,ui_gameplay_telemetry_operatorkd
C481D84301629FCC,ui_allies_team_size
C48C63B558BF6F08,ui_br_pe_bounty_royale_data
C48FE6A4BD99CC21,ui_trial_stats_row2_bonus_time
C4D2478E938EB5B2,ui_br_ftue_popup
C503D769DCA53AD7,ui_deployed_decoy_use
C53ECDECF260C497,ui_compass_hide_enemy_navbar
C5574F3507C34A64,ui_generator_confirm_prompt_alpha
C59C0C3887EB4815,ui_chyron_on
C5AFFE4C2F90ECCA,ui_bomb_progress
C5BCE7A0168BD06A,ui_tactical_camera_disable_zoom
C5D1A0F124D20F7A,ui_gameplay_telemetry_pri_weap_longest_dist
C5F36E7E8E730B6C,ui_dmg_num_element
C5FAB8B641342EF5,ui_laststand_bleedout_progress
C61196A2E9B91FEA,ui_generator_active
C61CB2B72CA1D10E,ui_gameplay_telemetry_operatordowns
C65B4DD37EFC1490,ui_doomscreen_hide
C67CDDB54D1326EF,ui_objective_reveal_fanfare_enabled
C6DED06A9169A3CF,ui_mission_progress_max
C6E5FB9131FA6A87,ui_gas_can_status
C6F9042B73B0112F,damage_feedback_other
C715D2EA19B588B8,ui_minimized_cursor_hint_entity_04
C715D3EA19B58B79,ui_minimized_cursor_hint_entity_05
C715D4EA19B58E3A,ui_minimized_cursor_hint_entity_06
C715D5EA19B590FB,ui_minimized_cursor_hint_entity_07
C715D6EA19B593BC,ui_minimized_cursor_hint_entity_00
C715D7EA19B5967D,ui_minimized_cursor_hint_entity_01
C715D8EA19B5993E,ui_minimized_cursor_hint_entity_02
C715D9EA19B59BFF,ui_minimized_cursor_hint_entity_03
C7166DC51742E0F7,swim_breath_meter_sprint
C739A83090D91A60,ui_gunship_target_marker_name_
C743F84AA4C9F6A2,ui_gettocover_state
C74A2A6EFBE35333,ui_trial_tier_1_requirement
C7ABB9BC86D8B06B,ui_mgl_tac_camera_state
C7DAE023E21E339D,ui_power_state
C7EA1423313BEB2C,ui_gren_ind_entity
C85D4A65EA5B1DBD,ui_br_weapon_case_carrier_id
C89ABE1F4107F235,ui_game_transition_index
C8D87A71C87ADB7C,ui_br_objective_countdown_timer
C8FF72D3677FE89C,ui_killstreak_bonus_meter
C902812E66D6EF7F,ui_perk_enemy_nearby
C90741E9706A1778,ui_br_squad_revive_status
C927C4867D6F2740,ui_br_zombie_powers
C93704329E8CC9C6,ui_br_bink_overlay_state
C96284DEA963EB92,ui_combat_report_attacker_
C99C8DDB7EAB91A4,ui_aon_perk_progress_
C9B3065BA725B0E3,ui_trial_mission_score_is_time
C9DF4A751AD78194,ui_ob_power_tier_next_level_xp
CA1BF19817CEC909,ui_powerup_timer_state_6
CA1BF29817CECBCA,ui_powerup_timer_state_5
CA1BF39817CECE8B,ui_powerup_timer_state_4
CA1BF49817CED14C,ui_powerup_timer_state_3
CA1BF59817CED40D,ui_powerup_timer_state_2
CA1BF69817CED6CE,ui_powerup_timer_state_1
CA5E57483133124F,ui_show_equipment_info_force
CA63A9F5A98611A2,ui_player_splash_use_alt_4
CA63AAF5A9861463,ui_player_splash_use_alt_5
CA63ABF5A9861724,ui_player_splash_use_alt_2
CA63ACF5A98619E5,ui_player_splash_use_alt_3
CA63ADF5A9861CA6,ui_player_splash_use_alt_0
CA63AEF5A9861F67,ui_player_splash_use_alt_1
CA97EC849EA4B4D7,ui_br_selected_slot
CACCCD03470D0DFD,ui_last_round
CAD2E67F9CA5C684,allies_hvt_last_stand
CAD53B528F2E91E7,ui_axis_player_count_zone_
CAEEEDA10CDF6D37,ui_score_streak_cost_high_roller
CB27CC939CD861EE,ui_killstreak_countdown_id
CB46C9001DCC43C4,ui_gameplay_telemetry_weap_sec_accuracy
CB8625D144A17392,ui_score_streak_inbound_
CB9F691311F53BC2,ui_br_total_circle_collapse_count
CBC382568F1EA130,ui_gameplay_telemetry_cash_earned
CBFEB7E6AC42C837,ui_securitystation_cctv_hidevisgroup
CBFF1B1893B842A0,ui_resource_max_override
CC00CABAA6592FBB,ui_realism_mode
CC01CBA5A9574C30,frontend_weapon_position_force_update
CC0B70FDB47FEC87,ui_super_charge_num
CC185E243A73D5EB,ui_force_close_inventory
CC1A80F578B2FE55,ui_oic_lives
CC1B34CAE69BAD2A,ui_br_gun_game_next_tier_category
CCC2978EA220996A,ui_br_legendary_contract_client_data
CD024FFE0CD4E642,ui_rad_protection_remaining
CD09C7A38CBA334B,ui_killcam_copycat
CDBF369472D823D6,ui_telescope_fui_date
CDE4D9E1B5942F8A,ui_disable_killstreaks
CDFF733B60F9A230,ui_cash_squad_index_0
CDFF743B60F9A4F1,ui_cash_squad_index_1
CDFF753B60F9A7B2,ui_cash_squad_index_2
CDFF763B60F9AA73,ui_cash_squad_index_3
CDFF773B60F9AD34,ui_cash_squad_index_4
CDFF783B60F9AFF5,ui_cash_squad_index_5
CDFF793B60F9B2B6,ui_cash_squad_index_6
CDFF7A3B60F9B577,ui_cash_squad_index_7
CE19D6443C17F53C,physics_gravity_x
CE19D7443C17F7FD,physics_gravity_y
CE19D8443C17FABE,physics_gravity_z
CE3C7DA20DA0F2C8,ui_weapon_buystation_override
CE45894D40C94E2A,ui_ztron_selected_branch
CE6A3A5F0528330A,ui_tactical_camera_cam_0_distance
CE97A968848650FB,ui_target_armor_notify
CEA4C02FE69F6751,ui_classtable_override
CEBFC8D8467D0E34,ui_pap_current_level
CED0F6C66D6CD335,ui_uplink_timer_text
CEDA0E3F6CB341A6,ui_killcam_victim_id
CEF7BBB36B51B76D,ui_trial_tries_remaining
CF0D5D84D32B1790,ui_trial_stats_rows
CF255BCF8DC30D97,ui_lower_message_time
CF3F143BBF91976C,ui_safe_max_number
CF59E7DC6FE8671C,ui_doomscreen_faceid
CFAB6C96CC6078A4,ui_gameplay_telemetry_sec_weap_longest_dist
CFD24FDBF2B28648,ui_key_slot_1
CFD250DBF2B28909,ui_key_slot_0
CFD251DBF2B28BCA,ui_key_slot_3
CFD252DBF2B28E8B,ui_key_slot_2
CFD253DBF2B2914C,ui_key_slot_5
CFD254DBF2B2940D,ui_key_slot_4
CFD255DBF2B296CE,ui_key_slot_7
CFD256DBF2B2998F,ui_key_slot_6
CFD6F70DAFC4439D,ui_br_destruction_scenario_selected_index
CFF6005F79295201,ui_battle_mode_player_perk_progress
D01AF6BDEBB811DB,ui_trial_stats_row5_stat
D0481CE8FD3F2F45,ui_activity_progress
D04A1E2BC540727F,ui_plea_for_help_incoming_player_id
D0597D11635BC7FC,ui_score_streak_blocked_state_high_roller
D092F964416BD8E0,ui_points_popup
D0E9214719E6A509,damage_feedback_weapon
D0EC41EF6928F32D,ui_br_ai_gulag_end_score
D0EF4396A6519E32,ui_winner_defcon_4
D0EF4496A651A0F3,ui_winner_defcon_5
D0EF4596A651A3B4,ui_winner_defcon_2
D0EF4696A651A675,ui_winner_defcon_3
D0EF4896A651ABF7,ui_winner_defcon_1
D118359F11C70448,ui_bomb_planted_f
D118379F11C709CA,ui_bomb_planted_d
D118389F11C70C8B,ui_bomb_planted_e
D118399F11C70F4C,ui_bomb_planted_b
D1183A9F11C7120D,ui_bomb_planted_c
D1183C9F11C7178F,ui_bomb_planted_a
D138396E869AF1BE,ui_trial_stats_row1_stat_index
D15A5DD953138FC8,ui_allies_player_count_zone_2
D15A5ED953139289,ui_allies_player_count_zone_3
D15A60D95313980B,ui_allies_player_count_zone_1
D1BB3C0BBE4D0588,ui_ftue_missions
D1BCC11A765A31C6,ui_jugg_overlay_third_person
D1F79FA3956C9A35,ui_firing_range_accuracy
D1FAD0DF964E62E4,ui_sierra100_apex_target_distance
D215E6FD0E9D3527,ui_gameplay_telemetry_sec_weap_destruction
D21AA232C9D8F7E1,ui_axis_alive
D2423BFEB2784368,damage_feedback_armor
D2617569735B8AD7,ui_veh_show_boost
D2862FCC7308AB93,ui_br_flashpoint_time
D28B8B3A938AC56E,ui_mini_gametype_countdown
D29042EC71C5025D,ui_br_attraction_best_time
D29133170A1D0455,ui_arena_enemy_health
D2ACF95313514064,ui_tactical_camera_9_status
D2C3ED6C190D4DCA,ui_show_only_marked_objectives
D2D00D0ECCD37B7F,ui_body_cam_hack_drone_2_status
D2E165C23934EAD5,ui_tom_spawn_id_
D2E2F0084B827BD5,ui_winners_circle_state
D315954BCFF817E7,ui_payback_match_status_allies_state
D33689E49E0E3086,ui_location_selection_countdown
D36E9F61ED52E611,ui_axis_team_size
D371E1D513A153B6,ui_scripted_widget_type_9
D371E2D513A15677,ui_scripted_widget_type_8
D371E3D513A15938,ui_scripted_widget_type_7
D371E4D513A15BF9,ui_scripted_widget_type_6
D371E5D513A15EBA,ui_scripted_widget_type_5
D371E6D513A1617B,ui_scripted_widget_type_4
D371E7D513A1643C,ui_scripted_widget_type_3
D371E8D513A166FD,ui_scripted_widget_type_2
D371E9D513A169BE,ui_scripted_widget_type_1
D371EAD513A16C7F,ui_scripted_widget_type_0
D373A6905AF1FD5E,ui_score_streak_available_
D384F1AB215A0BC0,ui_trial_reward_tier_preview
D39D4A64B9B6DB40,ui_scripted_widget_param_8
D39D4B64B9B6DE01,ui_scripted_widget_param_9
D39D5264B9B6F148,ui_scripted_widget_param_0
D39D5364B9B6F409,ui_scripted_widget_param_1
D39D5464B9B6F6CA,ui_scripted_widget_param_2
D39D5564B9B6F98B,ui_scripted_widget_param_3
D39D5664B9B6FC4C,ui_scripted_widget_param_4
D39D5764B9B6FF0D,ui_scripted_widget_param_5
D39D5864B9B701CE,ui_scripted_widget_param_6
D39D5964B9B7048F,ui_scripted_widget_param_7
D3A126DF294826BE,ui_killcam_prompt_progress
D3BE44E209CC6A16,ui_score_event_is_special_kia
D3CBE5245F16CDB5,ui_talkinggun_soundid
D3ECBCD9B60A1EC1,ui_killcam_killedby_isdiamond
D410B2B92E019D9C,ui_aon_perk_splash_0
D410B3B92E01A05D,ui_aon_perk_splash_1
D410B4B92E01A31E,ui_aon_perk_splash_2
D410B5B92E01A5DF,ui_aon_perk_splash_3
D4449C002949A0D1,ui_lr_detector
D488BBC980892F0B,ui_securitystation_cctv_damaged
D501780791B8A69D,ui_killstreak_zoom_percentage
D55642D76261434B,ui_combat_report_hits_
D57BC9C2431098BE,ui_br_last_droppable_weapon
D59563A87440B710,ui_self_revive_advanced_acquired
D5982DA2527E7BF4,ui_objective_2_capture_bot_index
D5B74317AA33E287,ui_keypad_data
D5BA6BB4E4C6A823,ui_ghostfinder_screen_data
D5BE019A54A517A5,ui_super_high_jump_progress
D5C300166E6DF850,ui_score_event_list_score_4
D5C304166E6E0354,ui_score_event_list_score_0
D5C305166E6E0615,ui_score_event_list_score_1
D5C306166E6E08D6,ui_score_event_list_score_2
D5C307166E6E0B97,ui_score_event_list_score_3
D5C49148530E6D52,ui_ob_active_contract_region_difficulty
D601797BF097EAEC,ui_turret_placement
D6369A18E2FBC987,ui_ham_radio_mg_temp_baton_state
D639C9214D2D26E8,ui_free_run_current_placement
D67735FEDC297D3C,ui_hb_sensor_battery_percentage
D6B4B185ECEFEE32,ui_whizby_alpha_side
D6B73652B7F3AB40,ui_scripted_widget_priority_14
D6B73752B7F3AE01,ui_scripted_widget_priority_15
D6B73852B7F3B0C2,ui_scripted_widget_priority_16
D6B73952B7F3B383,ui_scripted_widget_priority_17
D6B73A52B7F3B644,ui_scripted_widget_priority_10
D6B73B52B7F3B905,ui_scripted_widget_priority_11
D6B73C52B7F3BBC6,ui_scripted_widget_priority_12
D6B73D52B7F3BE87,ui_scripted_widget_priority_13
D6B74252B7F3CC4C,ui_scripted_widget_priority_18
D6B74352B7F3CF0D,ui_scripted_widget_priority_19
D6B92B8C6C433BFB,ui_double_score_active
D6CE5E2749D06986,ui_stop_and_go_red_light_enabled
D6E31DE48AED954D,ui_predator_missiles_left
D6EBC2194D08DAD0,ui_powerup_timer_widget_type_index_2
D6EBC3194D08DD91,ui_powerup_timer_widget_type_index_3
D6EBC5194D08E313,ui_powerup_timer_widget_type_index_1
D6EBC6194D08E5D4,ui_powerup_timer_widget_type_index_6
D6EBC8194D08EB56,ui_powerup_timer_widget_type_index_4
D6EBC9194D08EE17,ui_powerup_timer_widget_type_index_5
D6F994CCBB5A8809,water_raise_client
D705BEA51AED9DD8,ui_br_cash_leader
D712A51643361B40,ui_purchasemenu_id
D73CD72ADD76646B,ui_objective_2_capture_bot_team_count
D75CC1D7294AD78D,ui_gameplay_telemetry_weap_pri_headshot_accuracy
D760F6DBB586B2E2,ui_scoreboard_enabled
D772D892A9CD2DD3,ui_havoc_threshold_progress
D7953A7F26CEFD21,ui_infiltration_start_countdown_endtime
D7C1C6C0B8B12904,ui_quest_item_squad_index_1
D7C1C7C0B8B12BC5,ui_quest_item_squad_index_0
D7C1C8C0B8B12E86,ui_quest_item_squad_index_3
D7C1C9C0B8B13147,ui_quest_item_squad_index_2
D7C2B4C46B0F549E,ui_gameplay_telemetry_operatorkills
D800A87038F0370C,ui_potg_intro_stage
D81F456DD86751C9,ui_perk_slot_buff_notify
D829DF81BCAEA540,ui_show_subfaction_splash
D84E138B069CC294,cam_scene_lead
D84EBC27E1D9F7BB,ui_spawn_perks_updated
D87D57C9C476F0EA,ui_stealth_compass_sight_visibles
D892AE4570F2A160,ui_tactical_camera_4_location
D8B0AB17EB4FEC7B,ui_armor_plate_storage_cur_count
D8C7132BD6176777,ui_plea_for_help_data
D8CC377343F47427,ui_objective_progress
D8E1FD7EFF919EC7,ui_escort_ent_delivered_time
D8F2C8DD32B82B18,ui_killstreak_cruise_package_has_target
D9094B87AF239CFC,ui_overlay_face_covering
D90C5FF9E597CFA5,ui_capture_locked_zone_
D911D13CE26058E7,ui_scrambler_strength
D92F1071A7433B95,ui_br_gulag_queue_position
D9892C895C3530BD,ui_trial_stats_row2_stat_index
D9894E8619816A1A,ui_gameplay_telemetry_pri_weap_accuracy
D9B6F1C844D614B9,ui_killstreak_weapon_2_reloadtime
DA2590877CA8F68E,ui_br_ai_gulag_player_state
DA326CEED70D9CB3,ui_target_state
DA37D54E7740903C,ui_ctf_flag_allies_return
DA4393592D07969D,ui_br_twotwo_gulag_players
DA5324E9332911AA,ui_gameplay_telemetry_sec_weap_damagedealt
DA5B78ABBCC4D603,ui_countdown_timer
DA81E9E96A4FFAFE,swim_breath_meter_critical
DAACE18CE258FDEA,ui_score_streak_selected_slot
DAB62354D349A5D8,ui_br_attraction_best_data
DAB647F79E60E025,ui_num_dom_flags
DAC0A01E1953F1C1,ui_scripted_list_item_data_20
DAC4E7412EA20F44,ui_field_upgrade_secondary_in_range_filled_segments
DAC6201E195B81C0,ui_scripted_list_item_data_12
DAC6211E195B8481,ui_scripted_list_item_data_13
DAC6221E195B8742,ui_scripted_list_item_data_10
DAC6231E195B8A03,ui_scripted_list_item_data_11
DAC6241E195B8CC4,ui_scripted_list_item_data_16
DAC6251E195B8F85,ui_scripted_list_item_data_17
DAC6261E195B9246,ui_scripted_list_item_data_14
DAC6271E195B9507,ui_scripted_list_item_data_15
DAC62A1E195B9D4A,ui_scripted_list_item_data_18
DAC62B1E195BA00B,ui_scripted_list_item_data_19
DACB40855297CC7F,ui_immovable_note
DAF310707BD8ACF3,ui_score_event_list_group_
DB0375DD11EE17A2,ui_geigercounter_type
DB0837CC2BCC9BD6,ui_veh_health_percent
DB2BDC715036BC57,ui_scorelimit
DB34F8FEFFE00A32,ui_gameplay_telemetry_shotaccuracy
DB3A87A9F6A24427,ui_race_timer
DB63803B3EA41F7A,ui_cranked_bomb_timer_end_milliseconds
DB76651DD475FA87,ui_trial_secondary_time
DC0F06A8306FB161,ui_bomb_defuser
DC1F198E519B85FD,ui_truce_cooldown
DC33FD382A9704C4,ui_veh_warning
DC581F7958635AC4,ui_dmz_poi_difficulty_rating
DCB81C78E6522689,damage_feedback_kill
DCE904BFAD49055D,ui_valkyrie_rocket_signal_strength
DCEB5D1476A2F3BC,ui_skybreak_show_radar_ping
DD090E2AC5CB2E8B,ui_br_objective_index
DD12C386160115E4,ui_backpack_weapon_index
DD2965D7F34A913C,ui_focused_gobblegum_slot_index
DD419F4E51C16065,ui_tactical_camera_8_status
DD6BD23261B7263E,ui_arena_enemy_health_max
DD859A5F42D3F43F,ui_overwatch_view
DDDC5DA09ABF5567,ui_veh_ammo_type
DE002AD72F50F80C,ui_map_player_rot
DE253E0B867539D4,ui_hitmarker_audio_events
DE2DDA02CA42158E,ui_winners_circle_event
DE6AD972A5FC72C6,ui_wm_objective_friendly_owner
DEBD834F42A55A10,ui_round_loss_penalty
DEE210AE84360EC0,ui_trial_best_score
DEE870AECCCFF712,ui_br_gun_game_kills_needed
DF23FF5FCD1824AB,ui_dmz_radiation_spreading
DF2517D811968625,ui_num_reviving_friendly
DF2C2BD4F6B4E880,ui_scripted_widget_data_16
DF2C2CD4F6B4EB41,ui_scripted_widget_data_17
DF2C2DD4F6B4EE02,ui_scripted_widget_data_14
DF2C2ED4F6B4F0C3,ui_scripted_widget_data_15
DF2C2FD4F6B4F384,ui_scripted_widget_data_12
DF2C30D4F6B4F645,ui_scripted_widget_data_13
DF2C31D4F6B4F906,ui_scripted_widget_data_10
DF2C32D4F6B4FBC7,ui_scripted_widget_data_11
DF2C39D4F6B50F0E,ui_scripted_widget_data_18
DF2C3AD4F6B511CF,ui_scripted_widget_data_19
DF4107354A8DD661,ui_tactical_camera_5_location
DF470144B317FC92,ui_gas_strike_ent
DF55A1EE12F359E1,ui_score_event_list_is_objective_event_4
DF55A4EE12F36224,ui_score_event_list_is_objective_event_1
DF55A5EE12F364E5,ui_score_event_list_is_objective_event_0
DF55A6EE12F367A6,ui_score_event_list_is_objective_event_3
DF55A7EE12F36A67,ui_score_event_list_is_objective_event_2
DF6DCFCDB4558591,ui_wm_objective_complete_time_2
DF6DD0CDB4558852,ui_wm_objective_complete_time_1
DF6DD1CDB4558B13,ui_wm_objective_complete_time_0
DFBCFC77D3366D30,ui_potg_score_event_list_0
DFBCFD77D3366FF1,ui_potg_score_event_list_1
DFBCFE77D33672B2,ui_potg_score_event_list_2
DFBCFF77D3367573,ui_potg_score_event_list_3
DFBD0077D3367834,ui_potg_score_event_list_4
E000BDAC49773042,ui_killstreak_flares
E0168B6E2FC0C60D,ui_backpack_notes_popup_show
E0171CAE1BEE4842,ui_round_end_player_party_skill_assessment
E0270FB6E0EB3C62,ui_br_rgames_state
E098CC5F4658D042,ui_free_run_checkpoint_personal_best_delta
E09A1C08C245B608,ui_exit_progress
E0A00AF21E586C2A,ui_escort_owner_team
E0D0A9A1C0FB726B,ui_current_weapon_tier
E0E589C2F3328071,ui_field_upgrade_primary_in_range_targets
E1845D0D10428EA5,ui_gunship_coord2_posz
E1845E0D10429166,ui_gunship_coord2_posy
E1845F0D10429427,ui_gunship_coord2_posx
E1F1EAE0C660A0E8,ui_cp_interaction_cost
E228564DAE80F7FA,ui_safehouse_wardrobe
E248F505148CABF0,ui_perk_decay_active
E24C9E1C12EB313E,ui_cruise_package_lock_on
E27DB84A4284148F,ui_notify_show_minimal_hud
E2B5B15BDFB91D54,ui_tactical_camera_ddos_on
E2F5CBA551544016,ui_reviving_progress
E31BC49E6E1B61E4,ui_score_streak_last_round_earned_2
E31BC59E6E1B64A5,ui_score_streak_last_round_earned_3
E31BC79E6E1B6A27,ui_score_streak_last_round_earned_1
E34F3A8AA2D8E5FF,ui_cruise_package_controls
E35442E1A610F858,ui_tac_map_type
E3B43D77D67BE894,ui_aon_perk_progress_0
E3B43E77D67BEB55,ui_aon_perk_progress_1
E3B43F77D67BEE16,ui_aon_perk_progress_2
E3B44077D67BF0D7,ui_aon_perk_progress_3
E3D18B25EDDACD78,ui_combat_report_hits_3
E3D18C25EDDAD039,ui_combat_report_hits_2
E3D18D25EDDAD2FA,ui_combat_report_hits_1
E3D18E25EDDAD5BB,ui_combat_report_hits_0
E3D19125EDDADDFE,ui_combat_report_hits_5
E3D19225EDDAE0BF,ui_combat_report_hits_4
E3E01C08F77ED8D8,ui_force_compass
E3E03EA2D4C09AC1,ui_safehouse_cac
E4473796F52BF0AC,ui_aon_perk_splash_
E4E02D2EE27DB23D,ui_assault_suit_on
E4E3C31E0C995D10,ui_scripted_widget_under_hud_18
E4E3C41E0C995FD1,ui_scripted_widget_under_hud_19
E4E3CB1E0C997318,ui_scripted_widget_under_hud_10
E4E3CC1E0C9975D9,ui_scripted_widget_under_hud_11
E4E3CD1E0C99789A,ui_scripted_widget_under_hud_12
E4E3CE1E0C997B5B,ui_scripted_widget_under_hud_13
E4E3CF1E0C997E1C,ui_scripted_widget_under_hud_14
E4E3D01E0C9980DD,ui_scripted_widget_under_hud_15
E4E3D11E0C99839E,ui_scripted_widget_under_hud_16
E4E3D21E0C99865F,ui_scripted_widget_under_hud_17
E4EB0C3CABE78F2F,ui_veh_flat_tire_mask
E53DA8B8D40023DC,damage_feedback_icon_notify
E553C2AFA7A59B4E,ui_show_super_charge_count
E56C43B405DB6DD6,ui_block_fu_not_ready_error
E59AF2E0D1F18CE3,ui_is_team_currently_voting
E5AAB0CC22BB8BB8,ui_cutthroat_num_reviving_team_1
E5AAB2CC22BB913A,ui_cutthroat_num_reviving_team_3
E5AAB3CC22BB93FB,ui_cutthroat_num_reviving_team_2
E5D4737BC5E1C079,ui_key_slot_
E5D770099A1520C9,ui_bink_overlay_state
E6009CBF89D3A420,br_archived_flags
E63BDE4210D2C5CC,ui_ztron_prompt_pulse
E67BB26D91D808B3,ui_disable_scoreboard
E6A3222ADB9537D1,ui_arcade_unlimitedgrenade_timer_total
E6A462A1E6DBBA6C,ui_free_run_show_personal_best
E6A91E1840BCCDD1,ui_javelin_state
E6A95D90EA765A56,playerstate_client_changed
E6BE1C25512C9806,ui_hide_weapon_info
E6DD400098A9F271,ui_wm_escort_objective_id
E6E0596D19B5534F,ui_killstreak_weapon
E6EF220CD05EEA06,ui_airburst_range_meter
E7036DA8D0677AD2,ui_self_revive
E75ABC333C80833F,ui_show_pip
E79132FF69EC7CA3,ui_grenade_tagged_notify
E7BC52B4C61A2737,ui_gunship_flares_indicators_enable
E7BED54C91D3BACD,ui_armor_percent
E81B5922B85311EA,ui_securitystation_page
E81F4221B15ECBF4,ui_show_killstreak_targeted_warning
E82E4766AC2B8AD3,ui_score_event_list_
E8354D3544F4B894,ui_sp_intercept_price_entnum
E84FAE2336020E64,ui_br_prop_count
E93BF0F29DAF98BC,ui_activity_scriptable_index
E93F3CEB5E889B29,ui_dmz_disguise_sixth_sense_glow
E9551E2683201B2A,ui_gulag_show_closing_state
E9741429CF99AC61,ui_br_winners_circle_active
E98DDA9D91966F64,ui_compass_hide_weapon_pings_minimap
E9CCE16C083C69CB,ui_little_bird_altitude
EA184A9FFE83A832,ui_ob_power_tier
EA54DAFA814C4295,ui_gunship_target_marker_hide_on_focus
EA671AE83A3450ED,ui_walkable_scene_unique_target_shot
EA71039987181F77,ui_killstreak_cruise_package_hide_prompt
EA76288EEE3DC808,ui_overcap_a
EA762A8EEE3DCD8A,ui_overcap_c
EA762B8EEE3DD04B,ui_overcap_b
EA9AB309D3DC96F7,ui_emp_carrier_hud
EAD0A6089393B810,ui_minimized_cursor_hint_tag_05
EAD0A7089393BAD1,ui_minimized_cursor_hint_tag_04
EAD0A8089393BD92,ui_minimized_cursor_hint_tag_07
EAD0A9089393C053,ui_minimized_cursor_hint_tag_06
EAD0AA089393C314,ui_minimized_cursor_hint_tag_01
EAD0AB089393C5D5,ui_minimized_cursor_hint_tag_00
EAD0AC089393C896,ui_minimized_cursor_hint_tag_03
EAD0AD089393CB57,ui_minimized_cursor_hint_tag_02
EADB1644BD9DA923,ui_br_stronghold_mission_loadout_crate
EAE1C0CC47A4BD16,ui_cyber_revive_timeout_squad_index_11
EAE1C1CC47A4BFD7,ui_cyber_revive_timeout_squad_index_10
EAE564211B616FDE,ui_prop_changes_remaining
EB20AEDB83B25BF4,ui_gas_mask
EB344580DC5332B5,ui_armor_show
EB4134F76A1A64AA,ui_hack_index
EB4145330FB3E3DD,ui_havoc_countdown_time
EB475C86E65B8C5D,handheld_camera_translation_view_mod_override
EB79760E998AC864,ui_super_segments
EB9375012D69708C,ui_br_gun_game_squad_rank
EC0B1ADAFD4934D5,ui_show_breathhold_hint
EC23B84DE06F9572,ui_infil_hide_ui
EC44DB6C4ADED83B,ui_gameplay_telemetry_ter_weap_headshot_count
EC60DBB79A86A955,ui_reticle_mtx_action
EC61DE4AD3AB86EA,ui_br_altimeter_deploy_height
EC6607114FBD224A,ui_countdown_mission_text
EC66E9ABD839316D,ui_objectives_updated_no_ping
EC880018B5F7756C,ui_dmz_biolab_countdown_desc_index
EC98E7902260185E,ui_bounty_station_updated
ECA486A3420499A4,ui_gunship_coord3_posz
ECA488A342049F26,ui_gunship_coord3_posx
ECA489A34204A1E7,ui_gunship_coord3_posy
ECCCD8C96DC5C8B7,ui_match_timer_stopped
ECFC9AF573AD887B,ui_lem_uavpurchasecount
ED1FE9473AE42E68,ui_tactical_camera_5_status
ED643F023D23A109,ui_br_player_is_in_gas_from_grenade
ED791AFE64C64088,ui_gettocover_text
EDA93D33F2E47F4C,ui_show_tracker_activated
EDBD064E0F9E0FDD,ui_trial_stats_row3_bonus_score
EDD4B847218E666D,ui_death_details_enemy_health
EDF89231B03DF03C,ui_death_details_hits_1
EDF89331B03DF2FD,ui_death_details_hits_0
EDF89431B03DF5BE,ui_death_details_hits_3
EDF89531B03DF87F,ui_death_details_hits_2
EE1E79CB0F839A06,ui_scripted_widget_type_18
EE1E7ACB0F839CC7,ui_scripted_widget_type_19
EE1E7BCB0F839F88,ui_scripted_widget_type_16
EE1E7CCB0F83A249,ui_scripted_widget_type_17
EE1E7DCB0F83A50A,ui_scripted_widget_type_14
EE1E7ECB0F83A7CB,ui_scripted_widget_type_15
EE1E7FCB0F83AA8C,ui_scripted_widget_type_12
EE1E80CB0F83AD4D,ui_scripted_widget_type_13
EE1E81CB0F83B00E,ui_scripted_widget_type_10
EE1E82CB0F83B2CF,ui_scripted_widget_type_11
EE3A345B79346444,ui_remote_nuke_sequence
EE59AFD333D07249,ui_player_min_cash_earned_next_round
EE9FA7F88A4C7DE5,ui_is_in_telescope
EEAFCCC13D5A8B84,is_zm_minj
EEBDEB8D586AD7AE,ui_ctdm_combocomplete
EEC51D9CEF923B1F,ui_veh_time_percent
EEE6C8F5A11B58F8,chromatic_aberration_strength_override
EF04DDA0EDC4D791,ui_rescue_swapped_sides
EF255CA0E8AC9CF1,ui_cranked_timer_is_shown
EF2FBFCEEE778F27,ui_fireteam_members_soldier_index
EF4DBC7FA24CCF56,ui_game_count_enabled_buy_station
EF510A7B57354E4A,ui_collectible_system_amount_carried
EF63AC8BB8288319,ui_perk_bonus_buff_2
EF63AD8BB82885DA,ui_perk_bonus_buff_1
EF63AE8BB828889B,ui_perk_bonus_buff_0
EF6BEC1777185EA0,ui_br_objective_path_start_x
EF6BED1777186161,ui_br_objective_path_start_y
EF8A1C00B241B1ED,lb_pulse_time
EFFD8A61B807E194,mobility_course_current_trial_best_time
F025F98A4F1C2015,contractor_active
F028E14738471BA4,ui_br_using_killstreak
F03617DC39A33EF6,chromatic_aberration_distortion_override
F053B8E75BC82C40,ui_deathdoor_pulse
F07AABB3B3312CBF,ui_veh_flares_charge_perc
F09C47D0BEA23BE2,ui_killcam_killedby_progress
F0B54E7AC266E2B1,ui_using_bunkerbuster
F0CC5A97C70D5218,ui_allies_downed
F1057E76EE4BD469,ui_killcam_killedby_weapon_prestige
F11427688A84828E,ui_gameplay_telemetry_operatorsdown
F12F118F5EC5F030,ui_ingame_timer_ent_4
F12F158F5EC5FB34,ui_ingame_timer_ent_0
F12F168F5EC5FDF5,ui_ingame_timer_ent_1
F12F178F5EC600B6,ui_ingame_timer_ent_2
F12F188F5EC60377,ui_ingame_timer_ent_3
F15DF4F1B5D29411,ui_dmg_num_notify
F161BEE26C50D530,ui_gobblegum_expand_list
F16C326A0617AC73,ui_show_current_weapon_info
F1C936080278C4E8,ui_client_scene_ready_1
F1C939080278CD2B,ui_client_scene_ready_2
F1E9CEE4BD8E508C,ui_gamemode_override
F1F4492929063592,ui_tablet_code
F2028B6A329A01C2,ui_momentummetervalue
F21FDBDAA65344BD,ui_safe_combination
F22A899B56631E54,ui_head_equip_class
F238FBC3CADF0B0D,ui_death_details_hits_
F24063745BCDB846,ui_br_twotwo_gulag_player_state
F2525C1D35DD4AE1,ui_show_armor_global
F2546F77DF642805,ui_tom_respawn_time
F2B4940A2D09681E,ui_br_c130_path_start_x
F2B4950A2D096ADF,ui_br_c130_path_start_y
F2FF2EA868F0F99C,ui_cmd_owner_team
F35D25256A8137FD,ui_killstreak_active_use
F36928193C4CB510,ui_objective_pinned_text_param
F36DA65AD75E5C1A,ui_br_objective_param
F390BF7F74D01951,ui_killstreak_health
F3B912972D5FA4A1,ui_trial_objective_type_ratio
F3E97813843AFFC0,ui_super_black_hat_hacking_data
F4174AAC0FDE00A5,ui_wm_objective_state_2
F4174BAC0FDE0366,ui_wm_objective_state_1
F4174CAC0FDE0627,ui_wm_objective_state_0
F41E3A3567B2BCE1,ui_is_in_bowling
F421475EA341869B,ui_time_played_save
F435E21E8E14E5E5,ui_generator_sweetspot_alpha
F43D3AE152915608,ui_resurgencerespawntimer
F46BAD710211E05F,ui_trial_stats_row1_bonus_score
F47A393EFC74D912,ui_is_player_at_squad_index_mutant
F4A8AC3FC0D83A4B,ui_buystation_item_filter
F4B44019AD78F2D1,ui_player_splash_clear_splash_queue
F4BC3CF201DD3DE8,ui_arena_team_three_health_max
F4D94F08D995DD91,ui_loot_backpack_slot_item_
F4EAA78A2B673FD3,ui_br_weapon_streak_ammo
F510F2E047EF474A,ui_uplink_carrier_hud
F55E81FFAA984935,ui_thermite_class_power_off
F585F1C0DE08884B,ui_disable_inventory
F596739E409CCB6A,ui_hide_minimap
F5A7779C83F9C694,ui_target_category
F61265F2CA88DF7C,ui_pac_sentry_mode
F64D9177A6C73D36,ui_trial_main_time
F65661589751F1FB,ui_wm_axis_attacking
F6921FAEBBC0110F,water_raise
F6AC77A54AF70E8B,ui_mp_bink_overlay_state
F6ACF8A2B70879F7,ui_trial_lap_total
F6D023EE2BB6404D,ui_ztron_arena_number
F6ED9DD6BC663362,ui_is_exfil_active
F6F6F98AA6CF96BB,ui_equipment_id_health_lootid
F748FBB3D07B4710,ui_ctdm_combo_score
F778394DEF68A210,ui_briefing
F79B6DC8F70F28B8,ui_combat_report_damage_type_override_2
F79B6EC8F70F2B79,ui_combat_report_damage_type_override_3
F79B6FC8F70F2E3A,ui_combat_report_damage_type_override_0
F79B70C8F70F30FB,ui_combat_report_damage_type_override_1
F79B73C8F70F393E,ui_combat_report_damage_type_override_4
F79B74C8F70F3BFF,ui_combat_report_damage_type_override_5
F7B48F4279544E69,ui_tactical_camera_4_status
F7C128F579B63067,ui_reticle_mtx_focus
F7DCF9BF6FF89A2E,ui_br_elite_arrow_mission_data
F8162E8343FB59E7,ui_fireteam_members_is_meat_shield_victim
F83DF86FFC689CDD,ui_cmd_owner_progress_allies
F8517F1F45D710D4,ui_free_run_current_player_finish_time
F8686FCC72F16B47,ui_arcade_unlimitedgrenade_active
F889973EB5CFC094,ui_mobile_turret_ammo
F892ECF1BF209EAC,ui_br_gulag_players_1
F898B926F28A3ACC,ui_ob_operator_prestige
F8E7D1C11CEE34B7,ui_hide_nameplates_for_zero_health
F9253F5E0FAECC7D,ui_cranked_meter_is_shown
F933116CFCB590B4,ui_rcd_controls
F98327EB0BCFD5E5,ui_tactical_recharge_timer
F992CD530DCED885,ui_playerdata_weapon_ammo
F9ACDDB9FC80884A,ui_safe_hands_resetting
F9B00792119ACB5E,ui_quest_circle_opacity_change
F9D0EA3A46F27868,ui_enemy_team_size
F9EDB42AA9975B51,ui_perk_activation_notify
FA03BFCB74563CC8,ui_backpack_notes_currently_viewed_number
FA4B7639FB304226,ui_show_compass
FA4D5A2891F4D2A8,post_game_state
FA6D665AC92DAD41,ui_combat_report_victim_
FAD8A65FB257D7BC,ui_m_c_target_num
FB263572F09CFAEF,ui_poi_star_rating
FB3DE9FEA7D4F132,ui_killstreak_weapon_3_ammo
FB9127B448A3745F,ui_br_multi_circle_team_count
FB9BD2B47F6922DE,ui_ski_toggle_state
FB9F8F7F9DC5BF67,ui_vehicle_ability_state
FB9F91C2216C7574,ui_main_objective_progress_percentage
FBD64DFB1E6DF503,ui_show_tac_map
FC3B89307C2BE3A0,ui_combat_report_attacker_2
FC3B8A307C2BE661,ui_combat_report_attacker_3
FC3B8B307C2BE922,ui_combat_report_attacker_0
FC3B8C307C2BEBE3,ui_combat_report_attacker_1
FC3B8F307C2BF426,ui_combat_report_attacker_4
FC3B90307C2BF6E7,ui_combat_report_attacker_5
FC3BC8B18FEABA95,ui_generic_target_system_enabled
FC3E6FD33ED32D56,ui_buystation_purchase_response
FC926433523EB66E,ui_cranked_player_killed
FC94B20ADA6B1842,ui_power_secondary_recharge
FC99BA22831D23C5,ui_br_contract_plunder_mod
FCC7373B20BB3161,ui_quick_prompt_loot_id
FD0BC3D384CFDB95,ui_prop_team
FD6FFDCE487DC7E3,nuke_detonated
FD74FBAC710A2B67,ui_score_streak
FD7B5282667DF544,ui_start_countdown
FD914C66062B32E0,ui_combat_report_killedby_5
FD914D66062B35A1,ui_combat_report_killedby_4
FD915066062B3DE4,ui_combat_report_killedby_1
FD915166062B40A5,ui_combat_report_killedby_0
FD915266062B4366,ui_combat_report_killedby_3
FD915366062B4627,ui_combat_report_killedby_2
FDA95370BA2D8D76,ui_perk_bonus_splash
FDDCE8BA32EFB728,ui_tactical_camera_index
FDE504EFB678755D,damage_feedback_hardobject_notify
FDFBE3C74BC3F0BC,ui_havoc_mod_count
FE11039D339E7284,ui_ham_radio_mg_temp_progress
FE2C876276A9A5A7,ui_objective_text
FE515470D8AE7F5A,ui_br_reach_extraction_platform_timer
FE6F13782E91BA83,ui_chyron_level_index
FE6F86A9FC69E170,ui_br_altimeter_c130_height
FE7790E3D835A64A,ui_voxel_head_size_enemy
FE9FBFD4908D8150,damage_feedback_entity
FEE869955586E367,ui_lucky_killstreak_progress
FEFD385764BE1928,ui_bomb_timer_endtime_b
FEFD395764BE1BE9,ui_bomb_timer_endtime_c
FEFD3B5764BE216B,ui_bomb_timer_endtime_a
FEFD3C5764BE242C,ui_bomb_timer_endtime_f
FEFD3E5764BE29AE,ui_bomb_timer_endtime_d
FEFD3F5764BE2C6F,ui_bomb_timer_endtime_e
FF186041AAA60226,ui_trial_stats_row5_bonus_time
FF3A6D5362481C85,ui_round_cap
FF3E1BF5AE57DF58,ui_gas_mask_juggernaut_equipment
FF482AB0DD9A2E33,ui_br_drive_extraction
FF7D1286B2C444EE,ui_self_revive_count
FF922082CD896B5A,ui_br_squad_wipe_streak_count
FFA8DB2A58804123,ui_black_market_tier
FFB451CA55D70A5F,allow_write_leaderboards
FFC9D2EF90324027,ui_gunship_active
0103B1DCD43145DC,ui_zm_current_trial_time
011FD316371DAA67,ui_ztron_slayer_treasure_bits
02853AD6F4C9B045,ui_ob_power_tier_restore
02D8E1C9E9452067,ui_launch_squad_final_countdown
04289D30355747BC,skill_wingsuit_expert_perk_tier
04647666E660F3D4,ui_mule_weapon_rarity_zm
04774329673D60BD,ui_zm_is_bear_attack_quest
0542367F58A35368,ui_zm_dinj_grabbed_zombie
05AB679442EF896A,training_course_tutorial_completed
066D45914C77B8CA,ui_remote_robot_enemies_killed
069481C8401AF7D6,ui_gameplay_telemetry_pri_weap_ammo_mod_triggered
0A8921C90183166E,ui_pri_weapon_rarity_zm
0CD610C6470FEE00,ui_nemesis_killed_count
0D05886EBF26960F,ui_launch_squad_end_game_winner_team
0E72DB14C0E33BBC,ui_AlliesMomentumMeterMultiplier
0ED5531F9C59B508,ui_gameplay_telemetry_sec_weap_ammo_mod_triggered
0FB5F6A0CDD604EC,ui_pluto_upgrade_stage
11037069EAF078D9,ui_zm_current_quest_status
11E20303F61B63DF,ui_zm_dinj_scream_cooldown_progress
12AA725F163EAA28,ui_ztron_fall_hundred_current_floor_2
12AA735F163EACE9,ui_ztron_fall_hundred_current_floor_3
12AA745F163EAFAA,ui_ztron_fall_hundred_current_floor_0
12AA755F163EB26B,ui_ztron_fall_hundred_current_floor_1
138698C4EDB3A928,ui_zm_current_quest_team_members_scores
13C3E9B6B3934E40,ui_ztron_slayer_team_lives
16980DD40FBCB352,training_course_current_hint_string_index
1718F757014AF18A,ui_lem_attackerItemRequest
172FC893771EA643,ui_zm_echo_portal_timer_vis
17A9F577B593341D,ui_zm_current_quest_step_progress
17BEB6203222736A,ui_br_sierra_progress_hub_active
19594F4C9CF73A28,ui_ztron_cabinet_cine_state
1A6ED46D73630472,ui_zm_current_quest_show_placement_splash
1A91569764B6ED6C,ui_bioscanprogress
1BA54EC6F3DDC9D1,ui_skr_allies_player_count
1C84D97951AC5BAB,ui_loadoutEconomyManager_currentMoney
1D0D3FDDD500202B,ui_lem_catalogTimeoutMatchStarted
20AB899E595C2561,ui_zm_is_arcxd_race
21BFA1110C053886,training_course_current_station_unique_id
23943C37ABAE7AE2,ui_gameplay_telemetry_pri_weap_critical_kills
25849F55067134D9,ui_mule_weapon_pap_level_zm
25C5871B82AC51BA,ui_pvp_countdown_state
25D5572C1C3D8260,ui_gameplay_telemetry_mule_weap_accuracy
275985A9D576E1CD,ui_ztron_count_down_time_ms
27932F48B409AE23,training_course_is_in_preview
28318A3ADAAF6846,ui_loadoutEconomyManager_showCatalogPrompt
289363527CD98855,ui_zm_current_quest_step_time
295ABA34C3C70B76,ui_zm_dinj_scream_cooldown_alpha
2A226881E1557BF1,ui_launch_squad_second_highest_score
2ADFF5E7075C0A2E,ui_current_weapon_supports_attachment_reroll
2E258AA184817F4B,training_course_update_tutorial_list
2FAC8FE0E9B84A8B,skill_move_to_fire_speed_perk_tier
301145CD4DADB33D,ui_skr_respawn_timer_complete
31350E5519D00D97,ob_pvp_sector_capture_progress
3244C0959A958815,ui_current_weapon_supports_ammo_mod
3573E971B0C97D59,skill_stealthy_quietmove_perk_tier
3626F6C0B8810E3D,ui_ztron_zombie_killer_ent_num
3645BC15A5FACDD4,ui_launch_squad_bonus_multiplier
36BF1A017C33E401,topdown_camera_use_ground_normal_for_pitch
3768CFCEE994B4F3,ui_multi_roulette_marked
38440B4BC701F51E,skill_fast_weapon_fire_fast_rechamber_perk_tier
3952830A239689B9,training_course_station_supports_instructions
39BCBFFB9B5E58AB,ui_ter_weapon_pap_level_zm
3B53F101080E8B35,ui_skill_shatteredshield_activated
3F91F382044ABE54,ui_show_quest_ui_nohud
418B5D23EC9FAC83,ui_pri_weapon_ammomod_zm
44B0CB40283DE24F,topdown_camera_pitch
464B6EAFA0A5DD6C,mobility_course_recap_screen_data
499D88CCBA573A4B,ui_ter_weapon_ammomod_zm
4C875FB341A5FB79,training_course_fail_hint_string_index
4CC645182A30D88A,ui_axis_current_hvt
4D2591817872F241,ui_ob_skill_upgrade_type
4E382A5BBBCC6190,ui_br_in_aether_island
4F36E0BF82616860,topdown_camera_side_scroll
4F7DB5EDC1B0413B,ui_ztron_current_bonus_room
508BC20E1CE1ABA6,ui_ter_weapon_rarity_zm
5143C7545FEBE8FE,ui_ztron_slayer_wave_number
52F085F1219A29CB,ui_skill_shockingreload_activated
546764D74CED2780,ui_gameplay_telemetry_ter_weap_special_kills
549E0E5C471E1976,topdown_camera_center_pos_x
549E0F5C471E1C37,topdown_camera_center_pos_y
56460E09F92FECA6,ui_interact_jailbreak_is_locked
59D6D50B3FE4338A,ui_lem_defenderItemRequest
5A85867648DD567E,ui_launch_squad_highest_score
5A9808650F6FC571,ui_telescope_declination_minutes
5ADA29EB4328920A,training_course_current_objective_type
5B971B41256AC9CA,ui_ztron_fall_hundred_current_state
5CB3B21BBABCFD9D,ui_skill_boost_active_skill_index
5D81DC80A7AAF157,ui_allies_current_hvt
5FBFC7997FE28A65,ui_ob_mission_complete_percentage
5FCB11B2D58EF9E2,ui_special_target_info_entnum
60778FAF4255EB0B,ui_skr_inskirmishcam
6118AAB10B937A81,ui_using_retro_arcade_ui
6125903D083F12FB,ui_remote_robot_lifetime_progress
633236592DCE8938,ui_total_perk_price_scaling_active
64DDEF29EE2BD532,training_course_show_target_counter
66063DF3ECBD840C,skill_aim_faster_perk_tier
665479106E2BA977,ui_gameplay_telemetry_mule_weap_headshot_accuracy
6845C8F3F5605A4E,ui_clink_interaction_progress
68814AF093879BBE,ui_ztron_store_reroll_count
6938B2D3B617CBEF,ui_whistle_timer_endtime
69944A1975EF72BA,ui_launch_squad_num_squads_decoded
6A033D7EEF4CCE8C,ui_store_item_cost_scale
6A03B6A4146002E3,ui_pri_weapon_pap_level_zm
6A4441DBB27ED7B2,ob_pvp_sector_capture_enemy_progress
6A446D44024A0D16,ui_launch_squad_time_reduction
6A60D55CF5504566,training_course_current_objective_string_index
6A68B7FCEECF91E9,ui_zm_current_quest_step_placement
6C9FB13AEECBE3EC,ui_target_last_dmg_crit
6CAA968421E7643E,ui_nemesis_player_id
6E05D1942AE32155,ui_telescope_right_ascension_hours
6F983E9754AEE77D,ui_health_kit_progress
6F9BE24EC2D89BA5,ui_ob_upgrade_splash_type
6FF5881FEB8632F6,ui_ztron_player_in_podium
7014E7CEF182DE5C,ui_gameplay_telemetry_mule_weap_downs
708EF9767E162B2D,ui_zm_echo_chose_portal_reward
720A952E16BC1069,zm_essence
7334B4E8557C1266,ui_hvt_earned_points
73F5814BEDE5BFD8,ui_zm_doorbuy_is_doorbuy
746FEFB43F69BD75,ui_br_primary_weapon_item_bundle
755FF91D06FE9109,ui_special_target_info_is_overclocked
7683F2DD9C6A9EE3,ui_ztron_rail_shooter_lives
77703ADCF55B7BBF,ui_br_sierra_radio_signal_computer_active
78C77BCA282F4E4E,ui_zm_dinj_can_drain_life
78EDC36D738F6EBD,ui_sec_weapon_pap_level_zm
78F747092D90DB10,mobility_course_in_progress
7C0422EEF5380AB9,ui_mule_weapon_ammomod_zm
7C706682DFF2584C,ui_skr_axis_player_count
7D6EF7812CA43502,ui_loadoutEconomyManager_previousRoundIncome
7EB74F64DA4ED9AA,ui_special_target_info_is_buffed_by_combat_link
7F1458548F1C2767,ui_pluto_show_beam_attack
7F4EA822372C4740,ui_zm_echo_portal_splash_reward_lootid
818E5C0DCEE2B300,ui_zm_current_quest_step_time_frozen
828BE2A48C2C77D3,ui_gameplay_telemetry_mule_weap_kdratio
831F54AE4AFB0AC9,ui_zm_current_quest_step_time_notify
834FE2760CDA3A81,ui_zm_current_trial_status_notify
83A7D7F1097803DE,ui_remote_turrent_is_mech_state
84883DB29A8C74FD,ui_special_target_info_health_percentage_toggle
851097F39B51E3E3,ui_hide_zombie_boss_healthbar
86188A84A2424009,ui_gameplay_telemetry_mule_weap_headshot_count
864CD411F34C3DD1,ui_br_dead_teammates_count
87CB56C4BD8913FC,ui_bowling_charging
89F707C430FEA6D0,ui_ztron_force_display_minimap
8B239FF20463C875,mobility_course_timer_modifier_data
8B6C3D1FC479DD46,ui_skr_respawn_confirm_timer
8C462F1A5CE6A6CF,ui_ob_exfil_video_type
8FAE252C68C696CB,ui_objective_Q
8FAE272C68C69C4D,ui_objective_W
8FAE292C68C6A1CF,ui_objective_U
8FAE2B2C68C6A751,ui_objective_K
9199F378B0B295F6,ui_zm_current_quest_step_progress_max
93491CA29D213423,ui_br_secondary_weapon_item_bundle
93907AC009BB9EF2,ui_br_skill_experience_percentage
948AE3C5E5CF3830,ui_zm_current_quest_show_leaderboard
953791DB8657BD51,ui_zm_current_trial_type
9658720D48955503,ui_was_savegame_loaded_this_round
96EDC7567A9B50D4,ui_ob_damage_skill_level
9A2F280F1C9B7A5D,ui_sec_weapon_ammomod_zm
9A68ACF015203AB6,ui_zm_current_trial_zone_index
9C5559853489F1C8,ui_gameplay_telemetry_pri_weap_special_kills
9DB9F4C71615C921,ui_AxisMomentumMeterMultiplier
9DEDCA79BDF18DF9,ui_ob_selectable_reward_is_jailbreak
9DFE7FAEE38B9E1B,ui_skirmishSecureStreak
9FE1CEF6C070C75D,topdown_camera_is_affected_by_center_pos
A04ABBC66E9E126B,ui_sharp_loadout_countdown
A1246D6BCDB1F4C9,ui_br_flashpoint_timer_state
A1CA48085D82E6AB,ui_telescope_declination_degrees
A25A0E3FF03C054A,ui_launch_squad_most_wanted_timer
A37AD4B393161E8E,ui_gameplay_telemetry_mule_weap_damagedealt
A4DD32DAB282956B,ui_br_skill_current_level
A5A8D136DC880F2C,ui_gameplay_telemetry_mule_weap_ammo_mod_triggered
A70790A6C0C78DB1,ui_gobblegum_effect_finished
A70EBA69764BF0A8,ui_gameplay_telemetry_mule_weap_lootid
A7485545FB81D288,skill_longer_tac_sprint_perk_tier
A86094D542862B8B,ui_clink_interaction_type
A919AE56761FE53C,topdown_camera_range_lean_center_scale
AA35F35E405AFE0D,ui_special_target_info_duration_timer
AB4C654927E0C973,ui_telescope_fui_obj_brightness
ADB411EC38AE622A,ui_gameplay_telemetry_ter_weap_critical_kills
AF803ED5E22CC4C5,ui_zm_current_trial_mastery_progress_max
AFA16554A9BABE23,ui_zm_clip_ammo_loss_enabled
B150DD79F9F43B29,ui_ob_ability_upgrade_id_1
B150DE79F9F43DEA,ui_ob_ability_upgrade_id_2
B168988536C43643,ui_ztron_racing_stage
B16F8609C01A3E52,skill_multitasker_perk_tier
B1F54D41C19CDAA1,ui_ztron_racing_time_bits
B23638FB2354D1DB,skill_weapon_control_perk_tier
B263D161246C4628,ui_show_playersplash_no_hud
B29BBB08F632ABD1,ui_ztron_slayer_end_time_bits
B334A283FC7CDFBA,skill_gun_handler_perk_tier
B3820C425C7E9E35,ui_quest_item_squad_index_
B52A7970C36E1F4B,ui_rush_utv_bomb_state
B63EC88313B14D30,ui_special_target_info_health_percentage
B695C41380B750CC,ui_gameplay_telemetry_mule_weap_kills
B7F434C7B7001290,ui_br_activity_schedule_down_but_not_out_state
B8D4D352073A0EEB,ui_multi_hardcore_active
B92C4A01DF58AC02,ui_zm_current_quest_step_max_placement
BA1BFC3F9594FEEB,ui_skrTeamPlacementUpdateTimeStamp
BA3A1D895FC89CCE,ui_ztron_should_show_overworld
BB965886CE245DDB,mobility_course_recap_screen_timer
BC017EE3B5EA0D66,ui_zm_current_quest_show_leaderboard_winner
BCACAA4D06A118CE,ui_gameplay_telemetry_pri_weap_critical_accuracy
BE6BA2E5407358EA,training_course_current_targets_hit
BEEE511998FBCE96,training_course_in_station_range
BF18EA14F3D273E1,ui_ztron_racing_init_data_bits
C4C8496EBEFB7F86,ui_gameplay_telemetry_ter_weap_critical_accuracy
C5794318673E7934,ui_gameplay_telemetry_mule_weap_critical_accuracy
C5A3984C41E24A3B,ui_zm_current_quest_team_members_places
C5CFF9081FB6B72F,ui_launch_squad_score_widget_visible
C74F05414290F86C,ui_ob_upgrade_splash_asset_index
C76F15C64E06BAA4,ztron_rail_shooter_crosshair_ent_2
C76F16C64E06BD65,ztron_rail_shooter_crosshair_ent_3
C76F17C64E06C026,ztron_rail_shooter_crosshair_ent_0
C76F18C64E06C2E7,ztron_rail_shooter_crosshair_ent_1
C7B7ED2E65EA3A0B,ob_pvp_show_sector_capture_progress
C92918F047B2BFC2,ui_zm_echo_portal_time
C9FC45C2F38D9B28,ui_is_player_at_squad_index_transformed
CA5538D7D2E28396,topdown_camera_range
CB6F70D68EF74468,sierra_activate_surveillance_heatmap_animations
CB8A87AA07153E16,ui_gameplay_telemetry_sec_weap_special_kills
CCEBED35731CA478,ui_match_start_hud_intro_animation
CD12832B6B709926,ui_skr_transmit_nearby_transmit_progress_friendly
CF0A442CAD81D068,ui_zm_doorbuy_can_afford_only_half_buy
D0DD29D92CFE890B,ui_dmz_activity_starter_reward
D4DABD3479278480,ui_zm_current_trial_time_notify
D52C68DC23132C85,ui_skill_boost_active_fill_percentage
D5BFAE7955D8E180,ui_zm_current_quest_id
D5F3654B58902B18,ui_gameplay_telemetry_mule_weap_critical_kills
D611B9544F359166,ui_ztron_store_alert
D70892C3DED3DB51,ui_zm_inventory_quests_vis
D7D38429470C3D9A,skill_fast_melee_perk_tier
D80EDA3326947C10,ui_gameplay_telemetry_sec_weap_critical_accuracy
D86EEA3788598E01,ui_remote_robot_lifetime_timer
D98F3779E5CA8CCE,ui_zm_active_relics_list
D9C705F87F53654F,ui_ztron_super_enable_to_show
DB30C2511317FD3C,ui_gameplay_telemetry_sec_weap_critical_kills
DCA9643FC6424890,ui_ob_squad_has_rescue_tokens
DEA17DDA0ADE91F0,ui_br_current_weapon_item_bundle
E01187133FA97BAE,ui_zm_current_trial_mastery_progress
E04B4A157F5D4549,ui_zm_current_trial_time_frozen
E0C4686F27E19044,ui_zm_current_trial_id
E290E223278628B3,ui_launch_squad_end_game_state
E301A15ECD194639,ui_telescope_fui_obj_distance
E4085E5403788028,ui_dart_mark_zero_operation_mode
E42A7BD0C791267E,ui_launch_squad_most_wanted_player
E43C38BB056F5045,ui_zm_current_quest_status_notify
E46481D22FB7036A,ztron_rail_shooter_crosshair_recenter
E529F4E68EEF36B0,topdown_camera_yaw_ext
E593EFE008A18F90,training_course_leave_game_request
E5A918EAA558727A,ui_skill_pick_up_master_feedback
E68237FEBA3F536A,zm_salvage
E6D2F1F950A8E43E,ui_pluto_beam_attack_charge
E7BDEA102A6B28F6,skill_fast_weapon_swap_perk_tier
E98766DD13EE2F44,skill_gun_flinch_perk_tier
EB1DF97F7B01915B,ui_skr_transmit_nearby_transmit_progress_enemy
ECDA6636CBA43219,ui_squad_vote_initiator_id
ED60B14378E29055,ui_lem_catalogPurchase_notify
EEA851A172C9AB20,ui_ztron_cabinet_post_game_state
EFF631C4E5890F1E,ui_gameplay_telemetry_ter_weap_ammo_mod_triggered
F173F7F60A880D5B,ui_telescope_right_ascension_minutes
F1945FABB3BF713C,ui_bongo_safecrack_squad_has_key_status
F53E25B42B6AD81F,training_course_current_station_type
F5A6154244B81A7A,ui_ob_skill_reward_reason
F8BD5D055AA72CB7,ui_r_mod_challenge_lootid
FB3A78B581B26EC1,topdown_camera_z_offset
FBD536F54DDB2D39,ui_lem_catalogTimeout
FC4651325DB57C8D,ui_br_upgraded_weapon_item_bundle
FDC4B01ECFF55632,sierra_activate_surveillance_heatmap_screen_active
FE31E2AEBEC69E00,ui_cash_squad_index_
FE7105E5E2886263,ui_br_timer_modification
FE9220A267713E30,ui_sec_weapon_rarity_zm
FF540742A95F51C4,ui_nemesis_killed_by_count
FE99E45E2B964932,UI_GAMEPLAY_TELEMETRY_MULE_WEAP_SPECIAL_KILLS
03ED8544A084FC9D,ui_zm_current_trial_status
